date,open,high,low,close,volume
2020-01-02,46.93245816,47.91655164,46.73243916,47.804541,34622557.0
2020-01-03,47.9245524,47.97255696,46.54842168,46.61242776,27004255.0
2020-01-06,46.2443928,46.5644232,44.804256,45.7643472,28842533.0
2020-01-07,45.9243624,46.57242396,45.7643472,46.4444118,22526507.0
2020-01-08,46.01237076,47.18848248,45.90036012,46.62842928,25321048.0
2020-01-09,47.0444688,47.78853948,46.804446,47.5645182,29635395.0
2020-01-10,47.98055772,48.39659724,47.5645182,47.99655924,28070612.0
2020-01-13,48.404598,48.53261016,47.604522,48.09256836,27951167.0
2020-01-14,48.404598,48.6446208,47.78053872,47.90855088,16250035.0
2020-01-15,47.9245524,48.00456,47.10847488,47.604522,21489973.0
2020-01-16,48.00456,48.05256456,47.38850148,47.73253416,19981398.0
2020-01-17,47.99655924,48.804636,47.59652124,48.25258356,21713278.0
2020-01-20,48.6446208,48.77263296,47.86854708,48.1645752,20191079.0
2020-01-21,47.7645372,47.81254176,46.42841028,46.4844156,27643206.0
2020-01-22,46.02037152,46.37240496,44.804256,45.98836848,41160619.0
2020-01-23,44.8842636,45.39631224,44.00418,44.0841876,59653651.0
2020-02-03,39.67576884,42.07599684,39.67576884,40.15581444,70506720.0
2020-02-04,40.2438228,42.26001432,40.2438228,42.23601204,40413099.0
2020-02-05,42.34002192,42.78006372,41.9639862,42.30001812,34895006.0
2020-02-06,42.30001812,43.17210096,41.89197936,43.03608804,39366799.0
2020-02-07,42.804066,42.82806828,41.7639672,42.26801508,34409001.0
2020-02-10,41.8439748,42.22801128,41.37993072,41.8439748,34604769.0
2020-02-11,42.55604244,43.99617924,42.2440128,43.74815568,49388233.0
2020-02-12,43.66014732,44.29220736,43.22010552,43.91617164,23433771.0
2020-02-13,43.65214656,43.66814808,42.804066,43.0440888,31930659.0
2020-02-14,42.804066,43.17210096,42.54804168,42.99608424,21004387.0
2020-02-17,42.67605384,43.54013592,42.59604624,43.5241344,32505251.0
2020-02-18,43.5241344,43.5241344,42.66005232,42.82806828,33203504.0
2020-02-19,42.69205536,43.10009412,42.54004092,42.83606904,23732854.0
2020-02-20,42.9640812,43.98817848,42.66005232,43.89216936,37041152.0
2020-02-21,43.604142,43.86016632,43.22010552,43.42812528,29779869.0
2020-02-24,44.29220736,44.30020812,43.5641382,43.93217316,40782414.0
2020-02-25,43.204104,43.57213896,43.0440888,43.54813668,31546203.0
2020-02-26,42.9640812,44.26020432,42.57204396,43.4441268,38724015.0
2020-02-27,43.4441268,44.1641952,43.37211996,43.93217316,28493463.0
2020-02-28,43.10809488,43.34811768,42.23601204,42.4440318,33405713.0
2020-03-02,42.4440318,43.804161,42.4440318,43.47612984,31893449.0
2020-03-03,43.61214276,44.00418,43.18010172,43.604142,26499919.0
2020-03-04,43.204104,43.55613744,42.89207436,43.404123,23908427.0
2020-03-05,43.6441458,45.4443168,43.4841306,45.23629704,57571838.0
2020-03-06,44.66024232,45.0442788,44.43622104,44.6442408,28024324.0
2020-03-09,43.5241344,43.58013972,43.05208956,43.11609564,35634254.0
2020-03-10,43.11609564,44.54823168,43.11609564,44.26020432,37563181.0
2020-03-11,44.10018912,44.26020432,43.57213896,43.58013972,19260673.0
2020-03-12,43.0840926,43.10009412,42.30801888,42.54004092,34405501.0
2020-03-13,40.69986612,42.37202496,40.05980532,41.5239444,45208351.0
2020-03-16,41.7639672,41.81997252,40.0038,40.0838076,39667900.0
2020-03-17,39.69977112,41.0438988,38.85969132,39.203724,47708177.0
2020-03-18,39.7637772,41.51594364,39.66776808,39.7637772,58605924.0
2020-03-19,40.2838266,40.4838456,38.00361,38.8836936,55486856.0
2020-03-20,39.403743,39.78777948,38.803686,39.2437278,36706699.0
2020-03-23,38.00361,38.38764648,37.0435188,37.203534,47703623.0
2020-03-24,37.8835986,38.603667,37.53156516,38.39564724,41957601.0
2020-03-25,39.603762,40.13181216,39.09171336,39.59576124,39011329.0
2020-03-26,39.5237544,39.81978252,39.07571184,39.203724,23248406.0
2020-03-27,40.0038,40.3638342,39.50775288,39.5637582,26015438.0
2020-03-30,39.0437088,39.0437088,38.00361,38.47565484,37052228.0
2020-03-31,39.01170576,39.4837506,38.67567384,38.73967992,22525299.0
2020-04-01,39.1637202,39.45974832,38.4436518,38.86769208,23439135.0
2020-04-02,38.53966092,39.203724,38.2436328,39.17172096,23514383.0
2020-04-03,39.0437088,39.25172856,38.57166396,38.70767688,19638219.0
2020-04-07,39.37173996,39.5237544,38.9637012,39.17972172,40048598.0
2020-04-08,38.8836936,38.98770348,38.45165256,38.59566624,24426776.0
2020-04-09,38.81968752,38.8436898,38.49165636,38.6436708,17139926.0
2020-04-10,38.6436708,40.45184256,38.43565104,39.42774528,41246137.0
2020-04-13,39.67576884,40.46784408,39.4437468,39.91579164,31076533.0
2020-04-14,40.53985092,40.5638532,39.6837696,40.38783648,30794169.0
2020-04-15,40.0038,41.02789728,39.3637392,40.1638152,39591536.0
2020-04-16,40.1638152,40.1638152,39.41974452,39.59576124,27929419.0
2020-04-17,40.0038,40.25182356,39.6837696,40.07580684,35249869.0
2020-04-20,40.23582204,40.78787448,40.01180076,40.58785548,20885741.0
2020-04-21,40.79587524,40.803876,40.0038,40.203819,20971264.0
2020-04-22,40.1638152,41.17991172,39.99579924,41.1239064,20763713.0
2020-04-23,41.35592844,41.91598164,41.05189956,41.59595124,27116594.0
2020-04-24,41.63595504,41.8439748,41.37192996,41.61195276,13341557.0
2020-04-27,41.01989652,41.79597024,40.6838646,41.203914,21523478.0
2020-04-28,41.203914,41.55594744,40.603857,41.43593604,25183537.0
2020-04-29,41.1239064,42.22001052,40.9238874,41.803971,20623516.0
2020-04-30,42.6440508,43.33211616,42.6440508,43.004085,34032348.0
2020-05-06,42.404028,43.3641192,42.1640052,43.3641192,32856535.0
2020-05-07,43.35611844,43.5641382,43.07609184,43.204104,21375539.0
2020-05-08,43.58814048,45.18829248,43.38812148,45.06828108,40962101.0
2020-05-11,45.27630084,46.804446,45.14028792,45.53232516,37959771.0
2020-05-12,46.00437,46.70843688,45.62833428,46.404408,28603367.0
2020-05-13,46.0843776,46.404408,45.53232516,46.204389,21938551.0
2020-05-14,46.204389,46.6444308,46.01237076,46.404408,18002002.0
2020-05-15,46.404408,46.4844156,45.50032212,45.5643282,23361701.0
2020-05-18,46.00437,46.5644232,45.30830388,45.99636924,26177546.0
2020-05-19,46.7244384,47.3644992,46.404408,47.01246576,27855120.0
2020-05-20,46.82844828,47.2844916,46.82044752,47.22848628,19061535.0
2020-05-21,47.6445258,47.71653264,46.69243536,46.98046272,14913472.0
2020-05-22,46.75644144,46.8444498,45.29230236,45.70034112,26086194.0
2020-05-25,46.6444308,46.71643764,44.91626664,45.47631984,15944517.0
2020-05-26,45.8443548,46.604427,45.42031452,46.404408,18430786.0
2020-05-27,46.604427,47.50851288,46.31639964,46.604427,25806522.0
2020-05-28,47.34049692,47.50051212,46.26839508,46.5244194,20603063.0
2020-05-29,46.39640724,47.404503,46.39640724,47.22048552,18254941.0
2020-06-01,47.4445068,48.38859648,47.4445068,48.34059192,29480294.0
2020-06-02,49.022622,49.022622,48.110535,48.23379,20680547.0
2020-06-03,48.603555,48.784329,47.584647,47.929761,18092904.0
2020-06-04,48.357045,49.21983,48.242007,48.357045,14025768.0
2020-06-05,48.472083,48.628206,48.15162,48.439215,12725949.0
2020-06-08,48.80898,50.583852,48.504951,49.433472,35943983.0
2020-06-09,49.753935,50.477031,49.532076,49.844322,24013535.0
2020-06-10,50.189436,50.296257,49.449906,49.564944,19014845.0
2020-06-11,49.589595,49.803237,48.56247,49.022622,20137719.0
2020-06-12,48.23379,49.302,48.06945,49.285566,18519009.0
2020-06-15,48.554253,48.833631,47.6586,47.6586,32000406.0
2020-06-16,48.225573,48.72681,48.143403,48.4803,18308826.0
2020-06-17,48.324177,48.381696,47.371005,47.57643,22128310.0
2020-06-18,47.535345,47.650383,46.968372,47.535345,26722486.0
2020-06-19,47.535345,49.285566,47.535345,49.113009,32428005.0
2020-06-22,48.97332,49.260915,48.414564,48.554253,21979729.0
2020-06-23,48.365262,48.858282,48.053016,48.4803,18114636.0
2020-06-24,48.64464,49.449906,48.554253,49.05549,20031990.0
2020-06-29,49.05549,49.302,48.242007,49.260915,26106135.0
2020-06-30,49.302,50.1237,48.89115,49.129443,26125157.0
2020-07-01,49.05549,51.348033,48.414564,51.306948,44260978.0
2020-07-02,50.789277,52.112214,50.624937,51.726015,43526154.0
2020-07-03,51.84927,52.547715,50.805711,51.265863,34079825.0
2020-07-06,51.610977,53.402283,51.364467,52.613451,59925805.0
2020-07-07,52.703838,55.505835,52.67097,52.901046,49039047.0
2020-07-08,52.83531,53.65701,51.980742,52.572366,28482031.0
2020-07-09,52.5888,53.4105,51.7671,53.394066,31228061.0
2020-07-10,52.99965,53.016084,51.93144,52.09578,27329673.0
2020-07-13,51.701364,52.67097,51.635628,51.972525,34467867.0
2020-07-14,52.473762,52.481979,50.279823,50.813928,38295985.0
2020-07-15,50.855013,52.5888,50.822145,51.750666,43694916.0
2020-07-16,51.7671,52.991433,50.197653,50.238738,36958887.0
2020-07-17,49.95936,52.933914,49.893624,52.50663,36087627.0
2020-07-20,52.50663,55.612656,51.997176,55.366146,60069359.0
2020-07-21,55.0539,55.809864,54.289719,55.341495,32874716.0
2020-07-22,54.88956,55.859166,54.486927,55.341495,30389752.0
2020-07-23,54.64305,57.905199,54.528012,57.675123,48715945.0
2020-07-24,56.836989,57.642255,54.2322,54.64305,40925587.0
2020-07-27,55.555137,55.71126,53.24616,55.201806,27302925.0
2020-07-28,55.201806,56.319318,54.741654,55.144287,23410296.0
2020-07-29,55.341495,59.1624,55.341495,58.858371,46054192.0
2020-07-30,58.83372,59.40891,57.724425,58.316049,19480756.0
2020-07-31,57.995586,60.600375,57.576519,58.956975,29357548.0
2020-08-03,59.1624,61.413858,59.006277,59.565033,34330969.0
2020-08-04,59.1624,59.392476,57.790161,59.203485,29227141.0
2020-08-05,58.3407,59.49108,58.17636,58.66938,19111758.0
2020-08-06,58.3407,58.99806,57.551868,58.01202,21873467.0
2020-08-07,57.831246,58.431087,56.574045,57.970935,25414414.0
2020-08-10,57.68334,59.49108,56.94381,59.1624,24105482.0
2020-08-11,59.285655,60.386733,58.488606,58.58721,20568061.0
2020-08-12,58.061322,58.841937,56.836989,57.239622,28973831.0
2020-08-13,57.362877,58.406436,57.338226,57.527217,13064516.0
2020-08-14,57.519,59.219919,57.297141,59.195268,16119697.0
2020-08-17,59.49108,60.64146,58.66938,59.269221,24517214.0
2020-08-18,59.277438,59.770458,58.390002,58.99806,19301461.0
2020-08-19,58.91589,59.40891,57.519,57.617604,25327310.0
2020-08-20,57.35466,57.592953,56.409705,56.730168,21907644.0
2020-08-21,56.820555,57.420396,56.574045,57.009546,12645605.0
2020-08-24,56.94381,57.839463,56.828772,57.823029,17427938.0
2020-08-25,57.806595,57.84768,57.141018,57.502566,17931823.0
2020-08-26,57.502566,58.66938,56.409705,56.935593,23770209.0
2020-08-27,56.94381,57.395745,55.127853,55.867383,34293199.0
2020-08-28,55.38258,57.946284,55.13607,57.749076,32318623.0
2020-08-31,58.365351,60.386733,57.954501,57.962718,25868305.0
2020-09-01,57.979152,59.343174,57.970935,58.91589,20547663.0
2020-09-02,59.1624,59.565033,57.831246,58.283181,18310804.0
2020-09-03,58.3407,59.967666,58.110624,58.283181,32530873.0
2020-09-04,57.10815,57.420396,56.03994,56.524743,35933576.0
2020-09-07,55.95777,56.426139,54.634833,54.80739,44222648.0
2020-09-08,54.80739,55.0539,53.936388,54.955296,26350941.0
2020-09-09,54.2322,54.708786,53.188641,53.295462,28454172.0
2020-09-10,53.829567,54.404757,53.336547,54.15003,21030173.0
2020-09-11,53.82135,54.88956,53.065386,54.380106,21512672.0
2020-09-14,54.462276,56.081025,54.39654,55.8756,21739269.0
2020-09-15,56.302884,58.151709,56.253582,57.864114,29001582.0
2020-09-16,57.757293,59.145966,56.86164,57.239622,29121345.0
2020-09-17,57.35466,58.3407,56.952027,58.01202,27443479.0
2020-09-18,58.439304,58.611861,57.551868,57.749076,21751479.0
2020-09-21,57.724425,58.472172,57.034197,57.543651,16561025.0
2020-09-22,57.10815,57.979152,57.075282,57.428613,13996729.0
2020-09-23,57.527217,58.636512,57.091716,58.398219,17144539.0
2020-09-24,57.979152,58.299615,57.247839,57.896982,20075766.0
2020-09-25,58.053105,58.973409,57.584736,57.76551,12081513.0
2020-09-28,57.76551,58.75155,57.486132,58.25853,17393725.0
2020-09-29,58.3407,59.90193,58.3407,59.532165,23391359.0
2020-09-30,59.90193,60.501771,59.392476,59.65542,22133662.0
2020-10-09,60.033402,60.937272,59.992317,60.304563,25158747.0
2020-10-12,59.65542,60.789366,59.40891,60.789366,26325624.0
2020-10-13,60.789366,62.408115,60.345648,62.358813,25577466.0
2020-10-14,61.70967,62.835399,61.46316,61.832925,19613367.0
2020-10-15,61.652151,63.238032,61.446726,62.53137,19211037.0
2020-10-16,62.20269,62.761446,61.38099,61.46316,14591721.0
2020-10-19,61.479594,63.394155,61.224867,61.6275,17779197.0
2020-10-20,61.224867,63.254466,61.224867,62.69571,15435375.0
2020-10-21,62.350596,64.133685,62.350596,63.68175,21388893.0
2020-10-22,63.51741,64.552752,62.61354,64.42128,15650185.0
2020-10-23,63.887175,64.298025,61.70967,61.717887,18123307.0
2020-10-26,61.611066,63.10656,60.47712,62.991522,16590543.0
2020-10-27,62.53137,63.098343,61.947963,62.210907,15692141.0
2020-10-28,62.251992,63.68175,62.145171,63.032607,18721616.0
2020-10-29,62.4492,67.289013,62.28486,66.705606,37779375.0
2020-10-30,67.420485,67.79025,63.722835,63.985779,32841662.0
2020-11-02,64.922517,69.8445,64.9143,68.52978,52225315.0
2020-11-03,68.537997,68.570865,66.47553,67.831335,35157480.0
2020-11-04,67.87242,71.389296,67.54374,70.386822,38958346.0
2020-11-05,70.707285,72.72045,69.877368,70.756587,35623998.0
2020-11-06,70.773021,75.02121,69.951321,74.068038,46803613.0
2020-11-09,74.330982,77.617782,73.484631,74.544624,47078602.0
2020-11-10,73.70649,73.722924,71.085267,73.673622,35238345.0
2020-11-11,72.47394,73.764009,71.224956,72.39177,34198027.0
2020-11-12,74.36385,74.602143,72.498591,74.44602,28223843.0
2020-11-13,74.19951,74.413152,72.958743,74.380284,21605166.0
2020-11-16,75.18555,75.43206,71.537202,73.427112,37272431.0
2020-11-17,73.78866,75.18555,73.435329,73.887264,28968907.0
2020-11-18,73.985868,75.226635,72.432855,73.369593,22952687.0
2020-11-19,73.953,78.324444,73.550367,77.2398,41315578.0
2020-11-20,77.346621,77.888943,75.152682,75.259503,46160647.0
2020-11-23,74.36385,76.976856,73.476414,76.804299,45691390.0
2020-11-24,76.763214,76.787865,73.139517,74.487105,39966866.0
2020-11-25,74.487105,75.095163,73.008045,73.591452,29159518.0
2020-11-26,73.1313,73.591452,70.674417,71.504334,47509582.0
2020-11-27,71.865882,73.016262,71.109918,72.14526,23037330.0
2020-11-30,71.742627,72.72045,70.879842,71.364645,29926909.0
2020-12-01,70.871625,72.3096,70.871625,72.243864,23692498.0
2020-12-02,73.1313,74.437803,72.753318,73.879047,36607195.0
2020-12-03,73.780443,74.018736,72.482157,73.62432,25552024.0
2020-12-04,72.983394,73.180602,71.627589,72.605412,32722623.0
2020-12-07,73.032696,73.1313,71.915184,72.358902,20228496.0
2020-12-08,71.915184,72.416421,70.214265,71.24139,36690024.0
2020-12-09,70.674417,71.175654,68.61195,68.661252,46112571.0
2020-12-10,68.61195,70.214265,68.61195,69.92667,25300125.0
2020-12-11,70.58403,70.58403,68.537997,69.0228,22506139.0
2020-12-14,70.567596,70.6662,68.472261,69.384348,26247011.0
2020-12-15,69.778764,70.99488,68.52978,70.444341,32812014.0
2020-12-16,70.756587,73.188819,70.608681,72.39177,41302146.0
2020-12-17,72.88479,74.593926,72.679365,73.681839,31646076.0
2020-12-18,73.221687,73.944783,72.572544,73.37781,27477717.0
2020-12-21,73.722924,73.722924,71.520768,72.975177,28368934.0
2020-12-22,72.580761,74.593926,71.833014,73.747575,31071453.0
2020-12-23,73.936566,76.82895,73.566801,75.5964,39054660.0
2020-12-24,75.5964,76.327713,74.404935,76.327713,19778311.0
2020-12-25,76.146939,77.420574,75.18555,76.894686,21707194.0
2020-12-28,76.812516,79.992495,76.754997,78.71886,39478573.0
2020-12-29,78.685992,78.710643,77.042592,78.217623,21655220.0
2020-12-30,78.47235,79.37622,77.412357,78.866766,23164406.0
2020-12-31,78.8832,81.331866,78.866766,80.888148,26867176.0
2021-01-04,81.26613,83.772315,80.551251,81.356517,33882680.0
2021-01-05,80.584119,83.764098,79.7049,83.435418,35114801.0
2021-01-06,84.6351,86.11416,81.882405,82.958832,36020338.0
2021-01-07,83.8134,86.829039,83.15604,86.130594,45140052.0
2021-01-08,85.4568,86.03199,83.197125,84.643317,33069048.0
2021-01-11,84.79944,85.727961,82.17,82.9917,34189187.0
2021-01-12,82.424727,85.686876,82.424727,85.53897,35529586.0
2021-01-13,86.2785,86.861907,83.846268,84.914478,34348739.0
2021-01-14,85.12812,85.777263,81.668763,81.84132,37381528.0
2021-01-15,81.372951,82.309689,79.524126,81.915273,35743823.0
2021-01-18,81.668763,82.400076,80.123967,81.446904,28677180.0
2021-01-19,81.915273,82.260387,77.634216,77.938245,42307807.0
2021-01-20,78.8832,80.625204,78.47235,79.113276,32202327.0
2021-01-21,79.902108,82.9917,79.696683,82.25217,40930171.0
2021-01-22,82.17,83.427201,80.600553,82.638369,30775582.0
2021-01-25,82.9917,84.528279,81.10179,83.796966,37735992.0
2021-01-26,82.9917,82.9917,79.78707,80.477298,40767026.0
2021-01-27,79.778853,82.038528,79.195446,80.485515,28326851.0
2021-01-28,79.318701,79.696683,77.65065,78.192972,31057214.0
2021-01-29,78.349095,80.354043,76.976856,79.154361,37246508.0
2021-02-01,79.154361,80.945667,77.782122,80.69094,28606271.0
2021-02-02,80.03358,82.33434,80.03358,81.003186,31544355.0
2021-02-03,81.75915,82.49868,79.04754,80.230788,32395536.0
2021-02-04,79.121493,80.189703,78.250491,79.21188,36486402.0
2021-02-05,79.688466,80.830629,78.0615,79.910325,37262393.0
2021-02-08,79.918542,80.11575,77.56848,79.425522,37743563.0
2021-02-09,80.189703,83.73123,79.614513,83.73123,53712247.0
2021-02-10,84.569364,88.7436,83.40255,88.012287,53679907.0
2021-02-18,88.020504,88.217712,79.7049,80.77311,94042908.0
2021-02-19,78.069717,80.797761,78.069717,80.518383,69387709.0
2021-02-22,79.934976,79.934976,74.265246,74.314548,90398609.0
2021-02-23,73.172385,75.5964,72.991611,74.725398,60475531.0
2021-02-24,78.96537,81.01962,76.516704,78.077934,100354633.0
2021-02-25,77.97933,78.710643,75.67857,77.190498,41637020.0
2021-02-26,75.5964,77.642433,74.791134,76.483836,60112303.0
2021-03-01,76.74678,78.30801,75.456711,76.689261,37084402.0
2021-03-02,77.954679,78.751728,76.17159,76.845384,47339822.0
2021-03-03,76.196241,77.009724,75.18555,76.820733,33059187.0
2021-03-04,75.777174,76.072986,73.492848,73.87083,44634820.0
2021-03-05,71.956269,74.174859,70.690851,73.54215,40948709.0
2021-03-08,72.72045,73.714707,70.206048,70.25535,48829340.0
2021-03-09,69.556905,69.76233,67.13289,67.371183,56896333.0
2021-03-10,69.0228,69.565122,67.420485,68.743422,47316765.0
2021-03-11,69.499386,71.07705,68.61195,70.625115,40811644.0
2021-03-12,70.641549,72.334251,70.017057,70.633332,32364532.0
2021-03-15,69.688377,69.713028,66.5577,67.62591,49051385.0
2021-03-16,67.716297,68.225751,67.009635,67.855986,34926115.0
2021-03-17,67.387617,69.252876,66.853512,69.080319,37095228.0
2021-03-18,69.828066,71.4879,69.68016,71.249607,34703588.0
2021-03-19,69.8445,71.15922,69.343263,70.099227,30529185.0
2021-03-22,69.836283,70.280001,67.62591,68.513346,31409285.0
2021-03-23,68.513346,68.562648,66.615219,66.943899,36969597.0
2021-03-24,66.96855,67.773816,66.771342,67.116456,23536758.0
2021-03-25,66.615219,66.96855,65.16081,66.294756,24752483.0
2021-03-26,66.63987,67.79025,65.703132,67.387617,31083020.0
2021-03-29,67.346532,67.765599,66.5577,66.943899,29453524.0
2021-03-30,67.264362,68.603733,66.648087,67.765599,35197152.0
2021-03-31,68.03676,68.184666,66.763125,67.568391,27352508.0
2021-04-01,67.3794,70.567596,67.21506,70.197831,35204512.0
2021-04-02,70.25535,72.72045,69.76233,71.578287,29152538.0
2021-04-06,71.619372,72.06309,69.0228,69.335046,25766840.0
2021-04-07,69.335046,69.425433,67.280796,67.971024,29977466.0
2021-04-08,67.798467,68.135364,67.338315,67.938156,18211406.0
2021-04-09,68.184666,68.184666,65.933208,66.105765,32238556.0
2021-04-12,65.98251,66.771342,64.9143,65.16081,25277487.0
2021-04-13,64.873215,65.588094,64.191204,64.659573,21362828.0
2021-04-14,64.889649,66.253671,64.823913,65.842821,21069229.0
2021-04-15,65.842821,66.5577,64.881432,65.966076,17445281.0
2021-04-16,65.98251,66.22902,64.83213,65.65383,15347818.0
2021-04-19,65.736,67.469787,64.9143,67.108239,26759356.0
2021-04-20,66.623436,66.96855,65.760651,66.541266,23153386.0
2021-04-21,65.736,66.14685,65.32515,65.40732,25190606.0
2021-04-22,65.423754,65.974293,64.922517,65.941425,23096878.0
2021-04-23,66.081114,69.0228,65.949642,68.907762,45141558.0
2021-04-26,69.220008,69.8445,65.662047,65.760651,41802919.0
2021-04-27,65.711349,67.075371,65.07864,66.327624,19000053.0
2021-04-28,66.5577,67.13289,65.801736,67.009635,17902575.0
2021-04-29,67.428702,69.228225,67.272579,68.554431,29815963.0
2021-04-30,69.59799,69.59799,65.57166,65.875689,58237700.0
2021-05-06,64.347327,65.547009,63.673533,63.731052,49115946.0
2021-05-07,63.59958,63.722835,61.6275,61.693236,43729514.0
2021-05-10,62.309511,65.07864,62.309511,64.0926,54943986.0
2021-05-11,63.402372,64.9143,62.934003,64.371978,27333464.0
2021-05-12,64.83213,64.83213,62.818965,63.492759,27341035.0
2021-05-13,62.547804,62.86005,61.6275,61.750755,32950762.0
2021-05-14,61.87401,62.917569,60.493554,62.810748,30481113.0
2021-05-17,63.2709,65.201895,63.172296,64.42128,41809230.0
2021-05-18,65.57166,65.736,63.43524,63.961128,26855515.0
2021-05-19,63.311985,63.895392,62.86005,63.542061,22505269.0
2021-05-20,64.9143,66.442662,63.739269,66.31119,73533093.0
2021-05-21,66.63987,68.28327,66.450879,67.009635,50222428.0
2021-05-24,67.897071,68.2011,66.516615,67.54374,36014944.0
2021-05-25,68.176449,69.18714,67.658778,68.431176,41746744.0
2021-05-26,68.94063,69.836283,67.749165,69.293961,36038191.0
2021-05-27,69.836283,69.869151,68.554431,68.94063,29615660.0
2021-05-28,68.431176,68.439393,67.3794,67.814901,38741514.0
2021-05-31,67.95459,67.95459,65.522358,66.5577,52395101.0
2021-06-01,66.483747,66.483747,65.177244,65.875689,47337082.0
2021-06-02,66.5461722,66.6299835,65.7918705,66.6299835,34284654.0
2021-06-03,66.6299835,66.91494192,64.93699524,65.31414609,41669046.0
2021-06-04,64.87832733,65.7918705,64.14078789,65.14652349,28306603.0
2021-06-07,65.16328575,65.18004801,63.82230495,64.35031614,27727499.0
2021-06-08,64.4508897,64.7861349,63.38648619,63.71335026,32089344.0
2021-06-09,63.92287851,64.21621806,63.0260976,63.35296167,25138005.0
2021-06-10,63.4451541,63.64630122,62.7746637,63.1937202,32075563.0
2021-06-11,63.1937202,63.3613428,61.60968663,62.020362,46521367.0
2021-06-15,61.91140731,62.4394185,60.344136,61.38339612,44590030.0
2021-06-16,61.9365507,63.07638438,61.3498716,62.858475,44970185.0
2021-06-17,63.0260976,63.13505229,61.4336829,61.56778098,29929238.0
2021-06-18,61.45882629,62.19636573,60.47823408,61.8527394,38817863.0
2021-06-21,61.86950166,61.87788279,59.64850221,60.344136,47738643.0
2021-06-22,60.2603247,61.08167544,59.40544944,59.74069464,41034169.0
2021-06-23,59.68202673,61.42530177,59.2545891,61.32472821,43404358.0
2021-06-24,62.4394185,62.4394185,60.93919623,61.3498716,28702816.0
2021-06-25,61.65997341,61.83597714,60.83024154,61.32472821,41255201.0
2021-06-28,61.33310934,61.9365507,60.7631925,61.35825273,30684568.0
2021-06-29,61.83597714,61.8527394,59.70717012,59.89155498,34979911.0
2021-06-30,59.5898343,60.2603247,59.38030605,59.81612481,28444413.0
2021-07-01,59.7574569,61.50911307,59.13725328,61.38339612,44641783.0
2021-07-02,60.87214719,60.97272075,59.22106458,59.5898343,40318436.0
2021-07-05,58.90258164,58.97801181,55.96918614,57.1593066,78081102.0
2021-07-06,56.70672558,58.12313655,55.99432953,57.50293293,41063662.0
2021-07-07,57.78789135,60.30223035,57.50293293,58.99477407,55959761.0
2021-07-08,58.66791,59.33001927,57.71246118,58.66791,35977037.0
2021-07-09,58.29075915,59.15401554,57.58674423,57.9974196,29079830.0
2021-07-12,58.36618932,59.9250795,57.76274796,59.2545891,40495549.0
2021-07-13,59.32163814,61.45882629,59.15401554,61.0146264,47453241.0
2021-07-14,60.72128685,61.0146264,59.97536628,60.344136,33405515.0
2021-07-15,60.344136,60.63747555,59.17915893,59.64850221,31970243.0
2021-07-16,59.7574569,59.7574569,57.6621744,58.4164761,45691025.0
2021-07-19,58.49190627,58.9193439,57.4945518,58.78524582,30561168.0
2021-07-20,58.38295158,58.85229486,57.83817813,58.34104593,23094780.0
2021-07-21,58.43323836,58.60086096,56.83244253,56.98330287,51518657.0
2021-07-22,56.98330287,58.57571757,56.13680874,57.2431179,42883759.0
2021-07-23,57.2431179,57.72922344,55.74289563,56.12004648,42451336.0
2021-07-26,54.96345054,55.37412591,53.53027731,54.20914884,57012881.0
2021-07-27,54.20076771,54.46058274,51.4601382,51.4601382,61869875.0
2021-07-28,51.4601382,53.4716094,51.21708543,53.03579064,47782907.0
2021-07-29,54.0582885,54.0582885,52.49101719,53.0525529,39271265.0
2021-07-30,52.87654917,53.70628104,51.92948148,53.22855663,41977874.0
2021-08-02,53.2201755,55.86861258,52.44911154,55.38250704,54445260.0
2021-08-03,54.8964015,60.56204538,54.62820534,59.43897396,89992768.0
2021-08-04,59.0031552,60.07593984,58.44161949,58.65952887,42636229.0
2021-08-05,58.20694785,60.01727193,57.90522717,58.5840987,45338268.0
2021-08-06,58.66791,59.54792865,57.03358965,58.96124955,34481766.0
2021-08-09,58.3326648,61.6013055,58.13989881,60.73804911,51361921.0
2021-08-10,60.4279473,61.05653205,59.36354379,61.05653205,32371545.0
2021-08-11,60.62909442,61.64321115,60.23518131,60.28546809,28560714.0
2021-08-12,59.9250795,60.73804911,59.1707778,59.43897396,30539265.0
2021-08-13,59.43897396,60.32737374,58.5002874,60.01727193,30301304.0
2021-08-16,60.01727193,63.23562585,59.88317385,62.85009387,66305582.0
2021-08-17,62.84171274,63.2775315,61.27444143,61.5174942,41410311.0
2021-08-18,61.50911307,62.858475,60.9308151,62.4394185,32617317.0
2021-08-19,62.82495048,63.09314664,60.23518131,60.29384922,32866221.0
2021-08-20,59.49764187,60.75481137,58.49190627,60.344136,30129822.0
2021-08-23,60.0927021,60.80509815,58.77686469,59.17915893,24216401.0
2021-08-24,58.8355326,59.63173995,57.14254434,59.0869665,38744022.0
2021-08-25,58.7517213,59.2545891,57.829797,57.95551395,25351879.0
2021-08-26,57.94713282,58.37457045,56.58100863,56.93301609,30560914.0
2021-08-27,56.93301609,57.81303474,56.47205394,56.8240614,24556080.0
2021-08-30,56.94977835,57.08387643,54.73716003,55.29869574,45344420.0
2021-08-31,55.2316467,56.89949157,54.69525438,55.315458,31964102.0
2021-09-01,55.74289563,58.54219305,54.62820534,57.95551395,54120472.0
2021-09-02,58.31590254,58.31590254,56.86596705,57.98903847,42761283.0
2021-09-03,57.80465361,58.77686469,57.1593066,58.70143452,28680784.0
2021-09-06,58.76848356,61.38339612,58.76010243,60.44470956,39610616.0
2021-09-07,60.9308151,61.96169409,60.18489453,61.19901126,38937022.0
2021-09-08,61.182249,61.72702245,60.52013973,60.94757736,26682359.0
2021-09-09,60.94757736,61.47558855,59.69878899,60.36089826,22350846.0
2021-09-10,60.36089826,61.182249,59.5898343,60.6793812,21079581.0
2021-09-13,60.61233216,60.92243397,59.27973249,59.48926074,21293772.0
2021-09-14,59.506023,59.8412682,57.16768773,57.35207259,30703335.0
2021-09-15,57.00006513,57.34369146,55.1478354,55.75127676,39630658.0
2021-09-16,55.75127676,56.30443134,55.1478354,55.27355235,29466222.0
2021-09-17,55.61717868,57.22635564,55.39088817,57.20959338,26097737.0
2021-09-22,56.153571,56.4050049,55.21488444,55.38250704,23967787.0
2021-09-23,55.95242388,56.2373823,55.315458,55.97756727,19943038.0
2021-09-24,55.7345145,57.1593066,55.39088817,56.3211936,27372409.0
2021-09-27,56.31281247,58.99477407,55.96080501,57.5783631,33266460.0
2021-09-28,57.05035191,59.0869665,56.41338603,58.89420051,34751438.0
2021-09-29,58.62600435,59.4222117,58.06446864,58.89420051,29530820.0
2021-09-30,58.89420051,59.61497769,58.2488535,58.3326648,21879116.0
2021-10-08,58.8355326,60.83024154,58.45838175,60.7631925,41613373.0
2021-10-11,60.9308151,61.2660603,59.57307204,59.57307204,23449247.0
2021-10-12,59.59821543,60.83024154,58.73495904,60.02565306,21599019.0
2021-10-13,60.344136,60.52852086,58.87743825,59.506023,16055890.0
2021-10-14,59.53116639,60.02565306,58.37457045,58.77686469,16233358.0
2021-10-15,59.506023,60.15975114,58.96963068,59.506023,20425107.0
2021-10-18,59.506023,59.506023,57.829797,58.34942706,21901873.0
2021-10-19,58.08961203,59.05344198,57.87170265,58.56733644,18104497.0
2021-10-20,58.66791,59.0869665,57.00844626,57.05035191,30276609.0
2021-10-21,57.22635564,58.49190627,57.02520852,58.39971384,20597302.0
2021-10-22,58.64276661,62.858475,58.62600435,62.4394185,81947936.0
2021-10-25,62.01198087,62.2717959,60.0088908,60.6793812,43058106.0
2021-10-26,60.13460775,60.32737374,58.68467226,58.68467226,39644810.0
2021-10-27,57.88008378,58.20694785,56.153571,56.153571,67849700.0
2021-10-28,55.7345145,57.28502355,55.34898252,57.09225756,27797860.0
2021-10-29,56.51395959,58.2488535,56.4050049,57.63703101,28202116.0
2021-11-01,59.73231351,61.95331296,59.21268345,61.02300753,74811069.0
2021-11-02,61.02300753,61.50911307,58.98639294,59.34678153,33979598.0
2021-11-03,58.69305339,59.9250795,58.09799316,58.09799316,22136290.0
2021-11-04,58.66791,59.70717012,58.24047237,59.27135136,23674066.0
2021-11-05,58.92772503,60.18489453,58.49190627,59.29649475,18630632.0
2021-11-08,59.19592119,59.47249848,58.5002874,59.03667972,14960996.0
2021-11-09,58.96124955,58.96124955,57.30178581,57.829797,22767037.0
2021-11-10,57.56998197,58.5002874,57.00844626,58.31590254,23735791.0
2021-11-11,57.98903847,60.64585668,57.7459857,60.37766052,36332028.0
2021-11-12,60.24356244,61.91978844,60.0088908,60.48661521,26614392.0
2021-11-15,60.344136,61.182249,59.9250795,60.74643024,21497317.0
2021-11-16,61.182249,61.6013055,60.67100007,60.95595849,21140190.0
2021-11-17,60.55366425,61.3498716,59.94184176,60.43632843,14390330.0
2021-11-18,60.20165679,60.21003792,58.65114774,58.85229486,19413431.0
2021-11-19,58.85229486,59.0869665,58.08961203,58.66791,25102995.0
2021-11-22,58.44161949,58.90258164,58.2488535,58.62600435,22966239.0
2021-11-23,58.61762322,58.61762322,57.84655926,58.22371011,22415718.0
2021-11-24,58.79362695,58.97801181,57.84655926,58.79362695,25270993.0
2021-11-25,58.66791,58.66791,57.89684604,57.94713282,18110345.0
2021-11-26,57.829797,58.20694785,57.47778954,57.67055553,14048378.0
2021-11-29,56.98330287,57.47778954,56.75701236,57.13416321,20002100.0
2021-11-30,56.87434818,57.95551395,56.71510671,56.80729914,19543671.0
2021-12-01,56.71510671,57.1593066,56.3211936,57.12578208,18010101.0
2021-12-02,56.47205394,56.96654061,56.24576343,56.77377462,17292840.0
2021-12-03,56.74863123,56.74863123,55.88537484,56.28766908,21709179.0
2021-12-06,56.28766908,57.64541214,56.24576343,57.46940841,28156018.0
2021-12-07,57.9136083,59.0031552,57.9136083,58.86067599,45996100.0
2021-12-08,58.99477407,59.04506085,57.829797,58.65952887,24448618.0
2021-12-09,59.9250795,60.97272075,59.40544944,60.52852086,58720574.0
2021-12-10,60.05917758,60.6793812,59.2545891,60.2603247,29774271.0
2021-12-13,60.97272075,63.08476551,60.77995476,61.14034335,54392976.0
2021-12-14,60.55366425,60.74643024,59.54792865,59.54792865,25330123.0
2021-12-15,59.49764187,59.84964933,58.81877034,58.96124955,16566927.0
2021-12-16,59.04506085,59.40544944,58.51704966,59.0031552,15360353.0
2021-12-17,58.74334017,58.88581938,57.5783631,57.5783631,20467841.0
2021-12-20,57.72922344,58.95286842,57.67055553,58.34942706,20657979.0
2021-12-21,58.34104593,60.45309069,58.2488535,60.05079645,31759660.0
2021-12-22,59.88317385,60.2603247,58.69305339,59.95022289,22483108.0
2021-12-23,59.58145317,61.07329431,59.506023,60.23518131,19654181.0
2021-12-24,59.78260029,60.55366425,59.36354379,60.47823408,16377482.0
2021-12-27,60.5117586,62.020362,60.2603247,61.22415465,27562336.0
2021-12-28,61.22415465,63.24400698,61.22415465,63.00933534,51272047.0
2021-12-29,62.858475,63.31943715,61.81083375,62.02874313,21584258.0
2021-12-30,62.020362,62.4394185,61.33310934,61.98683748,21829008.0
2021-12-31,61.9365507,62.38913172,60.99786414,61.86112053,21673393.0
2022-01-04,62.020362,63.2775315,61.6851168,63.16019568,31040801.0
2022-01-05,63.1937202,66.90656079,62.64056562,63.92287851,61369922.0
2022-01-06,63.53734653,65.53205547,62.6908524,62.84171274,34188949.0
2022-01-07,63.26076924,65.77510824,62.86685613,65.18842914,43722085.0
2022-01-10,65.5404366,67.78657944,64.534701,65.2051914,35252163.0
2022-01-11,64.55146326,66.06006666,63.2775315,63.3613428,33694529.0
2022-01-12,63.77201817,63.96478416,61.20739239,62.25503364,38464129.0
2022-01-13,62.50646754,63.16019568,60.5117586,60.61233216,26732585.0
2022-01-14,60.4279473,61.05653205,59.8412682,60.344136,20996990.0
2022-01-17,60.4279473,61.55101872,60.10946436,61.20739239,20381136.0
2022-01-18,61.02300753,61.75216584,60.36089826,61.4336829,21307718.0
2022-01-19,61.7689281,63.85582947,61.56778098,63.05124099,40401059.0
2022-01-20,63.01771647,66.0433044,62.95066743,65.89244406,50662197.0
2022-01-21,65.47338756,66.06006666,64.22459919,64.87832733,30226221.0
2022-01-24,64.3670784,66.23607039,64.1156445,64.60175004,16913071.0
2022-01-25,64.3670784,66.0433044,63.04285986,63.57087105,25185151.0
2022-01-26,64.09050111,64.97890089,63.31105602,64.12402563,17996504.0
2022-01-27,63.48705975,64.34193501,62.44779963,62.70761466,25896559.0
2022-01-28,62.71599579,63.696588,61.20739239,61.3498716,26921924.0
2022-02-07,62.4394185,63.39486732,61.50073194,62.6070411,21295784.0
2022-02-08,62.3556072,62.7746637,61.182249,62.2717959,25222789.0
2022-02-09,62.5232298,64.59336891,61.9365507,64.19107467,30821130.0
2022-02-10,63.7803993,64.20783693,61.6013055,61.72702245,40093808.0
2022-02-11,61.30796595,62.5232298,60.74643024,62.13769782,26315615.0
2022-02-14,61.6013055,61.62644889,60.0088908,61.182249,19833640.0
2022-02-15,60.94757736,61.4336829,60.2603247,60.36927939,22662561.0
2022-02-16,60.49499634,61.59292437,60.1765134,61.4336829,18939258.0
2022-02-17,61.19063013,61.8527394,60.43632843,60.57042651,17712319.0
2022-02-18,60.16813227,61.29958482,59.76583803,61.182249,15392511.0
2022-02-21,61.0146264,61.03138866,60.344136,60.9308151,10709058.0
2022-02-22,60.4279473,60.46985295,58.03932525,58.81038921,36301446.0
2022-02-23,58.70981565,59.20430232,58.4164761,59.07020424,19598560.0
2022-02-24,58.26561576,58.46676288,56.53910298,57.2431179,41899669.0
2022-02-25,57.62026875,57.78789135,56.83244253,57.09225756,22417097.0
2022-02-28,56.5726275,56.67320106,54.8964015,55.91889936,48362395.0
2022-03-01,55.82670693,57.31854807,55.04726184,57.26826129,40633496.0
2022-03-02,56.5726275,56.5726275,55.4830806,56.08652196,24786934.0
2022-03-03,56.36309925,56.36309925,55.27355235,55.87699371,26230556.0
2022-03-04,55.27355235,55.59203529,54.55277517,54.9802128,30520427.0
2022-03-07,54.12533754,54.12533754,51.99653052,52.39044363,47645242.0
2022-03-08,51.8791947,52.801119,50.0353461,50.08563288,57768670.0
2022-03-09,49.68333864,50.29516113,47.44557693,49.88448576,56275807.0
2022-03-10,51.30089673,51.45175707,48.71112756,49.33971231,47362869.0
2022-03-11,48.8619879,50.01020271,48.04901829,49.76714994,35638996.0
2022-03-14,48.62731626,49.52409717,47.51262597,47.51262597,31918608.0
2022-03-15,47.1019506,47.96520699,45.49277364,45.5933472,49926766.0
2022-03-16,47.1019506,48.03225603,45.46763025,47.76405987,52945781.0
2022-03-17,49.81743672,50.01858384,48.28368993,49.1972331,52266437.0
2022-03-18,49.1972331,49.45704813,48.31721445,49.3648557,36839305.0
2022-03-21,49.47381039,49.90962915,48.610554,48.98770485,30641715.0
2022-03-22,48.6943653,49.39838022,48.62731626,49.09665954,19403969.0
2022-03-23,49.22237649,49.33133118,48.55188609,48.610554,24373729.0
2022-03-24,48.1914975,48.45969366,47.86463343,48.25854654,23678670.0
2022-03-25,48.26692767,48.54350496,46.97623365,47.00975817,25216369.0
2022-03-28,46.82537331,47.06842608,45.9285924,46.7667054,21585282.0
2022-03-29,47.02652043,47.12709399,45.64363398,45.80287545,25242958.0
2022-03-30,46.08783387,47.772441,46.05430935,47.772441,33900253.0
2022-03-31,47.6886297,47.9400636,47.11871286,47.772441,25133597.0
2022-04-01,47.3533845,49.64981412,46.77508653,49.1134218,45775170.0
2022-04-06,48.65245965,49.59952734,48.5267427,48.95418033,30753172.0
2022-04-07,48.31721445,49.54924056,48.28368993,48.3591201,26942029.0
2022-04-08,48.3591201,48.54350496,47.63834292,48.04901829,22682729.0
2022-04-11,48.14959185,48.16635411,46.32250551,46.39793568,33812428.0
2022-04-12,46.71641862,48.1914975,46.33926777,48.14121072,29717487.0
2022-04-13,47.75567874,48.14959185,47.29471659,47.41205241,21198659.0
2022-04-14,47.78920326,49.51571604,47.78920326,49.21399536,42741664.0
2022-04-15,48.87875016,49.7001009,48.74465208,49.15532745,21242110.0
2022-04-18,49.0296105,49.0296105,48.21664089,48.25016541,15468205.0
2022-04-19,48.31721445,48.73627095,47.82272778,48.0238749,16849454.0
2022-04-20,48.40102575,49.35647457,47.772441,48.24178428,21662822.0
2022-04-21,47.8562523,48.60217287,46.5990828,46.95947139,27999954.0
2022-04-22,46.5990828,48.20825976,45.82801884,47.74729761,24469829.0
2022-04-25,47.39529015,48.18311637,46.12135839,46.15488291,32560068.0
2022-04-26,46.15488291,46.49012811,43.17120063,43.40587227,63204589.0
2022-04-27,42.51747249,44.71332855,42.3247065,44.5038003,37571041.0
2022-04-28,44.8390455,45.0066681,43.64054391,44.65466064,25258916.0
2022-04-29,45.258102,48.01549377,44.65466064,47.84787117,57524101.0
2022-05-05,48.65245965,49.76714994,48.48483705,49.1972331,46790722.0
2022-05-06,48.2753088,49.0296105,48.09930507,48.7781766,21216998.0
2022-05-09,47.98196925,48.20825976,46.74156201,47.23604868,21529684.0
2022-05-10,46.28898099,47.68024857,46.096215,47.4371958,30057137.0
2022-05-11,47.33662224,48.1914975,46.934328,47.50424484,35911506.0
2022-05-12,47.42043354,47.42043354,46.33088664,46.71641862,22579089.0
2022-05-13,47.37014676,47.91492021,47.1019506,47.78082213,24432011.0
2022-05-16,48.20825976,49.23913875,46.55717715,47.1019506,28664501.0
2022-05-17,46.934328,48.1914975,46.6828941,48.09930507,22831367.0
2022-05-18,48.1914975,48.33397671,46.86727896,47.46233919,22269749.0
2022-05-19,46.75832427,47.09356947,46.37279229,46.78346766,20195890.0
2022-05-20,46.8505167,47.87301456,46.39793568,47.6886297,26608469.0
2022-05-23,47.22766755,47.3533845,45.33353217,45.51791703,55783104.0
2022-05-24,45.30838878,45.83639997,44.88095115,45.08209827,26346272.0
2022-05-25,44.8390455,45.0904794,44.419989,44.7552342,22197439.0
2022-05-26,44.7552342,45.32515104,43.4142534,45.10724166,42382765.0
2022-05-27,45.61849059,45.92021127,44.42837013,44.52056256,35255705.0
2022-05-30,44.54570595,45.0904794,44.42837013,44.7552342,21638531.0
2022-05-31,44.83066437,45.66039624,44.5038003,45.66039624,35509917.0
2022-06-01,45.5095359,45.90344901,45.13238505,45.48439251,29205803.0
2022-06-02,45.62273272,45.64002716,45.03472176,45.44978832,27584641.0
2022-06-06,45.46708276,45.76973546,44.60236076,45.64867438,36520890.0
2022-06-07,45.397905,45.94267986,45.0520162,45.830266,29169548.0
2022-06-08,45.83891322,46.5220436,45.42384666,45.82161878,36297664.0
2022-06-09,45.7005577,45.9599743,45.12984118,45.29413836,28683558.0
2022-06-10,45.06066342,45.25954948,44.7493635,45.1817245,30034887.0
2022-06-13,44.7925996,44.8358357,43.80681652,44.15270532,40426293.0
2022-06-14,43.4955166,44.58506632,43.33986664,44.47265246,34842410.0
2022-06-15,44.20458864,47.55971,44.20458864,47.07546568,91507776.0
2022-06-16,47.10140734,47.49917946,46.25397978,46.54798526,35938169.0
2022-06-17,45.85620766,47.91424602,45.41519944,47.35217672,53813436.0
2022-06-20,47.69806552,49.7647511,47.69806552,49.34103732,76530884.0
2022-06-21,49.3756262,50.49111758,48.9865013,49.53992338,53707727.0
2022-06-22,49.52262894,49.52262894,48.424432,48.424432,29721130.0
2022-06-23,48.38984312,48.83085134,47.8191266,48.41578478,30453200.0
2022-06-24,48.41578478,50.9753619,48.21689872,49.9809316,73201062.0
2022-06-27,50.4132926,51.95249776,50.4132926,51.1050702,58158368.0
2022-06-28,51.5374312,51.5374312,50.5430009,51.1050702,32252221.0
2022-06-29,51.43366456,52.43674208,51.20018962,51.25207294,42072308.0
2022-06-30,51.32989792,52.45403652,51.018598,52.22056158,37053894.0
2022-07-01,52.04761718,52.04761718,50.29223152,50.83700638,33785737.0
2022-07-04,49.75610388,51.93520332,49.75610388,51.85737834,31375014.0
2022-07-05,51.6671395,53.17175578,50.9321258,51.48554788,28384693.0
2022-07-06,51.9265561,52.77398366,50.73323974,51.26072016,30764043.0
2022-07-07,51.03589244,51.7103756,50.586237,50.7591814,19747189.0
2022-07-08,51.12236464,51.12236464,50.0674038,50.65541476,22725014.0
2022-07-11,50.37870372,51.1915424,49.91175384,50.9321258,27354736.0
2022-07-12,51.0618341,52.64427536,51.0618341,51.9697922,40810385.0
2022-07-13,51.95249776,52.0995005,50.17981766,50.4132926,38790065.0
2022-07-14,51.018598,51.18289518,48.2947237,48.5973764,54519966.0
2022-07-15,48.2514876,48.92597076,47.6894183,47.7326544,30267863.0
2022-07-18,47.7326544,48.32066536,46.694988,47.81047938,23549370.0
2022-07-19,47.6461822,48.13042652,47.35217672,47.58565166,19709717.0
2022-07-20,47.96612934,48.7270847,47.6461822,47.93154046,21705190.0
2022-07-21,47.992071,48.3379598,47.3867656,47.46459058,16384697.0
2022-07-22,47.2570573,47.96612934,46.9544046,47.63753498,18646088.0
2022-07-25,47.6461822,49.04703184,47.56835722,48.8135569,36027403.0
2022-07-26,48.856793,50.03281492,48.74437914,49.6350428,26304234.0
2022-07-27,49.4620984,49.5053345,48.22554594,48.35525424,24440950.0
2022-07-28,48.424432,48.54549308,48.00071822,48.2082515,14614702.0
2022-07-29,48.3811959,48.5973764,47.36947116,47.54241556,23747370.0
2022-08-01,47.7758905,47.8191266,46.76416576,47.22246842,18646747.0
2022-08-02,46.76416576,46.7814602,45.7437938,46.3490992,26048594.0
2022-08-03,46.01185762,46.70363522,45.03472176,45.1817245,31878019.0
2022-08-04,45.3114328,45.63137994,45.0520162,45.397905,13529107.0
2022-08-05,45.60543828,45.80432434,45.03472176,45.80432434,19819083.0
2022-08-08,45.4411411,45.80432434,45.25090226,45.33737446,21808178.0
2022-08-09,45.3546689,45.88214932,45.1817245,45.53626052,16051580.0
2022-08-10,45.51031886,45.51031886,44.76665794,44.81854126,16302356.0
2022-08-11,45.2249606,45.81297156,44.86177736,45.76108824,22953884.0
2022-08-12,45.57949662,46.22803812,45.33737446,45.96862152,16987856.0
2022-08-15,45.97726874,46.3490992,45.41519944,45.6573216,18323472.0
2022-08-16,45.67461604,45.73514658,45.2249606,45.4843772,16335748.0
2022-08-17,45.53626052,46.59122136,45.06066342,46.20209646,23843481.0
2022-08-18,45.9167382,46.0464465,45.32008002,45.50167164,14088456.0
2022-08-19,45.55355496,45.66596882,45.1817245,45.49302442,13215250.0
2022-08-22,45.36331612,46.3058631,45.21631338,45.86485488,23817591.0
2022-08-23,45.7870299,45.9167382,44.965544,45.06931064,22034863.0
2022-08-24,45.0520162,45.12119396,44.36888582,44.43806358,21584197.0
2022-08-25,44.43806358,45.32008002,44.07488034,45.16443006,20989258.0
2022-08-26,45.38061056,45.53626052,44.87042458,45.16443006,16040627.0
2022-08-29,44.6196552,45.71785214,44.54183022,45.20766616,16456070.0
2022-08-30,45.38925778,46.01185762,45.03472176,45.2249606,20270847.0
2022-08-31,45.0520162,46.3923353,45.04336898,46.03779928,46283836.0
2022-09-01,46.02915206,47.992071,46.02915206,47.65482942,64210545.0
2022-09-02,47.65482942,47.65482942,45.97726874,46.3923353,36746048.0
2022-09-05,45.9167382,46.694988,45.72649936,46.5220436,19027545.0
2022-09-06,46.53069082,46.87657962,46.1761548,46.22803812,17796217.0
2022-09-07,46.40962974,46.42692418,45.81297156,45.8735021,20995308.0
2022-09-08,45.8735021,46.4788075,45.8735021,46.15021314,15365677.0
2022-09-09,46.15021314,48.10448486,46.05509372,47.94018768,52388062.0
2022-09-13,47.94018768,49.2026818,47.62024054,48.84814578,34602446.0
2022-09-14,47.992071,48.6406125,47.9055988,48.36390146,18747266.0
2022-09-15,48.32931258,49.4620984,48.15636818,48.71843748,28969848.0
2022-09-16,48.41578478,48.5109042,47.4732378,47.66347664,25993997.0
2022-09-19,47.27435174,47.94018768,46.79875464,47.54241556,20360049.0
2022-09-20,47.4300017,47.6461822,46.0896826,46.27992144,35065981.0
2022-09-21,47.06681846,47.09276012,45.25954948,45.7005577,26775169.0
2022-09-22,45.60543828,45.6140855,44.35159138,44.533183,40143184.0
2022-09-23,44.19594142,44.87042458,44.100822,44.39482748,17517602.0
2022-09-26,44.100822,44.965544,44.00570258,44.1440581,20553286.0
2022-09-27,44.2305303,44.86177736,43.4955166,44.68883296,24764967.0
2022-09-28,44.533183,44.76665794,44.1872942,44.24782474,13557668.0
2022-09-29,44.50724134,44.75801072,43.4955166,43.668461,25319493.0
2022-09-30,43.34851386,43.72899154,42.63944182,42.63944182,35563830.0
2022-10-10,42.63944182,43.22745278,41.90442812,42.1119614,26014496.0
2022-10-11,42.10331418,42.2416697,41.506656,41.82660314,22003690.0
2022-10-12,41.5498921,41.7660726,40.641934,41.74013094,24097124.0
2022-10-13,41.49800878,41.506656,40.65058122,40.69381732,27745374.0
2022-10-14,40.8581145,41.7228365,40.7284062,41.49800878,31338771.0
2022-10-17,41.25588662,41.3769477,40.9013506,41.22129774,23501711.0
2022-10-18,41.48936156,41.6363643,40.92729226,41.02241168,27008601.0
2022-10-19,40.95323392,40.95323392,39.05949274,39.10272884,55654921.0
2022-10-20,38.7395456,39.15461216,37.92670692,38.37636236,36647844.0
2022-10-21,38.38500958,38.72225116,37.84888194,38.047768,27243190.0
2022-10-24,37.7883514,38.32447904,36.5777406,36.65556558,45916936.0
2022-10-25,37.0101016,37.1398099,36.30102956,36.33561844,41440111.0
2022-10-26,36.4912684,37.36463762,36.45667952,36.71609612,36281405.0
2022-10-27,36.9236294,37.183046,36.5777406,36.81986276,22640281.0
2022-10-28,36.49991562,36.64691836,35.12500764,35.24606872,40175030.0
2022-10-31,35.22012706,35.2806576,34.6753522,34.74452996,34553505.0
2022-11-01,35.09041876,35.9724352,34.66670498,35.9724352,48067142.0
2022-11-02,35.7994908,36.8371572,35.64384084,36.38750176,38019949.0
2022-11-03,36.1453796,36.20591014,35.6265464,35.95514076,28853488.0
2022-11-04,35.99837686,37.4856987,35.95514076,37.26087098,45749125.0
2022-11-07,37.183046,37.40787372,36.75933222,37.23492932,33159614.0
2022-11-08,37.28681264,37.43381538,36.81986276,37.183046,30558188.0
2022-11-09,37.52028758,37.9180597,37.1398099,37.21763488,22990425.0
2022-11-10,36.9668655,37.16575156,36.77662666,37.15710434,22305399.0
2022-11-11,38.50607066,39.9501564,37.79699862,39.45726486,82883508.0
2022-11-14,41.43747824,42.46649742,40.9013506,41.3337116,100020407.0
2022-11-15,41.939017,42.87291676,41.2472394,42.43190854,51228792.0
2022-11-16,42.7172668,42.7172668,41.64501152,41.90442812,25992649.0
2022-11-17,41.84389758,42.4578502,41.22994496,41.47206712,19284595.0
2022-11-18,41.81795592,41.97360588,41.22994496,41.48071434,16067621.0
2022-11-21,41.04835334,41.04835334,39.98474528,40.07121748,34523382.0
2022-11-22,40.1231008,40.67652288,39.6907398,40.0366286,23569157.0
2022-11-23,39.97609806,40.24416188,39.79450644,40.01933416,14255219.0
2022-11-24,40.4257535,40.8148784,39.58697316,39.69938702,21379992.0
2022-11-25,39.69938702,40.71975898,39.63020926,40.37387018,24697464.0
2022-11-28,39.50050096,40.1663369,39.11137606,40.02798138,22655140.0
2022-11-29,41.506656,42.18113916,40.57275624,41.86983924,38928672.0
2022-11-30,41.66230596,42.35408356,41.06564778,41.39424214,27287554.0
2022-12-01,42.20708082,42.65673626,41.74013094,41.77471982,27604487.0
2022-12-02,41.54124488,42.0254892,41.29912272,41.54124488,17015014.0
2022-12-05,41.93036978,43.2361,41.8525448,42.9766834,36106842.0
2022-12-06,42.96803618,43.80681652,42.38867244,43.2361,32526956.0
2022-12-07,43.2361,44.68883296,42.803739,44.3170025,43656379.0
2022-12-08,44.4034747,45.38061056,43.96246648,44.7493635,39078018.0
2022-12-09,44.93095512,46.98034626,44.80124682,46.9544046,69940581.0
2022-12-12,46.4355714,47.53376834,46.0896826,47.06681846,46663287.0
2022-12-13,46.87657962,47.0408768,46.3923353,46.6517519,30619330.0
2022-12-14,46.2193909,47.61159332,46.2193909,47.46459058,26085029.0
2022-12-15,47.4732378,48.2514876,46.0464465,46.37504086,27804272.0
2022-12-16,46.07238816,46.8246963,45.63137994,46.694988,19744959.0
2022-12-19,46.694988,47.02358236,46.07238816,46.41827696,16076366.0
2022-12-20,45.830266,45.90809098,44.5764191,44.59371354,27245386.0
2022-12-21,44.35159138,45.38925778,44.35159138,44.68883296,13074160.0
2022-12-22,44.91366068,46.07238816,44.76665794,45.1384884,22812320.0
2022-12-23,44.94824956,45.9599743,44.47265246,45.29413836,16343914.0
2022-12-26,45.55355496,45.72649936,44.41212192,44.533183,15387918.0
2022-12-27,44.78395238,45.85620766,44.45535802,45.77838268,17339127.0
2022-12-28,45.33737446,45.6140855,44.8790718,45.0087801,16322911.0
2022-12-29,44.63694964,45.12984118,44.11811644,44.73206906,11995050.0
2022-12-30,44.7925996,45.397905,44.7061274,44.7925996,12773275.0
2023-01-03,44.965544,45.16443006,44.29970806,44.86177736,16362802.0
2023-01-04,44.69748018,46.54798526,44.6628913,46.4788075,26134113.0
2023-01-05,46.694988,47.55106278,46.6517519,47.48188502,29421668.0
2023-01-06,47.53376834,47.69806552,46.61716302,46.70363522,19500149.0
2023-01-09,46.7814602,47.0841129,46.1761548,46.79010742,20427678.0
2023-01-10,46.68634078,47.0408768,46.20209646,46.262627,15434014.0
2023-01-11,46.2193909,47.71535996,46.1761548,47.127349,21461041.0
2023-01-12,46.9544046,47.55971,46.70363522,47.36082394,14581825.0
2023-01-13,47.44729614,48.424432,47.127349,48.3811959,26580330.0
2023-01-16,48.45037366,50.46517592,48.44172644,49.8944594,33018079.0
2023-01-17,49.88581218,50.30952596,49.4188623,50.153876,18811356.0
2023-01-18,50.153876,50.586237,49.60910114,49.8079872,13035753.0
2023-01-19,49.68692612,49.7647511,49.0297374,49.61774836,19467945.0
2023-01-20,49.68692612,50.01552048,49.25456512,49.35833176,10860828.0
2023-01-30,49.66963168,50.22305376,48.06989598,48.1217793,25619569.0
2023-01-31,47.9055988,48.5541403,47.55971,47.7326544,23259835.0
2023-02-01,47.81047938,48.41578478,47.0841129,47.992071,26724709.0
2023-02-02,47.9488349,48.0785432,46.36639364,46.66039912,36767804.0
2023-02-03,46.4355714,46.6517519,45.70920492,46.09832982,20830020.0
2023-02-06,45.66596882,45.66596882,44.16999976,44.3170025,42185653.0
2023-02-07,44.41212192,44.7061274,44.1872942,44.533183,20900869.0
2023-02-08,44.43806358,44.533183,43.97976092,44.10946922,19101762.0
2023-02-09,43.9278776,44.73206906,43.65981378,44.55912466,22738253.0
2023-02-10,44.4034747,44.7493635,44.35159138,44.63694964,13988866.0
2023-02-13,44.533183,45.46708276,44.12676366,45.34602168,30639111.0
2023-02-14,45.3546689,45.5276133,44.80124682,45.14713562,21437513.0
2023-02-15,45.1384884,45.14713562,44.25647196,44.4034747,17948800.0
2023-02-16,44.1872942,44.7493635,43.9278776,44.34294416,21698675.0
2023-02-17,44.1440581,44.533183,44.11811644,44.42941636,15806609.0
2023-02-20,44.533183,46.42692418,44.19594142,46.0896826,38313606.0
2023-02-21,46.0896826,46.5220436,45.59679106,46.29721588,25649338.0
2023-02-22,45.830266,45.98591596,45.32008002,45.64002716,22911545.0
2023-02-23,45.64867438,46.59122136,45.64867438,46.15021314,24010720.0
2023-02-24,45.98591596,46.16750758,45.67461604,45.81297156,16927779.0
2023-02-27,45.4843772,45.81297156,44.84448292,45.3114328,16947143.0
2023-02-28,44.98283844,45.95132708,44.98283844,45.36331612,19404536.0
2023-03-01,45.40655222,47.55106278,45.40655222,47.23111564,43297470.0
2023-03-02,47.2138212,48.14772096,46.8246963,47.4300017,25548979.0
2023-03-03,47.7758905,48.28607648,47.26570452,47.7326544,19741500.0
2023-03-06,47.42135448,47.55971,46.53069082,46.54798526,25935684.0
2023-03-07,46.55663248,47.01493514,45.5708494,45.70920492,19473791.0
2023-03-08,45.5276133,45.6573216,45.02607454,45.21631338,14494798.0
2023-03-09,45.21631338,46.0464465,45.19901894,45.5708494,13013102.0
2023-03-10,45.17307728,45.397905,44.11811644,44.2305303,19213389.0
2023-03-13,44.10946922,45.17307728,44.100822,45.01742732,19483658.0
2023-03-14,44.72342184,44.88771902,43.8414054,44.2305303,16501073.0
2023-03-15,44.533183,44.64559686,43.5819888,43.63387212,20945617.0
2023-03-16,43.30527776,43.57334158,42.9334473,43.27068888,12181953.0
2023-03-17,43.668461,44.25647196,43.28798332,43.52145826,20123077.0
2023-03-20,43.39174996,44.21323586,43.3225722,43.61657768,16301524.0
2023-03-21,43.7116971,45.08660508,43.7116971,45.0520162,23146646.0
2023-03-22,45.1384884,45.19901894,44.3602386,44.7061274,13554248.0
2023-03-23,44.51588856,44.965544,44.43806358,44.80989404,12379007.0
2023-03-24,44.80989404,45.11254674,44.65424408,45.04336898,13277563.0
2023-03-27,45.04336898,45.36331612,44.7061274,44.8358357,12768345.0
2023-03-28,44.7061274,45.03472176,44.15270532,44.17864698,12867893.0
2023-03-29,44.42941636,44.59371354,44.1872942,44.4467108,12803042.0
2023-03-30,44.4034747,47.3867656,44.3602386,47.10140734,57157412.0
2023-03-31,46.79010742,47.23111564,46.14156592,46.53069082,27788750.0
2023-04-03,47.55971,47.9055988,46.8679324,47.29164618,37391478.0
2023-04-04,47.127349,47.31758784,46.4788075,47.23976286,17989125.0
2023-04-06,47.05817124,47.55971,46.4788075,46.71228244,15243479.0
2023-04-07,46.61716302,47.79318494,46.61716302,47.28299896,15864067.0
2023-04-10,47.0408768,47.61159332,46.70363522,47.35217672,15649255.0
2023-04-11,47.04952402,48.74437914,47.0408768,48.28607648,32436552.0
2023-04-12,48.28607648,49.0729735,47.9055988,47.992071,22302460.0
2023-04-13,47.6029461,47.81047938,46.81604908,46.81604908,18259494.0
2023-04-14,46.85063796,47.2570573,46.54798526,46.64310468,14212447.0
2023-04-17,46.61716302,48.06124876,46.59986858,47.92289324,26228048.0
2023-04-18,47.7326544,49.6350428,47.70671274,49.09891516,38706349.0
2023-04-19,49.09891516,49.5053345,48.4676681,48.49360976,19188658.0
2023-04-20,48.58008196,50.18846488,48.58008196,49.32374288,36794925.0
2023-04-21,49.6350428,50.6727092,49.0729735,49.1594457,39892402.0
2023-04-24,48.5973764,50.8024175,48.43307922,49.31509566,33992120.0
2023-04-25,49.289154,50.18846488,48.1217793,49.8512233,42962096.0
2023-04-26,49.30644844,49.5918067,48.39849034,49.0297374,23934184.0
2023-04-27,48.57143474,49.9376955,48.57143474,49.51398172,15777059.0
2023-04-28,49.5053345,49.5918067,48.60602362,49.09891516,15690551.0
2023-05-04,49.47939284,50.5430009,48.2947237,48.92597076,26856562.0
2023-05-05,48.7703208,48.7703208,46.76416576,47.84506826,34212287.0
2023-05-08,47.84506826,48.41578478,47.10140734,47.56835722,20872170.0
2023-05-09,47.3867656,48.04395432,46.70363522,47.3867656,18139372.0
2023-05-10,47.127349,48.424432,46.59122136,47.9055988,17462598.0
2023-05-11,48.0353071,49.04703184,47.85371548,47.9488349,12622453.0
2023-05-12,47.84506826,49.71286778,47.82777382,48.26878204,16559010.0
2023-05-15,48.30337092,49.06432628,47.56835722,48.93461798,14066647.0
2023-05-16,48.93461798,49.49668728,47.65482942,47.8623627,13612588.0
2023-05-17,47.74994884,48.7703208,47.39541282,47.57700444,9076272.0
2023-05-18,47.6894183,47.92289324,47.1705851,47.55971,11069523.0
2023-05-19,47.26570452,49.16809292,47.26570452,48.2514876,20384343.0
2023-05-22,48.2514876,49.2459179,48.2514876,49.03838462,15199783.0
2023-05-23,49.02109018,49.2459179,48.32066536,48.3811959,15585136.0
2023-05-24,48.26878204,48.32931258,46.262627,46.3490992,26674242.0
2023-05-25,46.1761548,47.11870178,45.55355496,46.70363522,17143391.0
2023-05-26,46.70363522,47.0841129,46.24533256,46.91981572,11166052.0
2023-05-29,46.92846294,47.29164618,45.89944376,46.2193909,17433449.0
2023-05-30,46.2193909,46.40098252,44.78395238,45.25090226,32084604.0
2023-05-31,45.47572998,45.5708494,44.1872942,44.38618026,28064959.0
2023-06-01,44.51329728,45.2215872,44.06834592,44.39524896,34893493.0
2023-06-02,45.4032,47.3101344,45.39411936,47.0377152,49939227.0
2023-06-05,47.68244064,49.1716656,46.84702176,48.98097216,39939970.0
2023-06-06,48.98097216,50.22501984,48.1727952,49.22614944,34261827.0
2023-06-07,50.397552,50.64272928,49.48040736,50.170536,36908674.0
2023-06-08,50.5791648,51.85953504,50.1251328,51.65976096,47553147.0
2023-06-09,52.21368,52.44977664,50.64272928,50.95147104,41065187.0
2023-06-12,50.96055168,52.50426048,50.5791648,52.0774704,39621001.0
2023-06-13,51.99574464,52.45885728,51.08768064,51.40550304,24850143.0
2023-06-14,51.96850272,52.64955072,51.41458368,51.83229312,36000680.0
2023-06-15,51.99574464,53.19438912,51.76872864,52.667712,31276544.0
2023-06-16,53.0309376,53.56669536,52.1228736,52.9855344,30006082.0
2023-06-19,52.667712,52.79484096,51.4872288,51.58711584,28911037.0
2023-06-20,51.68700288,53.50313088,51.5780352,52.28632512,24381022.0
2023-06-21,52.667712,54.1206144,52.1228736,52.92196992,45130347.0
2023-06-26,54.32946912,54.4384368,52.4860992,52.79484096,33558138.0
2023-06-27,52.86748608,54.6200496,52.55874432,54.20234016,48123655.0
2023-06-28,53.9844048,54.95603328,53.76646944,54.2114208,32790073.0
2023-06-29,54.22958208,54.29314656,52.86748608,53.70290496,27678349.0
2023-06-30,53.78463072,54.32038848,53.17622784,53.50313088,26487591.0
2023-07-03,53.46680832,54.82890432,52.96737312,53.63025984,31876184.0
2023-07-04,53.83003392,54.1206144,52.77667968,53.4849696,21944569.0
2023-07-05,53.65750176,53.87543712,53.04909888,53.68474368,18701574.0
2023-07-06,53.69382432,54.256824,52.9401312,53.00369568,16957694.0
2023-07-07,52.70403456,53.20346976,51.9412608,52.440696,29379608.0
2023-07-10,52.50426048,52.60414752,50.88790656,51.42366432,32085974.0
2023-07-11,51.5780352,51.83229312,51.2148096,51.45090624,15802795.0
2023-07-12,51.6688416,52.74035712,51.2148096,51.84137376,18781502.0
2023-07-13,51.9412608,52.95829248,51.9412608,52.4860992,16930674.0
2023-07-14,52.440696,52.91288928,51.77780928,52.17735744,10500005.0
2023-07-17,51.9412608,51.9412608,51.1240032,51.87769632,9042488.0
2023-07-18,52.1228736,52.1228736,50.55192288,51.52355136,23988228.0
2023-07-19,51.65976096,52.9855344,51.45998688,52.78576032,27804425.0
2023-07-20,52.5769056,53.2579536,52.15919616,52.24092192,14051590.0
2023-07-21,52.2590832,52.74035712,51.75056736,51.87769632,12070921.0
2023-07-24,51.87769632,52.08655104,50.96963232,51.55079328,11588757.0
2023-07-25,52.54058304,53.83003392,52.4860992,53.55761472,37648119.0
2023-07-26,53.40324384,54.06613056,53.10358272,53.19438912,18752582.0
2023-07-27,53.1671472,53.68474368,52.9855344,53.10358272,15197044.0
2023-07-28,53.3033568,54.32038848,52.76759904,54.24774336,24004126.0
2023-07-31,55.3465008,55.6643232,53.7119856,53.86635648,32518268.0
2023-08-01,53.86635648,54.20234016,52.78576032,52.894728,20418627.0
2023-08-02,52.7585184,53.41232448,52.45885728,52.9401312,23543608.0
2023-08-03,52.64955072,52.8493248,51.75056736,52.64955072,23362911.0
2023-08-04,52.9401312,53.56669536,52.49517984,52.59506688,19663692.0
2023-08-07,52.47701856,52.84024416,52.06838976,52.55874432,15370696.0
2023-08-08,52.21368,52.2590832,51.72332544,51.759648,13635468.0
2023-08-09,51.93218016,52.3952928,51.79597056,52.26816384,15143409.0
2023-08-10,51.95034144,52.0320672,50.397552,51.1694064,38530464.0
2023-08-11,51.11492256,51.2602128,50.07064896,50.10697152,25533312.0
2023-08-14,49.489488,50.46111648,49.28971392,50.34306816,19516687.0
2023-08-15,50.22501984,50.45203584,49.5802944,50.08881024,16370434.0
2023-08-16,49.7619072,50.27042304,49.36235904,50.15237472,15358726.0
2023-08-17,49.8527136,50.79710016,49.51672992,50.70629376,15216504.0
2023-08-18,50.65180992,50.7153744,49.60753632,49.75282656,13463834.0
2023-08-21,49.58937504,50.27042304,49.3532784,49.38052032,13117158.0
2023-08-22,49.3078752,49.65293952,48.49969824,49.37143968,23054276.0
2023-08-23,49.14442368,49.63477824,48.6722304,48.78119808,15798313.0
2023-08-24,49.02637536,50.3521488,48.581424,49.9889232,25583579.0
2023-08-25,49.8981168,50.84250336,49.50764928,50.17961664,16472788.0
2023-08-28,52.0320672,52.64955072,50.65180992,50.99687424,28800377.0
2023-08-29,50.74261632,51.29653536,50.4429552,50.8969872,21787121.0
2023-08-30,50.88790656,51.92309952,50.58824544,51.59619648,23366421.0
2023-08-31,52.0320672,52.4860992,51.28745472,51.31469664,28083765.0
2023-09-01,51.759648,53.121744,51.75056736,52.60414752,26650564.0
2023-09-04,53.121744,53.3941632,52.32264768,52.86748608,20090011.0
2023-09-05,52.90380864,53.11266336,52.31356704,52.46793792,15309015.0
2023-09-06,52.22276064,52.667712,51.65068032,51.92309952,20888335.0
2023-09-07,51.84137376,51.86861568,51.305616,51.36918048,13639911.0
2023-09-08,51.52355136,51.60527712,50.67905184,50.92422912,8400181.0
2023-09-11,51.13308384,51.65068032,50.86066464,51.24205152,14072130.0
2023-09-12,51.23297088,52.41345408,51.1240032,51.95034144,16403440.0
2023-09-13,51.8504544,52.25000256,51.4872288,51.759648,10743402.0
2023-09-14,51.76872864,51.99574464,51.08768064,51.3510192,10289465.0
2023-09-15,51.43274496,51.47814816,50.2159392,50.66089056,16451182.0
2023-09-18,50.6699712,51.38734176,50.13421344,50.9423904,14427793.0
2023-09-19,50.84250336,50.9877936,50.3521488,50.8969872,12366126.0
2023-09-20,50.87882592,51.97758336,50.60640672,51.65976096,21380110.0
2023-09-21,51.65068032,51.65068032,50.86974528,51.14216448,16769142.0
2023-09-22,51.38734176,51.85953504,51.00595488,51.8050512,22170248.0
2023-09-25,51.65976096,51.65976096,51.06043872,51.42366432,16643159.0
2023-09-26,51.54171264,51.9412608,50.851584,50.851584,18934941.0
2023-09-27,50.851584,51.45090624,50.33398752,51.02411616,18810949.0
2023-09-28,51.20572896,51.305616,50.31582624,50.37939072,17097578.0
2023-10-09,50.36122944,50.95147104,49.8527136,50.63364864,28659545.0
2023-10-10,50.38847136,50.64272928,49.41684288,49.73466528,21499637.0
2023-10-11,49.716504,50.75169696,49.489488,49.73466528,20418379.0
2023-10-12,49.94352,50.37939072,49.58937504,50.19777792,17604242.0
2023-10-13,50.11605216,50.34306816,49.51672992,49.93443936,12996004.0
2023-10-16,49.7619072,50.31582624,49.7619072,50.01616512,15020214.0
2023-10-17,50.01616512,50.84250336,49.9889232,50.74261632,16830158.0
2023-10-18,50.56100352,50.75169696,50.13421344,50.37031008,10637084.0
2023-10-19,50.20685856,50.20685856,49.19890752,49.24431072,20196084.0
2023-10-20,48.98097216,49.08993984,48.01842432,48.29084352,21089804.0
2023-10-23,48.127392,48.69947232,47.86405344,48.354408,16864366.0
2023-10-24,48.13647264,48.57234336,47.4009408,48.29084352,25019782.0
2023-10-25,48.84476256,49.04453664,47.34645696,47.60071488,25856546.0
2023-10-26,47.41910208,47.87313408,47.24656992,47.68244064,15165512.0
2023-10-27,47.54623104,49.035456,47.41002144,48.79935936,25318794.0
2023-10-30,48.42705312,49.61661696,48.42705312,49.489488,16488474.0
2023-10-31,49.3078752,49.3078752,47.8549728,48.05474688,23807212.0
2023-11-01,47.95485984,48.54510144,47.8549728,48.13647264,18933823.0
2023-11-02,48.127392,49.40776224,47.95485984,48.29084352,20085478.0
2023-11-03,48.23635968,48.4452144,47.87313408,47.9457792,17740644.0
2023-11-06,48.127392,48.3998112,47.8549728,48.25452096,24918224.0
2023-11-07,48.2181984,48.38164992,47.74600512,48.2181984,18898188.0
2023-11-08,47.8095696,48.11831136,47.68244064,47.9911824,21385728.0
2023-11-09,48.01842432,48.42705312,47.5371504,47.6279568,14146893.0
2023-11-10,47.4917472,48.00026304,47.446344,47.8549728,13027077.0
2023-11-13,47.80048896,47.80048896,46.02068352,46.36574784,38291558.0
2023-11-14,46.32942528,46.69265088,46.1296512,46.39298976,24802793.0
2023-11-15,46.71081216,47.00139264,46.2658608,46.80161856,19636284.0
2023-11-16,46.6744896,47.39186016,46.59276384,46.992312,21605533.0
2023-11-17,46.8561024,47.19208608,46.50195744,47.09219904,13513422.0
2023-11-20,46.80161856,48.0365856,46.80161856,47.60979552,18219075.0
2023-11-21,47.78232768,48.29992416,47.6279568,47.6279568,15845902.0
2023-11-22,47.6279568,47.7641664,47.1285216,47.3555376,9786906.0
2023-11-23,47.3555376,48.06382752,47.0831184,47.90945664,10103351.0
2023-11-24,47.9457792,47.9911824,47.28289248,47.65519872,15724530.0
2023-11-27,47.60979552,47.60979552,46.992312,47.19208608,15922506.0
2023-11-28,47.4009408,47.9457792,46.79253792,47.70060192,21787637.0
2023-11-29,47.70060192,47.74600512,46.96507008,47.22840864,12426538.0
2023-11-30,47.04679584,47.219328,46.68357024,46.91966688,12861862.0
2023-12-01,47.4917472,47.54623104,45.70286112,45.9026352,31604983.0
2023-12-04,45.83907072,46.12057056,45.25790976,45.48492576,22058672.0
2023-12-05,45.48492576,45.57573216,44.69491008,44.69491008,22510318.0
2023-12-06,44.54961984,45.0853776,44.26812,44.65858752,19114114.0
2023-12-07,44.82203904,45.84815136,44.69491008,45.60297408,25021860.0
2023-12-08,45.56665152,46.38390912,45.48492576,45.71194176,21811340.0
2023-12-11,45.2669904,46.6744896,44.69491008,46.32942528,25201467.0
2023-12-12,46.765296,46.8106992,46.05700608,46.311264,17204815.0
2023-12-13,46.2204576,46.30218336,45.86631264,46.02976416,12858695.0
2023-12-14,46.22953824,46.73805408,45.92987712,46.21137696,16563410.0
2023-12-15,45.86631264,46.4020704,45.6756192,45.70286112,20470155.0
2023-12-18,45.43044192,46.47471552,45.176184,46.39298976,22307469.0
2023-12-19,46.38390912,46.38390912,45.82090944,46.084248,16954533.0
2023-12-20,46.084248,46.6744896,45.87539328,46.33850592,25417029.0
2023-12-21,46.51103808,47.47358592,46.19321568,47.23748928,27421212.0
2023-12-22,47.13760224,48.11831136,46.9469088,47.91853728,22728114.0
2023-12-25,47.78232768,48.354408,47.60979552,47.82773088,11314960.0
2023-12-26,47.78232768,48.33624672,47.70060192,47.9457792,16152328.0
2023-12-27,47.92761792,48.7630368,47.87313408,48.6722304,20306883.0
2023-12-28,48.52694016,49.18074624,48.354408,49.0808592,24728048.0
2023-12-29,49.09902048,49.92535872,48.78119808,49.60753632,25937253.0
2024-01-02,49.60753632,49.9889232,49.2170688,49.54397184,23905697.0
2024-01-03,49.57121376,49.7619072,49.1262624,49.4440848,20689673.0
2024-01-04,49.63477824,50.23410048,49.4440848,50.170536,26702502.0
2024-01-05,50.1251328,50.92422912,49.8073104,50.4883584,30042877.0
2024-01-08,50.4883584,50.4883584,49.59845568,49.94352,27809739.0
2024-01-09,49.68018144,50.24318112,49.13534304,50.09789088,21607041.0
2024-01-10,50.09789088,50.64272928,49.79822976,50.14329408,17820813.0
2024-01-11,50.14329408,50.38847136,49.69834272,49.94352,21236920.0
2024-01-12,49.8527136,50.58824544,49.56213312,49.94352,24361080.0
2024-01-15,49.79822976,50.83342272,49.63477824,50.74261632,19124097.0
2024-01-16,50.49743904,51.7142448,50.0343264,51.68700288,33730399.0
2024-01-17,51.42366432,52.02298656,51.18756768,51.18756768,26914126.0
2024-01-18,51.56895456,51.75056736,50.01616512,51.2148096,39023100.0
2024-01-19,50.851584,51.3964224,50.72445504,50.97871296,29937004.0
2024-01-22,50.74261632,51.45090624,50.01616512,50.25226176,35980322.0
2024-01-23,50.41571328,51.47814816,49.7619072,51.19664832,28848518.0
2024-01-24,50.9877936,52.15919616,50.86974528,51.93218016,26463721.0
2024-01-25,52.0320672,52.20459936,51.06951936,51.1694064,24963629.0
2024-01-26,51.1694064,52.440696,51.1694064,52.22276064,32745737.0
2024-01-29,52.5769056,54.01164672,52.38621216,53.29427616,37498736.0
2024-01-30,53.3033568,53.7573888,52.667712,52.86748608,27373299.0
2024-01-31,52.58598624,53.52129216,52.14103488,52.894728,25544153.0
2024-02-01,52.87656672,53.99348544,52.667712,53.40324384,30340175.0
2024-02-02,53.121744,53.46680832,52.04114784,52.894728,28950504.0
2024-02-05,52.667712,54.1206144,52.50426048,53.9844048,46160268.0
2024-02-06,53.81187264,55.20121056,53.59393728,54.4384368,37946385.0
2024-02-07,53.83911456,55.54627488,53.60301792,55.49179104,46195919.0
2024-02-08,55.65524256,56.62687104,54.46567872,54.74717856,34723180.0
2024-02-19,56.0275488,56.0275488,54.31130784,55.0286784,35695854.0
2024-02-20,54.7562592,56.10927456,54.18417888,56.0275488,29630917.0
2024-02-21,55.391904,56.7994032,55.10132352,56.03662944,27797182.0
2024-02-22,55.58259744,56.10927456,55.41914592,55.7097264,19259055.0
2024-02-23,56.00938752,56.3907744,53.86635648,54.13877568,43093597.0
2024-02-26,54.3476304,55.845936,54.3476304,54.7562592,34097731.0
2024-02-27,55.01959776,56.29088736,54.5746464,56.22732288,28014795.0
2024-02-28,56.299968,56.58146784,55.3465008,56.13651648,25367364.0
2024-02-29,56.299968,57.64390272,56.072952,56.87204832,48920998.0
2024-03-01,57.662064,58.57920864,57.09906432,58.54288608,32844906.0
2024-03-04,59.02416,59.932224,57.662064,58.6609344,37384392.0
2024-03-05,58.7063376,59.3873856,57.6166608,59.06048256,35525326.0
2024-03-06,58.9333536,59.50543392,58.3885152,58.57920864,21923001.0
2024-03-07,58.5247248,60.5224656,58.2977088,59.7506112,30634033.0
2024-03-08,59.81417568,60.37717536,58.91519232,60.0230304,26125410.0
2024-03-11,60.01394976,60.0230304,58.62461184,59.40554688,28027002.0
2024-03-12,59.3419824,59.3419824,57.2534352,58.23414432,50739915.0
2024-03-13,57.80735424,58.41575712,57.208032,58.17966048,32723164.0
2024-03-14,57.98896704,58.797144,57.7528704,58.570128,31531677.0
2024-03-15,58.47024096,58.570128,57.4804512,58.13425728,25463904.0
2024-03-18,58.00712832,58.01620896,56.6177904,56.62687104,42501113.0
2024-03-19,56.4815808,57.31699968,56.45433888,56.8448064,29794618.0
2024-03-20,56.4815808,56.754,55.7551296,56.19100032,37790890.0
2024-03-21,56.21824224,56.33629056,54.60188832,54.9832752,39189153.0
2024-03-22,54.99235584,56.8902096,54.937872,56.86296768,43156777.0
2024-03-25,56.47250016,57.80735424,56.10019392,57.1172256,26903326.0
2024-03-26,56.58146784,57.435048,56.58146784,56.95377408,25353749.0
2024-03-27,56.78124192,58.91519232,56.76308064,57.81643488,34842794.0
2024-03-28,58.32495072,59.37830496,57.37148352,58.64277312,45185411.0
2024-03-29,58.64277312,59.68704672,57.80735424,58.31587008,25468858.0
2024-04-01,58.570128,60.18648192,58.2069024,60.13199808,32771225.0
2024-04-02,59.932224,60.41349792,59.705208,60.15924,22653632.0
2024-04-03,60.1138368,60.7494816,59.91406272,60.59511072,20626495.0
2024-04-08,60.58603008,60.7040784,58.72449888,59.31474048,32434492.0
2024-04-09,59.02416,59.5689984,58.86070848,59.06048256,19478279.0
2024-04-10,58.90611168,60.1138368,58.62461184,59.17853088,18081970.0
2024-04-11,58.9787568,59.8868208,58.67001504,59.08772448,19004769.0
2024-04-12,59.01507936,59.5689984,58.64277312,58.92427296,21734388.0
2024-04-15,58.92427296,60.840288,58.76082144,60.69499776,31783741.0
2024-04-16,60.64051392,62.44756128,60.44982048,62.02985184,39191380.0
2024-04-17,61.748352,62.4748032,60.82212672,62.27502912,24549649.0
2024-04-18,62.27502912,64.77220512,62.09341632,63.56448,39542136.0
2024-04-19,63.04688352,64.09115712,63.04688352,63.56448,28812335.0
2024-04-22,63.7460928,64.64507616,63.110448,63.54631872,28943754.0
2024-04-23,63.41010912,63.56448,61.37604576,62.10249696,38217940.0
2024-04-24,62.05709376,62.32951296,60.613272,61.6575456,30783047.0
2024-04-25,60.95833632,62.25686784,60.95833632,61.96628736,22033298.0
2024-04-26,61.975368,62.3385936,61.22167488,62.08433568,24225747.0
2024-04-29,62.0207712,62.54744832,61.04914272,61.9299648,33226398.0
2024-04-30,60.69499776,64.6087536,60.6586752,63.36470592,57131843.0
2024-05-06,64.018512,64.89025344,63.2466576,64.48162464,46179914.0
2024-05-07,64.30001184,65.68026912,64.12747968,64.5633504,30431457.0
2024-05-08,64.018512,64.78128576,63.91862496,64.245528,17661960.0
2024-05-09,64.472544,65.68934976,64.12747968,65.2443984,28571831.0
2024-05-10,65.5622208,65.68026912,64.78128576,65.27164032,22487905.0
2024-05-13,65.27164032,66.27959136,64.2001248,66.02533344,27167410.0
2024-05-14,65.99809152,66.18878496,63.7460928,64.32725376,39923610.0
2024-05-15,64.9339585,66.4506641,64.56426151,66.12836416,30189455.0
2024-05-16,66.12836416,66.1662818,65.2183408,65.73022894,24600403.0
2024-05-17,65.19938198,65.8818995,63.05703532,64.48842623,41848256.0
2024-05-20,63.52152641,64.34623508,62.76317361,63.10443237,42643037.0
2024-05-21,62.82005007,63.7964293,62.7536942,63.08547355,24358794.0
2024-05-22,62.88640594,63.07599414,61.91002671,62.00482081,26105215.0
2024-05-23,61.9953414,62.74421479,61.616165,62.31764134,24096149.0
2024-05-24,61.9953414,63.49308818,61.7109591,63.15182942,25926968.0
2024-05-27,63.0380765,64.72541148,62.12805314,64.07133219,30546219.0
2024-05-28,64.0808116,64.25144098,63.0380765,63.54048523,19173667.0
2024-05-29,63.1328706,63.7016352,62.0901355,62.42191485,24132098.0
2024-05-30,62.28920311,62.74421479,61.74887674,61.78679438,19358623.0
2024-05-31,61.79627379,62.15649137,61.18959155,61.38865916,26129419.0
2024-06-03,61.50241208,62.8484883,60.92416807,61.63512382,35755629.0
2024-06-04,61.60668559,61.60668559,60.0994594,61.31282388,30621198.0
2024-06-05,61.18959155,61.8057532,60.4786358,60.59238872,28331925.0
2024-06-06,60.4786358,62.59254423,60.4786358,62.33660016,43603719.0
2024-06-07,61.8057532,62.04273845,60.39332111,61.76783556,40064590.0
2024-06-11,61.1421945,63.0380765,60.83885338,61.616165,33689664.0
2024-06-12,61.46449444,62.31764134,61.17063273,61.76783556,25707199.0
2024-06-13,61.91002671,62.04273845,60.34592406,60.59238872,27485047.0
2024-06-14,60.20373291,62.33660016,60.1942535,62.19440901,37924447.0
2024-06-17,62.33660016,62.33660016,60.83885338,61.17063273,25335808.0
2024-06-18,60.9526063,61.79627379,60.35540347,61.46449444,21867469.0
2024-06-19,61.39813857,61.69200028,59.5306948,60.668224,34699957.0
2024-06-20,60.5734299,61.37917975,60.23217114,61.11375627,28085788.0
2024-06-21,61.13271509,61.37917975,60.1942535,60.62082695,24153669.0
2024-06-24,60.39332111,62.13753255,60.29852701,61.50241208,30799053.0
2024-06-25,61.47397385,62.36503839,61.16115332,61.89106789,25309206.0
2024-06-26,61.62564441,61.98586199,60.58290931,60.90520925,23831407.0
2024-06-27,60.71562105,61.12323568,60.16581527,60.7630181,27409461.0
2024-06-28,60.1942535,61.41709739,60.17529468,61.1421945,25195612.0
2024-07-01,60.94312689,61.97638258,60.2890476,60.75353869,19528313.0
2024-07-02,60.3838417,60.8578122,59.5306948,59.720283,29181345.0
2024-07-03,59.76768005,60.36488288,59.47381834,59.74872123,18120842.0
2024-07-04,59.9098712,61.8057532,59.9098712,61.2369886,27753098.0
2024-07-05,61.1421945,61.75835615,59.720283,60.668224,26479582.0
2024-07-08,60.2890476,61.35074152,59.88143297,60.88625043,19443576.0
2024-07-09,60.48811521,61.30334447,60.30800642,60.7630181,21664464.0
2024-07-10,61.18011214,61.67304146,60.48811521,60.48811521,15846909.0
2024-07-11,60.52603285,61.09479745,59.26527132,60.5734299,27182655.0
2024-07-12,60.46915639,61.8057532,60.32696524,61.616165,24574092.0
2024-07-15,61.40761798,61.76783556,61.00948276,61.55928854,17045913.0
2024-07-16,61.26542683,61.57824736,60.43123875,60.92416807,20406778.0
2024-07-17,60.70614164,61.02844158,58.45004206,59.55913303,46462849.0
2024-07-18,58.78182141,61.10427686,58.78182141,60.5734299,34532462.0
2024-07-19,60.06154176,60.45967698,59.61600949,60.2890476,21796963.0
2024-07-22,60.14685645,61.27490624,60.02362412,60.31748583,19930345.0
2024-07-23,60.31748583,60.46915639,59.13255958,59.13255958,18537845.0
2024-07-24,58.78182141,59.45485952,56.53520124,56.95229528,45547336.0
2024-07-25,56.42144832,56.96177469,55.8337249,56.3076954,30109151.0
2024-07-26,59.55913303,59.71080359,58.2035774,59.56861244,57740171.0
2024-07-29,59.0567243,59.91935061,58.92401256,59.60653008,20712828.0
2024-07-30,59.25579191,59.50225657,57.4452246,57.88127746,22575846.0
2024-07-31,57.56845693,60.53551226,57.56845693,60.44071816,40174739.0
2024-08-01,60.4786358,61.30334447,60.10893881,60.27008878,24406833.0
2024-08-02,60.0046653,60.93364748,59.31266837,59.71080359,20261524.0
2024-08-05,59.28423014,60.9526063,58.35524796,58.44056265,35476754.0
2024-08-06,58.40264501,59.01880666,56.42144832,56.80062472,38493182.0
2024-08-07,56.80062472,58.18461858,56.15602484,57.5400187,25298592.0
2024-08-08,57.27459522,58.27941268,57.07552761,57.78648336,14231910.0
2024-08-09,57.68220985,58.4879597,57.18928053,57.3504305,13802375.0
2024-08-12,57.3504305,58.90505374,57.17032171,58.18461858,16949235.0
2024-08-13,58.18461858,58.87661551,57.74856572,58.16565976,9835074.0
2024-08-14,58.16565976,58.28889209,57.4452246,57.7296069,11227780.0
2024-08-15,57.5400187,58.15618035,57.15136289,57.824401,19163262.0
2024-08-16,57.64429221,58.6775479,57.51158047,58.52587734,18066988.0
2024-08-19,58.47848029,59.86247415,58.45952147,59.11360076,17275349.0
2024-08-20,60.17529468,60.18477409,58.54483616,59.73924182,25780974.0
2024-08-21,59.44538011,60.3838417,59.08516253,59.87195356,21187130.0
2024-08-22,59.84351533,61.13271509,59.45485952,60.75353869,24978743.0
2024-08-23,60.668224,62.52618836,60.55447108,62.05221786,29047135.0
2024-08-26,62.50722954,63.18026765,61.5213709,62.86744712,33958151.0
2024-08-27,62.564106,63.01911768,62.08065609,62.55462659,24113793.0
2024-08-28,62.54514718,62.70629715,61.20855037,61.54980913,26542959.0
2024-08-29,61.06635922,61.91002671,60.62082695,60.62082695,23285563.0
2024-08-30,60.17529468,62.38399721,60.08050058,61.37917975,33386334.0
2024-09-02,61.1421945,63.05703532,61.08531804,61.83419143,26075882.0
2024-09-03,61.62564441,63.01911768,61.616165,62.53566777,24237888.0
2024-09-04,62.43139426,63.2276647,61.95742376,62.07117668,27499633.0
2024-09-05,61.56876795,61.9953414,60.17529468,60.27956819,43212322.0
2024-09-06,60.2890476,61.18959155,59.6254889,59.73924182,23320164.0
2024-09-09,58.15618035,58.9619302,57.52105988,57.90971569,54840638.0
2024-09-10,57.33147168,58.43108324,57.33147168,57.58741575,40111034.0
2024-09-11,57.36938932,58.84817728,56.5920777,58.45004206,41921762.0
2024-09-12,58.5827538,59.57809185,58.45004206,59.12308017,27616861.0
2024-09-13,58.81973905,60.45967698,58.38368619,60.20373291,32148994.0
2024-09-18,60.30800642,62.28920311,60.0994594,61.85315025,29502596.0
2024-09-19,59.0567243,62.30816193,59.0567243,61.88158848,47611503.0
2024-09-20,61.53085031,62.8484883,61.38865916,62.62098246,39801250.0
2024-09-23,63.00015886,64.35571449,62.7536942,64.0808116,39162141.0
2024-09-24,64.0808116,64.69697325,62.7536942,64.49790564,50090152.0
2024-09-25,64.65905561,67.7777815,64.65905561,66.46014351,62766129.0
2024-09-26,66.35587,69.84429288,66.15680239,69.73053996,50134212.0
2024-09-27,70.85858975,72.4226924,67.44600215,69.199693,85744787.0
2024-09-30,69.35136356,72.8966629,68.28019023,72.10039246,125166492.0
2024-10-08,79.31422347,79.31422347,74.63139493,76.01538879,135239267.0
2024-10-09,74.3185744,75.19068012,70.16659282,71.10505441,89550113.0
2024-10-10,71.99611895,75.24755658,71.92028367,74.2237803,67303399.0
2024-10-11,73.939398,74.15742443,71.9487219,72.77343057,38060178.0
2024-10-14,73.01989523,75.16224189,72.6122806,74.887339,46282832.0
2024-10-15,74.887339,74.887339,72.043516,72.043516,37583316.0
2024-10-16,70.8111927,71.5695455,69.89168993,71.32308084,34282949.0
2024-10-17,71.32308084,71.59798373,69.1048989,69.27552828,39437630.0
2024-10-18,69.27552828,72.2331042,68.86791365,71.10505441,42785106.0
2024-10-21,71.42735435,72.02455718,69.46511648,70.22346928,34322896.0
2024-10-22,70.47941335,72.95353936,70.28034574,72.5174865,40405973.0
2024-10-23,72.6122806,73.73085098,72.043516,72.40373358,26831280.0
2024-10-24,72.14778951,72.47956886,71.3799573,71.70225724,17108673.0
2024-10-25,71.49371022,71.91080426,70.87754857,71.35151907,21057289.0
2024-10-28,71.56006609,71.64538078,70.15711341,70.97234267,28059096.0
2024-10-29,70.72587801,71.5695455,69.9580458,70.21398987,29727177.0
2024-10-30,69.8632517,70.47941335,68.36550492,68.96270775,40413734.0
2024-10-31,69.17125477,69.85377229,67.3986051,67.70194622,50046867.0
2024-11-01,67.72090504,69.199693,66.71608758,68.48873725,41651482.0
2024-11-04,68.38446374,69.55043117,67.9673697,69.04802244,23231578.0
2024-11-05,68.7257225,69.65470468,67.50287861,69.32292533,41696728.0
2024-11-06,69.33240474,69.33240474,67.27537277,67.46496097,52593143.0
2024-11-07,66.68764935,68.3465461,66.25159649,68.3465461,54774602.0
2024-11-08,68.87739306,69.92012816,67.3986051,68.80155778,59337382.0
2024-11-11,67.52183743,68.10008144,67.13318162,67.8725756,44207913.0
2024-11-12,68.16643731,70.99130149,68.05268439,68.62144899,57547722.0
2024-11-13,68.70676368,70.4320163,68.68780486,69.5788694,45841657.0
2024-11-14,69.65470468,70.99130149,68.56457253,69.80637524,40843466.0
2024-11-15,69.34188415,70.25190751,68.10956085,68.48873725,34282515.0
2024-11-18,68.41290197,69.18073418,67.14266103,67.35120805,31938599.0
2024-11-19,67.35120805,68.01476675,67.0194287,67.59767271,22665163.0
2024-11-20,67.66402858,67.91997265,67.05734634,67.71142563,22637119.0
2024-11-21,67.65454917,67.67350799,66.87723755,67.15214044,21652845.0
2024-11-22,67.14266103,69.02906362,66.56441702,66.72556699,38845820.0
2024-11-25,66.46014351,68.61196958,66.46014351,66.72556699,38586774.0
2024-11-26,66.46014351,67.4933992,65.73970835,66.9246346,27418796.0
2024-11-27,66.65921112,67.7777815,66.10940534,67.60715212,26482499.0
2024-11-28,68.251752,68.251752,66.12836416,66.53597879,32328951.0
2024-11-29,66.05252888,67.08578457,65.92929655,66.47910233,27750141.0
2024-12-02,66.49806115,66.85827873,65.62595543,66.43170528,35790565.0
2024-12-03,66.35587,66.35587,65.7871054,66.21367885,31317422.0
2024-12-04,66.24211708,68.24227259,65.9766936,67.76830209,53195506.0
2024-12-05,67.8725756,69.08594008,67.70194622,67.98632852,36764463.0
2024-12-06,68.04320498,69.32292533,67.78726091,69.05750185,45677846.0
2024-12-09,68.26123141,70.03388108,67.59767271,69.32292533,41321923.0
2024-12-10,72.52696591,72.66915706,69.94856639,69.99596344,55513289.0
2024-12-11,69.8632517,71.40839553,69.7684576,71.1903691,33543390.0
2024-12-12,71.2851632,71.80653075,70.49837217,71.62642196,28639814.0
2024-12-13,71.2851632,71.31360143,69.51251353,70.147634,37063334.0
2024-12-16,70.2424281,70.57420745,68.86791365,69.40824002,28047059.0
2024-12-17,69.3892812,70.79223388,69.01958421,69.83481347,27887305.0
2024-12-18,69.82533406,70.69743978,69.74949878,70.2424281,22578549.0
2024-12-19,70.01492226,71.31360143,69.42719884,70.56472804,25355278.0
2024-12-20,70.55524863,70.89650739,69.82533406,70.147634,20939651.0
2024-12-23,70.147634,71.33256025,70.10023695,70.72587801,22602881.0
2024-12-24,70.5268104,72.40373358,70.5268104,72.28050125,34414101.0
2024-12-25,72.3278983,72.6122806,71.13349264,71.60746314,22733866.0
2024-12-26,71.34203966,72.27102184,70.76379565,72.02455718,24214292.0
2024-12-27,72.02455718,72.09091305,70.9059868,71.49371022,19842117.0
2024-12-30,71.095575,72.21414538,71.01973972,71.39891612,22182724.0
2024-12-31,71.1903691,72.09091305,70.80171329,71.30412202,30766003.0
2025-01-02,71.4747514,73.1810452,71.095575,71.39891612,41367089.0
2025-01-03,71.095575,72.10039246,70.0528399,70.80171329,29642200.0
2025-01-06,70.79223388,72.30893948,70.41305748,71.45579258,30681009.0
2025-01-07,71.095575,72.76395116,70.6216045,71.97716013,25178525.0
2025-01-08,71.57902491,73.61709806,71.50318963,73.54126278,40692962.0
2025-01-09,73.6550157,74.887339,73.1810452,74.63139493,34598694.0
2025-01-10,74.63139493,74.78306549,72.39425417,72.39425417,27109567.0
2025-01-13,71.67381901,72.06247482,70.08127813,70.4320163,25584606.0
2025-01-14,70.4320163,71.42735435,69.60730763,70.73535742,28858396.0
2025-01-15,70.75431624,71.82548957,69.7684576,69.97700462,25663453.0
2025-01-16,70.13815459,71.52214845,70.0528399,70.23294869,26233035.0
2025-01-17,70.22346928,70.97234267,69.79689583,70.47941335,15928751.0
2025-01-20,71.1903691,72.74499234,70.98182208,70.99130149,29699251.0
2025-01-21,71.34203966,71.37047789,70.35618102,70.5268104,16286277.0
2025-01-22,70.50785158,70.50785158,68.51717548,69.199693,32217997.0
2025-01-23,69.5788694,70.07179872,68.6309284,69.58834881,27008672.0
2025-01-24,69.20917241,69.80637524,68.77311955,69.02906362,30486076.0
2025-01-27,69.06698126,70.4320163,68.83947542,70.03388108,28011516.0
2025-02-05,69.5788694,69.85377229,67.94841088,68.45081961,36351088.0
2025-02-06,68.42238138,68.78259896,67.71142563,68.50769607,28567493.0
2025-02-07,68.6309284,69.61678704,67.93893147,69.61678704,35534968.0
2025-02-10,69.50303412,69.51251353,68.7257225,69.20917241,31864987.0
2025-02-11,69.61678704,70.01492226,68.82999601,69.8632517,30044016.0
2025-02-12,69.63574586,69.75897819,68.89635188,69.46511648,22807278.0
2025-02-13,69.199693,69.56938999,68.37498433,68.38446374,41066444.0
2025-02-14,68.36550492,68.90583129,68.1569579,68.71624309,23435076.0
2025-02-17,68.48873725,68.69728427,67.54079625,68.28966964,40235806.0
2025-02-18,68.24227259,68.86791365,67.80621973,68.1569579,29346513.0
2025-02-19,67.5881933,68.22331377,67.303811,67.73038445,33715017.0
2025-02-20,67.69246681,67.97684911,67.36068746,67.52183743,31420228.0
2025-02-21,67.32276982,67.52183743,66.5454582,66.91515519,55339013.0
2025-02-24,66.97203165,67.7777815,66.62129348,67.19953749,46937741.0
2025-02-25,66.8298405,66.99099047,65.38897018,65.43636723,56599867.0
2025-02-26,65.13302611,66.50754056,65.1235467,66.46962292,40412376.0
2025-02-27,67.303811,68.92479011,66.95307283,68.70676368,65248235.0
2025-02-28,68.96270775,69.6736635,68.3465461,69.24709005,50647934.0
2025-03-03,68.9153107,69.19021359,67.16161985,67.303811,40591782.0
2025-03-04,67.56923448,68.69728427,67.56923448,68.22331377,30041994.0
2025-03-05,68.1569579,68.39394315,67.4933992,68.01476675,28618620.0
2025-03-06,68.16643731,68.22331377,66.75400522,67.43652274,40239881.0
2025-03-07,67.41756392,67.53131684,66.60233466,67.10474339,31482660.0
2025-03-10,67.12370221,67.55027566,66.83931991,67.37016687,27344026.0
2025-03-11,66.8298405,67.72090504,66.6402523,67.23745513,25282497.0
2025-03-12,67.28485218,67.28485218,66.4506641,66.4506641,30130110.0
2025-03-13,66.36534941,66.97203165,66.17576121,66.36534941,25262164.0
2025-03-14,66.38430823,68.3465461,66.18524062,68.12851967,42544964.0
2025-03-17,68.74468132,68.74468132,67.8725756,68.13799908,34733287.0
2025-03-18,68.251752,72.1383101,67.88205501,71.07661618,77931396.0
2025-03-19,73.20948343,73.88252154,71.12401323,72.52696591,106626103.0
2025-03-20,72.4226924,72.84926585,71.1903691,71.25672497,58569319.0
2025-03-21,70.87754857,72.45113063,70.87754857,71.36099848,38452793.0
2025-03-24,70.98182208,72.5174865,70.92494562,72.10039246,38734811.0
2025-03-25,72.81134821,73.4654275,72.39425417,72.85874526,32418622.0
2025-03-26,72.48904827,73.3706334,71.92028367,72.79238939,23706858.0
2025-03-27,72.79238939,73.4654275,72.34685712,72.5174865,25721538.0
2025-03-28,72.24258361,73.16208638,71.74017488,72.86822467,24911431.0
2025-03-31,72.8966629,76.3092505,72.8966629,74.4133685,68968445.0
2025-04-01,74.0341921,74.67879198,71.2851632,71.46527199,55181654.0
2025-04-02,71.42735435,72.79238939,71.27568379,72.00559836,26853625.0
2025-04-03,70.7163986,70.93442503,69.34188415,69.54095176,56598874.0
2025-04-07,64.66853502,65.85346127,62.58306482,63.68267638,88089693.0
2025-04-08,64.459988,66.8298405,64.26092039,66.57389643,74473332.0
2025-04-09,65.58803779,66.8298405,64.85812322,66.04304947,57883954.0
2025-04-10,66.9246346,67.86309619,66.47910233,67.38912569,45084852.0
2025-04-11,66.84879932,67.05734634,66.00513183,66.82036109,29562589.0
2025-04-14,67.03838752,67.2090169,66.08096711,66.28003472,34883505.0
2025-04-15,66.4506641,68.09060203,66.06200829,67.75882268,34366681.0
2025-04-16,67.48391979,67.75882268,66.70660817,67.303811,26672943.0
2025-04-17,67.05734634,67.46496097,66.67816994,67.25641395,19591273.0
2025-04-18,67.25641395,67.61663153,66.80140227,67.22797572,15448383.0
2025-04-21,67.09526398,67.88205501,66.8298405,67.67350799,17751380.0
2025-04-22,67.5881933,68.46977843,67.50287861,67.98632852,22615500.0
2025-04-23,68.3465461,68.64988722,68.0621638,68.10956085,22586871.0
2025-04-24,68.6309284,69.37980179,68.21383436,69.15229595,23180750.0
2025-04-25,69.15229595,69.199693,68.61196958,68.96270775,17097238.0
2025-04-28,69.56938999,69.74949878,69.0101048,69.41771943,23966015.0
2025-04-29,69.44615766,70.49837217,69.06698126,70.3372222,23497383.0
2025-04-30,71.095575,71.20932792,69.62626645,69.78741642,47810026.0
2025-05-06,70.36566043,70.50785158,69.2944871,70.19503105,34641179.0
2025-05-07,70.87754857,71.26620438,70.147634,70.48889276,30028102.0
2025-05-08,70.47941335,71.70225724,70.03388108,71.095575,27707567.0
2025-05-09,71.08609559,72.07195423,70.82067211,71.8539278,24563898.0
2025-05-12,72.1383101,72.74499234,71.9487219,72.59332178,27223912.0
2025-05-13,72.991457,73.1810452,72.46061004,73.09573051,25527841.0
2025-05-14,72.8966629,73.51282455,72.16674833,73.07677169,29249633.0
2025-05-15,72.66915706,73.05781287,72.34685712,72.5174865,20490185.0
2025-05-16,72.24258361,72.83978644,71.63590137,72.6122806,23865992.0
2025-05-19,72.46061004,73.67397452,72.31841889,73.54126278,26308625.0
2025-05-20,73.49386573,74.9821331,73.44646868,74.57451847,27799540.0
2025-05-21,74.4133685,75.30443304,74.38493027,74.6977508,20543826.0
2025-05-22,74.63139493,75.41818596,74.23325971,75.22859776,23403426.0
2025-05-23,75.22859776,76.29029168,74.62191552,74.78306549,29974589.0
2025-05-26,74.62191552,75.06744779,73.56970101,74.19534207,24168884.0
2025-05-27,74.1289862,74.78306549,73.95835682,74.39440968,20644898.0
2025-05-28,74.86838018,75.9300741,74.6029567,75.19068012,24044877.0
2025-05-29,74.95369487,75.35183009,74.28065676,74.86838018,25167731.0
2025-05-30,74.64087434,75.37078891,74.2237803,74.94421546,21573317.0
2025-06-03,74.93473605,74.93473605,71.73069547,71.95820131,56190781.0
2025-06-04,71.83496898,72.59332178,71.5695455,71.62642196,36755439.0
2025-06-05,71.51266904,71.9487219,71.14297205,71.33256025,23580308.0
2025-06-06,71.44631317,71.88236603,71.1903691,71.7591337,27555948.0
2025-06-09,71.33256025,71.64538078,70.21398987,71.4747514,46695588.0
2025-06-10,71.69277783,72.5174865,71.14297205,71.14297205,32107412.0
2025-06-11,71.2851632,71.8539278,70.93442503,71.56006609,26308346.0
2025-06-12,72.05695752,72.22589536,71.08308056,71.7488944,34702892.0
2025-06-13,71.1526432,71.70914432,70.556392,71.03339296,30045204.0
2025-06-16,71.1526432,71.3513936,70.4073292,70.81476752,25020494.0
2025-06-17,71.3513936,72.62339616,71.3513936,71.60976912,32639478.0
2025-06-18,71.73895688,72.18614528,71.57001904,71.6495192,17528837.0
2025-06-19,71.7488944,71.95758232,70.68557976,70.88433016,21125341.0
2025-06-20,70.9042052,71.92776976,70.81476752,71.92776976,22986421.0
2025-06-23,71.550144,71.87808216,71.01351792,71.27189344,21054495.0
2025-06-24,71.6495192,72.88177168,71.550144,72.3451456,27050087.0
2025-06-25,72.3451456,72.87183416,71.8482696,72.72277136,24327543.0
2025-06-26,72.543896,73.13020968,72.295458,72.6432712,22672619.0
2025-06-27,72.60352112,72.73270888,71.76876944,71.82839456,22364021.0
2025-06-30,71.798582,72.12652016,71.53026896,71.7488944,19302259.0
2025-07-01,71.82839456,71.8979572,71.3513936,71.65945672,18625209.0
2025-07-02,71.65945672,72.6432712,71.36133112,72.04702,26615479.0
2025-07-03,72.33520808,72.4942084,71.88801968,72.43458328,17936923.0
2025-07-04,72.42464576,73.37864768,72.1463952,73.02089696,21146224.0
2025-07-07,72.7426464,72.9910844,71.87808216,72.0967076,21545334.0
2025-07-08,72.0967076,72.2457704,71.61970664,71.76876944,25686651.0
2025-07-09,71.61970664,71.8979572,71.3513936,71.3513936,27205267.0
2025-07-10,71.39114368,71.52033144,70.88433016,71.23214336,23151388.0
2025-07-11,71.29176848,72.3451456,71.24208088,72.02714496,32055369.0
2025-07-14,72.01720744,72.75258392,71.53026896,72.6432712,23373900.0
2025-07-15,72.65320872,73.040772,72.35508312,72.75258392,24900978.0
2025-07-16,73.01095944,73.62708568,72.3451456,72.43458328,20688807.0
2025-07-17,72.295458,72.97120936,72.1463952,72.17620776,24729994.0
2025-07-18,72.41470824,72.82214656,72.06689504,72.37495816,21951230.0
2025-07-21,72.15633272,72.50414592,71.9476448,72.0967076,30897062.0
2025-07-22,72.12652016,72.76252144,71.80851952,72.73270888,35720411.0
2025-07-23,72.7426464,73.3885852,72.72277136,73.040772,36987240.0
2025-07-24,73.2395224,73.4879604,72.63333368,73.05070952,29069915.0
2025-07-25,72.9413968,72.9413968,72.0967076,72.30539552,24456208.0
2025-07-28,72.36502064,72.46439584,71.3513936,71.49051888,37773632.0
2025-07-29,71.49051888,71.61970664,70.57626704,70.79489248,39836931.0
2025-07-30,71.04333048,72.28552048,70.7551424,71.65945672,41132530.0
2025-07-31,71.550144,71.57001904,69.44338976,69.75145288,69477714.0
2025-08-01,69.7613904,70.52657944,69.6620152,70.34770408,28644667.0
2025-08-04,70.1092036,70.556392,69.7613904,70.49676688,19776642.0
2025-08-05,70.66570472,71.06320552,70.23839136,70.93401776,19174845.0
2025-08-06,70.93401776,71.33151856,70.54645448,71.2520184,22135849.0
2025-08-07,71.06320552,71.48058136,70.76507992,71.03339296,20361565.0
2025-08-08,70.9538928,71.38120616,70.84458008,71.13276816,20118405.0
2025-08-11,70.8545176,71.37126864,70.74520488,71.31164352,17912366.0
2025-08-12,71.301706,71.98739488,71.1526432,71.48058136,24047589.0
2025-08-13,71.53026896,71.83833208,71.1526432,71.37126864,25384669.0
2025-08-14,71.3513936,72.5935836,71.27189344,71.87808216,45514924.0
2025-08-15,71.87808216,71.9476448,71.36133112,71.8482696,27469955.0
2025-08-18,71.85820712,72.10664512,71.16258072,71.39114368,54299761.0
2025-08-19,72.7426464,73.16995976,71.7488944,72.22589536,53760260.0
2025-08-20,71.75883192,71.86814464,71.06320552,71.76876944,40377028.0
2025-08-21,71.63958168,72.04702,71.21226832,71.47064384,33801371.0
2025-08-22,71.52033144,71.73895688,71.2023308,71.63958168,39138892.0
2025-08-25,71.66939424,73.3885852,71.66939424,73.06064704,70023449.0
2025-08-26,73.06064704,73.81589856,72.85195912,73.3388976,46293790.0
2025-08-27,73.42833528,74.0842116,72.23583288,72.25570792,48841858.0
2025-08-28,72.25570792,73.50783544,72.05695752,73.040772,43298746.0
2025-08-29,73.040772,74.37239968,72.93145928,73.24945992,56766900.0
2025-09-01,74.5314,75.36615168,73.06064704,73.56746056,77625858.0
2025-09-02,73.74633592,75.9226528,73.52771048,75.68415232,80590924.0
2025-09-03,76.0717156,76.65802928,74.4817124,75.14752624,50488071.0
2025-09-04,75.50527696,75.525152,73.95502384,75.11771368,44353949.0
2025-09-05,75.33633912,76.21084088,74.96865088,75.74377744,46425167.0
2025-09-08,76.19096584,77.59215616,76.022028,76.54871656,55029371.0
2025-09-09,76.53877904,77.1151552,75.8729652,76.69777936,38315019.0
2025-09-10,76.518904,76.78721704,75.9226528,76.53877904,27154194.0
2025-09-11,76.4195288,76.78721704,75.4257768,76.53877904,45960511.0
2025-09-12,76.4692164,77.20459288,74.93883832,75.09783864,59117075.0
2025-09-15,74.7301504,75.4754644,74.034524,74.70033784,48068047.0
2025-09-16,74.66058776,74.7301504,73.5873356,73.99477392,45602831.0
2025-09-17,73.94508632,74.95871336,73.70658584,73.8854612,57722675.0
2025-09-18,74.1338992,74.8792132,72.73270888,73.27927248,60084003.0
2025-09-19,72.95133432,74.12396168,72.75258392,73.8854612,38847838.0
2025-09-22,74.34258712,74.4320248,72.4445208,72.80227152,47973993.0
2025-09-23,72.792334,73.1898348,72.26564544,73.07058456,42147721.0
2025-09-24,73.05070952,73.8854612,72.4942084,73.6370232,30628481.0
2025-09-25,72.8420216,73.28921,72.0967076,72.38489568,47860729.0
2025-09-26,72.58364608,74.2332744,72.43458328,73.7363984,47698312.0
2025-09-29,73.96496136,74.0842116,72.5935836,73.26933496,46593907.0
2025-09-30,73.2395224,73.24945992,72.0967076,72.20602032,50610839.0
2025-10-09,71.8979572,72.51408344,70.93401776,72.17620776,61593908.0
2025-10-10,71.9973324,73.26933496,71.6495192,72.37495816,43330526.0
2025-10-13,70.93401776,71.65945672,70.57626704,71.36133112,48160457.0
2025-10-14,71.550144,72.6929588,71.24208088,72.1463952,51909507.0
2025-10-15,72.3451456,73.03083448,72.1463952,72.46439584,37633251.0
2025-10-16,72.7426464,73.22958488,72.06689504,72.72277136,34678000.0
2025-10-17,72.2457704,73.13020968,72.18614528,72.3451456,27649108.0
2025-10-20,72.63333368,72.9413968,71.93770728,72.41470824,29755742.0
2025-10-21,72.4445208,72.80227152,72.12652016,72.45445832,28394659.0
2025-10-22,72.3451456,73.52771048,72.15633272,73.41839776,39329827.0
2025-10-23,73.3388976,74.4817124,73.21964736,74.42208728,34763341.0
2025-10-24,74.42208728,74.5314,73.99477392,74.14383672,24483806.0
2025-10-27,74.27302448,74.8792132,73.90533624,74.41214976,34055264.0
2025-10-28,74.14383672,74.45189984,73.66683576,73.94508632,23365775.0
2025-10-29,73.786086,73.95502384,73.040772,73.9351488,27358650.0
2025-10-30,74.034524,75.6245272,74.034524,74.8295256,49965301.0
2025-10-31,74.7301504,76.34996616,74.6307752,75.9226528,50974159.0
2025-11-03,75.91271528,76.4692164,74.71027536,74.91896328,28196997.0
2025-11-04,74.65065024,75.31646408,74.4320248,74.69040032,30260649.0
2025-11-05,74.5314,75.91271528,73.8357736,75.46552688,26615133.0
2025-11-06,75.46552688,76.94621736,75.46552688,76.54871656,35511147.0
2025-11-07,76.78721704,76.78721704,75.63446472,75.7239024,26441999.0
2025-11-10,75.78352752,77.0654676,75.4754644,76.84684216,39100815.0
2025-11-11,76.84684216,76.90646728,76.20090336,76.74746696,22770754.0
2025-11-12,76.74746696,80.0467236,76.74746696,78.99334648,73784703.0
2025-11-13,78.7051584,79.50016,78.19834488,79.1026592,33337014.0
2025-11-14,79.003284,79.91753584,78.5560956,78.73497096,27312749.0
2025-11-17,78.73497096,78.89397128,77.42321832,77.93003184,26109532.0
2025-11-18,78.29,78.66,77.0,77.4,23590408.0
2025-11-19,77.38,78.09,77.02,77.4,21441520.0
2025-11-20,77.5,78.88,77.03,77.94,26192879.0
2025-11-21,77.1,79.29,77.1,78.75,43949476.0
2025-11-24,78.6,79.48,78.25,78.56,36773938.0
2025-11-25,78.99,79.0,77.61,78.7,29101152.0
2025-11-26,78.69,80.0,78.41,79.8,32072777.0
2025-11-27,79.6,80.73,78.95,79.8,31646071.0
2025-11-28,79.8,80.07,79.33,79.86,18126661.0
2025-12-01,79.8,80.2,79.17,80.0,30352024.0
2025-12-02,80.1,81.66,80.01,81.56,37804931.0
2025-12-03,81.55,82.88,81.26,82.17,36866005.0
2025-12-04,82.13,83.17,81.77,81.89,28917966.0
2025-12-05,81.89,82.59,81.7,82.23,24616511.0
2025-12-08,83.0,83.1,81.04,81.81,27336529.0
2025-12-09,81.5,81.56,79.94,80.2,35647940.0
2025-12-10,79.98,80.62,79.7,80.07,24571972.0
2025-12-11,80.12,80.56,79.18,79.3,27294485.0
2025-12-12,79.35,79.98,79.2,79.32,32895862.0
2025-12-15,79.69,81.1,79.45,80.41,36554689.0
2025-12-16,80.25,80.85,79.84,79.96,21423089.0
2025-12-17,79.71,80.92,79.38,80.47,23028180.0
2025-12-18,80.27,80.61,79.51,79.83,21409792.0
2025-12-19,79.85,79.9,78.8,79.45,27801766.0
2025-12-22,79.3,79.79,78.9,79.16,24503713.0
2025-12-23,79.38,80.31,79.02,79.65,25468020.0
2025-12-24,79.43,79.94,78.76,78.8,21704738.0
2025-12-25,78.52,78.88,78.18,78.59,22675780.0
2025-12-26,78.59,79.07,78.55,78.87,21410712.0
2025-12-29,78.79,79.72,78.25,78.41,25697385.0
2025-12-30,78.16,79.38,78.12,78.85,21362222.0
2025-12-31,78.87,80.28,77.85,78.15,28775822.0
2026-01-05,80.04,80.5,78.25,78.68,44294709.0
2026-01-06,78.58,79.49,77.39,78.84,45452476.0
2026-01-07,78.99,79.58,78.06,79.37,40196784.0
2026-01-08,79.37,79.48,78.31,79.03,31253684.0
2026-01-09,79.6,79.95,79.3,79.77,34108097.0
2026-01-12,79.78,79.79,77.81,78.62,52501410.0
2026-01-13,77.9,78.0,76.1,76.2,94571232.0
2026-01-14,76.2,77.63,75.91,77.15,53968401.0
2026-01-15,77.46,78.05,76.89,77.22,36031372.0
2026-01-16,77.25,77.85,77.15,77.31,37186855.0
2026-01-19,77.37,78.14,77.05,77.62,33637393.0
2026-01-20,77.66,79.37,77.2,79.0,45535750.0
2026-01-21,78.96,78.96,77.55,77.78,36808644.0
2026-01-22,78.25,78.26,77.37,77.49,34404058.0
2026-01-23,77.57,77.79,76.71,76.78,37370740.0
2026-01-26,76.8,77.87,76.02,76.35,47313168.0
2026-01-27,76.4,77.1,75.92,76.1,32580654.0
2026-01-28,76.09,76.36,75.0,75.34,62893723.0
2026-01-29,75.7,78.08,75.47,77.88,62244106.0
2026-01-30,77.6,79.0,77.4,77.59,53250829.0
2026-02-02,77.6,78.48,77.0,77.85,34591579.0
2026-02-03,77.8,78.89,77.43,77.91,34503710.0
2026-02-04,78.1,79.88,78.01,79.81,38910259.0
2026-02-05,79.83,81.16,79.63,80.45,42919791.0
2026-02-06,80.43,80.8,79.4,79.54,31256590.0
2026-02-09,79.18,79.34,78.41,79.16,33466953.0
2026-02-10,79.21,80.28,78.88,80.19,30618408.0
2026-02-11,80.0,80.21,79.6,79.69,19806640.0
2026-02-12,79.46,80.06,79.3,79.8,18878441.0
2026-02-13,79.51,80.0,78.91,79.05,25510243.0
2026-02-24,80.2,80.6,79.52,79.52,25251393.0
2026-02-25,80.28,80.77,79.29,79.7,28552395.0
2026-02-26,80.15,80.2,78.75,79.25,25327062.0
2026-02-27,79.03,79.5,78.5,78.64,20160388.0
2026-03-02,78.0,78.06,76.7,77.45,27478559.0
2026-03-03,77.46,77.64,76.5,76.56,28800034.0
2026-03-04,76.0,76.52,75.37,76.16,28493355.0
2026-03-05,76.6,76.99,76.12,76.27,19687239.0
2026-03-06,76.22,76.72,75.76,76.52,20662879.0
2026-03-09,75.73,76.1,75.02,75.41,25947837.0
2026-03-10,75.75,76.84,75.75,76.6,20908556.0
2026-03-11,76.6,77.72,76.1,77.39,25135764.0
2026-03-12,77.3,77.75,76.93,77.4,19330478.0
2026-03-13,76.95,77.46,76.65,76.86,18729288.0
2026-03-16,76.52,76.88,75.68,76.64,20560029.0
2026-03-17,76.98,77.6,76.6,76.6,21407454.0
2026-03-18,76.74,77.3,76.3,77.06,20071638.0
2026-03-19,76.43,76.98,75.93,76.0,23272907.0
2026-03-20,75.92,76.15,75.12,75.12,21912595.0
2026-03-23,73.95,73.97,72.35,73.37,46200800.0
2026-03-24,73.73,74.42,72.8,74.23,26714723.0
2026-03-25,74.5,74.97,73.95,74.8,18496362.0
2026-03-26,74.89,75.54,74.18,74.32,17708533.0
2026-03-27,72.9,74.95,72.8,74.78,31912535.0
2026-03-30,73.35,74.0,71.77,72.1,45622715.0
2026-03-31,75.05,77.32,74.31,76.35,69491461.0
2026-04-01,76.5,77.4,76.34,76.84,27361577.0
2026-04-02,76.85,77.84,76.58,77.37,32631797.0
2026-04-03,77.3,77.35,76.2,76.35,17277260.0
2026-04-07,76.35,76.7,75.62,76.12,16382605.0
2026-04-08,76.95,77.25,76.35,76.73,28680412.0
2026-04-09,76.4,77.02,75.9,76.52,23502394.0
2026-04-10,76.52,76.74,76.06,76.41,25837267.0
2026-04-13,76.03,76.47,75.58,75.78,18237520.0
2026-04-14,76.06,76.55,75.5,76.55,19578158.0
2026-04-15,76.55,77.88,76.2,77.49,31845072.0
2026-04-16,77.77,78.44,77.4,77.9,23807803.0
2026-04-17,78.18,79.25,77.84,78.65,27735236.0
2026-04-20,78.4,79.9,78.05,79.58,27669979.0
2026-04-21,79.75,80.08,79.2,79.5,23879288.0
2026-04-22,79.5,79.63,78.87,79.3,20278160.0
2026-04-23,79.29,80.15,78.73,79.85,29943246.0
2026-04-24,79.56,80.2,79.46,79.66,21788011.0
2026-04-27,79.24,80.15,79.01,79.5,25851162.0
2026-04-28,79.45,80.8,79.18,80.45,30472906.0
2026-04-29,80.55,81.94,80.45,81.31,33110792.0
2026-04-30,81.0,82.15,80.61,81.1,35443269.0
2026-05-06,79.7,80.88,79.15,80.44,36041863.0
2026-05-07,80.0,80.98,79.77,79.81,37217647.0
2026-05-08,79.65,81.09,79.32,80.4,28242327.0
2026-05-11,80.14,82.45,79.58,80.67,43644407.0
2026-05-12,80.66,81.17,79.73,80.09,35775583.0
2026-05-13,79.96,80.95,79.63,80.38,32849685.0
2026-05-14,80.39,82.08,80.39,81.81,38926688.0
2026-05-15,81.45,83.3,80.75,82.57,42660857.0
2026-05-18,82.68,83.44,82.08,82.83,37735368.0
2026-05-19,82.83,82.84,80.5,81.0,33581768.0
2026-05-20,80.72,82.16,80.08,81.5,30159703.0
2026-05-21,82.15,83.15,81.5,81.5,31181254.0
2026-05-22,81.67,82.0,79.89,80.28,30984802.0
