date,open,high,low,close,volume
2020-01-02,73.164328,73.6747768,71.19059264,72.6964166,16734111.0
2020-01-03,73.164328,74.25328544,72.47522212,72.98567092,12465768.0
2020-01-06,72.32208748,73.589702,71.96477332,72.84104376,8720029.0
2020-01-07,72.25402764,73.5471646,72.0583556,73.164328,9184292.0
2020-01-08,72.57731188,73.06223824,71.93925088,72.1859678,7214211.0
2020-01-09,72.6538792,75.35925784,71.9732808,74.44045,17676365.0
2020-01-10,74.40642008,77.79239712,74.2703004,76.992694,21465711.0
2020-01-13,76.992694,80.46374584,76.9076192,79.14508644,18976029.0
2020-01-14,78.6091152,79.48538564,77.843442,78.32836836,8973223.0
2020-01-15,78.3538908,80.182999,78.268816,78.55807032,8907122.0
2020-01-16,78.4389656,79.21314628,78.0986664,78.8218022,4994819.0
2020-01-17,79.119564,79.6300128,77.69881484,78.0986664,5357166.0
2020-01-20,78.0986664,78.5240404,76.56732,77.06926132,10856796.0
2020-01-21,76.56732,76.56732,73.64925436,74.23627048,15672876.0
2020-01-22,73.07074572,74.92537636,72.83253628,74.44895748,8619480.0
2020-01-23,74.32985276,74.32985276,69.40402184,70.3143222,18786248.0
2020-02-03,63.28714372,63.28714372,63.28714372,63.28714372,4440800.0
2020-02-04,60.403108,64.89505744,59.45027024,61.35594576,43100487.0
2020-02-05,61.27087096,62.955352,60.46266036,61.5941552,30688674.0
2020-02-06,61.56863276,63.22759136,61.09221388,62.86176972,18376932.0
2020-02-07,62.53848548,63.71251772,61.466543,63.60192048,17671559.0
2020-02-10,62.955352,63.380726,61.69624496,62.71714256,17208674.0
2020-02-11,62.94684452,66.358344,62.742665,65.8478952,21626058.0
2020-02-12,65.8478952,66.57953848,64.76744524,65.92446252,13689545.0
2020-02-13,65.57565584,67.8896904,65.4225212,65.93297,12912409.0
2020-02-14,66.1881944,66.40938888,65.18431176,66.12013456,8064951.0
2020-02-17,65.6777456,66.54550856,65.40550624,66.54550856,11316808.0
2020-02-18,66.62207588,66.75819556,65.55864088,66.1031196,8625404.0
2020-02-19,65.83938772,67.9747652,65.52461096,67.23461444,15259006.0
2020-02-20,67.1240172,70.4419344,67.1240172,70.41641196,17795715.0
2020-02-21,69.75282852,71.2076076,69.3784994,70.34835212,9530994.0
2020-02-24,70.17820252,70.17820252,68.05984,69.00417028,11973734.0
2020-02-25,67.44730144,68.36610928,66.1881944,67.6770034,14748412.0
2020-02-26,66.4859562,68.3576018,66.0180448,66.783718,9747071.0
2020-02-27,66.86028532,68.0173026,66.86028532,67.22610696,8134393.0
2020-02-28,65.87341764,65.88192512,63.07445672,63.6359504,18180146.0
2020-03-02,63.5508756,66.51147864,63.4658008,66.20520936,12266848.0
2020-03-03,66.6135684,67.8046156,66.6135684,67.209092,11582835.0
2020-03-04,66.80924044,67.847153,66.51998612,67.10700224,8122225.0
2020-03-05,67.61745104,72.02432568,67.37073412,70.9523832,23267771.0
2020-03-06,69.8464108,72.02432568,69.13178248,69.23387224,13730391.0
2020-03-09,68.05133252,68.05984,66.1031196,66.1881944,11568965.0
2020-03-10,66.17968692,69.26790216,65.8478952,69.09775256,11413086.0
2020-03-11,69.761336,71.1225328,69.06372264,69.34446948,15241879.0
2020-03-12,68.485214,68.485214,66.88580776,68.272527,9107640.0
2020-03-13,65.4225212,68.72342344,64.869535,67.14103216,10726399.0
2020-03-16,67.54088372,67.54088372,62.42788824,62.9978894,16372454.0
2020-03-17,62.54699296,64.55475824,59.2120608,60.9560942,17335056.0
2020-03-18,61.1687812,62.68311264,59.22056828,59.35668796,11627586.0
2020-03-19,58.701612,59.10997104,55.19653024,56.58324948,21292069.0
2020-03-20,57.3404152,59.28862812,57.000116,58.4038502,14614535.0
2020-03-23,56.362055,57.79131164,56.12384556,56.68533924,9490790.0
2020-03-24,57.96146124,59.70549464,57.78280416,59.69698716,13797781.0
2020-03-25,61.7643048,62.4023658,61.0837064,62.02803668,12701351.0
2020-03-26,61.51758788,63.58490552,60.98161664,62.08758904,8624617.0
2020-03-27,62.87878468,64.87804248,62.79370988,63.380726,11730975.0
2020-03-30,62.104604,62.64908272,61.0837064,61.17728868,10235600.0
2020-03-31,62.07908156,63.32968112,61.68773748,62.6575902,7910758.0
2020-04-01,62.67460516,63.57639804,61.68773748,62.81923232,6979037.0
2020-04-02,62.11311148,63.168039,61.67923,63.168039,7791504.0
2020-04-03,63.168039,64.21445904,62.8277398,63.2105764,6515759.0
2020-04-07,64.46117596,65.78834284,64.46117596,64.86102752,9742247.0
2020-04-08,64.231474,65.09072948,63.9762496,64.75893776,6048346.0
2020-04-09,65.507596,65.8478952,64.444161,64.9546098,5608460.0
2020-04-10,64.64834052,66.67312076,64.28251888,65.3799838,8810659.0
2020-04-13,65.04819208,66.75819556,64.656848,66.46894124,8348621.0
2020-04-14,67.04744988,67.28565932,66.2307318,66.69013572,8480988.0
2020-04-15,66.996405,68.03431756,66.66461328,66.89431524,7704333.0
2020-04-16,66.42640384,66.783718,65.02266964,65.66073064,8279059.0
2020-04-17,66.2732692,67.34521168,65.92446252,66.63909084,9211819.0
2020-04-20,66.96237508,67.14953964,65.93297,66.4008814,9030201.0
2020-04-21,65.90744756,65.90744756,62.97236696,63.57639804,18723008.0
2020-04-22,63.20206892,66.12013456,62.79370988,65.74580544,14521815.0
2020-04-23,65.86491016,67.634466,65.86491016,66.13714952,11053173.0
2020-04-24,66.49446368,67.45580892,65.6777456,66.25625424,10494142.0
2020-04-27,66.358344,67.01341996,65.74580544,66.4859562,6184828.0
2020-04-28,67.2941668,71.10551784,66.70715068,70.18671,22674277.0
2020-04-29,68.910588,70.08462024,66.9538676,67.28565932,19125475.0
2020-04-30,67.3367042,68.34058684,66.783718,67.35371916,12166719.0
2020-05-06,67.1240172,67.6770034,66.51147864,67.23461444,13513840.0
2020-05-07,67.5493912,68.96163288,66.85177784,68.3150644,13661283.0
2020-05-08,68.57879628,70.85029344,67.89819788,69.45506672,17433201.0
2020-05-11,69.93999308,71.90522096,69.548649,70.4419344,16281186.0
2020-05-12,70.16118756,71.70104144,70.0165604,71.56492176,11402709.0
2020-05-13,71.5479068,76.0994086,71.462832,75.42731768,21101970.0
2020-05-14,75.19761572,75.716572,73.98955356,74.6956744,12572562.0
2020-05-15,74.32985276,75.5889598,73.14731304,74.49149488,12514531.0
2020-05-18,74.49149488,77.12881368,74.03209096,76.141946,14443255.0
2020-05-19,77.0777688,77.1203062,75.2061232,75.8016468,12246629.0
2020-05-20,75.81866176,76.04836372,74.44045,74.72119684,8743251.0
2020-05-21,75.078511,75.8016468,74.1001508,74.55104724,10029224.0
2020-05-22,74.50850984,74.50850984,71.36074224,71.53089184,15070420.0
2020-05-25,71.52238436,72.526267,70.60357652,72.12641544,11850972.0
2020-05-26,72.31358,72.8240288,71.1225328,72.6113418,10181592.0
2020-05-27,72.62835676,72.9941784,71.2926824,71.59895168,9360761.0
2020-05-28,71.462832,73.00268588,70.9949206,71.462832,10356429.0
2020-05-29,71.41178712,72.951641,70.93536824,72.5688044,10280271.0
2020-06-01,73.08776068,77.04373888,72.9091036,75.90373656,19428871.0
2020-06-02,76.4822452,76.97567904,74.6105996,74.95940628,14156520.0
2020-06-03,74.95940628,75.55492988,73.83641892,74.42343504,11673975.0
2020-06-04,74.8232866,76.8225444,74.81477912,75.78463184,11935685.0
2020-06-05,76.59284244,80.20001396,75.59746728,79.62150532,22100803.0
2020-06-08,80.395686,82.6076308,79.97881948,80.84658244,16911016.0
2020-06-09,80.84658244,82.7777804,80.08090924,81.49315092,12271867.0
2020-06-10,81.51016588,81.7143454,80.48926828,81.6292706,8899663.0
2020-06-11,81.6292706,82.19927176,79.68956516,80.7359852,13144567.0
2020-06-12,79.119564,80.82106,78.69419,80.82106,11237461.0
2020-06-15,79.55344548,79.87672972,76.38866292,76.87358928,21658456.0
2020-06-16,77.31597824,79.04299668,76.6949322,76.98418652,21207336.0
2020-06-17,76.992694,77.57971012,75.291198,76.2270208,14118116.0
2020-06-18,76.141946,76.88209676,75.6314972,76.47373772,10198024.0
2020-06-19,76.60134992,78.9494144,76.60134992,78.17523372,17514570.0
2020-06-22,78.38792072,78.5240404,76.2270208,76.91612668,17722751.0
2020-06-23,76.84806684,79.544938,76.2270208,79.35777344,20411774.0
2020-06-24,79.34075848,80.1404616,77.843442,78.66016008,16271170.0
2020-06-29,77.630755,77.8859794,76.3971704,77.31597824,17522854.0
2020-06-30,77.5882176,78.15821876,77.31597824,77.52015776,14172903.0
2020-07-01,77.91150184,85.27047204,77.843442,85.27047204,44045748.0
2020-07-02,86.33390704,93.7098922,85.925548,91.54899228,42630227.0
2020-07-03,92.74003948,94.67123744,89.7964514,93.6673548,32762607.0
2020-07-06,93.65884732,96.8151224,92.5613824,94.83287956,29037010.0
2020-07-07,94.2628784,100.40527896,92.62093476,97.7084078,25357226.0
2020-07-08,95.68362756,99.537516,95.63258268,97.74243772,17645951.0
2020-07-09,97.74243772,101.664386,97.35960112,101.664386,15741084.0
2020-07-10,101.4942364,106.48812716,99.88632268,103.365882,18574463.0
2020-07-13,102.08976,108.044996,101.56229624,106.26693268,26357105.0
2020-07-14,106.3435,107.96842868,102.08976,105.3226024,17993461.0
2020-07-15,105.067378,111.6181376,104.88872092,108.79365424,20954235.0
2020-07-16,107.0240984,107.0666358,97.91258732,97.91258732,31038000.0
2020-07-17,94.61168508,100.600951,94.61168508,96.99377948,24605965.0
2020-07-20,97.83602,98.686768,90.9449612,95.9643744,23736061.0
2020-07-21,95.87079212,99.60557584,95.1136264,97.86154244,17606188.0
2020-07-22,97.5382582,101.07736988,96.19407636,99.6225908,16171128.0
2020-07-23,98.686768,102.4300592,98.32945384,102.08976,17110866.0
2020-07-24,101.35811672,101.98767024,95.42840316,96.96825704,17377032.0
2020-07-27,96.95974956,99.0270672,96.134524,97.8785574,10637324.0
2020-07-28,96.99377948,101.40065412,96.985272,99.4524412,15761948.0
2020-07-29,100.40527896,100.8987128,97.30855624,100.54990612,14406790.0
2020-07-30,99.54602348,102.08976,99.537516,100.54990612,12843554.0
2020-07-31,100.37975652,101.68140096,98.49109596,100.37124904,12196683.0
2020-08-03,100.4733388,101.5793112,98.9419924,99.97139748,11479257.0
2020-08-04,99.97990496,101.65587852,99.18020184,99.6225908,11355598.0
2020-08-05,98.686768,101.23050452,97.41915348,101.11990728,13093258.0
2020-08-06,100.388264,100.813638,97.01930192,97.60631804,14812183.0
2020-08-07,97.410646,98.27840896,92.8166068,94.433028,18874577.0
2020-08-10,95.0285516,95.7516874,92.7740694,95.1987012,10129063.0
2020-08-11,96.134524,98.10825936,95.283776,96.01541928,10070798.0
2020-08-12,95.921837,96.33870352,92.7740694,94.3479532,8996729.0
2020-08-13,95.283776,96.11750904,93.6673548,94.58616264,7090476.0
2020-08-14,95.283776,100.388264,94.3479532,100.03945732,18751742.0
2020-08-17,102.08976,105.86708112,101.98767024,105.4076772,22855529.0
2020-08-18,104.97379572,108.895744,104.12304772,106.90499368,14535415.0
2020-08-19,106.8964862,111.873362,105.92663348,108.78514676,18994119.0
2020-08-20,108.5554448,108.5554448,104.57394416,106.64976928,11801929.0
2020-08-21,108.044996,110.90350928,107.2367854,108.77663928,10011996.0
2020-08-24,109.96549665,111.5591995,107.53617663,110.31869566,10491794.0
2020-08-25,111.128469,120.05320496,111.08539595,119.20035857,18986466.0
2020-08-26,119.20897318,120.60454,116.6418194,119.0539102,19277494.0
2020-08-27,118.63179431,122.7581925,117.65834338,122.74096328,13518207.0
2020-08-28,124.17098854,133.50922578,121.7244393,130.50272689,24987476.0
2020-08-31,131.4589486,134.28454068,128.37491822,128.7884195,17873829.0
2020-09-01,126.3763287,127.81496857,121.8967315,127.29809197,19234506.0
2020-09-02,127.53068644,128.83149255,124.9979911,126.7209131,11441885.0
2020-09-03,126.634767,132.12227357,125.8594521,129.65849511,17035218.0
2020-09-04,126.3763287,131.3728025,123.24922527,131.26942718,14442850.0
2020-09-07,130.87315512,135.23214778,127.9269585,130.942072,18044450.0
2020-09-08,130.93345739,131.7173869,119.75169361,122.01733604,22197845.0
2020-09-09,117.5894265,122.99940158,115.91819216,119.23481701,12780258.0
2020-09-10,121.8967315,124.86877195,121.466001,121.96564838,11849841.0
2020-09-11,121.466001,126.10066118,120.63038383,125.773306,12400515.0
2020-09-14,126.634767,127.9269585,123.6196535,126.15234884,11220412.0
2020-09-15,125.8594521,126.62615239,124.3088223,125.95421281,6554940.0
2020-09-16,125.84222288,127.90972928,123.188923,123.60242428,7970419.0
2020-09-17,121.9828776,123.0166308,117.25345671,120.60454,14998785.0
2020-09-18,119.94121503,122.5859003,118.91607644,122.47391037,9270294.0
2020-09-21,121.8967315,122.28438895,120.05320496,121.0352705,6170337.0
2020-09-22,119.6569329,122.44806654,119.32096311,120.54423773,5795572.0
2020-09-23,117.158696,121.02665589,114.85859513,120.29441404,11551371.0
2020-09-24,120.5183939,121.66413703,118.5370336,118.64040892,5694904.0
2020-09-25,119.3123485,121.75028313,118.97637871,119.63970368,5367121.0
2020-09-28,121.466001,126.2040365,120.60454,124.36050996,12308484.0
2020-09-29,125.73023295,125.9455982,122.4136081,124.050384,7580772.0
2020-09-30,126.62615239,126.62615239,122.7581925,123.66272655,7420918.0
2020-10-09,124.7395528,127.0654975,123.13723534,125.4287216,8824656.0
2020-10-12,125.44595082,131.82937683,125.43733621,130.76116519,14152982.0
2020-10-13,130.76116519,133.33693358,129.28806688,131.32972945,11584864.0
2020-10-14,130.942072,133.06126606,128.95209709,129.8221727,9436544.0
2020-10-15,129.94277724,132.664994,129.83940192,130.6836337,6277401.0
2020-10-16,130.57164377,131.44171938,127.9269585,129.11577468,5946783.0
2020-10-19,129.40005681,131.6312408,128.37491822,129.21915,5636005.0
2020-10-20,128.7022734,135.74902438,128.46967893,135.32690849,14313592.0
2020-10-21,135.05985558,136.972299,134.43098905,136.0246919,9714207.0
2020-10-22,136.3692763,141.1934579,133.41446507,139.556682,14330700.0
2020-10-23,138.74690866,140.40091378,131.82076222,134.0433316,13304049.0
2020-10-26,129.27083766,134.00025855,126.64338161,133.96580011,9480006.0
2020-10-27,133.71597642,136.3692763,132.88897386,134.3017699,7300993.0
2020-10-28,134.12086309,141.279604,133.62983032,140.1597047,12498495.0
2020-10-29,146.5345161,154.17567517,145.63859666,154.17567517,22856709.0
2020-10-30,150.85043571,152.15124182,146.46559922,148.6020225,21286877.0
2020-11-02,149.79945329,154.58917645,148.6881686,153.2539119,16150046.0
2020-11-03,153.2539119,157.46645619,152.52167005,157.15633023,14248055.0
2020-11-04,156.6136098,159.0257006,155.31280369,158.11255194,7884856.0
2020-11-05,159.8010155,160.54187196,156.51884909,157.95748896,10777758.0
2020-11-06,157.1304864,157.8196552,154.2876651,157.4750708,10662872.0
2020-11-09,157.89718669,160.79169565,156.37240072,160.18867295,11041092.0
2020-11-10,160.21451678,165.81401328,158.51743861,163.20378645,10886005.0
2020-11-11,162.6438368,168.29502096,161.99774105,164.2806127,12771725.0
2020-11-12,163.67759,167.5541645,162.03219949,165.49527271,9208832.0
2020-11-13,162.85920205,164.11693511,155.27834525,160.82615409,13479786.0
2020-11-16,161.2654992,170.54343417,161.093207,170.54343417,15008609.0
2020-11-17,170.1385475,172.97275419,165.40912661,169.707817,15512782.0
2020-11-18,169.71643161,170.4831319,161.1793531,164.9697815,14741995.0
2020-11-19,161.99774105,166.261973,160.27481905,165.10761526,9001349.0
2020-11-20,165.98630548,170.99139389,164.539051,167.25265315,8339923.0
2020-11-23,168.95834593,172.7229305,168.0710411,170.44867346,9866144.0
2020-11-24,170.569278,171.84424028,167.30434081,171.23260297,6868404.0
2020-11-25,171.58580198,171.69779191,165.400512,165.61587725,9655653.0
2020-11-26,164.539051,167.48524762,160.24036061,166.04660775,9932602.0
2020-11-27,166.04660775,167.11481939,163.67759,166.1758269,7261442.0
2020-11-30,166.0035347,166.0896808,156.51023448,157.93164513,19313032.0
2020-12-01,158.508824,159.9733077,156.785902,158.74141847,12951579.0
2020-12-02,159.370285,159.63733791,156.785902,158.43129251,9017117.0
2020-12-03,159.62010869,161.33441608,158.12116655,160.55910118,8754054.0
2020-12-04,160.231746,166.23612917,159.86993238,164.3667588,12155824.0
2020-12-07,164.39260263,169.11340891,163.7637361,164.34952958,12695853.0
2020-12-08,165.400512,166.80469343,163.3330056,165.27129285,9795369.0
2020-12-09,165.80539867,167.33879925,163.22963028,163.68620461,8648915.0
2020-12-10,162.816129,166.16721229,162.13557481,164.2806127,8881802.0
2020-12-11,164.2806127,167.61446677,162.816129,164.9697815,9339248.0
2020-12-14,165.41774122,170.569278,164.40983185,170.52620495,12374432.0
2020-12-15,168.43285472,168.47592777,160.50741352,166.87361031,23250398.0
2020-12-16,167.13204861,171.9476156,167.123434,170.75879942,18455859.0
2020-12-17,173.14504639,179.31310715,171.5168851,176.4272128,17917421.0
2020-12-18,176.4272128,182.629732,174.46308172,176.28076443,19229990.0
2020-12-21,176.83209947,184.28373712,174.94549988,184.0080696,15023178.0
2020-12-22,183.19829626,189.07346028,182.93985796,185.3002611,12397839.0
2020-12-23,186.92842239,191.89043775,178.322427,186.11864905,18645852.0
2020-12-24,183.06907711,188.2292285,178.13290558,184.352654,12661076.0
2020-12-25,183.491193,185.214115,180.4760795,183.4050469,8380171.0
2020-12-28,184.0942157,196.45618105,184.0942157,193.68227663,16079524.0
2020-12-29,194.32837238,195.2932087,187.4539136,190.4690271,14199008.0
2020-12-30,190.46041249,196.22358658,190.46041249,193.7425789,10445525.0
2020-12-31,193.03618088,196.8438385,191.69230172,194.82801976,12259622.0
2021-01-04,196.413108,210.09310868,196.413108,207.48288185,15433467.0
2021-01-05,207.48288185,222.66182467,206.1476173,222.5153763,15640878.0
2021-01-06,223.118399,231.12137169,215.4513961,225.9612203,17394704.0
2021-01-07,225.53910441,228.35608188,218.01854988,228.287165,14960633.0
2021-01-08,227.89089294,230.010087,216.66605611,220.07744167,17889445.0
2021-01-11,219.45718975,219.88792025,205.027718,212.6947209,19056773.0
2021-01-12,209.04212626,226.564243,208.25819675,225.9612203,17049828.0
2021-01-13,226.7365352,232.10343723,223.10978439,229.3209182,16606668.0
2021-01-14,226.57285761,229.48459579,218.0357791,222.23970878,13578459.0
2021-01-15,217.088172,217.088172,201.09945584,209.7657535,30672796.0
2021-01-18,206.86262993,208.18927987,196.2408158,199.86756661,24130848.0
2021-01-19,203.304796,208.43048895,195.2070626,198.02404007,18849555.0
2021-01-20,195.91346062,199.858952,188.659959,197.274569,19820072.0
2021-01-21,196.2408158,207.47426724,195.9823775,205.70827219,18901986.0
2021-01-22,205.44983389,207.91361235,201.17698733,205.96671049,12712220.0
2021-01-25,205.96671049,226.564243,205.889179,226.564243,23918262.0
2021-01-26,227.33094329,229.5793565,222.42061559,226.81406669,16187892.0
2021-01-27,222.43784481,224.78963334,208.75784413,218.811094,18629495.0
2021-01-28,213.62509878,220.52540139,211.55759238,215.36525,13278373.0
2021-01-29,218.811094,229.94978473,218.811094,221.9984997,16025788.0
2021-02-01,222.17940651,227.38263095,218.25114435,219.88792025,11786784.0
2021-02-02,220.31003614,241.20908,220.30142153,240.50268198,22842030.0
2021-02-03,238.61608239,242.65633448,236.97069188,240.347619,13975944.0
2021-02-04,238.624697,251.44323668,237.40142238,240.39930666,17701582.0
2021-02-05,240.5199112,255.72469785,238.624697,247.91986119,17166124.0
2021-02-08,250.685151,257.21502538,241.20908,250.2544205,13474409.0
2021-02-09,251.50353895,257.41316141,248.66933226,256.8015241,10425006.0
2021-02-10,256.42248126,274.3753285,255.94867771,270.49013939,17446413.0
2021-02-18,279.96621039,282.26631126,251.1158815,251.8911964,23651442.0
2021-02-19,250.685151,260.161222,239.486158,256.72399261,18174712.0
2021-02-22,250.685151,252.408073,232.59447,233.77467157,24874236.0
2021-02-23,228.287165,238.56439473,226.1335125,236.43658606,15568563.0
2021-02-24,236.3848984,236.3848984,212.78948161,212.78948161,27269550.0
2021-02-25,213.7284741,218.74217712,205.03633261,209.48147137,19751749.0
2021-02-26,202.6156272,209.335023,191.21849817,202.62424181,24991604.0
2021-03-01,207.62071561,210.60998528,200.2896825,205.32922935,17618691.0
2021-03-02,207.76716398,208.6458542,192.967264,195.54303239,22073558.0
2021-03-03,193.97517337,200.82378832,190.66716313,199.86756661,15146478.0
2021-03-04,194.690186,194.7763321,182.73310732,184.7833845,22648399.0
2021-03-05,179.19250261,192.105803,179.183888,187.24716296,22537141.0
2021-03-08,187.76403956,189.72817064,168.51900082,168.51900082,28309372.0
2021-03-09,165.400512,169.8801092,156.88927732,161.27411381,28998554.0
2021-03-10,167.123434,171.73225035,164.539051,168.75159529,23736844.0
2021-03-11,168.71713685,183.491193,166.65824506,178.33965622,23710809.0
2021-03-12,180.045349,181.91471937,174.14434115,181.50121809,17584101.0
2021-03-15,179.183888,182.66419044,163.68620461,168.846356,19842859.0
2021-03-16,169.64751473,174.66983236,167.0372879,173.14504639,13448116.0
2021-03-17,171.27567602,182.52635668,167.3818723,180.94988305,15180611.0
2021-03-18,180.4760795,192.967264,180.36408957,188.659959,15580525.0
2021-03-19,182.72449271,188.55658368,181.60459341,184.79199911,14799504.0
2021-03-22,183.99084038,188.16892623,179.183888,186.23925359,10786818.0
2021-03-23,185.46393869,189.47834695,182.0267093,189.4352739,9572786.0
2021-03-24,187.1093292,196.39587878,183.41366151,185.11935429,15535259.0
2021-03-25,180.90681,185.214115,175.86726315,181.5098327,13224417.0
2021-03-26,183.51703683,194.690186,183.51703683,193.75119351,14820108.0
2021-03-29,197.21426673,200.720413,191.47693647,193.38076528,18706714.0
2021-03-30,196.48202488,202.83960706,194.58681068,197.1884229,14557225.0
2021-03-31,195.551647,196.16328431,190.52071476,193.84595422,10627678.0
2021-04-01,195.551647,200.5481208,194.2594555,200.41028704,8418673.0
2021-04-02,204.166257,213.642328,204.166257,213.5561819,13788301.0
2021-04-06,215.36525,217.088172,208.37018668,210.1103379,12925807.0
2021-04-07,207.612101,208.51663505,195.9823775,197.274569,18978534.0
2021-04-08,192.95864939,202.0987506,191.5027803,200.8927052,13081503.0
2021-04-09,197.274569,199.858952,191.25295661,192.85527407,11757416.0
2021-04-12,194.69880061,197.77421638,192.55376272,194.2594555,14415420.0
2021-04-13,193.14817081,204.39885147,193.14817081,201.4957279,13396772.0
2021-04-14,201.581874,202.89129472,195.49134473,201.35789414,9242999.0
2021-04-15,199.858952,201.4957279,193.04479549,199.57466987,10296105.0
2021-04-16,203.02912848,209.335023,201.67663471,203.91643331,12716129.0
2021-04-19,201.4095818,207.1813705,197.28318361,206.00978354,12843645.0
2021-04-20,202.8740655,213.36666048,202.75346096,206.35436794,14389659.0
2021-04-21,202.7017733,213.24605594,202.7017733,210.7133606,13328051.0
2021-04-22,212.78948161,213.20298289,204.26101771,207.07799518,11481844.0
2021-04-23,206.84540071,215.1929578,206.84540071,215.02928021,14945017.0
2021-04-26,215.36525,221.88650977,212.22953196,213.16852445,13470436.0
2021-04-27,214.51240361,216.226711,209.4211691,216.226711,8435415.0
2021-04-28,213.1254514,224.97915476,209.83467038,224.841321,14031376.0
2021-04-29,223.97986,227.41708939,219.672555,226.54701378,11522005.0
2021-04-30,223.118399,225.5304898,218.3803635,220.17220238,13574238.0
2021-05-06,215.80459511,217.949633,204.92434268,206.64726468,16247668.0
2021-05-07,206.75925461,211.057945,203.75275572,204.5108414,10420747.0
2021-05-10,202.28827202,204.99325956,192.967264,194.71602983,16688080.0
2021-05-11,193.75980812,204.82958197,193.10509776,204.05426707,14003624.0
2021-05-12,203.45985898,211.04933039,202.0987506,209.5934613,9682283.0
2021-05-13,206.75064,210.69613138,203.304796,209.42978371,7442029.0
2021-05-14,212.01416671,217.56197555,208.0428315,213.4700358,10165224.0
2021-05-17,213.69401566,225.22036384,213.69401566,222.09326041,14757035.0
2021-05-18,222.10187502,225.22036384,218.06162293,222.1707919,7557045.0
2021-05-19,220.51678678,226.57285761,218.85416705,222.28278183,7898046.0
2021-05-20,221.1370387,227.32232868,221.1370387,223.5491295,10051757.0
2021-05-21,223.7214217,228.287165,219.672555,221.8262075,10547624.0
2021-05-24,224.95331093,228.52837408,218.3803635,228.08902897,12616998.0
2021-05-25,229.15724061,244.88751847,229.15724061,244.69799705,20285346.0
2021-05-26,244.70661166,246.2055538,235.6095835,237.66847529,17310154.0
2021-05-27,237.763236,244.654924,231.3022785,237.5909438,12410602.0
2021-05-28,236.8156289,238.61608239,234.04172448,236.46242989,8206796.0
2021-05-31,233.455931,236.89316039,230.05316005,236.85870195,11167013.0
2021-06-01,236.85870195,239.88243006,233.43870178,239.23633431,11861677.0
2021-06-02,238.624697,241.1229339,235.18746761,236.7294828,9059630.0
2021-06-03,236.96207727,244.74968471,234.32600661,238.61608239,13233210.0
2021-06-04,235.178853,244.0519013,234.51552803,240.8644956,10380608.0
2021-06-07,239.67567942,245.516385,237.89245515,243.98298442,12672016.0
2021-06-08,242.932002,243.07845037,220.534016,225.72001122,23291852.0
2021-06-09,223.97986,228.26993578,221.18011175,225.8750742,12035105.0
2021-06-10,225.08253008,231.72439439,224.16076681,229.76026331,8615467.0
2021-06-11,230.02731622,230.871548,220.1894316,222.47230325,16697134.0
2021-06-15,222.24832339,222.24832339,209.7657535,215.24464546,21565069.0
2021-06-16,215.36525,217.07094278,206.75064,208.97320938,15016349.0
2021-06-17,208.473562,212.0916982,207.612101,208.86121945,14129267.0
2021-06-18,208.86121945,209.1627308,196.86106772,200.5481208,23360700.0
2021-06-21,200.81517371,206.75064,199.6866598,203.7355265,18270417.0
2021-06-22,205.79441829,206.3199095,196.08575282,199.87618122,24971471.0
2021-06-23,199.00610561,200.5481208,193.828725,194.67295678,17964254.0
2021-06-24,196.5854002,201.53880095,193.83733961,198.997491,16629430.0
2021-06-25,197.274569,204.29547615,192.7949718,202.38303273,23727273.0
2021-06-28,202.0126045,205.2861563,200.8927052,202.8740655,13190220.0
2021-06-29,203.28756678,204.166257,195.9823775,196.54232715,16425529.0
2021-06-30,198.13603,207.0090783,197.274569,203.25310834,17633056.0
2021-07-01,203.25310834,203.304796,198.5667605,203.304796,11952296.0
2021-07-02,200.720413,200.720413,194.94000969,195.2070626,13584164.0
2021-07-05,193.5702867,197.274569,190.88252838,192.105803,12879413.0
2021-07-06,191.244342,194.68157139,186.7647448,194.26807011,15545235.0
2021-07-07,195.2932087,198.72182348,193.06202471,196.11159665,10532156.0
2021-07-08,196.8438385,197.0161307,189.01315801,190.1244427,13091117.0
2021-07-09,190.08136965,190.1244427,182.60388817,186.51492111,11469328.0
2021-07-12,186.94565161,192.95864939,181.01879993,192.7949718,16135948.0
2021-07-13,193.828725,198.5667605,192.26086598,193.27738996,11521877.0
2021-07-14,192.5365335,196.0685236,189.09930411,194.36283082,10569402.0
2021-07-15,193.71673507,198.13603,190.90837221,196.50786871,12105227.0
2021-07-16,196.413108,198.12741539,191.23572739,191.4166342,9728497.0
2021-07-19,188.90978269,197.77421638,187.1954753,196.82660928,12705570.0
2021-07-20,198.997491,200.79794449,193.9148711,194.72464444,11806031.0
2021-07-21,193.81149578,196.8438385,191.244342,191.86459392,12514553.0
2021-07-22,190.85668455,193.58751592,185.42948025,186.54937955,15672673.0
2021-07-23,185.214115,188.16892623,182.68141966,186.5063065,13207324.0
2021-07-26,183.77547513,183.82716279,168.846356,172.01653248,21413531.0
2021-07-27,171.9476156,173.66192299,161.954668,163.67759,21229594.0
2021-07-28,160.231746,167.8126028,155.06298,164.78887469,20309348.0
2021-07-29,168.4156255,170.569278,158.0780935,159.67179635,19947422.0
2021-07-30,155.924441,155.924441,146.44837,147.3959771,28613862.0
2021-08-02,146.45698461,157.647363,143.57109026,155.82968029,33813636.0
2021-08-03,154.21013361,162.816129,151.81527203,161.82544885,23372527.0
2021-08-04,160.3178921,163.3330056,155.1491261,155.69184653,18509642.0
2021-08-05,152.44413856,157.4750708,149.15335754,152.15124182,19423084.0
2021-08-06,153.340058,154.62363489,149.2050452,153.80524694,14589395.0
2021-08-09,152.97824438,157.63013378,152.97824438,154.8045417,17650899.0
2021-08-10,155.924441,168.85497061,154.7183956,167.71784209,31529091.0
2021-08-11,163.67759,170.12993289,162.97119198,163.8498822,20197122.0
2021-08-12,164.7113432,165.87431555,159.63733791,160.68832033,14661109.0
2021-08-13,161.093207,165.7450964,159.52534798,162.7299829,13436058.0
2021-08-16,163.7637361,166.261973,161.2654992,162.36816928,13150792.0
2021-08-17,161.954668,163.3330056,153.50373559,154.52887418,16185836.0
2021-08-18,156.12257703,157.13910101,150.4972367,154.67532255,14487803.0
2021-08-19,157.09602796,157.54398768,151.617136,152.32353402,14501646.0
2021-08-20,145.551522,149.30797146,140.13909714,140.65332108,25572964.0
2021-08-23,141.35057388,148.16622,139.91248998,146.13547122,20568791.0
2021-08-24,147.5997021,154.84241556,146.3795097,151.7396406,16897793.0
2021-08-25,153.395616,156.88188,152.52405,153.5263509,14456888.0
2021-08-26,153.3084594,153.3084594,147.63456474,148.19236698,10206352.0
2021-08-27,148.81117884,152.6547849,145.83913878,147.62584908,15087095.0
2021-08-30,152.52405,157.5791328,147.4689672,154.3979169,23014073.0
2021-08-31,153.395616,156.4025187,145.6386786,148.16622,17435412.0
2021-09-01,147.34694796,161.3704449,143.8955466,158.78189388,29330914.0
2021-09-02,158.78189388,160.368144,154.31947596,156.10618626,21329967.0
2021-09-03,153.831399,161.70163998,150.33641934,160.6296138,23660590.0
2021-09-06,157.84931826,169.95537,156.95160528,162.982842,29222544.0
2021-09-07,162.9392637,164.9874438,161.23971,162.94797936,15942444.0
2021-09-08,162.8956854,162.8956854,157.0561932,158.54657106,15003058.0
2021-09-09,157.76216166,159.90621402,155.574531,158.11078806,10247966.0
2021-09-10,157.15206546,163.88055498,156.010314,163.32275274,18238704.0
2021-09-13,162.111276,165.05716908,159.496578,161.17870038,10595785.0
2021-09-14,161.1961317,162.81724446,157.93647486,158.20666032,11085572.0
2021-09-15,156.88188,157.57041714,149.037786,150.66761442,18220562.0
2021-09-16,149.01163902,153.98828088,146.47538196,151.8267972,15293633.0
2021-09-17,149.9529303,160.803927,148.9506294,158.61629634,16423524.0
2021-09-22,154.4414952,157.52683884,150.92036856,152.01854172,11005505.0
2021-09-23,152.37588378,157.34380998,150.78963366,154.37176992,9975986.0
2021-09-24,153.49148826,165.10946304,153.46534128,162.4599024,23048021.0
2021-09-27,174.3132,178.70589264,174.3132,178.70589264,14133314.0
2021-09-28,178.67103,190.7857974,175.184766,185.66970498,45991379.0
2021-09-29,187.27338642,190.4807493,180.414162,184.336209,28186736.0
2021-09-30,182.157294,196.973916,181.73022666,193.12159428,28411679.0
2021-10-08,193.487652,202.77854556,191.37846228,196.38996678,22617622.0
2021-10-11,196.973916,201.331746,193.487652,195.666567,15531629.0
2021-10-12,195.50096946,198.72576366,190.80322872,196.2330849,11490605.0
2021-10-13,196.10235,214.405236,194.795001,207.67674648,21931916.0
2021-10-14,208.02537288,213.1850436,201.06156054,208.20840174,14915230.0
2021-10-15,203.946444,208.59189078,198.73447932,204.54782454,13510583.0
2021-10-18,200.46889566,201.0702762,187.6481598,196.03262472,24444266.0
2021-10-19,193.487652,203.3363478,193.487652,201.65422542,14676861.0
2021-10-20,204.81801,207.3455514,200.1115536,202.31661558,10430217.0
2021-10-21,202.203312,203.9028657,197.409699,202.1161554,9048912.0
2021-10-22,203.946444,206.07306504,199.16154666,202.12487106,10014047.0
2021-10-25,201.03541356,203.31891648,198.16796142,200.9831196,8516350.0
2021-10-26,200.46018,207.90335364,198.281265,202.9877214,9966985.0
2021-10-27,202.203312,202.203312,193.5312303,196.21565358,11160944.0
2021-10-28,196.20693792,202.95285876,195.7101453,198.09823614,8356695.0
2021-10-29,202.0289988,209.07125208,198.5427348,199.5450357,17029287.0
2021-11-01,195.23949966,204.53039322,188.5197258,201.5060592,14142845.0
2021-11-02,198.56888178,201.12257016,191.74452,195.230784,13742496.0
2021-11-03,195.22206834,197.00006298,191.7880983,194.36793366,7529719.0
2021-11-04,196.11106566,206.561142,194.9693142,204.61754982,14249145.0
2021-11-05,204.60883416,206.36068182,200.03311266,200.1987102,10397633.0
2021-11-08,200.01568134,204.6436968,198.281265,201.767529,8366436.0
2021-11-09,201.331746,205.10562678,197.47070862,197.81933502,8655226.0
2021-11-10,199.6321923,199.6321923,188.3454126,190.9165323,11748430.0
2021-11-11,190.81194438,191.9188332,185.643558,190.6986408,8993040.0
2021-11-12,191.54405982,194.15875782,180.1526922,183.02886,18999671.0
2021-11-15,184.771992,187.28210208,181.9829808,184.30134636,9037375.0
2021-11-16,186.515124,195.230784,185.61741102,193.3133388,14156038.0
2021-11-17,192.18901866,196.538133,191.07341418,194.03673858,7759073.0
2021-11-18,193.2261822,196.5817113,191.2651587,194.4899529,5239234.0
2021-11-19,192.6596643,204.71342208,192.6596643,200.92210998,12851030.0
2021-11-22,200.91339432,207.96436326,197.47942428,198.26383368,15424897.0
2021-11-23,196.973916,201.64550976,195.43124418,197.0174943,8742354.0
2021-11-24,198.717048,209.17584,198.20282406,204.7744317,21943330.0
2021-11-25,205.689576,212.4006342,204.1207572,204.76571604,15389988.0
2021-11-26,204.7744317,205.689576,201.34046166,203.66754288,7622769.0
2021-11-29,201.5932158,205.689576,200.024397,205.253793,9762013.0
2021-11-30,204.6436968,206.2125156,199.98953436,200.5037583,10256231.0
2021-12-01,203.32763214,204.72213774,199.588614,202.29918426,6761525.0
2021-12-02,202.29918426,207.52858026,201.331746,206.71802388,9530593.0
2021-12-03,207.6070212,221.377764,207.6070212,219.8961018,23446929.0
2021-12-06,221.813547,222.1621734,212.7492606,212.99329908,17014192.0
2021-12-07,215.39010558,220.08784632,213.53367,214.81487202,14770630.0
2021-12-08,213.55981698,225.37825194,212.23503666,220.39289442,18248567.0
2021-12-09,222.22318302,226.60716,219.634632,220.7676678,19497098.0
2021-12-10,218.58003714,222.62410338,215.56441878,219.78279822,12707982.0
2021-12-13,223.992462,228.02781258,221.6392338,221.75253738,15543017.0
2021-12-14,220.64564856,228.786075,219.8089452,226.9557864,12625438.0
2021-12-15,226.93835508,228.36772332,222.9465828,227.67047052,8040745.0
2021-12-16,227.54845128,227.54845128,217.019934,224.75944008,13181047.0
2021-12-17,223.82686446,224.75944008,215.7997416,216.59286666,12104503.0
2021-12-20,215.25065502,221.813547,214.58826486,215.8433199,8253173.0
2021-12-21,215.06762616,218.75435034,211.7033814,216.148368,7722227.0
2021-12-22,216.7584642,221.8571253,215.28551766,219.87867048,7621115.0
2021-12-23,220.2883065,230.2241589,219.20756466,229.221858,13577381.0
2021-12-24,229.21314234,237.35356878,225.83146626,227.6530392,13701815.0
2021-12-27,226.07550474,230.093424,224.08833426,227.64432354,7498507.0
2021-12-28,227.25211884,232.60353408,225.98834814,227.3044128,7759484.0
2021-12-29,228.41130162,229.56176874,210.85796238,211.790538,17935972.0
2021-12-30,213.82128678,223.60897296,213.62954226,221.377764,11570897.0
2021-12-31,221.377764,223.992462,216.4098378,221.26446042,9975719.0
2022-01-04,220.506198,221.2034508,211.84283196,218.44930224,8944097.0
2022-01-05,216.148368,221.27317608,212.85384852,216.03506442,7056065.0
2022-01-06,215.67772236,217.24654116,205.3409496,210.7010805,10785593.0
2022-01-07,209.15840868,211.49420556,202.49092878,206.28224088,8978967.0
2022-01-10,203.074878,207.9992259,198.4991565,206.7354552,7801688.0
2022-01-11,205.97719278,207.2583948,200.47761132,201.331746,5928627.0
2022-01-12,203.074878,203.78084646,198.96980214,200.59963056,8963264.0
2022-01-13,200.9831196,202.78726122,194.86472628,195.230784,12080667.0
2022-01-14,195.230784,201.08770752,195.230784,197.9762169,7966141.0
2022-01-17,197.7583254,200.70421848,193.71425916,200.18127888,6549307.0
2022-01-18,200.43403302,207.432708,198.3684216,205.44553752,8727508.0
2022-01-19,205.7767326,206.7354552,197.54914956,200.36430774,8177996.0
2022-01-20,200.0679753,207.59830554,198.717048,205.8638892,9610122.0
2022-01-21,204.69599076,210.38731674,203.510661,206.4304071,6364017.0
2022-01-24,203.946444,208.304274,201.20972676,202.9877214,6604416.0
2022-01-25,202.56065406,204.19048248,197.83676634,197.83676634,6135018.0
2022-01-26,197.83676634,200.9831196,193.67939652,198.74319498,6639053.0
2022-01-27,200.1115536,204.24277644,195.30050928,195.666567,8189463.0
2022-01-28,196.31152584,197.8019037,186.69815286,188.52844146,10476593.0
2022-02-07,193.051869,196.35510414,184.771992,186.9073287,9061610.0
2022-02-08,186.52383966,187.5610032,174.3132,181.59949176,11504823.0
2022-02-09,181.3728846,187.36925868,178.82791188,186.67200588,10076333.0
2022-02-10,185.643558,187.5610032,180.77150406,185.9921844,7536154.0
2022-02-11,185.22520632,195.230784,182.40133248,188.41513788,11794451.0
2022-02-14,186.515124,192.94728108,185.643558,191.2215804,6986391.0
2022-02-15,193.27847616,195.666567,190.97754192,195.23949966,7260463.0
2022-02-16,196.52941734,201.30559902,194.50738422,199.55375136,6552377.0
2022-02-17,200.4166017,200.7652281,197.05235694,198.31612764,4430757.0
2022-02-18,198.43814688,200.2858668,195.230784,198.8042046,3637130.0
2022-02-21,198.8913612,201.9418422,197.2789641,198.44686254,4172002.0
2022-02-22,197.845482,198.35970594,191.74452,192.89498712,5446140.0
2022-02-23,192.91241844,194.32435536,190.97754192,193.8798567,3826630.0
2022-02-24,191.74452,191.74452,180.55361256,184.5541005,12178663.0
2022-02-25,186.515124,189.129822,185.643558,187.6481598,5950910.0
2022-02-28,187.66559112,188.92936182,185.70456762,188.7811956,4376998.0
2022-03-01,189.129822,193.3133388,189.129822,192.43305714,6100024.0
2022-03-02,190.6114842,192.0931464,186.6894372,188.26697166,4716747.0
2022-03-03,188.44128486,189.73120254,179.33342016,179.61232128,9536769.0
2022-03-04,175.94302842,181.09398348,175.3590792,177.15450516,6079039.0
2022-03-07,174.25219038,174.30448434,164.9002872,166.3383711,12806647.0
2022-03-08,172.570068,176.927898,169.15352928,170.6526228,11699644.0
2022-03-09,171.5241888,176.77101612,167.3842503,174.60081678,12212479.0
2022-03-10,182.1137157,186.10548798,180.414162,185.05089312,10896493.0
2022-03-11,181.56462912,183.02886,175.184766,179.1939696,9146913.0
2022-03-14,176.927898,176.927898,169.4324304,169.93793868,11194588.0
2022-03-15,165.59754,171.0884058,162.1984326,162.96541068,11141287.0
2022-03-16,166.36451808,170.16454584,157.91032788,169.07508834,11940351.0
2022-03-17,171.77694294,180.8935233,171.698502,177.7123074,14131344.0
2022-03-18,175.7512839,179.978379,174.3132,177.69487608,6885561.0
2022-03-21,182.6802336,183.02886,174.67054206,179.0196564,5392388.0
2022-03-22,180.48388728,180.7627884,175.82100918,176.37009576,4296034.0
2022-03-23,177.7558857,182.01784344,174.99302148,178.4967168,6836931.0
2022-03-24,176.056332,176.492115,172.3085982,174.2260434,5958453.0
2022-03-25,175.08017808,175.08017808,164.88285588,165.78928452,9116773.0
2022-03-28,159.496578,161.23099434,153.395616,158.5378554,14412835.0
2022-03-29,157.76216166,159.932361,155.574531,155.80985382,6582466.0
2022-03-30,158.91262878,163.87183932,157.2305064,163.87183932,8776075.0
2022-03-31,162.10256034,163.54064424,159.496578,162.00668808,5512286.0
2022-04-01,160.1066742,168.648021,159.33969612,166.2076362,6904755.0
2022-04-06,164.5516608,166.66956618,162.10256034,163.418625,5438454.0
2022-04-07,162.547059,167.32324068,162.2855892,163.65394782,3764167.0
2022-04-08,165.59754,168.3865512,163.854408,164.43835722,5524879.0
2022-04-11,162.982842,163.84569234,154.267182,156.9690366,8995011.0
2022-04-12,158.52913974,169.083804,156.11490192,168.212238,9922519.0
2022-04-13,166.4255277,173.1801642,165.10074738,167.9507682,10771393.0
2022-04-14,169.99023264,184.74584502,169.95537,182.61922398,15326222.0
2022-04-15,180.849945,183.23803584,178.20910002,181.721511,7523181.0
2022-04-18,178.72332396,180.849945,174.2260434,179.6297526,6633250.0
2022-04-19,178.68846132,183.5082213,176.35266444,176.8843197,4956798.0
2022-04-20,175.184766,180.57975954,172.67465592,176.84945706,7123813.0
2022-04-21,174.30448434,179.47287072,173.005851,173.78154474,6138024.0
2022-04-22,173.79897606,178.66231434,170.39986866,175.5333924,6542157.0
2022-04-25,169.96408566,177.41597496,167.776455,167.9507682,7797024.0
2022-04-26,169.083804,179.1939696,169.083804,175.06274676,10931682.0
2022-04-27,175.47238278,179.8040658,174.6618264,175.82100918,9566794.0
2022-04-28,175.4462358,186.515124,174.3132,186.515124,12163514.0
2022-04-29,190.872954,193.08673164,178.67103,183.66510318,15975239.0
2022-05-05,181.8086676,187.822473,181.29444366,183.02014434,9593662.0
2022-05-06,178.0609338,178.82791188,173.25860514,174.25219038,8899837.0
2022-05-09,169.083804,172.3085982,164.725974,169.15352928,8177869.0
2022-05-10,165.59754,174.1824651,165.04845342,172.27373556,7064814.0
2022-05-11,171.698502,177.799464,171.27143466,175.620549,7036959.0
2022-05-12,176.056332,180.849945,174.1388868,179.03708772,6312428.0
2022-05-13,180.414162,181.8086676,176.82331008,178.2788253,3742588.0
2022-05-16,180.5884752,182.4187638,175.184766,176.0127537,5544917.0
2022-05-17,177.363681,178.2788253,174.8361396,176.82331008,4704082.0
2022-05-18,175.52467674,176.82331008,169.95537,173.24988948,6465533.0
2022-05-19,169.62417492,172.12556934,169.519587,170.97510222,4902314.0
2022-05-20,172.570068,183.02886,171.698502,182.17472532,12406364.0
2022-05-23,181.285728,182.88940944,177.5379942,179.52516468,6405412.0
2022-05-24,178.46185416,179.52516468,175.184766,175.8384405,5998490.0
2022-05-25,175.184766,176.492115,168.90077514,172.134285,11886832.0
2022-05-26,172.134285,174.3132,168.212238,171.53290446,8126620.0
2022-05-27,173.441634,176.927898,171.50675748,172.0471284,6770484.0
2022-05-30,173.877417,181.4600412,173.79897606,179.542596,12523459.0
2022-05-31,180.47517162,188.75504862,178.8453432,187.2123768,12652779.0
2022-06-01,187.02934794,188.11008978,183.02886,186.89861304,6607138.0
2022-06-02,186.079341,187.2123768,182.2444506,183.31647678,5536273.0
2022-06-06,182.88940944,187.6917381,178.67974566,187.2123768,8934675.0
2022-06-07,186.52383966,191.32616832,185.71328328,189.22569426,6865503.0
2022-06-08,190.6114842,195.9280368,188.31054996,192.80783052,9121593.0
2022-06-09,192.80783052,194.4463746,187.38669,187.7353164,6892594.0
2022-06-10,186.53255532,192.50278242,186.09677232,190.9601106,5736569.0
2022-06-13,189.129822,189.565605,183.5517996,185.9486061,7266988.0
2022-06-14,183.8132694,187.90091394,183.2467515,186.2536542,6224169.0
2022-06-15,186.26236986,193.38306408,184.771992,190.2628578,8780603.0
2022-06-16,190.872954,193.30462314,188.68532334,190.1321229,4750097.0
2022-06-17,188.258256,195.46610682,187.822473,194.359218,6778473.0
2022-06-20,196.10235,200.7216498,192.72938958,197.95006992,8202866.0
2022-06-21,196.973916,202.9441431,196.7996028,198.717048,8111426.0
2022-06-22,199.588614,201.22715808,195.230784,196.15464396,5702278.0
2022-06-23,197.845482,198.69961668,193.487652,197.31382674,6595605.0
2022-06-24,198.18539274,202.0725771,196.973916,200.46018,7854485.0
2022-06-27,201.22715808,210.918972,201.03541356,208.05151986,9789441.0
2022-06-28,208.0428042,209.10611472,205.53269412,206.561142,6205014.0
2022-06-29,206.53499502,209.14097736,203.95515966,205.6024194,5779214.0
2022-06-30,207.432708,219.20756466,206.561142,214.87588164,11434521.0
2022-07-01,216.13965234,217.76948076,209.94281808,214.0130313,6533619.0
2022-07-04,214.02174696,214.39652034,208.5657438,211.3983333,6815355.0
2022-07-05,212.662104,214.78872504,208.44372456,212.662104,6864742.0
2022-07-06,210.23915052,212.226321,203.50194534,205.11434244,9192650.0
2022-07-07,203.946444,207.32812008,200.46018,204.8615883,6418922.0
2022-07-08,206.7354552,212.51393778,205.9946241,210.02125902,7698660.0
2022-07-11,206.561142,207.432708,201.03541356,204.1207572,5313461.0
2022-07-12,203.074878,207.2583948,200.9831196,204.40837398,4847996.0
2022-07-13,204.71342208,208.72262568,202.32533124,206.561142,5013059.0
2022-07-14,204.82672566,207.868491,203.26662252,204.19048248,5289828.0
2022-07-15,204.19048248,214.74514674,203.14460328,207.0840816,8166375.0
2022-07-18,207.45013932,207.45013932,197.15694486,204.40837398,8584718.0
2022-07-19,202.4212035,205.5152628,201.331746,204.6436968,4848441.0
2022-07-20,206.56985766,208.11252948,204.91388226,205.4281062,4120470.0
2022-07-21,203.95515966,208.40014626,203.2491912,203.85057174,3407506.0
2022-07-22,204.81801,206.00333976,201.69780372,202.639095,3469081.0
2022-07-25,202.66524198,204.80057868,199.16154666,203.7721308,3006880.0
2022-07-26,205.6459977,210.918972,204.81801,206.89233708,5201977.0
2022-07-27,205.69829166,205.94233014,200.9831196,201.767529,5132388.0
2022-07-28,202.22074332,203.56295496,199.4143008,199.62347664,3673200.0
2022-07-29,198.08952048,198.717048,190.3500144,193.6619652,8609777.0
2022-08-01,192.07571508,198.1941084,192.07571508,195.230784,7227824.0
2022-08-02,192.78168354,195.91060548,190.7857974,191.06469852,7774085.0
2022-08-03,192.616086,195.95418378,191.54405982,192.2674596,5110680.0
2022-08-04,193.49636766,196.96520034,191.55277548,196.7996028,5505400.0
2022-08-05,196.59914262,199.21384062,193.6619652,196.52070168,4185962.0
2022-08-08,193.923435,196.3638198,191.8752549,193.4440737,5403294.0
2022-08-09,191.8316766,193.13030994,190.5243276,191.91011754,4484871.0
2022-08-10,191.74452,192.7903992,185.34722556,187.66559112,8389679.0
2022-08-11,188.78991126,192.5289294,188.4325692,192.47663544,6245917.0
2022-08-12,192.62480166,196.09363434,190.88166966,195.82344888,4848619.0
2022-08-15,193.487652,194.9693142,190.0885446,191.74452,6650481.0
2022-08-16,191.32616832,192.9211341,189.24312558,190.34129874,4299348.0
2022-08-17,190.1757012,195.19592136,188.76376428,193.47022068,5174887.0
2022-08-18,191.308737,192.4417728,186.94219134,188.0839428,9014653.0
2022-08-19,186.515124,191.6573634,185.97475308,188.5197258,5658320.0
2022-08-22,187.2559551,191.56149114,186.5587023,190.86423834,4255592.0
2022-08-23,190.001388,191.63993208,185.4692448,187.38669,5969429.0
2022-08-24,186.950907,188.9119305,185.8178712,186.6894372,4623355.0
2022-08-25,187.38669,192.1367247,186.61971192,191.6573634,8239918.0
2022-08-26,194.61178,201.688572,194.61178,197.50441873,10823725.0
2022-08-29,204.42198291,209.63227102,197.53980269,198.7693953,16422041.0
2022-08-30,201.0693527,202.52894105,196.69058765,200.05206385,8148188.0
2022-08-31,199.1232349,208.2346046,199.04362099,207.1730858,12256701.0
2022-09-01,205.52773166,208.21691262,202.573171,204.05929732,7376501.0
2022-09-02,203.9000695,204.7846685,197.29211497,199.4770745,7476734.0
2022-09-05,196.8232775,197.25673101,191.957983,196.2040582,7996733.0
2022-09-06,196.38982399,198.58362951,192.98411784,195.5848389,7649824.0
2022-09-07,194.61178,195.496379,191.19722786,194.00140669,6330297.0
2022-09-08,195.45214905,199.034775,195.22215331,195.30176722,4385848.0
2022-09-09,195.496379,200.11398578,193.79794892,198.7693953,6319102.0
2022-09-13,199.61861034,201.13127463,197.0886572,198.57478352,6860738.0
2022-09-14,194.61178,198.39786372,193.8156409,195.7617587,3796369.0
2022-09-15,196.8232775,201.19319656,195.6732988,198.67208941,7017713.0
2022-09-16,197.3540369,199.07015896,191.957983,192.842582,6040226.0
2022-09-19,192.88681195,199.034775,192.02875092,195.30176722,5986268.0
2022-09-20,196.380978,200.803973,193.44410932,199.6539943,6178677.0
2022-09-21,198.5924755,200.43244142,195.09830945,196.6463577,5196594.0
2022-09-22,195.0540795,196.4694379,192.97527185,193.83333288,4686661.0
2022-09-23,193.34680343,197.39826685,192.88681195,195.38138113,4584707.0
2022-09-26,193.32911145,203.9000695,193.2848815,200.91012488,8530322.0
2022-09-27,201.81241586,206.5538665,198.35363377,205.44811775,8605361.0
2022-09-28,204.6077487,209.45535122,204.30698504,204.57236474,7910136.0
2022-09-29,206.996166,207.57115535,202.84739669,204.342369,4568522.0
2022-09-30,206.38579269,208.1461447,203.30738817,204.04160534,5293590.0
2022-10-10,202.61740095,203.45777,185.74809802,186.04001569,14153833.0
2022-10-11,185.91617183,192.54181834,183.2889128,191.38299365,7967818.0
2022-10-12,190.65762247,190.65762247,183.44814062,188.5080469,6915158.0
2022-10-13,187.79152171,189.7464855,184.49196744,185.68617609,6005697.0
2022-10-14,187.15461043,189.304186,184.56273536,187.72959978,7881137.0
2022-10-17,187.6234479,188.3311271,181.6081747,183.88159413,8928716.0
2022-10-18,184.0850519,187.55267998,182.6696935,183.9081321,5627007.0
2022-10-19,182.21854801,182.9350732,172.0545055,173.92985538,15914429.0
2022-10-20,170.8160669,176.28288872,168.09150198,174.28369498,9282699.0
2022-10-21,172.5852649,174.16869711,168.25957579,169.81647003,8503696.0
2022-10-24,165.90654245,166.19846012,156.27325934,157.458622,19402927.0
2022-10-25,153.92907199,159.07743817,153.53984843,155.67173202,16058430.0
2022-10-26,156.59171498,157.67977175,153.035627,153.87599605,13275624.0
2022-10-27,154.47752337,155.65404004,139.766642,140.9166207,29744138.0
2022-10-28,140.93431268,145.49884352,139.766642,141.83660366,20415335.0
2022-10-31,140.21778749,142.28774915,137.27207282,138.30705365,12732302.0
2022-11-01,138.67858523,151.1779691,138.5282034,150.38183,24578413.0
2022-11-02,150.08991233,158.7855205,148.612632,154.74290307,21822499.0
2022-11-03,151.31065895,153.76984417,150.42605995,152.7702473,8844119.0
2022-11-04,152.4164077,165.85346651,152.151028,162.55391224,17743900.0
2022-11-07,160.997018,163.2085155,158.84744243,161.77546512,11519734.0
2022-11-08,161.2623977,163.32351337,156.2201834,158.33437501,12711606.0
2022-11-09,158.31668303,161.2623977,154.49521535,155.2471245,8399367.0
2022-11-10,153.99983991,157.35247012,153.50446447,156.85709468,8039611.0
2022-11-11,163.95157866,165.5084729,159.0509002,164.79194771,18773459.0
2022-11-14,165.420013,168.958409,161.20047577,162.02315284,13472827.0
2022-11-15,161.21816775,168.5161095,159.6701195,164.535414,12081205.0
2022-11-16,162.766216,168.59572341,162.12930472,164.68579583,7906554.0
2022-11-17,163.650815,165.84462052,159.60819757,161.81969507,10396297.0
2022-11-18,162.3239165,166.19846012,161.04124795,163.85427277,8880433.0
2022-11-21,161.62508329,161.74892715,155.44173628,157.1932423,10855660.0
2022-11-22,156.3971032,160.51048855,156.15826147,157.3701621,7165483.0
2022-11-23,156.17595345,158.18399318,154.0086859,156.574023,5278560.0
2022-11-24,157.458622,158.51129481,152.151028,153.61061635,9027775.0
2022-11-25,153.61061635,154.3625255,151.0895092,153.36292863,5703511.0
2022-11-28,148.84262774,153.4779265,146.46305643,153.35408264,10889320.0
2022-11-29,157.458622,164.64156588,155.20289455,164.48233806,21142673.0
2022-11-30,162.61583417,166.82652541,161.92584695,164.54425999,9208731.0
2022-12-01,172.77103069,180.96241743,171.62105199,172.84179861,20541553.0
2022-12-02,171.67412793,175.08868007,170.0199278,170.51530324,8575406.0
2022-12-05,174.4429228,177.55671128,171.77143382,173.93870137,11163997.0
2022-12-06,172.50565099,186.92461469,172.3198852,180.02474249,17026007.0
2022-12-07,179.46744512,185.2350306,176.63672832,181.09510728,11295772.0
2022-12-08,180.2812762,182.38662182,177.49478935,180.8120356,6466400.0
2022-12-09,180.8120356,188.8618865,179.0428376,188.31343512,13666013.0
2022-12-12,188.05690141,191.66606533,184.34158561,184.45658348,9971887.0
2022-12-13,184.56273536,189.87032936,182.36892984,187.41999013,8829530.0
2022-12-14,187.13691845,197.63710858,185.09349476,195.2309993,13744792.0
2022-12-15,198.04402412,200.2732136,192.94873388,194.03679065,11510335.0
2022-12-16,193.2848815,198.09710006,192.85142799,197.25673101,8130338.0
2022-12-19,196.48712988,200.3616735,194.61178,194.68254792,7629741.0
2022-12-20,194.31101634,194.51447411,183.111993,184.881191,16799972.0
2022-12-21,187.6234479,190.09147911,186.48231519,187.87113562,8033937.0
2022-12-22,190.188785,196.36328602,188.8618865,192.23220869,9390996.0
2022-12-23,191.073384,199.4770745,190.20647698,195.65560682,10267271.0
2022-12-26,195.74406672,197.265577,191.957983,192.4002825,7602209.0
2022-12-27,194.5233201,199.034775,192.49758839,196.81443151,7251370.0
2022-12-28,195.94752449,199.25592475,194.2579404,198.4155557,8901144.0
2022-12-29,196.43405394,196.6463577,192.11721082,193.87756283,8077456.0
2022-12-30,194.61178,199.919374,194.61178,198.39786372,9934351.0
2023-01-03,198.150176,199.28246272,192.65681621,194.48793614,9238152.0
2023-01-04,194.61178,198.31824981,193.0195018,195.496379,6892060.0
2023-01-05,197.94671823,209.55265711,197.48672675,207.51807941,13553908.0
2023-01-06,207.51807941,208.95112979,204.01506737,207.50038743,10003539.0
2023-01-09,207.50038743,213.9844981,205.5808076,210.94147754,10608196.0
2023-01-10,210.93263155,214.04642003,209.12804959,211.419161,6772071.0
2023-01-11,210.534562,211.92338243,208.39383242,209.649963,7299567.0
2023-01-12,210.83532566,213.87834622,208.4115244,209.34919934,5897121.0
2023-01-13,209.35804533,216.726755,209.0307437,216.1075357,12072178.0
2023-01-16,218.25711127,228.21769601,217.611354,222.918948,12592279.0
2023-01-17,222.92779399,225.67889688,218.04480751,220.27399699,9806406.0
2023-01-18,221.14975,224.3343064,216.94790475,218.0536535,7766295.0
2023-01-19,218.1421134,221.4151297,214.5152575,218.83210062,7325245.0
2023-01-20,219.95554135,224.1573866,218.18634335,219.2036322,8019829.0
2023-01-30,224.25469249,225.20121342,212.30376,220.46860877,9945203.0
2023-01-31,220.265151,220.265151,207.95153292,209.649963,11300743.0
2023-02-01,209.2076635,212.23299208,206.83693818,210.95916952,10290565.0
2023-02-02,212.33029797,214.06411201,208.03114683,211.43685298,7121257.0
2023-02-03,208.765364,209.2961234,202.1308715,208.1461447,10920147.0
2023-02-06,203.45777,207.76576713,198.36247976,207.02270397,11208688.0
2023-02-07,208.77420999,210.7999417,205.05889419,206.0231071,6683255.0
2023-02-08,206.88116813,207.59769332,203.56392188,205.37734983,4824898.0
2023-02-09,204.77582251,214.5152575,203.7231497,213.69258043,11714427.0
2023-02-10,213.81642429,219.40708997,212.48952579,218.495953,8919606.0
2023-02-13,222.918948,235.28564202,220.37130288,230.5264994,15441549.0
2023-02-14,229.6419004,230.880339,222.3881886,222.94548597,11272200.0
2023-02-15,223.803547,228.09385215,220.6189906,221.6805094,8850987.0
2023-02-16,222.034349,225.3958252,218.68171879,221.14975,10505653.0
2023-02-17,220.265151,227.85501042,220.25630501,222.3881886,14522887.0
2023-02-20,222.71549023,228.44769175,220.15899912,227.99654626,10052139.0
2023-02-21,227.7842425,229.111141,222.2997287,225.06852357,6822068.0
2023-02-22,223.73277908,226.8996435,222.918948,223.25509562,5193205.0
2023-02-23,222.33511266,225.73197282,220.69860451,222.45895652,6020176.0
2023-02-24,220.3536109,221.93704311,215.25832066,219.9113114,8506948.0
2023-02-27,218.15980538,225.572745,217.611354,222.2112688,7131391.0
2023-02-28,223.0958678,224.5112262,219.1151723,221.14975,4568297.0
2023-03-01,221.7689693,226.36003811,218.78787067,225.82043272,7141967.0
2023-03-02,225.81158673,226.89079751,224.1573866,225.53736104,3895274.0
2023-03-03,227.04117934,229.57113248,223.84777695,225.1304455,4813749.0
2023-03-06,223.82123898,228.226542,221.17628797,223.24624963,6508410.0
2023-03-07,222.918948,223.07817582,218.2305733,218.8497926,5866549.0
2023-03-08,217.611354,219.84054348,214.08180399,215.6652362,4749946.0
2023-03-09,215.61216026,216.9036748,211.419161,214.93986502,4756441.0
2023-03-10,213.32989484,216.2844555,209.7384229,210.51687002,4577525.0
2023-03-13,210.75571175,219.77862155,210.534562,216.48791327,5592884.0
2023-03-14,216.41714535,216.43483733,209.05728167,212.7460595,4661381.0
2023-03-15,217.2575144,217.31059034,209.36689132,209.54381112,4445057.0
2023-03-16,208.765364,214.957557,206.05849106,209.63227102,5452615.0
2023-03-17,215.3998565,215.87753996,206.54502051,208.51767628,6587781.0
2023-03-20,207.880765,207.880765,201.1578126,204.342369,6603761.0
2023-03-21,205.226968,214.2498778,204.2539091,212.79028945,9535382.0
2023-03-22,212.34798995,218.4074931,212.34798995,213.97565211,6578756.0
2023-03-23,213.96680612,220.7074505,212.79028945,215.87753996,6741219.0
2023-03-24,214.957557,220.69860451,214.072958,217.30174435,5420078.0
2023-03-27,218.00942355,218.00942355,209.30496939,214.24103181,5661713.0
2023-03-28,214.072958,221.63627945,214.072958,220.02630927,6380894.0
2023-03-29,222.918948,225.70543485,220.9728302,224.31661442,6944860.0
2023-03-30,224.31661442,229.96920203,222.2997287,226.93502746,6569127.0
2023-03-31,226.93502746,230.7034192,224.2458465,225.38697921,5445078.0
2023-04-03,225.7496648,228.96075917,224.32546041,224.94467971,5583392.0
2023-04-04,224.29007645,229.69497634,222.57395439,229.31459877,6833299.0
2023-04-06,228.226542,229.111141,219.4690119,221.18513396,6392120.0
2023-04-07,219.380552,224.44045828,217.4344342,220.265151,5103385.0
2023-04-10,217.62904598,219.66362368,202.84739669,218.9382525,12535893.0
2023-04-11,216.726755,217.16020851,210.3576422,211.41031501,9188248.0
2023-04-12,211.419161,211.73761664,205.45696374,206.27964081,8177404.0
2023-04-13,205.9346472,208.56190623,203.52853792,207.2615457,6488606.0
2023-04-14,207.24385372,208.56190623,202.46701912,203.05970045,6264920.0
2023-04-17,204.36006098,211.85261451,204.342369,206.48309858,8689856.0
2023-04-18,206.36810071,210.16303042,205.4923477,207.06693392,7195574.0
2023-04-19,206.9077061,207.4384655,203.15700634,205.30658191,4393229.0
2023-04-20,205.36850384,206.54502051,200.0962938,203.0154705,4693860.0
2023-04-21,203.0154705,205.80195735,201.79472388,202.67932288,3953400.0
2023-04-24,201.688572,202.1308715,194.62062599,196.15982825,8091053.0
2023-04-25,196.15982825,199.81322212,193.67410506,199.49476648,7862192.0
2023-04-26,198.42440169,201.44088428,195.9386785,199.57438039,5696182.0
2023-04-27,199.034775,202.46701912,195.5848389,199.51245846,6706405.0
2023-04-28,200.61820721,202.56432501,198.19440595,200.13167776,7625590.0
2023-05-04,205.73118943,206.996166,193.95717674,195.65560682,9033291.0
2023-05-05,195.16023138,198.5924755,193.31141947,197.96441021,6651739.0
2023-05-08,197.75210645,200.69782112,195.65560682,196.6463577,4683978.0
2023-05-09,195.12484742,199.2116948,190.4541647,195.71752875,6180177.0
2023-05-10,195.39907311,195.39907311,190.92300217,192.63027824,4744833.0
2023-05-11,193.2848815,194.39947624,190.6310845,191.06453801,3716403.0
2023-05-12,190.9849241,192.9310419,188.84419452,189.14495818,4874049.0
2023-05-15,188.5080469,191.49799152,187.7119078,190.96723212,4468608.0
2023-05-16,191.957983,191.957983,187.42883612,188.419587,4887294.0
2023-05-17,188.419587,189.25995605,184.881191,185.76579,4974390.0
2023-05-18,185.04926481,186.5619291,182.6696935,183.43929463,5516631.0
2023-05-19,182.95276518,189.51648976,180.71472971,188.55227685,7190120.0
2023-05-22,188.0657474,201.688572,187.68536983,198.150176,12186341.0
2023-05-23,196.380978,200.1847537,194.1694805,195.2309993,5546543.0
2023-05-24,194.72677787,197.25673101,192.5772023,192.59489428,4707597.0
2023-05-25,190.8964642,193.62102912,188.72919665,191.6041434,4919075.0
2023-05-26,192.4002825,195.496379,187.8003677,189.41918387,5402206.0
2023-05-29,189.40149189,191.24145781,187.85344364,189.26880204,5530168.0
2023-05-30,189.304186,190.96723212,183.996592,185.55348624,6234920.0
2023-05-31,183.43044864,184.87234501,178.61823008,180.48473397,9628029.0
2023-06-01,181.32510302,189.47225981,180.85626555,183.58083047,8547942.0
2023-06-02,184.49196744,188.75573462,181.82932445,187.72959978,6080678.0
2023-06-05,186.650389,187.49960404,181.342795,182.89968924,6901918.0
2023-06-06,183.42160265,189.18918813,181.21010515,184.87234501,7787865.0
2023-06-07,185.76579,187.51729602,181.35164099,181.59048272,5446652.0
2023-06-08,181.33394901,183.89044012,179.21091141,182.4927737,5363111.0
2023-06-09,183.35083473,185.39425842,181.32510302,182.17431806,6444914.0
2023-06-12,181.56394475,194.61178,181.44894688,192.1349028,10927202.0
2023-06-13,191.5156835,197.67249254,191.073384,195.4079191,6972364.0
2023-06-14,196.380978,204.51044281,196.380978,201.8654918,10802384.0
2023-06-15,202.1308715,206.08502903,200.803973,203.9000695,8681782.0
2023-06-16,205.226968,208.765364,203.43123203,205.7577274,6320829.0
2023-06-19,205.226968,207.4384655,197.07096522,199.97244994,9877368.0
2023-06-20,199.89283603,200.58282325,194.23140243,195.84137261,6988746.0
2023-06-21,195.33715118,198.46863164,194.31101634,194.5233201,5598168.0
2023-06-26,192.24105468,192.24105468,185.79232797,187.94190354,7254056.0
2023-06-27,187.94190354,193.5502612,184.9696509,193.03719378,7528472.0
2023-06-28,191.54222147,195.6732988,189.77302347,192.71873814,5829190.0
2023-06-29,192.842582,194.47909015,187.13691845,187.77382973,5481918.0
2023-06-30,186.92461469,188.40189502,184.09389789,185.38541243,7141578.0
2023-07-03,184.881191,193.93948476,182.34239187,192.842582,8836252.0
2023-07-04,192.842582,195.9386785,190.79031232,195.36368915,5978460.0
2023-07-05,194.61178,195.36368915,188.56112284,189.94109728,5401112.0
2023-07-06,189.29534001,192.56835631,187.68536983,188.13651532,3535368.0
2023-07-07,187.55267998,189.02111432,185.89847985,186.95999865,3618420.0
2023-07-10,189.61379565,191.58645142,187.6234479,188.419587,3977822.0
2023-07-11,189.51648976,189.73763951,186.0311697,187.91536557,3355463.0
2023-07-12,187.91536557,190.72839039,187.36691419,189.17149615,3829705.0
2023-07-13,191.06453801,201.57357413,190.8964642,201.02512275,10443162.0
2023-07-14,202.00702764,203.44892401,199.31784668,202.56432501,5025760.0
2023-07-17,200.91897087,200.98973879,194.80639178,197.25673101,4873006.0
2023-07-18,198.14133001,198.150176,195.39022712,196.6463577,2988277.0
2023-07-19,195.496379,197.23903903,193.4618013,195.62906885,4043415.0
2023-07-20,197.07096522,201.12242864,196.10675231,196.59328176,5904047.0
2023-07-21,196.65520369,203.7231497,195.04523351,200.75974305,7107610.0
2023-07-24,199.93706598,201.23742651,195.52291697,197.32749893,5227138.0
2023-07-25,207.19077778,212.94067128,207.19077778,211.20685724,13488695.0
2023-07-26,210.63186789,213.86950023,207.880765,210.2691823,7372092.0
2023-07-27,210.29572027,216.1075357,208.6769041,212.10030223,7609299.0
2023-07-28,210.98570749,217.79711979,210.534562,216.70021703,9510828.0
2023-07-31,218.495953,225.3958252,213.17951301,213.28566489,10613901.0
2023-08-01,212.66644559,215.37331853,209.4730432,210.17187641,7081244.0
2023-08-02,209.1192036,212.7460595,208.47344633,210.02149458,4147739.0
2023-08-03,209.95957265,211.87915248,207.4384655,210.42841012,4575146.0
2023-08-04,214.072958,215.34678056,211.2422412,212.2153001,5382400.0
2023-08-07,210.0922625,210.95916952,206.89886011,208.06653079,5693102.0
2023-08-08,207.87191901,210.45494809,206.14695096,208.6769041,3884026.0
2023-08-09,207.88961099,210.33110423,207.4384655,209.9153427,4036682.0
2023-08-10,209.2076635,210.90609358,207.46500347,209.649963,4115066.0
2023-08-11,211.3307011,211.69338669,205.82849532,205.82849532,4147354.0
2023-08-14,203.45777,203.73199569,199.5655344,203.3693101,4943138.0
2023-08-15,205.30658191,205.30658191,200.94550884,202.86508867,3135484.0
2023-08-16,201.69741799,204.86428241,201.08704468,203.17469832,2932687.0
2023-08-17,201.93625972,207.98691688,200.91012488,207.94268693,4336506.0
2023-08-18,207.880765,208.13729871,203.08623842,203.1923903,4139405.0
2023-08-21,201.70626398,205.82849532,199.99014192,202.4847111,3765777.0
2023-08-22,203.67007376,204.22737113,199.7424542,202.42278917,4746465.0
2023-08-23,202.42278917,202.93585659,198.57478352,198.57478352,4059179.0
2023-08-24,199.80437613,207.9692249,198.24748189,206.3769467,7067245.0
2023-08-25,206.3769467,206.84578417,203.1039304,204.8731284,4925393.0
2023-08-28,216.6945885,217.56857499,203.80103523,205.69317093,9000703.0
2023-08-29,206.332893,212.17148316,205.87337433,210.70282545,6640487.0
2023-08-30,212.20752384,212.4598086,209.95498134,210.17122542,5196311.0
2023-08-31,211.04521191,211.738995,209.05396434,209.3062491,3831586.0
2023-09-01,213.06348999,217.3253004,212.640012,214.2618426,6076764.0
2023-09-04,216.73062918,220.749165,215.55029691,217.30728006,7420132.0
2023-09-05,216.14496813,218.46959199,214.0816392,214.51412736,4766435.0
2023-09-06,214.00054767,215.32504266,213.0905205,214.52313753,2682478.0
2023-09-07,214.36095447,214.52313753,209.4864525,210.45054069,4760734.0
2023-09-08,209.92795083,211.63087296,208.5854355,210.2072661,2747014.0
2023-09-11,209.63962539,213.9915375,209.035944,212.09039163,4269187.0
2023-09-12,211.75701534,212.33366622,209.04495417,210.01805253,3279212.0
2023-09-13,211.72097466,212.8202154,208.14393717,209.24317791,3640881.0
2023-09-14,209.29723893,210.55866273,208.2250287,209.25218808,2786985.0
2023-09-15,209.92795083,210.94610004,203.36854707,204.1704522,6947380.0
2023-09-18,202.728825,206.1526896,201.98999106,204.82819461,5673193.0
2023-09-19,204.0803505,205.11652005,201.6476046,204.88225563,3820160.0
2023-09-20,204.530859,205.39583532,203.67489285,204.66601155,2582861.0
2023-09-21,204.12540135,204.74710308,198.78237054,198.83643156,5715886.0
2023-09-22,199.9356723,205.42286583,198.41295357,204.530859,5836218.0
2023-09-25,205.38682515,205.431876,201.89988936,202.9991301,3590723.0
2023-09-26,202.06207242,203.79202506,199.85458077,200.42222148,3409454.0
2023-09-27,200.91778083,202.8189267,198.5841468,200.12488587,4023652.0
2023-09-28,200.90877066,201.71968596,194.619672,195.20533305,7090457.0
2023-10-09,194.7998754,195.1602822,189.51991578,193.67360415,6499790.0
2023-10-10,196.95330603,197.1425196,189.58298697,190.37588193,7675118.0
2023-10-11,191.8265193,192.69149562,188.53780725,189.33070221,4977156.0
2023-10-12,191.916621,192.34910916,188.4927564,189.19554966,4574850.0
2023-10-13,188.01521739,188.01521739,183.27586797,184.84363755,8832665.0
2023-10-16,182.9965527,185.90683761,182.05048485,183.30289848,5175580.0
2023-10-17,183.7173663,185.05087146,181.104417,183.66330528,5192192.0
2023-10-18,182.906451,187.76293263,182.4559425,183.99668157,5099166.0
2023-10-19,182.01444417,182.906451,177.500349,178.23017277,8627754.0
2023-10-20,177.42826764,180.6539085,176.79755574,177.500349,4915478.0
2023-10-23,177.500349,181.3747221,176.06773197,178.03194903,5097095.0
2023-10-24,178.1310609,180.89718309,175.89653874,179.1221796,5649912.0
2023-10-25,187.411536,187.80798348,183.85251885,185.65455285,9021455.0
2023-10-26,185.22206469,186.73577325,183.3569595,185.66356302,5373854.0
2023-10-27,185.609502,189.10544796,184.8886884,188.27651232,5851674.0
2023-10-30,188.8531632,191.015604,188.23146147,190.25874972,6211247.0
2023-10-31,193.2681465,196.5118077,190.7452989,193.36725837,7293514.0
2023-11-01,205.9724862,206.6031981,198.24176034,199.96270281,13943438.0
2023-11-02,200.025774,202.5486216,196.81815348,196.81815348,5770867.0
2023-11-03,196.43972634,200.025774,195.54771951,199.37704176,4608450.0
2023-11-06,200.025774,202.5486216,196.92627552,198.7643502,5606272.0
2023-11-07,198.22374,198.75534003,195.520689,197.99848575,3904918.0
2023-11-08,197.322723,198.07957728,193.8988584,195.4305873,6574031.0
2023-11-09,194.619672,196.08832971,193.2681465,194.37639741,3710249.0
2023-11-10,192.39416001,193.43032956,189.87131241,191.07867519,4952663.0
2023-11-13,191.79948879,191.90761083,186.84389529,188.50176657,5559436.0
2023-11-14,188.15036994,189.6640785,187.69986144,188.83514286,3756805.0
2023-11-15,191.916621,192.817638,190.00646496,190.9255023,5432677.0
2023-11-16,190.94352264,192.07880406,189.0333666,189.79022088,3151283.0
2023-11-17,188.79009201,189.73615986,186.28526475,187.6818411,4627906.0
2023-11-20,187.58272923,189.61001748,185.34820707,188.19542079,4185619.0
2023-11-21,189.9343836,193.79073636,186.6006207,191.97969219,7252392.0
2023-11-22,190.55608533,192.30405831,189.3036717,189.88933275,3030051.0
2023-11-23,189.22258017,190.10557683,187.40252583,188.9432649,3528803.0
2023-11-24,188.8531632,190.05151581,187.70887161,189.53793612,3427614.0
2023-11-27,189.0333666,189.53793612,184.708485,186.0600105,5174405.0
2023-11-28,185.74465455,187.36648515,184.59135279,185.8798071,4487087.0
2023-11-29,185.83475625,186.05100033,181.9153323,185.02384095,4763099.0
2023-11-30,185.609502,187.411536,184.51026126,186.9610275,3965417.0
2023-12-01,186.51952917,186.6907224,181.35670176,182.005434,7351532.0
2023-12-04,182.05949502,182.1856374,177.60847104,178.78880331,6222750.0
2023-12-05,178.39235583,178.39235583,172.995264,173.54488437,7684263.0
2023-12-06,172.85110128,175.1577048,172.19335887,172.51772499,6104318.0
2023-12-07,172.19335887,173.7160776,168.55325019,170.292213,8064110.0
2023-12-08,169.71556212,173.20249791,169.4812977,171.19323,7039503.0
2023-12-11,164.886111,165.787128,156.80398851,163.57963635,19106023.0
2023-12-12,163.05704649,167.00350095,162.55247697,166.20159582,10652080.0
2023-12-13,166.03040259,166.57101279,156.83101902,157.0472631,17463383.0
2023-12-14,158.578992,159.480009,152.32593402,152.74040184,15917700.0
2023-12-15,153.6233985,159.1196022,153.2629917,155.01997485,12677677.0
2023-12-18,154.073907,157.4977716,152.8124832,155.65969692,7740113.0
2023-12-19,155.4254325,156.1462461,152.28989334,155.02898502,6964525.0
2023-12-20,155.02898502,156.61477494,152.4520764,152.56019844,6675279.0
2023-12-21,151.37986617,155.1551274,151.370856,153.85766292,8313829.0
2023-12-22,153.6233985,155.6957376,152.40702555,153.60537816,7263875.0
2023-12-25,153.04674762,155.98406304,153.04674762,155.95703253,6259911.0
2023-12-26,155.875941,156.47061222,152.85753405,154.20004938,5284133.0
2023-12-27,154.28114091,154.974924,152.82149337,153.41616459,5289989.0
2023-12-28,154.073907,163.41745329,152.93862558,161.72354133,14550131.0
2023-12-29,161.69651082,163.87697196,160.8315345,161.66047014,7837028.0
2024-01-02,161.59739895,161.59739895,155.17314774,155.75880879,11708435.0
2024-01-03,155.34434097,156.74091732,152.35296453,153.7135002,8530447.0
2024-01-04,153.27200187,153.67745952,147.5865846,148.667805,12494978.0
2024-01-05,147.766788,150.2896356,146.84775066,146.9558727,8059837.0
2024-01-08,146.61348624,148.91107959,144.18074034,144.30688272,8093736.0
2024-01-09,144.7033302,145.6944489,142.18949277,143.9825166,7767000.0
2024-01-10,143.261703,147.65866596,142.1804826,144.62223867,7106873.0
2024-01-11,144.4330251,146.865771,142.65802161,145.74850992,7432187.0
2024-01-12,145.063737,145.82960145,143.03644875,143.69419116,7058674.0
2024-01-15,143.01842841,144.41500476,141.73898427,142.58594025,8316494.0
2024-01-16,142.360686,144.6132285,141.59482155,142.9913979,7218562.0
2024-01-17,142.60396059,142.73010297,138.5764146,138.5764146,10084599.0
2024-01-18,137.855601,141.35154696,136.96359417,141.12629271,8876219.0
2024-01-19,141.12629271,142.8111945,139.72971636,142.1804826,7425837.0
2024-01-22,142.26157413,142.32464532,138.3061095,138.94583157,7862988.0
2024-01-23,138.06283491,140.54964183,137.18884842,138.37819086,7641537.0
2024-01-24,138.74760783,139.05395361,133.39556685,136.72031958,12776821.0
2024-01-25,136.053567,140.8289571,135.3327534,140.3784486,12170797.0
2024-01-26,139.72971636,141.9101775,138.53136375,139.81981806,8520034.0
2024-01-29,139.9279401,145.00967598,139.86486891,141.32451645,10911918.0
2024-01-30,140.56766217,140.68479438,134.38668555,135.15255,10044721.0
2024-01-31,134.7020415,135.77425173,132.17018373,132.2692956,8983556.0
2024-02-01,132.27830577,134.0713296,131.88185829,132.38642781,8038203.0
2024-02-02,132.86396682,134.20648215,126.15139017,129.93566157,10827629.0
2024-02-05,128.41294284,132.45850917,127.16953938,130.40419041,12918892.0
2024-02-06,129.72842766,138.45027222,129.01662423,138.26105865,14421104.0
2024-02-07,140.27933673,141.32451645,137.70242811,140.3784486,13747038.0
2024-02-08,141.04520118,141.88314699,137.1347874,138.45027222,11505068.0
2024-02-19,144.16272,144.6132285,138.37819086,139.79278755,11972115.0
2024-02-20,139.61258415,140.84697744,136.06257717,138.18897729,9012011.0
2024-02-21,137.36004165,149.45168979,136.53110601,146.91983202,16941646.0
2024-02-22,145.07274717,149.3886186,144.7033302,149.0282118,10783604.0
2024-02-23,148.64077449,154.7947206,146.82072015,152.271873,12765675.0
2024-02-26,151.89344586,156.67784613,150.92935767,152.57821878,10554916.0
2024-02-27,151.83037467,153.43418493,150.59598138,153.10080864,6900187.0
2024-02-28,154.073907,156.4165512,152.28088317,152.5421781,8642338.0
2024-02-29,151.89344586,158.47988013,151.37986617,158.35373775,9594209.0
2024-03-01,158.36274792,159.9305175,156.28139865,158.41680894,6044708.0
2024-03-04,157.30855803,158.35373775,152.96565609,153.7135002,9553057.0
2024-03-05,153.40715442,155.79484947,152.56920861,155.4254325,7689984.0
2024-03-06,155.40741216,155.83990032,151.81235433,152.02859841,7504580.0
2024-03-07,152.40702555,153.14585949,150.21755424,150.70410342,5243799.0
2024-03-08,150.86628648,151.80334416,147.33429984,149.41564911,6994242.0
2024-03-11,150.20854407,155.875941,149.6589237,155.7858393,10423939.0
2024-03-12,157.15538514,168.80553495,156.3264495,167.56213149,18061801.0
2024-03-13,166.688145,169.82368416,165.45375171,167.19271452,10430650.0
2024-03-14,166.67012466,171.5536368,164.90413134,168.50819934,12137680.0
2024-03-15,168.37304679,172.80605043,167.32786707,169.0307892,7671098.0
2024-03-18,170.99500626,171.05807745,166.0574331,167.7693654,8414044.0
2024-03-19,166.96746027,172.75198941,165.81415851,171.85998258,11043440.0
2024-03-20,170.30122317,172.42762329,169.88675535,170.4724164,6526747.0
2024-03-21,171.38244357,175.0676031,169.92279603,171.4635351,6164273.0
2024-03-22,170.58954861,171.18421983,163.81390077,165.01225338,9547988.0
2024-03-25,164.4356025,166.70616534,161.93978541,165.0663144,7152988.0
2024-03-26,164.886111,169.82368416,164.4356025,168.76949427,6833244.0
2024-03-27,169.55337906,169.5713994,165.79613817,166.19258565,4560896.0
2024-03-28,165.79613817,169.08485022,165.09334491,166.74220602,4942679.0
2024-03-29,166.73319585,168.38205696,165.04829406,166.31872803,3202824.0
2024-04-01,167.58015183,175.698315,167.57114166,172.40960295,9172029.0
2024-04-02,173.8061793,174.3467895,171.35541306,172.06721649,5921008.0
2024-04-03,173.896281,176.59032183,171.6437385,173.50884369,5712241.0
2024-04-08,171.6437385,171.6437385,162.34524306,162.4533651,13822713.0
2024-04-09,162.18306,164.66986692,160.17379209,160.55221923,6885682.0
2024-04-10,160.39003617,161.17392096,156.53368341,158.3086869,7959042.0
2024-04-11,157.68698517,161.7325515,156.18228678,160.59727008,7182692.0
2024-04-12,160.35399549,162.07493796,153.6233985,153.94776462,8887567.0
2024-04-15,154.073907,163.60666686,154.073907,163.03001598,10051216.0
2024-04-16,162.7236702,162.79575156,158.578992,158.8492971,5798073.0
2024-04-17,158.58800217,160.2008226,157.32657837,159.3899073,4694972.0
2024-04-18,159.1196022,163.78687026,156.83101902,160.55221923,5822460.0
2024-04-19,158.62404285,159.90348699,156.79497834,158.29066656,5599170.0
2024-04-22,159.480009,163.52557533,158.578992,160.57023957,7078999.0
2024-04-23,160.4711277,163.50755499,158.89434795,163.084077,7443226.0
2024-04-24,163.92202281,164.86809066,162.22811085,164.06618553,6762313.0
2024-04-25,163.13813802,164.2553991,160.59727008,162.15602949,5464423.0
2024-04-26,162.18306,169.2109926,162.16503966,167.96758914,8698726.0
2024-04-29,171.14817915,175.40998956,165.98535174,170.292213,15696298.0
2024-04-30,170.292213,173.02229451,167.67025353,167.6792637,8067781.0
2024-05-06,169.98586722,178.14007107,169.98586722,174.39184035,15205669.0
2024-05-07,174.40085052,175.04057259,171.98612496,174.45491154,7435621.0
2024-05-08,174.46392171,174.9775014,170.8328232,172.06721649,5503315.0
2024-05-09,171.48155544,173.1754674,170.54449776,171.69779952,5463323.0
2024-05-10,172.094247,172.8150606,167.26479588,168.43611798,8328942.0
2024-05-13,166.688145,166.7782467,161.43521589,162.88585326,14152557.0
2024-05-14,162.47138544,165.0663144,161.1919413,163.92202281,7703616.0
2024-05-15,163.78687026,164.67887709,162.18306,162.92189394,4642722.0
2024-05-16,162.92189394,168.3099756,161.6424498,167.03053146,9257543.0
2024-05-17,166.30971786,171.30135204,166.12951446,171.05807745,8131801.0
2024-05-20,171.62571816,177.90580665,171.4635351,173.66201658,11069872.0
2024-05-21,172.68891822,173.77914879,171.1031283,172.69792839,4400953.0
2024-05-22,172.22939955,172.88714196,167.41796877,168.49918917,6859331.0
2024-05-23,168.04868067,169.96784688,165.18344661,165.47177205,4797446.0
2024-05-24,165.34562967,165.45375171,162.2731617,163.3543821,5902297.0
2024-05-27,163.3543821,163.985094,161.35412436,162.83179224,7197809.0
2024-05-28,162.9038736,165.27354831,161.5523481,162.49841595,5500677.0
2024-05-29,162.18306,163.4444838,160.61529042,161.29105317,5091552.0
2024-05-30,160.84054467,161.24600232,156.3264495,156.8670597,10324391.0
2024-05-31,157.45272075,159.27277509,157.09231395,157.54282245,4974678.0
2024-06-03,158.1284835,159.1196022,155.88495117,156.98419191,6278177.0
2024-06-04,156.98419191,158.47086996,155.74979862,158.14650384,5376882.0
2024-06-05,157.65094449,159.05653101,154.87581213,154.95690366,7852435.0
2024-06-06,154.95690366,155.39840199,150.81222546,152.25385266,10991394.0
2024-06-07,152.87555439,153.63240867,149.14534401,149.73100506,8792197.0
2024-06-11,148.667805,149.22643554,142.25256396,143.63111997,16667945.0
2024-06-12,142.69406229,145.27097091,141.98225886,142.6309911,9619315.0
2024-06-13,142.83822501,143.64914031,140.00903163,140.45954013,10873633.0
2024-06-14,140.02705197,141.2794656,136.49506533,140.558652,15498858.0
2024-06-17,138.85572987,142.1804826,137.25191961,141.67591308,10623903.0
2024-06-18,141.3695673,143.20764198,138.5764146,138.91880106,8669240.0
2024-06-19,138.81968919,140.47756047,137.6753976,138.15293661,7712267.0
2024-06-20,137.855601,139.00890276,135.7832619,136.55813652,7486098.0
2024-06-21,136.35991278,137.14379757,133.19734311,135.23364153,10141964.0
2024-06-24,131.55749217,136.83745179,131.2781769,134.7020415,11597570.0
2024-06-25,134.56688895,136.42298397,133.66587195,135.50394663,8095547.0
2024-06-26,134.53084827,136.8644823,133.36853634,134.53985844,7907701.0
2024-06-27,134.0713296,134.20648215,132.3593973,133.51269906,5600374.0
2024-06-28,131.59353285,133.8010245,128.53007505,129.28692933,13164234.0
2024-07-01,128.49403437,129.71040732,125.44859691,128.845431,12037281.0
2024-07-02,128.19669876,132.04404135,127.50291567,129.73743783,11080352.0
2024-07-03,129.8365497,131.24213622,127.56598686,128.49403437,7411027.0
2024-07-04,128.3949225,129.19682763,125.70088167,125.70088167,8081792.0
2024-07-05,125.34047487,126.49377663,122.46623064,123.77270529,8391987.0
2024-07-08,123.439329,123.77270529,120.45696273,121.01559327,8128816.0
2024-07-09,121.0065831,123.3492273,119.39376267,122.49326115,10382736.0
2024-07-10,121.65531534,123.68260359,119.835261,120.2857695,9332737.0
2024-07-11,121.637295,125.4215664,120.98856276,123.30417645,12913766.0
2024-07-12,123.3492273,124.27727481,121.4570916,123.33120696,10943936.0
2024-07-15,122.3581086,125.22334266,122.04275265,124.6106511,8059207.0
2024-07-16,124.340346,125.03412909,122.9888205,123.95290869,8052871.0
2024-07-17,123.7997358,127.944414,123.21407475,127.51192584,11459169.0
2024-07-18,127.4939055,130.02576327,126.60189867,128.7553293,10992666.0
2024-07-19,128.14263774,132.54861087,127.4038038,132.43147866,10743292.0
2024-07-22,132.449499,133.11625158,128.19669876,128.2147191,10666854.0
2024-07-23,127.8543123,128.845431,122.03374248,122.03374248,12454860.0
2024-07-24,121.59224415,123.33120696,120.04249491,120.71825766,9110998.0
2024-07-25,119.94338304,121.53818313,117.4025151,118.53779652,11499191.0
2024-07-26,118.51076601,120.24972882,116.231193,116.97903711,11522174.0
2024-07-29,117.03309813,117.52865748,113.528142,113.73537591,10746206.0
2024-07-30,112.627125,113.23080639,111.01430457,112.92446061,10665891.0
2024-07-31,112.88841993,118.3035321,111.23054865,117.72688122,14191851.0
2024-08-01,117.97916598,117.97916598,112.43791143,112.43791143,13410805.0
2024-08-02,111.03232491,113.32991826,111.03232491,111.14044695,8130939.0
2024-08-05,111.05034525,117.30340323,110.825091,114.2489556,16565741.0
2024-08-06,115.24908447,116.60962014,113.41100979,114.33004713,8952838.0
2024-08-07,113.528142,115.59147093,112.8974301,114.66342342,7862813.0
2024-08-08,113.9786505,118.934244,113.7083454,116.74477269,12577204.0
2024-08-09,118.17738972,119.81724066,116.36634555,116.36634555,8282825.0
2024-08-12,115.69959297,117.63677952,115.37522685,116.28525402,6332656.0
2024-08-13,116.12307096,116.231193,113.80745727,114.5192607,6644347.0
2024-08-14,114.5192607,114.77154546,112.41989109,112.8073284,5213142.0
2024-08-15,112.56405381,115.05086073,112.2667182,114.01469118,7180085.0
2024-08-16,113.84349795,113.85250812,112.57306398,112.85237925,6150454.0
2024-08-19,113.3479386,116.45644725,112.42890126,112.42890126,8893606.0
2024-08-20,112.54603347,113.0776335,111.3657012,111.59095545,5778169.0
2024-08-21,111.70808766,112.05948429,110.68092828,110.95123338,5812649.0
2024-08-22,110.9151927,111.25757916,108.42838578,110.3745825,12333557.0
2024-08-23,110.3745957,112.62733083,110.3745957,111.42084507,8012162.0
2024-08-26,111.5999328,113.09861433,110.76104817,111.72246651,5882754.0
2024-08-27,111.222906,112.5424998,109.78077849,111.92983125,5223446.0
2024-08-28,110.69506848,111.06266961,104.86057875,106.45351698,16501518.0
2024-08-29,106.23672657,109.8090555,105.567504,108.65912376,11544537.0
2024-08-30,107.78253645,114.38993112,106.58547636,112.42939176,16309388.0
2024-09-02,109.337772,109.337772,106.0387875,106.0387875,16404147.0
2024-09-03,107.3583813,108.61199541,106.10476719,107.66942841,9071580.0
2024-09-04,107.82023913,109.28121798,106.16132121,106.21787523,6733833.0
2024-09-05,106.0387875,107.10388821,105.77486874,106.8870978,5006785.0
2024-09-06,106.94365182,107.04733419,104.20078185,104.2479102,6750540.0
2024-09-09,102.98487042,103.22993784,101.0431824,101.7029793,9309617.0
2024-09-10,101.7029793,102.85291104,100.4776422,101.03375673,7824236.0
2024-09-11,100.3833855,101.44848621,99.7235886,99.84612231,8205586.0
2024-09-12,99.84612231,100.1948721,96.64139451,96.7073742,13941480.0
2024-09-13,96.6131175,97.1786577,95.0107536,95.02960494,13941584.0
2024-09-18,94.5394701,95.32180071,93.26700465,94.27555134,11815724.0
2024-09-19,94.70913216,98.46997449,93.23872764,95.6705505,17948051.0
2024-09-20,95.199267,95.9533206,94.23784866,95.54801679,9624766.0
2024-09-23,95.54801679,98.7810216,95.54801679,96.47173245,11036004.0
2024-09-24,98.39456913,104.624937,96.40575276,104.26676154,25513672.0
2024-09-25,106.7928411,110.68564281,106.00108482,106.01051049,25286986.0
2024-09-26,107.23584759,116.61438924,106.510071,116.61438924,33127300.0
2024-09-27,124.39056699,128.27394303,122.53371,128.27394303,38203545.0
2024-09-30,141.1022799,141.1022799,136.672215,141.1022799,31658417.0
2024-10-08,155.21250789,155.21250789,141.1965366,149.868153,63281173.0
2024-10-09,143.270184,144.212751,134.8813377,134.8813377,45385953.0
2024-10-10,134.0330274,144.9668046,134.0330274,138.83069343,34967724.0
2024-10-11,135.73907367,139.17001755,131.26188042,133.26012246,18996266.0
2024-10-14,133.26012246,134.55143925,128.8489089,133.0904604,22751059.0
2024-10-15,133.0904604,133.09988607,126.4924914,126.67157913,23013472.0
2024-10-16,124.418844,130.27218507,124.23975627,127.23711933,17861507.0
2024-10-17,128.50015911,128.89603725,123.55168236,123.65536473,13119687.0
2024-10-18,122.59026402,130.34759043,120.86536641,127.47276108,27618586.0
2024-10-21,127.02975459,128.14198365,124.30573596,126.50191707,20400856.0
2024-10-22,126.57732243,130.074246,126.13431594,129.34846941,18535953.0
2024-10-23,130.05539466,134.20268946,127.97232159,132.07248804,21210019.0
2024-10-24,131.016813,131.016813,127.7178285,127.84978788,11259632.0
2024-10-25,127.246545,131.33728578,127.246545,128.77350354,11189527.0
2024-10-28,131.016813,135.729648,128.52843612,134.44775688,26045310.0
2024-10-29,133.16586576,139.6884294,131.7708666,131.95938,23408902.0
2024-10-30,129.40502343,132.7134336,128.189112,128.95259127,12523301.0
2024-10-31,128.19853767,130.2627594,125.80441749,127.72725417,17676653.0
2024-11-01,127.23711933,131.4880965,126.4924914,128.68867251,16284065.0
2024-11-04,129.58411116,129.84802992,127.18999098,129.4144491,13245896.0
2024-11-05,129.131679,133.01505504,128.189112,133.01505504,18439714.0
2024-11-06,132.901947,133.844514,130.46069847,131.8651233,15475954.0
2024-11-07,131.02623867,145.05163563,130.89427929,145.05163563,37394855.0
2024-11-08,146.097885,147.040452,141.13055691,142.327617,30631107.0
2024-11-11,139.499916,140.442483,135.3526212,139.5941727,23607510.0
2024-11-12,139.64130105,142.68579246,137.31316056,138.2745789,20081318.0
2024-11-13,137.05866747,139.19829456,136.3894449,137.51109963,13546499.0
2024-11-14,136.672215,138.557349,135.72022233,136.30461387,15178644.0
2024-11-15,136.30461387,139.499916,134.5043109,135.8239047,16915818.0
2024-11-18,135.81447903,137.21890386,132.65687958,134.47603389,15618163.0
2024-11-19,135.24893883,135.55998594,130.074246,133.54289256,13723759.0
2024-11-20,132.98677803,134.81535801,132.13846773,134.28752049,9416792.0
2024-11-21,133.76910864,134.95674306,132.64745391,133.54289256,7631638.0
2024-11-22,133.50518988,133.844514,128.35877406,128.46245643,11876596.0
2024-11-25,128.43417942,130.30988775,127.42563273,129.01857096,9881632.0
2024-11-26,128.19853767,130.90370496,127.246545,129.00914529,8314489.0
2024-11-27,128.31164571,131.78971794,127.246545,130.89427929,9932129.0
2024-11-28,130.8282996,130.8282996,128.17968633,128.32107138,7948857.0
2024-11-29,128.65096983,133.38265617,128.5661388,130.76231991,13763029.0
2024-12-02,130.59265785,132.4306635,128.99971962,131.03566434,11169728.0
2024-12-03,130.9225563,130.9225563,128.9431656,130.24390806,8408421.0
2024-12-04,130.074246,130.71519156,128.45303076,129.2259357,8357038.0
2024-12-05,128.6603955,129.20708436,127.9063419,128.4718821,7008900.0
2024-12-06,128.2833687,131.1110697,128.189112,130.27218507,10118492.0
2024-12-09,130.2627594,132.19502175,128.95259127,129.96113796,9184620.0
2024-12-10,139.38680796,141.38505,132.901947,133.55231823,33915376.0
2024-12-11,132.4306635,135.8239047,132.39296082,133.1847171,15351492.0
2024-12-12,132.901947,137.3320119,132.20444742,136.58738397,18159864.0
2024-12-13,134.787081,134.89076337,129.81975291,129.87630693,21362888.0
2024-12-16,129.90458394,129.92343528,124.33401297,124.9843842,21151916.0
2024-12-17,125.22002595,126.23799831,124.11722256,124.418844,11912011.0
2024-12-18,124.7016141,125.32370832,123.476277,123.9475605,9289535.0
2024-12-19,122.7222234,123.12752721,121.53458898,122.50543299,11995399.0
2024-12-20,122.53371,123.15580422,121.23296754,122.83533144,9595491.0
2024-12-23,122.53371,123.56110803,121.69482537,122.30749392,9470600.0
2024-12-24,122.40175062,122.71279773,121.3083729,122.64681804,9024317.0
2024-12-25,123.05212185,123.06154752,121.9681698,122.10955485,7222381.0
2024-12-26,122.29806825,122.52428433,121.60056867,121.86448743,6460173.0
2024-12-27,122.01529815,123.0049935,121.19526486,122.10955485,8157152.0
2024-12-30,121.81735908,122.60911536,119.06506344,119.57404962,14711655.0
2024-12-31,119.706009,121.44975795,117.96226005,118.0093884,11721767.0
2025-01-02,118.0093884,118.37698953,113.5793235,114.09773535,14946398.0
2025-01-03,114.03175566,115.32307245,112.03351362,112.86297258,11343916.0
2025-01-06,111.27003435,111.6941895,108.37635366,108.6779751,17729562.0
2025-01-07,108.97017087,109.45088004,107.82023913,109.38490035,9819438.0
2025-01-08,109.08327891,110.69506848,107.68827975,108.97017087,11938513.0
2025-01-09,109.17753561,111.35486538,108.02760387,109.27179231,9558611.0
2025-01-10,108.97959654,109.13040726,106.83054378,106.83054378,7729478.0
2025-01-13,105.567504,109.7147988,105.53922699,109.61111643,12574333.0
2025-01-14,109.6205421,114.050607,109.6205421,113.56047216,14716279.0
2025-01-15,113.09861433,113.4850668,112.03351362,112.36341207,7092818.0
2025-01-16,112.86297258,113.56047216,110.16723096,111.21348033,7837196.0
2025-01-17,110.7516225,113.36253309,110.48770374,111.8827029,7545791.0
2025-01-20,112.43881743,114.1448637,111.98638527,112.33513506,8825968.0
2025-01-21,113.16459402,113.16459402,110.9401359,111.5056761,6653920.0
2025-01-22,111.00611559,111.00611559,109.0550019,109.79962983,8029318.0
2025-01-23,110.7516225,111.51510177,109.46030571,109.84675818,8459461.0
2025-01-24,109.84670528,110.87669696,109.20772896,109.55105952,8500157.0
2025-01-27,109.56059648,110.7717904,109.2458768,110.1995728,7507490.0
2025-02-05,110.2472576,110.55244032,107.44339136,108.54014176,7704719.0
2025-02-06,108.23495904,109.67504,107.9583872,108.959768,7702120.0
2025-02-07,108.721344,111.2486384,108.08236768,110.151888,11616319.0
2025-02-10,110.54290336,110.88623392,109.60828128,110.35216416,7677833.0
2025-02-11,110.5810512,111.0578992,108.41616128,108.98837888,8184639.0
2025-02-12,108.9120832,110.61919904,108.55921568,110.60966208,7775887.0
2025-02-13,110.628736,116.22693152,110.2472576,114.8726832,23373329.0
2025-02-14,114.3481504,114.920368,113.49936096,114.31000256,9459653.0
2025-02-17,114.33861344,116.47489248,114.2527808,114.91083104,9604671.0
2025-02-18,114.65333312,115.874064,113.02251296,113.28001088,8846745.0
2025-02-19,113.28001088,113.966672,112.21187136,113.489824,7401627.0
2025-02-20,112.9176064,114.03343072,112.4407584,112.536128,6342073.0
2025-02-21,112.9652912,114.8726832,112.55520192,113.56611968,11507032.0
2025-02-24,113.56611968,117.99126912,113.2990848,116.2078576,17295187.0
2025-02-25,115.4925856,115.74054656,113.966672,114.3481504,8056661.0
2025-02-26,114.07157856,116.16970976,112.65057152,115.95035968,10932675.0
2025-02-27,115.5879552,122.06355104,115.2064768,121.86327488,28453938.0
2025-02-28,121.119392,124.0758496,120.34689824,120.60439616,17523547.0
2025-03-03,120.60439616,124.1712192,118.5920976,119.212,11404355.0
2025-03-04,118.3536736,119.20246304,116.5416512,117.76238208,8346613.0
2025-03-05,117.8291408,118.50626496,116.62748384,118.00080608,7712116.0
2025-03-06,118.258304,120.642544,116.88498176,120.33736128,9968818.0
2025-03-07,119.70792192,126.36472,119.22153696,125.32519136,21551039.0
2025-03-10,125.32519136,126.63175488,123.81835168,126.00231552,11591899.0
2025-03-11,124.934176,130.656352,124.1235344,130.49422368,20269463.0
2025-03-12,130.48468672,131.73402848,128.38655552,129.49284288,12472777.0
2025-03-13,129.26395584,131.72449152,128.74896,128.99692096,9057499.0
2025-03-14,130.656352,138.762768,130.52283456,136.96028256,28768424.0
2025-03-17,138.0951808,139.92627712,134.8526144,136.32130624,19066501.0
2025-03-18,136.60741504,136.9507456,134.05150976,136.73139552,11045871.0
2025-03-19,135.90168,136.63602592,131.4193088,132.58281792,17924444.0
2025-03-20,131.610048,132.36346784,128.6535904,128.90155136,13324453.0
2025-03-21,128.20535328,131.07597824,124.62899328,124.62899328,14683607.0
2025-03-24,125.3633392,127.30887904,123.90418432,126.603144,12375106.0
2025-03-25,126.61268096,126.841568,124.46686496,125.48731968,8309676.0
2025-03-26,125.411024,127.0323072,125.13445216,125.99277856,6419199.0
2025-03-27,125.72574368,128.30072288,124.81973248,127.90970752,7732756.0
2025-03-28,127.94785536,128.3674816,125.53500448,126.1739808,6700212.0
2025-03-31,126.1739808,126.1739808,123.15076448,123.71344512,9044328.0
2025-04-01,123.71344512,125.6017632,123.28428192,124.82926944,5435270.0
2025-04-02,124.47640192,125.8401872,123.41779936,123.70390816,5768268.0
2025-04-03,122.23521632,126.82249408,122.14938368,126.44101568,8646909.0
2025-04-07,121.4055008,123.66576032,115.2064768,119.74606976,19007423.0
2025-04-08,119.688848,123.2175232,119.4981088,123.026784,14687467.0
2025-04-09,121.6439248,126.36472,121.28152032,125.57315232,12679511.0
2025-04-10,126.53638528,127.318416,123.72298208,126.6508288,9945993.0
2025-04-11,125.80203936,126.53638528,122.4545664,124.14260832,11423449.0
2025-04-14,123.99001696,125.76389152,123.00771008,123.47502112,8376681.0
2025-04-15,123.026784,124.70528896,122.65484256,124.18075616,6460269.0
2025-04-16,123.9327952,125.29658048,123.1221536,124.934176,6607019.0
2025-04-17,124.39056928,127.1276768,123.8851104,126.20259168,8068659.0
2025-04-18,126.0786112,126.95601152,124.934176,125.6971328,5344236.0
2025-04-21,125.48731968,125.5540784,123.15076448,123.5990016,8084330.0
2025-04-22,123.32242976,124.29519968,121.98725536,123.16030144,8077469.0
2025-04-23,123.30335584,123.742056,122.073088,122.6929904,6976609.0
2025-04-24,122.6453056,122.8360448,120.65208096,120.6902288,8419231.0
2025-04-25,120.165696,121.63438784,119.22153696,119.55533056,7813031.0
2025-04-28,119.55533056,121.98725536,119.50764576,119.7842176,7899515.0
2025-04-29,119.09755648,119.48857184,117.4953472,117.8768256,8002169.0
2025-04-30,117.91497344,119.38366528,117.74330816,118.01034304,5804209.0
2025-05-06,118.13432352,119.84143936,117.781456,119.66023712,6655137.0
2025-05-07,120.67115488,121.96818144,119.69838496,120.04171552,6533192.0
2025-05-08,119.38366528,122.38780768,118.56348672,121.29105728,6790272.0
2025-05-09,120.82374624,121.00494848,120.165696,120.50902656,4089982.0
2025-05-12,120.81420928,121.3101312,119.9749568,120.72837664,5825960.0
2025-05-13,121.27198336,121.27198336,120.0703264,120.165696,4992654.0
2025-05-14,120.165696,125.6017632,119.55533056,124.11399744,14811002.0
2025-05-15,123.4082624,125.35380224,122.29243808,122.34965984,6572902.0
2025-05-16,122.08262496,122.54039904,119.96541984,120.44226784,6655706.0
2025-05-19,117.57164288,118.63024544,116.83729696,117.28553408,13275845.0
2025-05-20,117.09479488,117.47627328,115.95989664,116.98988832,7618359.0
2025-05-21,117.00896224,117.67654944,116.86590784,117.00896224,5774194.0
2025-05-22,117.0184992,117.19016448,116.2555424,116.4462816,6158770.0
2025-05-23,116.26507936,117.4476624,115.98850752,116.19832064,5725861.0
2025-05-26,115.874064,116.24600544,113.7759328,113.97620896,9716283.0
2025-05-27,113.88083936,114.80592448,113.2990848,113.66148928,6096410.0
2025-05-28,113.6805632,113.95713504,112.92714336,113.489824,5902907.0
2025-05-29,113.49936096,113.97620896,112.7268672,113.57565664,6133079.0
2025-05-30,113.16556736,113.38491744,111.2009536,111.50613632,11247530.0
2025-06-03,110.63827296,110.69549472,109.5796704,110.0565184,11254024.0
2025-06-04,115.36,116.0,114.58,114.99,8955388.0
2025-06-05,115.0,116.4,115.0,116.25,8063374.0
2025-06-06,116.25,116.95,115.8,116.14,6849326.0
2025-06-09,115.81,116.89,115.4,116.25,7539407.0
2025-06-10,116.24,116.24,114.53,115.28,11626036.0
2025-06-11,115.1,116.38,115.1,115.18,8678323.0
2025-06-12,115.0,115.0,113.13,113.17,16566381.0
2025-06-13,112.05,112.44,108.48,109.08,21226937.0
2025-06-16,107.61,109.2,106.75,108.8,15101436.0
2025-06-17,108.66,110.48,108.1,109.98,10087128.0
2025-06-18,111.7,112.0,109.93,110.32,11154869.0
2025-06-19,109.99,111.98,109.98,111.01,11736260.0
2025-06-20,111.01,114.68,111.01,114.1,17573822.0
2025-06-23,112.8,114.4,111.68,113.76,8797145.0
2025-06-24,113.81,114.76,113.46,114.23,7392221.0
2025-06-25,114.23,115.28,112.72,113.7,9476505.0
2025-06-26,113.73,114.4,113.15,113.89,6536483.0
2025-06-27,113.22,113.73,112.8,112.82,7530734.0
2025-06-30,112.95,113.7,111.88,113.4,9250534.0
2025-07-01,113.01,113.19,112.2,112.5,6346328.0
2025-07-02,112.5,114.25,112.5,112.8,9388593.0
2025-07-03,112.81,113.92,112.42,112.9,6967431.0
2025-07-04,112.6,114.37,112.5,113.93,8534074.0
2025-07-07,113.93,114.27,113.05,113.23,6312691.0
2025-07-08,113.05,114.06,112.8,114.0,7544394.0
2025-07-09,113.9,115.67,113.66,114.36,10173927.0
2025-07-10,114.1,116.89,113.8,116.66,12748565.0
2025-07-11,115.89,119.58,115.88,119.1,18551460.0
2025-07-14,118.5,120.55,117.96,119.97,10903174.0
2025-07-15,118.82,119.78,118.36,118.95,9361363.0
2025-07-16,118.7,121.54,118.59,120.69,8893021.0
2025-07-17,120.11,121.5,119.48,120.65,8205666.0
2025-07-18,120.66,125.88,120.14,124.8,17373392.0
2025-07-21,124.5,125.01,123.35,123.75,8426000.0
2025-07-22,123.73,129.66,123.73,129.38,16783030.0
2025-07-23,129.38,130.75,128.0,128.38,11075931.0
2025-07-24,128.39,128.58,127.0,128.19,8364228.0
2025-07-25,128.2,128.39,124.0,124.83,12016007.0
2025-07-28,124.6,124.99,122.39,124.04,11167554.0
2025-07-29,123.88,124.61,122.69,124.3,7359086.0
2025-07-30,124.3,128.13,124.3,127.09,13282781.0
2025-07-31,126.63,126.63,122.7,122.9,11087839.0
2025-08-01,122.7,123.28,121.77,123.06,6948094.0
2025-08-04,123.3,124.3,122.62,124.05,5902249.0
2025-08-05,124.09,127.49,124.08,127.01,9419227.0
2025-08-06,126.86,127.99,126.28,127.58,5604391.0
2025-08-07,127.18,129.49,127.18,128.4,9411529.0
2025-08-08,123.86,123.86,120.88,122.15,8089915.0
2025-08-11,122.22,126.2,122.22,126.08,11393331.0
2025-08-12,126.08,130.69,125.02,125.43,17352522.0
2025-08-13,125.4,126.61,124.01,125.76,9070610.0
2025-08-14,125.76,127.63,124.53,124.68,8695593.0
2025-08-15,123.9,125.19,123.16,124.7,8648937.0
2025-08-18,124.66,126.11,124.2,124.83,10087155.0
2025-08-19,124.8,128.57,124.25,126.4,15026308.0
2025-08-20,125.7,132.5,125.68,130.31,22875087.0
2025-08-21,130.45,131.92,129.28,129.65,10027039.0
2025-08-22,129.64,130.8,128.77,130.69,8999500.0
2025-08-25,132.5,139.0,131.6,138.99,21462428.0
2025-08-26,138.0,143.0,136.82,140.83,17817766.0
2025-08-27,139.8,139.82,133.22,133.82,20028507.0
2025-08-28,132.8,134.66,130.5,133.72,12374958.0
2025-08-29,133.94,138.58,133.9,137.19,14416288.0
2025-09-01,136.0,137.14,134.2,135.85,11846641.0
2025-09-02,135.75,141.08,135.28,137.05,16285276.0
2025-09-03,137.47,140.8,134.01,135.59,10301298.0
2025-09-04,135.0,135.63,132.2,134.09,9682423.0
2025-09-05,134.08,136.23,132.51,135.9,8191939.0
2025-09-08,136.0,140.0,135.43,139.88,14216539.0
2025-09-09,139.41,140.56,137.6,140.31,9628793.0
2025-09-10,140.3,142.37,137.72,139.58,12466650.0
2025-09-11,139.0,140.89,138.3,140.46,9278869.0
2025-09-12,140.46,144.28,138.9,139.0,10655893.0
2025-09-15,138.39,139.8,137.7,139.1,7059268.0
2025-09-16,139.18,139.46,136.9,138.45,6103958.0
2025-09-17,138.0,139.1,136.37,137.0,6988721.0
2025-09-18,137.05,137.58,132.52,133.7,11694985.0
2025-09-19,133.0,135.28,131.95,134.85,8542139.0
2025-09-22,134.5,135.08,131.88,133.58,8094116.0
2025-09-23,133.57,134.47,132.0,132.61,6126806.0
2025-09-24,132.21,133.0,131.32,131.91,6262095.0
2025-09-25,131.85,132.18,129.44,129.46,9712219.0
2025-09-26,128.83,129.3,126.81,127.58,12710627.0
2025-09-29,128.82,133.77,128.0,133.06,16023345.0
2025-09-30,132.15,133.7,130.05,131.92,10255238.0
2025-10-09,130.02,130.73,127.06,129.86,12487311.0
2025-10-10,129.35,130.65,128.6,128.87,7950076.0
2025-10-13,127.0,128.0,126.7,127.3,7787267.0
2025-10-14,128.0,133.66,126.95,132.65,18560169.0
2025-10-15,131.7,135.74,131.46,134.62,11413077.0
2025-10-16,133.8,137.3,133.8,137.05,10630292.0
2025-10-17,136.55,137.64,134.85,135.0,7875320.0
2025-10-20,135.0,135.08,132.5,133.15,8147329.0
2025-10-21,133.0,136.29,132.58,134.21,7826160.0
2025-10-22,133.95,136.29,133.51,134.67,5622342.0
2025-10-23,133.98,136.8,133.28,136.58,7774581.0
2025-10-24,136.0,136.31,129.9,130.24,15693033.0
2025-10-27,129.0,131.3,128.6,129.4,9415683.0
2025-10-28,129.39,132.73,129.35,130.49,7159421.0
2025-10-29,130.4,130.89,128.89,129.87,5785212.0
2025-10-30,129.5,132.18,129.0,129.88,7914413.0
2025-10-31,130.33,136.9,130.33,134.54,19063560.0
2025-11-03,133.98,136.55,132.32,135.04,9952938.0
2025-11-04,135.03,135.1,132.19,133.1,6796659.0
2025-11-05,132.0,134.68,131.46,132.17,6164267.0
2025-11-06,133.4,134.5,131.66,131.9,6784954.0
2025-11-07,131.45,133.22,131.4,131.65,5388745.0
2025-11-10,131.65,143.57,131.1,142.49,28469814.0
2025-11-11,141.0,142.42,138.45,141.64,16129169.0
2025-11-12,141.49,143.8,141.0,141.87,10080933.0
2025-11-13,141.66,144.98,140.24,143.32,11411556.0
2025-11-14,142.9,145.88,139.61,139.62,9474533.0
2025-11-17,139.1,141.17,138.47,140.0,7802610.0
2025-11-18,139.94,142.53,138.9,139.75,7871781.0
2025-11-19,139.02,139.96,136.73,137.14,7977921.0
2025-11-20,137.43,139.21,136.56,136.85,5630106.0
2025-11-21,136.0,138.89,133.89,134.2,10177131.0
2025-11-24,134.7,136.0,132.41,132.92,8916136.0
2025-11-25,132.92,133.94,132.01,133.59,7183720.0
2025-11-26,133.59,135.3,133.5,134.93,6171939.0
2025-11-27,135.14,136.1,133.86,135.01,6153900.0
2025-11-28,135.02,136.48,134.21,135.88,5609216.0
2025-12-01,136.0,138.36,134.55,135.76,6305216.0
2025-12-02,135.0,136.17,133.69,133.69,4661914.0
2025-12-03,134.0,134.08,132.0,132.7,4813797.0
2025-12-04,132.42,132.79,126.96,127.71,14035050.0
2025-12-05,127.68,128.66,127.0,128.35,5555184.0
2025-12-08,127.6,128.29,125.0,125.38,11742648.0
2025-12-09,125.0,125.06,121.1,122.12,12711894.0
2025-12-10,121.61,123.29,120.01,122.62,8299471.0
2025-12-11,122.6,123.5,121.36,121.4,5169935.0
2025-12-12,122.15,124.46,121.21,122.98,12879574.0
2025-12-15,124.47,125.68,122.75,122.81,9519384.0
2025-12-16,122.02,123.22,121.66,122.86,5232686.0
2025-12-17,122.58,123.21,120.75,122.11,7840578.0
2025-12-18,121.9,122.85,121.5,121.97,5105821.0
2025-12-19,121.97,122.52,121.35,122.09,6712305.0
2025-12-22,121.69,123.1,121.14,121.33,8054542.0
2025-12-23,121.19,121.32,119.51,120.4,7193371.0
2025-12-24,120.12,120.38,119.31,119.94,5259257.0
2025-12-25,119.49,122.12,119.49,120.72,8192097.0
2025-12-26,120.01,120.75,119.15,119.39,7343791.0
2025-12-29,119.25,119.25,117.0,117.21,9890591.0
2025-12-30,117.17,118.1,116.7,117.85,5283200.0
2025-12-31,117.53,117.84,116.1,116.22,5839418.0
2026-01-05,116.22,118.38,116.22,118.0,8781463.0
2026-01-06,118.0,118.66,116.69,118.62,10974756.0
2026-01-07,118.65,118.8,116.84,117.12,9367641.0
2026-01-08,117.08,117.38,115.52,116.59,7233119.0
2026-01-09,117.58,118.57,116.3,116.86,8651180.0
2026-01-12,116.87,120.11,116.8,119.29,12964117.0
2026-01-13,119.29,120.48,117.64,118.0,12514426.0
2026-01-14,117.22,119.44,115.85,116.86,13697485.0
2026-01-15,115.1,117.16,115.01,115.36,8774097.0
2026-01-16,115.55,115.99,113.73,114.28,9085101.0
2026-01-19,114.07,114.6,113.3,113.59,7283334.0
2026-01-20,113.4,116.85,112.95,116.26,15007920.0
2026-01-21,115.61,115.98,113.11,113.18,10695898.0
2026-01-22,113.33,114.14,112.22,112.35,8235413.0
2026-01-23,112.35,113.58,111.91,112.04,8429404.0
2026-01-26,112.06,113.09,109.4,112.43,16092518.0
2026-01-27,112.6,113.47,110.36,112.36,12121972.0
2026-01-28,112.0,114.5,111.55,112.94,13800938.0
2026-01-29,113.58,124.23,113.1,124.23,38936289.0
2026-01-30,123.17,124.79,120.62,120.9,31515526.0
2026-02-02,119.18,126.36,118.96,122.0,26849892.0
2026-02-03,120.94,124.27,120.35,122.3,14273630.0
2026-02-04,121.52,127.37,121.0,126.3,22480045.0
2026-02-05,125.4,127.91,125.05,125.46,15871076.0
2026-02-06,125.49,126.78,122.41,122.83,12251527.0
2026-02-09,122.88,123.42,120.21,121.29,14698272.0
2026-02-10,121.0,121.0,117.6,118.19,12866212.0
2026-02-11,118.18,118.74,117.0,117.94,8572875.0
2026-02-12,117.55,117.94,115.57,115.62,9332215.0
2026-02-13,116.01,117.52,115.11,116.25,9280111.0
2026-02-24,116.85,117.52,112.48,112.5,12607302.0
2026-02-25,112.78,113.77,112.6,112.92,8764349.0
2026-02-26,112.55,112.92,110.44,111.0,10440141.0
2026-02-27,111.04,111.49,110.35,110.5,6481263.0
2026-03-02,108.98,110.18,107.6,108.17,10817375.0
2026-03-03,107.89,110.4,106.81,107.5,12431724.0
2026-03-04,106.81,106.81,103.0,103.64,15604436.0
2026-03-05,104.3,104.89,103.43,103.93,6285320.0
2026-03-06,103.44,106.2,103.21,105.98,8045189.0
2026-03-09,104.4,105.81,104.03,105.01,6622794.0
2026-03-10,105.52,105.95,104.85,105.07,6033692.0
2026-03-11,105.08,105.18,104.06,104.8,7111309.0
2026-03-12,104.75,105.76,103.89,105.18,7422666.0
2026-03-13,104.7,108.79,104.62,107.86,13109496.0
2026-03-16,107.5,110.33,107.2,108.62,11696323.0
2026-03-17,108.08,110.18,107.7,108.13,8206227.0
2026-03-18,108.0,108.41,106.16,106.85,5697700.0
2026-03-19,106.0,106.8,105.13,105.4,4917486.0
2026-03-20,105.55,106.78,104.85,105.2,5104025.0
2026-03-23,104.0,104.15,102.04,102.44,8641529.0
2026-03-24,103.64,103.8,101.88,103.39,5401255.0
2026-03-25,103.65,103.88,103.0,103.84,5071209.0
2026-03-26,103.5,104.38,101.78,101.9,7355226.0
2026-03-27,101.4,104.44,101.2,103.78,7647566.0
2026-03-30,103.0,106.23,102.56,105.3,8062033.0
2026-03-31,107.35,108.5,104.6,104.68,8996592.0
2026-04-01,105.81,107.3,104.0,106.26,6659368.0
2026-04-02,105.49,106.89,105.22,105.96,4483582.0
2026-04-03,105.9,106.5,104.1,104.27,4346404.0
2026-04-07,104.27,104.9,102.78,103.49,4472673.0
2026-04-08,104.58,105.03,104.01,105.03,5664161.0
2026-04-09,104.3,104.78,102.56,102.8,7059079.0
2026-04-10,103.49,103.49,102.2,102.51,8540755.0
2026-04-13,102.0,102.54,101.38,102.43,5596485.0
2026-04-14,102.47,103.31,101.6,103.21,7605750.0
2026-04-15,103.21,103.81,102.2,103.09,7303144.0
2026-04-16,102.77,103.56,102.45,103.05,5950877.0
2026-04-17,101.0,101.5,100.56,101.2,9256034.0
2026-04-20,101.0,101.33,100.2,100.65,7721370.0
2026-04-21,100.5,101.12,100.4,100.61,4455793.0
2026-04-22,100.63,100.63,99.72,100.24,8120880.0
2026-04-23,100.5,103.16,100.48,101.85,11547755.0
2026-04-24,100.9,103.55,100.25,102.63,10851242.0
2026-04-27,101.5,101.87,100.2,100.35,7379413.0
2026-04-28,100.37,101.37,99.8,100.2,6718251.0
2026-04-29,100.5,103.0,100.38,101.73,12244425.0
2026-04-30,101.34,102.1,100.03,100.1,8984439.0
2026-05-06,97.0,98.4,95.5,98.33,19221474.0
2026-05-07,98.28,100.35,98.0,99.05,11076146.0
2026-05-08,98.99,99.02,97.5,97.53,6855470.0
2026-05-11,97.45,98.33,96.3,96.91,9919793.0
2026-05-12,96.81,96.9,94.3,94.78,13876336.0
2026-05-13,94.79,95.18,92.22,92.7,11837384.0
2026-05-14,92.63,96.19,92.32,94.35,15180601.0
2026-05-15,92.8,93.2,90.75,91.0,13697805.0
2026-05-18,91.0,91.49,89.89,89.97,8217133.0
2026-05-19,90.12,92.4,90.12,90.33,9012175.0
2026-05-20,90.15,93.3,90.03,92.2,12216917.0
2026-05-21,92.0,93.88,91.21,91.42,9684505.0
2026-05-22,91.41,91.97,89.69,90.02,7819870.0
2026-05-25,89.41,93.5,88.88,91.85,13688897.0
2026-05-26,91.27,93.25,90.25,90.78,10925094.0
2026-05-27,90.48,93.7,88.3,91.98,20886922.0
2026-05-28,90.09,90.86,88.99,89.02,11249442.0
2026-05-29,88.61,92.38,88.56,91.04,20103081.0
2026-06-01,90.91,91.38,89.4,90.4,14082175.0
2026-06-02,89.6,90.83,88.31,88.5,14551383.0
2026-06-03,88.13,88.53,86.36,87.55,11904758.0
2026-06-04,87.4,88.33,86.6,86.6,7355230.0
2026-06-05,87.04,88.18,86.44,86.88,7387256.0
2026-06-08,86.6,87.4,84.51,84.56,10597993.0
2026-06-09,84.48,84.9,83.5,84.45,7777673.0
2026-06-10,84.38,86.68,84.03,85.41,12827655.0
2026-06-11,84.51,85.98,84.36,85.48,9364052.0
2026-06-12,85.04,86.56,84.56,85.0,14193939.0
2026-06-15,85.12,85.78,84.29,84.68,11095913.0
2026-06-16,84.34,84.63,82.72,83.28,13330254.0
2026-06-17,83.01,83.48,81.89,82.94,9411958.0
2026-06-18,82.56,82.75,80.5,80.93,11627889.0
2026-06-22,80.08,82.48,79.24,81.27,18012986.0
2026-06-23,80.71,82.3,78.65,78.87,16472770.0
2026-06-24,78.7,79.55,76.85,76.87,13564854.0
2026-06-25,76.46,79.66,76.25,78.38,17496339.0
2026-06-26,78.31,79.24,75.2,75.2,14726302.0
2026-06-29,75.0,77.26,73.37,76.21,19381760.0
2026-06-30,75.52,78.28,75.1,77.52,17023996.0
2026-07-01,77.21,78.6,76.41,77.98,12543119.0
2026-07-02,77.92,79.11,76.88,77.17,11576166.0
2026-07-03,77.45,78.56,76.6,77.2,10450460.0
2026-07-06,77.02,79.05,76.62,78.23,13435869.0
2026-07-07,78.0,78.66,76.09,76.2,8981956.0
2026-07-08,76.15,77.12,75.51,76.41,9154055.0
2026-07-09,76.08,76.4,74.61,74.91,10642537.0
2026-07-10,75.0,78.21,74.03,78.18,19818522.0
2026-07-13,77.18,77.48,76.06,76.75,11485515.0
2026-07-14,76.8,77.98,76.35,77.65,10860609.0
2026-07-15,76.81,83.61,76.11,83.12,26563633.0
2026-07-16,83.11,85.07,82.66,84.18,19022649.0
2026-07-17,84.16,85.62,81.95,82.46,19096481.0
2026-07-20,83.5,88.43,83.5,87.68,29396119.0
2026-07-21,86.6,88.46,84.45,85.22,29316388.0
2026-07-22,84.6,86.85,83.1,86.8,17887439.0
2026-07-23,85.86,86.38,84.36,85.13,11186059.0
2026-07-24,84.58,85.66,83.0,83.01,9752307.0
2026-07-27,83.56,84.65,82.91,83.73,8174161.0
2026-07-28,84.02,87.05,83.63,87.0,16608799.0
2026-07-29,87.0,89.5,86.55,88.23,17843501.0
2026-07-30,88.23,92.21,87.95,90.54,19763082.0
2026-07-31,87.88,91.15,87.51,90.93,15134638.0
2026-08-03,90.4,91.34,89.81,90.39,9261837.0
2026-08-04,90.15,90.58,88.22,89.3,11314681.0
2026-08-05,88.77,88.8,86.67,87.52,13055647.0
2026-08-06,87.41,87.94,86.58,87.01,10500005.0
2026-08-07,87.02,88.89,86.15,88.64,12872283.0
2026-08-10,88.72,91.66,88.57,90.75,13473257.0
2026-08-11,90.56,91.15,89.38,90.18,8164091.0
2026-08-12,89.69,92.12,89.13,91.09,12476378.0
2026-08-13,90.6,92.74,90.26,91.78,11221850.0
2026-08-14,91.59,91.91,89.21,89.42,8830395.0
2026-08-17,87.2,87.2,85.11,86.35,16866408.0
2026-08-18,86.28,86.88,85.75,86.62,7060564.0
2026-08-19,86.4,87.31,84.02,84.5,10307095.0
2026-08-20,85.0,86.33,84.66,86.11,7959313.0
2026-08-21,86.01,86.3,84.8,85.2,5678984.0
2026-08-24,85.2,87.47,84.53,85.51,9565269.0
2026-08-25,85.53,86.29,84.0,84.73,8828898.0
2026-08-26,81.0,84.07,80.96,82.72,15920734.0
2026-08-27,82.5,82.6,80.88,81.93,11044499.0
