date,open,high,low,close,volume
2020-01-02,108.019428,109.2469215,106.04725511,108.08489432,30667439.0
2020-01-03,107.6920964,108.07671103,106.06362169,106.83285095,20469248.0
2020-01-06,106.38277,106.58735225,105.17164308,105.7281068,25936979.0
2020-01-07,105.9736055,107.25838203,105.564441,105.86722273,22327793.0
2020-01-08,105.55625771,106.18637104,104.78702845,105.47442481,16180218.0
2020-01-09,105.564441,107.3647648,104.95069425,107.01288333,25549057.0
2020-01-10,106.7919345,109.69700245,106.7919345,109.34512098,42969542.0
2020-01-13,109.86885154,114.56606,109.86066825,114.28782814,49604194.0
2020-01-14,114.6478929,115.12252372,113.0930678,113.38766624,19907317.0
2020-01-15,113.38766624,116.86556449,113.37948295,115.2207232,23478904.0
2020-01-16,115.2207232,116.202718,113.9932297,115.10615714,14535988.0
2020-01-17,115.59715454,116.0390522,113.1749007,113.37948295,14847814.0
2020-01-20,115.01614095,115.10615714,111.9474072,112.56933724,16753769.0
2020-01-21,111.7019085,111.7019085,108.02761129,108.52679198,29307308.0
2020-01-22,107.19291571,108.56770843,106.18637104,107.7739293,25753051.0
2020-01-23,107.83121233,107.83121233,102.291125,103.24038664,41593668.0
2020-02-03,92.91307466,92.91307466,92.91307466,92.91307466,16763900.0
2020-02-04,89.197861,98.19948,89.197861,93.6986705,71021426.0
2020-02-05,94.8443311,98.0358142,93.3713389,96.16184079,38878339.0
2020-02-06,97.381151,98.15038026,95.4171614,97.50390035,30655105.0
2020-02-07,97.58573325,98.96052597,96.24367369,98.67411082,28011695.0
2020-02-10,97.7903155,100.10618657,97.03745282,99.12419177,22187650.0
2020-02-11,99.14055835,102.7002895,99.14055835,102.11927591,24577382.0
2020-02-12,101.8819605,102.49570725,100.46625133,101.87377721,17511362.0
2020-02-13,102.19292552,103.64955114,100.95724873,101.58736206,17862884.0
2020-02-14,101.6364618,103.01125452,100.20438605,101.00634847,16971973.0
2020-02-17,100.80176622,101.7182947,100.31076882,101.7182947,23816908.0
2020-02-18,101.3091302,101.7182947,100.66265029,100.97361531,12872775.0
2020-02-19,101.29276362,104.07508222,100.39260172,103.109454,31662776.0
2020-02-20,103.927783,106.85740082,103.83776681,106.50551935,33466160.0
2020-02-21,106.38277,107.3647648,105.58080758,106.38277,20743751.0
2020-02-24,105.8917726,105.8917726,103.6822843,104.0096159,23560124.0
2020-02-25,102.1274592,103.927783,101.35822994,102.5366237,24063330.0
2020-02-26,101.33368007,103.45315218,100.654467,101.5546289,21417866.0
2020-02-27,102.1274592,104.54152975,101.8819605,103.3549527,23573167.0
2020-02-28,101.472796,101.49734587,97.381151,98.6904774,36601211.0
2020-03-02,98.2813129,101.1454644,97.8721484,100.36805185,26982238.0
2020-03-03,101.2272973,103.01125452,101.2272973,101.77557773,23092324.0
2020-03-04,101.472796,103.05217097,101.472796,102.51207383,19757510.0
2020-03-05,103.55953495,110.37621552,103.109454,109.0014228,56561987.0
2020-03-06,108.019428,110.37621552,106.38277,106.44005303,29165822.0
2020-03-09,104.746112,104.95069425,103.14218716,103.3549527,24454158.0
2020-03-10,103.3549527,107.71664627,103.2731198,106.97196688,31077221.0
2020-03-11,108.4285925,108.6740912,105.9736055,106.3009371,18763487.0
2020-03-12,103.82958352,104.83612819,102.99488794,103.14218716,25266000.0
2020-03-13,98.19948,102.47115738,97.28295152,100.3271354,35088698.0
2020-03-16,99.3451406,100.1634696,93.62502089,94.5169995,37024247.0
2020-03-17,93.6986705,96.21912382,88.85416282,91.94744644,35297954.0
2020-03-18,92.6348428,94.90161413,87.30752101,88.04401711,40442259.0
2020-03-19,86.5792082,87.561203,80.71178927,83.55957419,60169789.0
2020-03-20,85.36808128,89.73795814,85.27806509,88.79687979,42206390.0
2020-03-23,85.106216,87.1520385,84.32062016,85.52356379,32826540.0
2020-03-24,87.62666932,89.92617381,86.77560716,89.23877745,35636342.0
2020-03-25,92.5530099,94.07510184,91.52191536,93.289506,30947333.0
2020-03-26,92.45481042,95.1716627,91.5710151,93.19948981,20880123.0
2020-03-27,94.5988324,96.3991562,94.5988324,94.77068149,23543496.0
2020-03-30,92.32387778,93.30587258,91.4073493,92.65939267,20580583.0
2020-03-31,94.107835,95.40897811,93.33860574,94.2715008,18849621.0
2020-04-01,94.926164,95.73630971,93.64957076,94.107835,17596852.0
2020-04-02,93.289506,95.89997551,92.89670808,95.89997551,19153739.0
2020-04-03,96.3173233,97.76576563,95.5808272,96.17002408,17580586.0
2020-04-07,98.6904774,101.94742682,98.6904774,101.58736206,29451150.0
2020-04-08,101.58736206,103.10127071,101.00634847,102.52025712,20113362.0
2020-04-09,103.64136785,104.4187804,100.66265029,102.27475842,15879620.0
2020-04-10,102.27475842,105.4007752,101.6364618,103.53498508,19896089.0
2020-04-13,102.41387435,103.94414958,101.6364618,102.291125,14606018.0
2020-04-14,103.60863469,105.46624152,102.4547908,105.11436005,19461888.0
2020-04-15,105.13072663,106.61190212,104.09963209,104.67246239,16296718.0
2020-04-16,103.93596629,104.5824462,102.71665608,103.1912869,18825435.0
2020-04-17,104.06689893,106.1372713,103.71501746,105.41714178,23471089.0
2020-04-20,106.31730368,106.77556792,105.46624152,105.81812299,13218834.0
2020-04-21,104.81157832,105.52352455,102.35659132,103.49406863,20552372.0
2020-04-22,103.55135166,107.19291571,102.63482318,106.6282687,26598477.0
2020-04-23,107.3647648,109.9015847,107.0374332,107.27474861,21331870.0
2020-04-24,107.39749796,109.07507241,105.86722273,107.5284306,16773324.0
2020-04-27,108.43677579,109.34512098,106.69373502,108.5922583,15934244.0
2020-04-28,111.292744,115.56442138,110.07343379,113.747731,42077345.0
2020-04-29,113.747731,114.68880935,109.656086,110.8835795,29183204.0
2020-04-30,110.8835795,113.9113968,109.67245258,111.10452833,22864055.0
2020-05-06,110.0652505,113.78864745,109.63971942,113.10125109,25104481.0
2020-05-07,113.24036702,116.202718,112.41385473,116.12906839,27796178.0
2020-05-08,116.73463185,119.0668695,115.32710597,116.9392141,24326698.0
2020-05-11,117.20107938,118.7395379,115.384389,116.07996865,23681991.0
2020-05-12,115.384389,117.66752691,115.29437281,116.9392141,15184489.0
2020-05-13,116.9392141,119.64788309,116.4482167,119.476034,19635029.0
2020-05-14,119.3942011,120.294363,118.1667076,119.7215327,15361261.0
2020-05-15,120.7035275,121.10450871,117.90484232,118.83773738,16064447.0
2020-05-18,118.657705,124.76243934,118.3303734,123.72316151,24881015.0
2020-05-19,125.47438557,125.60531821,123.05213173,123.91137718,17650556.0
2020-05-20,124.7951725,125.18797042,123.16669779,123.44492965,17041214.0
2020-05-21,124.27144194,125.63805137,123.59222887,124.12414272,17092150.0
2020-05-22,123.37128004,123.38764662,117.55296085,118.04395825,38352639.0
2020-05-25,117.84755929,120.6216946,115.4662219,120.31891287,24355991.0
2020-05-26,120.31891287,122.02922048,119.59878335,120.95720949,16511925.0
2020-05-27,120.96539278,121.4400236,119.21416872,119.60696664,14596302.0
2020-05-28,119.59878335,121.12905858,118.2485405,119.60696664,14818404.0
2020-05-29,118.657705,121.59550611,118.51858907,121.2763578,16321720.0
2020-06-01,122.79844974,131.07993922,122.79844974,129.77879611,35784358.0
2020-06-02,129.61513031,133.91954085,129.31234858,129.92609533,29158586.0
2020-06-03,131.63640294,132.37289904,128.21578772,129.49238096,25275933.0
2020-06-04,129.32053187,130.91627342,128.477653,129.99156165,13631755.0
2020-06-05,130.20432719,131.48910372,128.9686504,131.00628961,15985906.0
2020-06-08,130.5234755,134.98336855,130.3598097,131.43182069,22255110.0
2020-06-09,131.40727082,133.387627,130.12249429,133.06847869,16111888.0
2020-06-10,133.10121185,134.02592362,131.81643532,133.01119566,14948146.0
2020-06-11,132.4056322,133.17486146,129.25506555,130.98992303,19946097.0
2020-06-12,128.477653,132.47109852,127.7411569,132.1601335,17647613.0
2020-06-15,130.114311,131.65276952,128.0684885,128.477653,26621961.0
2020-06-16,128.5594859,130.32707654,127.9866556,129.03411672,25984652.0
2020-06-17,128.69041854,128.8868175,125.9408331,127.56112452,23242329.0
2020-06-18,128.1503214,129.77061282,127.62659084,129.59058044,19949002.0
2020-06-19,129.7051465,136.2517785,129.64786347,135.49073253,38702809.0
2020-06-22,136.013236,136.013236,133.525189,135.183887,21631228.0
2020-06-23,135.183887,139.6623716,134.42088592,139.31404502,26532477.0
2020-06-24,139.67066509,142.0674837,138.501283,139.83653489,18798602.0
2020-06-29,138.17783689,139.7453065,137.5060642,138.9159575,19993555.0
2020-06-30,139.77848046,142.37434283,139.7453065,141.91820088,18989762.0
2020-07-01,141.91820088,153.5124999,141.91820088,150.92493102,27181836.0
2020-07-02,149.28282,159.51698666,149.18329812,157.15334201,34887021.0
2020-07-03,157.56801651,157.9909845,151.3561925,156.51474328,30815941.0
2020-07-06,156.50644979,162.552404,153.89400044,159.91507418,32843107.0
2020-07-07,159.88190022,171.16104662,157.84170168,167.43726961,38411125.0
2020-07-08,167.1138235,170.6800242,165.040451,168.65641264,29232255.0
2020-07-09,168.68129311,170.31511064,167.1138235,168.95497828,29524349.0
2020-07-10,168.357847,175.6561182,166.5332792,171.675243,33547581.0
2020-07-13,171.675243,186.603525,171.675243,180.9639518,48880722.0
2020-07-14,181.0468867,186.87721017,175.84686847,183.2031941,43873308.0
2020-07-15,181.627431,187.432874,180.4663424,185.73270855,37169954.0
2020-07-16,183.286129,183.32759645,167.16358444,167.16358444,70573669.0
2020-07-17,161.723055,173.9144853,161.723055,170.33999111,52976677.0
2020-07-20,170.4312195,172.9192665,158.41395249,167.26310632,44290656.0
2020-07-21,166.699149,173.2510061,164.8745812,170.49756742,31785876.0
2020-07-22,169.39453325,176.54352163,168.15050975,173.2510061,28066323.0
2020-07-23,171.9240477,175.7390531,170.5141544,174.22134443,26541311.0
2020-07-24,172.504592,173.29247355,164.211102,167.02259511,40538626.0
2020-07-27,168.68129311,171.5093732,167.03918209,169.2701309,24634688.0
2020-07-28,170.75466561,179.91897206,169.74285983,177.480686,38449712.0
2020-07-29,177.77095815,178.70812252,173.34223449,178.29344802,30136414.0
2020-07-30,177.480686,180.83954945,176.651337,179.40477568,25322564.0
2020-07-31,179.56235199,183.29442249,177.71290372,180.3834075,26231782.0
2020-08-03,180.94736482,182.39872557,178.4759048,180.56586428,20145355.0
2020-08-04,180.3834075,182.2909102,177.480686,178.9735142,20676941.0
2020-08-05,178.8076444,180.59903824,176.651337,180.36682052,18671238.0
2020-08-06,180.36682052,181.24593046,173.88131134,175.00922598,32304359.0
2020-08-07,174.16329,176.651337,168.50712982,171.89087374,28723584.0
2020-08-10,171.89087374,173.23441912,168.30808606,170.79613306,19152100.0
2020-08-11,171.675243,176.94160915,171.675243,173.333941,25009077.0
2020-08-12,172.43824408,174.06376812,168.39102096,171.23568803,18024993.0
2020-08-13,172.504592,174.16329,170.4312195,171.5923081,12320969.0
2020-08-14,171.0946987,176.9001417,171.02835078,176.5684021,24431491.0
2020-08-17,177.8953605,184.115478,177.8953605,182.44848651,31515599.0
2020-08-18,182.44848651,184.944827,180.89760388,182.92950893,19038249.0
2020-08-19,182.84657403,187.39970004,180.19265723,184.2813478,23847268.0
2020-08-20,182.45678,183.21978108,179.139384,179.50429756,18490663.0
2020-08-21,182.45678,183.26954202,179.50429756,181.1298216,15731861.0
2020-08-24,182.44019302,187.6816787,181.78500731,186.603525,23152218.0
2020-08-25,187.432874,196.34837575,187.42458051,195.3946244,28547871.0
2020-08-26,195.2287546,198.93594463,192.5748378,196.26544085,26209992.0
2020-08-27,198.19782402,198.19782402,191.69572786,197.45140992,21348858.0
2020-08-28,195.70977702,203.07439614,193.4041868,199.4584345,32724152.0
2020-08-31,200.702458,204.6003983,199.04376,199.04376,31571514.0
2020-09-01,196.95380052,198.8778902,193.3212519,195.92540776,30087024.0
2020-09-02,195.0628848,198.86130322,193.9017962,194.897015,19633125.0
2020-09-03,195.2287546,201.531807,195.05459131,197.91584536,27569574.0
2020-09-04,194.067666,194.067666,187.65679823,190.93272678,37092062.0
2020-09-07,190.21119315,193.61152405,186.6864599,188.17099461,23622659.0
2020-09-08,188.37833186,190.21119315,180.4663424,184.05742357,35708526.0
2020-09-09,181.46985469,183.00415034,179.139384,179.968733,22706135.0
2020-09-10,182.45678,187.23383024,182.42360604,185.1106968,23154133.0
2020-09-11,183.65933605,188.99205012,182.60606282,188.99205012,20470064.0
2020-09-14,189.98726892,191.94453256,185.92345882,190.81661792,20749216.0
2020-09-15,190.75027,191.9113586,189.091572,191.02395517,12036547.0
2020-09-16,191.36398826,192.56654431,186.603525,187.44946098,18453747.0
2020-09-17,184.16523894,187.432874,181.5444961,184.65455485,22801632.0
2020-09-18,184.65455485,190.35218248,183.13684618,190.35218248,19015650.0
2020-09-21,189.091572,190.37706295,186.16397003,186.5205901,13028469.0
2020-09-22,184.49697854,188.07147273,184.115478,184.8618921,12091370.0
2020-09-23,179.6369934,183.69251001,176.20348854,181.89282268,25179488.0
2020-09-24,180.86442992,183.59298813,179.03986212,179.3881887,16365237.0
2020-09-25,179.97702649,181.99234456,179.44624313,180.1346028,11251653.0
2020-09-28,181.08006066,184.82042465,180.798082,182.56459537,15264425.0
2020-09-29,184.115478,184.7789572,181.43668073,182.23285577,9972097.0
2020-09-30,183.286129,186.603525,182.5397149,183.286129,16234185.0
2020-10-09,186.603525,190.37706295,185.18533821,188.73495193,20893388.0
2020-10-12,189.920921,200.71075149,189.920921,200.49512075,32455704.0
2020-10-13,200.49512075,202.8587654,198.08171516,200.92638223,17191051.0
2020-10-14,200.52829471,202.63484117,197.53434482,198.5461506,18319372.0
2020-10-15,198.63737899,199.4584345,197.66704066,198.13976959,11176087.0
2020-10-16,198.1314761,199.72382618,195.09605876,196.45619112,11835750.0
2020-10-19,199.04376,200.3707184,194.5652754,195.87564682,12290083.0
2020-10-20,195.726364,199.873109,194.897015,199.85652202,17996331.0
2020-10-21,199.85652202,202.1123513,198.78666181,200.51170773,13707691.0
2020-10-22,200.702458,201.52351351,196.29032132,200.48682726,15041607.0
2020-10-23,199.69894571,200.90150176,195.9751687,196.24885387,13452273.0
2020-10-26,190.75027,194.55698191,184.944827,192.91487089,16000039.0
2020-10-27,193.24661049,195.18728715,191.3308143,193.6529915,14302682.0
2020-10-28,194.897015,200.702458,193.58664358,199.02717302,17076230.0
2020-10-29,198.0485412,210.46389573,197.79144301,207.33725,34962748.0
2020-10-30,204.80773555,207.33725,201.75573123,202.65142815,23948951.0
2020-11-02,204.90725743,208.20806645,202.7758305,203.7710493,15733705.0
2020-11-03,205.7614869,207.6689896,203.6051795,207.6689896,16535083.0
2020-11-04,207.54458725,209.825297,205.9273567,209.825297,12992837.0
2020-11-05,212.30505051,215.50633765,210.69611345,215.14142409,18968980.0
2020-11-06,215.67220745,216.6259588,211.52546245,215.0501957,15116483.0
2020-11-09,216.460089,223.92423,216.1283494,223.92423,20628388.0
2020-11-10,224.53794826,231.09809885,221.64352025,226.2464072,22308070.0
2020-11-11,224.5047743,231.388371,222.55580415,223.0119461,22787338.0
2020-11-12,223.0119461,225.15996001,219.777485,221.97525985,17623158.0
2020-11-13,219.777485,221.74304213,213.972042,219.777485,18843071.0
2020-11-16,222.265532,226.53667935,218.54175499,226.412277,19577792.0
2020-11-17,226.40398351,227.69776795,220.606834,223.1778159,17947672.0
2020-11-18,222.25723851,223.52614248,214.801391,218.71591828,19456273.0
2020-11-19,217.57141666,220.8556387,215.63074,219.5286803,12448246.0
2020-11-20,221.05468246,224.3389045,219.6116152,222.65532603,11122604.0
2020-11-23,225.1682535,230.36827173,225.1682535,226.06395042,15634214.0
2020-11-24,226.06395042,226.0805374,221.436183,225.40876471,12503527.0
2020-11-25,225.4170582,225.90637411,217.96121069,218.09390653,16559440.0
2020-11-26,217.43042733,219.92676782,209.5764923,216.11176242,19905229.0
2020-11-27,216.11176242,217.54653619,214.0549769,217.5382427,11259290.0
2020-11-30,216.16981685,217.28114451,210.36437385,210.654646,21174104.0
2020-12-01,211.483995,214.70186912,211.483995,213.96374851,13648057.0
2020-12-02,215.63074,217.28114451,213.2256279,216.08688195,11637763.0
2020-12-03,215.68050094,217.289438,214.77651053,216.98257887,9208685.0
2020-12-04,216.0454145,222.265532,215.75514235,221.59375931,17051140.0
2020-12-07,221.61034629,228.2368448,221.61034629,224.12327376,19621618.0
2020-12-08,225.20972095,227.28309345,222.72167395,225.582928,14777562.0
2020-12-09,226.412277,227.241626,223.5095555,223.69201228,11677649.0
2020-12-10,223.094881,225.582928,221.6849877,221.99184683,13410208.0
2020-12-11,222.97047865,223.91593651,218.4505266,221.86744448,15005255.0
2020-12-14,222.6802065,226.8269515,220.67318192,226.53667935,18174424.0
2020-12-15,226.53667935,226.6610817,221.69328119,224.5877092,14611814.0
2020-12-16,226.412277,228.070975,225.582928,227.51531117,16025487.0
2020-12-17,227.68947446,232.21772,227.41578929,230.40144569,19976098.0
2020-12-18,229.6467381,231.95232832,227.30797392,229.61356414,15082525.0
2020-12-21,228.32807319,233.85983102,228.32807319,233.80177659,16188978.0
2020-12-22,234.68918002,238.852512,233.85153753,234.19157062,18706371.0
2020-12-23,234.705767,239.2671865,228.070975,230.79953321,25221586.0
2020-12-24,228.900324,231.3054361,225.88149364,228.33636668,15616076.0
2020-12-25,226.0805374,230.08629307,225.1682535,228.83397608,11111390.0
2020-12-28,228.900324,237.32650984,228.88373702,237.15234655,19381209.0
2020-12-29,237.26016192,237.74118434,231.53765382,233.047069,14658930.0
2020-12-30,234.61453861,238.5207724,233.26269974,237.92364112,16882539.0
2020-12-31,238.86080549,244.21840003,238.852512,242.04550565,16003830.0
2021-01-04,242.169908,248.8047,242.16161451,247.18746945,23427822.0
2021-01-05,246.4825228,265.37509302,244.2432805,265.37509302,31460633.0
2021-01-06,265.51608235,278.37928534,263.55881871,272.2752767,31343033.0
2021-01-07,272.28357019,274.24912732,262.96998092,273.68517,24255948.0
2021-01-08,273.73493094,275.0121284,256.21908006,262.903633,37870249.0
2021-01-11,262.43090407,262.4889585,248.3900255,249.7999188,38195291.0
2021-01-12,247.93388355,258.1763437,247.146002,257.09819,23025505.0
2021-01-13,258.36709397,259.98432452,250.56291988,253.22513017,23365302.0
2021-01-14,252.122096,252.85192312,239.681861,240.0136006,35489554.0
2021-01-15,238.852512,242.41041921,230.61707643,238.6037073,41713251.0
2021-01-18,236.364465,238.13927186,231.66205617,235.99125795,27255864.0
2021-01-19,238.023163,240.51121,232.21772,233.4617435,29388857.0
2021-01-20,232.21772,236.87036789,228.02121406,236.24006265,26404034.0
2021-01-21,237.0279442,247.96705751,236.7791395,246.27518555,29402390.0
2021-01-22,244.72430292,248.73005859,242.65093042,245.12239044,24946675.0
2021-01-25,245.13068393,262.34796917,243.1651268,261.81718581,41290940.0
2021-01-26,261.81718581,261.83377279,253.0343799,253.59833722,24143501.0
2021-01-27,251.2098121,251.2098121,238.023163,242.65093042,30793847.0
2021-01-28,239.04326227,242.169908,234.705767,237.193814,27607757.0
2021-01-29,240.51121,244.77406386,239.49940422,241.45666786,22010914.0
2021-02-01,243.00755049,248.69688463,242.41041921,242.41041921,19575992.0
2021-02-02,242.169908,252.39578117,242.0869731,252.22161788,29749240.0
2021-02-03,251.9562262,256.268841,249.73357088,256.06150375,22454665.0
2021-02-04,253.780794,262.7377632,252.95973849,260.0838464,28057460.0
2021-02-05,260.42387949,273.68517,260.415586,265.19263624,32891319.0
2021-02-08,268.709076,274.0998445,260.2497162,265.39168,26652998.0
2021-02-09,267.050378,273.68517,263.61687314,273.2704955,22477980.0
2021-02-10,276.173217,286.68936232,275.7585425,284.17643485,33193163.0
2021-02-18,293.99592701,296.23516931,274.42329061,276.5878915,34381508.0
2021-02-19,276.6708264,287.1206238,270.32630655,285.6277956,27475002.0
2021-02-22,283.637358,283.8861627,257.91095202,259.63599794,41458220.0
2021-02-23,253.780794,267.76361814,252.26308533,261.244935,27866832.0
2021-02-24,261.244935,261.25322849,239.39158885,243.06560492,41724817.0
2021-02-25,245.9019785,248.78811302,236.84548742,239.5989261,24904649.0
2021-02-26,232.68215544,238.33002213,224.753579,232.21772,28897086.0
2021-03-01,237.193814,243.828606,233.05536249,239.69844798,25506327.0
2021-03-02,243.1651268,245.38778212,228.3197797,232.7982643,24412465.0
2021-03-03,228.900324,237.8572932,225.25948189,236.6132697,21171711.0
2021-03-04,232.21772,232.21772,219.777485,220.86393219,32935886.0
2021-03-05,213.972042,225.74050431,210.654646,221.0215085,29165040.0
2021-03-08,222.265532,223.94911047,202.72606956,202.7758305,38365377.0
2021-03-09,200.702458,206.6737708,190.75027,201.1171325,43874577.0
2021-03-10,205.678552,211.483995,204.9321379,209.4935574,30958230.0
2021-03-11,211.49228849,223.5095555,207.40359792,219.81065896,30153094.0
2021-03-12,223.1778159,223.50126201,212.12259373,219.32134305,25143785.0
2021-03-15,217.66264505,221.0215085,204.019854,208.17489249,24899734.0
2021-03-16,208.6642084,217.74557995,207.79339195,217.62947109,23165605.0
2021-03-17,216.8747635,222.29041247,211.483995,219.20523419,19887801.0
2021-03-18,219.777485,228.070975,219.777485,224.24767611,20130334.0
2021-03-19,218.118787,219.777485,213.69835683,216.28592571,19784981.0
2021-03-22,216.41862155,218.60810291,211.24348379,215.2160655,14278219.0
2021-03-23,215.2160655,218.93154902,213.12610602,217.49677525,12695157.0
2021-03-24,214.87603241,223.094881,214.48623838,216.2942192,17942151.0
2021-03-25,213.09293206,213.88081361,208.995948,212.29675702,18625855.0
2021-03-26,213.972042,221.58546582,212.16406118,220.56536655,23020269.0
2021-03-29,221.436183,232.17625255,220.59854051,225.65756941,28199481.0
2021-03-30,224.3389045,230.99028348,224.3389045,226.79377754,16870779.0
2021-03-31,224.5047743,224.5047743,219.78577849,222.24894502,13411104.0
2021-04-01,223.92423,227.15039761,221.44447649,226.47862492,12114212.0
2021-04-02,229.73796649,236.364465,228.070975,235.99955144,22962623.0
2021-04-06,237.15234655,238.852512,233.876418,236.16542124,15550845.0
2021-04-07,234.71406049,235.24484385,222.9290112,224.62917665,24493627.0
2021-04-08,219.777485,227.94657265,218.99789694,226.47862492,16211426.0
2021-04-09,224.753579,225.9976025,219.777485,220.0262897,14611556.0
2021-04-12,219.9433548,221.73474864,215.63074,216.45179551,13323255.0
2021-04-13,216.67571974,222.44798878,216.67571974,218.0358521,13875729.0
2021-04-14,218.04414559,221.94208589,216.66742625,218.76567922,14817752.0
2021-04-15,216.71718719,218.11049351,206.77329268,212.1474742,28595938.0
2021-04-16,212.1474742,218.64127687,212.1474742,217.1235682,18754302.0
2021-04-19,215.63074,222.43969529,210.2399715,220.33314883,18815579.0
2021-04-20,219.777485,227.06746271,218.12708049,222.05819475,19914658.0
2021-04-21,219.777485,226.38739653,218.59980942,224.62917665,15923160.0
2021-04-22,224.6706441,227.241626,223.094881,224.91115531,11627423.0
2021-04-23,225.79026525,233.047069,225.79026525,232.21772,20783326.0
2021-04-26,234.705767,237.10258561,227.95486614,228.070975,20390370.0
2021-04-27,229.729673,233.72713518,225.86490666,233.72713518,14231452.0
2021-04-28,228.070975,236.8620744,227.0757562,236.8620744,22027859.0
2021-04-29,238.07292394,241.340559,233.30416719,240.0965355,20693602.0
2021-04-30,238.023163,239.9306657,235.26972432,236.364465,15803059.0
2021-05-06,233.876418,237.0279442,228.7344542,229.26523756,16866057.0
2021-05-07,232.22601349,232.40847027,224.98579672,225.6658629,12500753.0
2021-05-10,224.40525242,227.241626,216.7918286,218.948136,19524824.0
2021-05-11,217.47189478,228.45247554,217.28114451,228.44418205,19232636.0
2021-05-12,227.4074958,231.86939342,227.241626,230.15264099,12106344.0
2021-05-13,227.39920231,231.01516395,225.9976025,228.900324,9707922.0
2021-05-14,230.52584804,239.1842516,228.22025782,238.023163,21808451.0
2021-05-17,239.03496878,252.67775983,239.03496878,246.47422931,28061495.0
2021-05-18,247.15429549,248.8047,244.0774107,248.3900255,14728692.0
2021-05-19,247.146002,256.3517759,245.51218447,251.11858371,16700066.0
2021-05-20,252.7026403,255.42290502,250.09848444,251.71571499,14023985.0
2021-05-21,252.951445,253.52369581,244.70771594,245.9849134,17262089.0
2021-05-24,248.8047,253.1173148,244.94822715,252.95973849,15708894.0
2021-05-25,253.780794,267.92948794,252.88509708,267.90460747,32305889.0
2021-05-26,265.8063545,268.71736949,262.074284,264.562331,19075117.0
2021-05-27,263.87397133,270.55852427,260.59804278,263.88226482,16436312.0
2021-05-28,265.49120188,266.28737692,260.73903211,262.8206981,13024503.0
2021-05-31,261.4937397,261.75913138,256.53423268,261.34445688,17768388.0
2021-06-01,262.3230887,263.1524377,257.41334262,261.8254793,16387574.0
2021-06-02,261.8254793,264.03984113,255.8541665,258.62419216,15653208.0
2021-06-03,258.62419216,265.39168,257.24747282,260.09213989,17917736.0
2021-06-04,258.756888,264.1476565,256.69180899,261.4937397,17528770.0
2021-06-07,262.37284964,263.26025307,256.16102563,259.51159559,18737019.0
2021-06-08,259.586237,260.0009115,242.16161451,247.10453455,31165284.0
2021-06-09,246.316653,248.8047,241.79670095,245.9019785,17157668.0
2021-06-10,246.32494649,253.3661195,245.0726295,251.33421445,15077251.0
2021-06-11,251.34250794,252.122096,245.487304,250.10677793,15912782.0
2021-06-15,250.06531048,252.16356345,242.80850673,248.19098174,14516108.0
2021-06-16,248.19098174,248.19098174,239.86431778,242.43529968,14062999.0
2021-06-17,241.43178739,247.146002,241.43178739,244.01106278,10904554.0
2021-06-18,244.91505319,246.316653,237.193814,241.340559,19071578.0
2021-06-21,242.999257,246.5654577,241.340559,246.20883763,20602803.0
2021-06-22,247.146002,250.8780725,246.5654577,248.71347161,16166358.0
2021-06-23,248.2241557,248.3900255,240.51121,241.29079806,23056410.0
2021-06-24,239.2671865,244.657955,235.68439882,242.7504523,16551834.0
2021-06-25,241.38202645,249.94920162,241.24103712,248.73835208,20522327.0
2021-06-28,248.81299349,254.22034897,248.81299349,254.03789219,16125387.0
2021-06-29,254.17888152,254.31157736,246.05126132,247.60214395,15672026.0
2021-06-30,245.487304,250.7951376,245.06433601,247.05477361,10339509.0
2021-07-01,246.10931575,247.975351,242.169908,247.3118718,13631042.0
2021-07-02,243.828606,244.40085681,236.5303348,237.21869447,21169160.0
2021-07-05,235.67610533,239.2671865,232.23430698,233.1300039,18054256.0
2021-07-06,232.09331765,233.07194947,224.10668678,229.93701025,23895451.0
2021-07-07,232.21772,236.364465,231.28884912,236.02443191,17454367.0
2021-07-08,236.364465,237.01965071,221.95037938,223.79153416,43957567.0
2021-07-09,225.62530475,226.5715159,219.38701,223.8082444,21367447.0
2021-07-12,226.08585,228.5644208,219.96478495,226.88133725,26424669.0
2021-07-13,226.89808435,233.9067457,226.89808435,231.10998,21899748.0
2021-07-14,229.3515345,231.947335,224.41114,230.5238315,20921830.0
2021-07-15,230.272625,235.464226,228.35508205,235.15440465,19549471.0
2021-07-16,235.17115175,237.2729128,231.947335,232.3827596,15151398.0
2021-07-19,230.942509,236.5527875,229.84557395,235.20464595,14331986.0
2021-07-20,233.622045,237.98466455,232.59209835,236.3853165,13009223.0
2021-07-21,236.37694295,239.45840935,234.46777355,235.4809731,14960510.0
2021-07-22,236.56116105,238.3614743,233.32897075,234.5431355,14310378.0
2021-07-23,233.5048153,233.622045,224.5116226,227.09904955,21230352.0
2021-07-26,224.9637943,224.9637943,204.38998195,208.9535667,46213123.0
2021-07-27,206.826685,208.333924,193.429005,193.55460825,42331305.0
2021-07-28,193.5797289,199.2067545,188.31276595,198.1851814,36114290.0
2021-07-29,205.5204112,205.81348545,195.6731164,196.82029275,31322153.0
2021-07-30,196.8286663,196.8286663,181.5720582,184.84611625,42797929.0
2021-08-02,180.34114635,196.6946895,177.64486325,196.31787975,46844440.0
2021-08-03,191.8380305,201.5178543,190.6657335,201.00706775,34171933.0
2021-08-04,198.453135,200.03573595,195.103715,196.3597475,23028951.0
2021-08-05,191.754295,197.61578,188.8235525,190.22193535,28551069.0
2021-08-06,188.404875,190.8332045,185.26479375,189.24223,19152922.0
2021-08-09,187.56752,198.1851814,185.89281,192.60002355,26492924.0
2021-08-10,193.6467173,209.33875,190.3977799,208.4176595,46083746.0
2021-08-11,205.96420935,210.2765876,202.61478935,206.156801,25307547.0
2021-08-12,205.151975,208.166453,198.57873825,199.2235016,23714946.0
2021-08-13,198.453135,203.477265,197.61578,201.635084,16003140.0
2021-08-16,200.9652,204.62444135,199.625432,201.5513485,13317313.0
2021-08-17,200.47116055,202.63991,192.4074319,192.54978225,21873039.0
2021-08-18,190.91694,194.6850375,187.4837845,191.754295,21264488.0
2021-08-19,191.6705595,193.67183795,185.89281,186.43709075,28968942.0
2021-08-20,177.1173296,181.4380814,171.98434345,172.8133249,53400435.0
2021-08-23,172.82169845,177.32666835,171.5740395,172.5286242,41836373.0
2021-08-24,174.16984,178.06354075,170.82042,175.84455,41190375.0
2021-08-25,176.5814224,183.32213015,176.3972043,182.1247125,38179885.0
2021-08-26,182.01585635,182.01585635,172.49513,173.47483535,33228274.0
2021-08-27,173.4664618,175.84455,171.2390975,172.2271764,27190967.0
2021-08-30,174.5885175,175.83617645,167.0188283,173.332485,34732935.0
2021-08-31,172.9138075,174.16984,166.968587,168.88612995,31855168.0
2021-09-01,168.8945035,176.7321463,164.958935,173.92700705,50364302.0
2021-09-02,174.1195987,174.2535755,167.638471,168.50094665,37460164.0
2021-09-03,167.303529,172.95567525,164.76634335,172.40302095,34479528.0
2021-09-06,171.2390975,180.2825315,169.60625525,177.0670883,44070983.0
2021-09-07,176.2632275,179.2944526,175.0574363,177.49413935,25937444.0
2021-09-08,177.51926,178.11378205,172.49513,173.9353806,21553677.0
2021-09-09,173.94375415,175.18303955,171.657775,173.60881215,17757531.0
2021-09-10,173.60881215,179.528912,172.9138075,178.9427635,31883473.0
2021-09-13,177.51926,179.7801185,173.32411145,173.99399545,26342826.0
2021-09-14,173.9353806,175.68545255,171.8587402,172.26904415,23596742.0
2021-09-15,169.983065,171.28096525,164.7077285,166.2149675,38203577.0
2021-09-16,164.12158,167.1193109,161.13222265,164.958935,33538704.0
2021-09-17,164.12158,171.657775,162.50548485,169.10384225,29439702.0
2021-09-22,164.958935,166.2149675,161.98632475,162.38825515,24908981.0
2021-09-23,163.1335011,164.8584524,161.3080672,162.7985591,18811296.0
2021-09-24,162.3631345,170.82042,161.6597563,167.9064246,35053997.0
2021-09-27,173.8516451,184.69539235,173.8516451,184.69539235,76006557.0
2021-09-28,184.4860536,186.395223,179.19397,181.6557937,41145863.0
2021-09-29,181.61392595,185.24804665,178.1054085,183.1127914,31136680.0
2021-09-30,181.706035,186.97299795,181.706035,183.70731345,33190568.0
2021-10-08,184.720513,197.5990329,182.208448,191.1011581,41627865.0
2021-10-11,192.1227312,196.97101665,188.81517895,190.749469,26146575.0
2021-10-12,190.079585,192.59165,186.73853855,192.0389957,20342373.0
2021-10-13,191.22676135,204.817033,190.247056,200.53814895,34777422.0
2021-10-14,199.29049,204.8840214,197.7497568,200.9652,24058960.0
2021-10-15,197.448309,199.1900074,192.60002355,196.2090236,30215786.0
2021-10-18,188.36300725,188.36300725,177.9379375,180.2992786,52228655.0
2021-10-19,178.356615,184.9549724,178.356615,183.35562435,27151971.0
2021-10-20,184.6367775,186.060281,181.6055524,184.1678587,17171231.0
2021-10-21,185.055455,186.68829725,183.380745,185.04708145,15781385.0
2021-10-22,186.4789585,191.6873066,185.06382855,188.42999565,22614868.0
2021-10-25,186.730165,188.31276595,182.54339,184.5195478,24815964.0
2021-10-26,184.5195478,186.730165,182.54339,184.7707543,17197532.0
2021-10-27,183.38911855,184.7707543,179.19397,180.86868,20048493.0
2021-10-28,181.706035,184.2013529,179.0097519,180.27415795,21925324.0
2021-10-29,180.25741085,185.49925315,180.0983134,181.29573105,23633532.0
2021-11-01,167.471,175.4426196,164.8751995,171.6075337,58003653.0
2021-11-02,170.8036729,172.4113945,167.17792575,168.5763086,34933447.0
2021-11-03,168.7437796,169.5643875,166.3656914,166.74250115,21891968.0
2021-11-04,168.38371695,174.0526103,167.7222065,173.1817611,29864162.0
2021-11-05,173.1817611,179.7801185,173.17338755,176.10413005,30142997.0
2021-11-08,175.84455,177.86257555,173.9688748,176.67353145,15637386.0
2021-11-09,175.5765964,178.0886614,173.79303025,174.81460335,15503934.0
2021-11-10,174.81460335,175.7440674,170.150536,172.2439235,17200267.0
2021-11-11,172.2104293,173.332485,170.4687309,172.92218105,16652085.0
2021-11-12,173.64230635,173.89351285,170.07517405,170.69481675,15788512.0
2021-11-15,171.64940145,173.7511625,170.07517405,171.4065685,20724480.0
2021-11-16,172.40302095,178.73342475,171.74988405,177.51926,31435675.0
2021-11-17,176.72377275,178.356615,175.007195,177.10895605,17421460.0
2021-11-18,175.83617645,176.6651579,173.79303025,174.6890001,13220262.0
2021-11-19,174.0693574,181.2873575,173.667427,178.021673,24292959.0
2021-11-22,179.19397,185.89281,178.356615,180.84355935,31978276.0
2021-11-23,180.02295145,182.9620675,178.6580628,179.863854,19386637.0
2021-11-24,182.54339,190.9001929,182.54339,187.9192091,47627847.0
2021-11-25,190.91694,191.87989825,186.03516035,186.68829725,28462827.0
2021-11-26,186.6129353,187.2158309,183.4477334,186.6129353,16247295.0
2021-11-29,184.6367775,188.404875,184.42743875,188.17878915,19236411.0
2021-11-30,188.3881279,188.8235525,182.54339,182.54339,23014598.0
2021-12-01,186.7469121,188.2708982,182.63549905,184.6870188,19248621.0
2021-12-02,184.720513,187.4837845,183.64032505,186.52082625,17530974.0
2021-12-03,187.1488425,194.936244,186.9813715,192.13110475,34030029.0
2021-12-06,193.429005,196.778425,191.754295,194.5175665,28878669.0
2021-12-07,196.778425,200.67212575,195.22931825,195.94107,30890437.0
2021-12-08,195.94944355,204.74167105,193.6634644,204.31462,39786891.0
2021-12-09,205.151975,213.4920308,203.2093114,210.176105,47297011.0
2021-12-10,208.2669356,210.0923695,204.7332975,206.826685,33227496.0
2021-12-13,211.01346,215.37607955,208.501395,209.3220029,35535037.0
2021-12-14,208.501395,211.850815,206.16517455,209.33875,22557352.0
2021-12-15,207.7477755,208.42603305,203.477265,204.147149,26356782.0
2021-12-16,204.5658265,205.2357105,198.49500275,203.8959425,28971230.0
2021-12-17,202.63991,202.63991,196.6611953,196.9124018,25483452.0
2021-12-20,196.9124018,200.52140185,196.9124018,197.61578,18882740.0
2021-12-21,197.61578,198.8718125,191.754295,193.97328575,23454247.0
2021-12-22,194.6850375,195.5223925,193.00195395,194.3668426,15199808.0
2021-12-23,195.38004215,200.5130283,191.754295,198.46150855,28205116.0
2021-12-24,198.54524405,205.41155505,198.54524405,202.5896687,28942925.0
2021-12-27,200.0441095,200.5465225,195.103715,197.79162455,18405368.0
2021-12-28,197.8669865,200.6135109,197.1971025,198.9388009,14368216.0
2021-12-29,198.9388009,198.9388009,187.6512555,188.9910235,34975896.0
2021-12-30,188.46348985,190.4982625,187.15721605,188.8235525,26476873.0
2021-12-31,188.83192605,189.074759,184.72888655,186.4454643,24043667.0
2022-01-04,186.4454643,187.4670374,182.6103784,187.1990838,20178673.0
2022-01-05,186.5794411,190.3140444,185.08057565,187.35818125,20562209.0
2022-01-06,186.9981186,189.24223,182.6606197,183.7826754,19764347.0
2022-01-07,183.77430185,184.6367775,181.3041046,182.2586893,16868239.0
2022-01-10,180.6509677,182.23356865,175.9450326,179.9978308,20842313.0
2022-01-11,179.6126475,181.16175425,178.39848275,178.6580628,13162334.0
2022-01-12,180.03969855,182.61875195,179.3781881,182.4764016,17894272.0
2022-01-13,183.380745,183.4142392,174.16984,174.9234595,26762334.0
2022-01-14,173.34085855,176.1292507,172.9138075,173.499956,13646759.0
2022-01-17,173.1482669,175.007195,170.4017425,174.8732182,16936224.0
2022-01-18,174.839724,179.1772229,172.75471005,177.09220895,18474875.0
2022-01-19,179.47029715,179.47029715,174.4042994,176.514434,14401864.0
2022-01-20,176.514434,179.19397,174.46291425,178.5408331,19468561.0
2022-01-21,178.356615,183.1462856,176.8661231,181.9237473,23974661.0
2022-01-24,180.86868,182.48477515,178.524086,180.08993985,13800857.0
2022-01-25,178.81716025,180.031325,174.16984,174.4712878,15558209.0
2022-01-26,174.2535755,177.3182948,169.33830165,172.53699775,21509539.0
2022-01-27,173.332485,176.8996173,170.12541535,170.318007,20992325.0
2022-01-28,170.81204645,171.9089815,165.79629,166.1144849,25781484.0
2022-02-07,167.471,169.8658353,163.0162714,163.8033851,24808023.0
2022-02-08,163.82850575,164.39790715,154.8269395,159.09745,30451687.0
2022-02-09,158.260095,164.3727865,158.260095,164.1048329,23742057.0
2022-02-10,164.1048329,164.5402575,160.02691405,161.6430092,16874256.0
2022-02-11,161.1908375,166.32382365,160.22787925,162.67295585,27374928.0
2022-02-14,160.77216,166.801116,160.3534825,165.80466355,19031649.0
2022-02-15,166.466174,167.7724478,164.791464,167.303529,17739048.0
2022-02-16,167.3202761,167.99853365,165.7627958,166.97696055,11908541.0
2022-02-17,167.3705174,167.6049768,164.8082111,165.3273712,13054643.0
2022-02-18,164.958935,166.9518399,163.66103475,166.633645,11614365.0
2022-02-21,167.22816705,170.7869258,165.628819,166.801116,15192567.0
2022-02-22,165.63719255,165.73767515,160.64655675,161.944457,19367733.0
2022-02-23,161.83560085,164.6072459,160.79728065,164.289051,14797343.0
2022-02-24,162.44687,163.284225,156.8365915,158.00051495,25960987.0
2022-02-25,159.08907645,161.58439435,159.08907645,159.4993804,13666374.0
2022-02-28,159.934805,160.3534825,156.585385,159.09745,14309281.0
2022-03-01,159.1811855,162.35476095,159.1476913,161.76861245,20028521.0
2022-03-02,160.1860115,160.27812055,157.757682,158.427566,15016488.0
2022-03-03,158.90485835,159.264921,152.39861,152.45722485,31288930.0
2022-03-04,150.7071529,151.88782345,147.2739974,147.68430135,31292974.0
2022-03-07,145.90910875,145.90910875,138.37291375,139.00093,47738912.0
2022-03-08,142.34197645,143.6063825,138.38966085,139.21026875,33350717.0
2022-03-09,139.838285,140.44955415,131.297264,136.3883824,39921892.0
2022-03-10,140.66726645,144.2260252,138.99255645,144.15066325,41773972.0
2022-03-11,141.512995,144.48560525,140.03087665,143.83246835,25797110.0
2022-03-14,141.50462145,142.00703445,139.22701585,139.22701585,18140303.0
2022-03-15,136.488865,137.9793569,131.2135285,131.59033825,31294532.0
2022-03-16,136.488865,138.62412025,129.9072547,137.996104,34899969.0
2022-03-17,141.0943175,143.9078303,139.00093,140.8766052,34829153.0
2022-03-18,139.838285,141.5799834,138.163575,140.5919045,18585704.0
2022-03-21,142.14101125,142.1661319,138.17194855,138.75809705,17105436.0
2022-03-22,138.7497235,140.0894915,137.32622,137.5774265,12290508.0
2022-03-23,137.5941736,140.08111795,136.2711527,138.9506887,18463877.0
2022-03-24,137.661162,137.661162,134.5462014,135.1156028,19808605.0
2022-03-25,136.94941025,136.9745309,131.1967814,131.62383245,21364110.0
2022-03-28,129.2038765,129.2038765,126.0219275,126.608076,27446634.0
2022-03-29,126.43223145,128.76007835,124.85800405,124.9166189,23521130.0
2022-03-30,128.09019435,131.42286725,126.5745818,131.42286725,32367269.0
2022-03-31,130.62738,131.129793,129.3713475,129.8402663,20136648.0
2022-04-01,129.790025,135.84410165,129.32947975,133.8930645,28749478.0
2022-04-06,132.30209,135.8692223,131.8834125,133.98517355,17944305.0
2022-04-07,133.139445,137.23411095,132.74588815,134.35360975,18557169.0
2022-04-08,134.814155,136.29627335,133.5581225,134.47083945,16544628.0
2022-04-11,132.31046355,132.8714914,127.98971175,128.6679693,24257721.0
2022-04-12,129.1703823,137.90399495,129.1703823,137.2257374,33416391.0
2022-04-13,136.321394,138.163575,134.50433365,135.9194636,23885459.0
2022-04-14,137.2424845,144.862415,136.43025015,143.66499735,43119146.0
2022-04-15,142.35035,145.69977,141.178053,142.2666145,22643958.0
2022-04-18,141.4292595,141.4292595,137.50206455,139.9890089,18411135.0
2022-04-19,140.67564,142.35035,137.3597142,138.163575,16499269.0
2022-04-20,138.57387895,141.512995,135.3500622,138.9171945,20634107.0
2022-04-21,137.32622,139.44472815,135.3835564,136.1371759,17122910.0
2022-04-22,136.12880235,139.1516539,133.1226979,138.52363765,20014422.0
2022-04-25,135.65151,136.1706701,129.3713475,129.790025,28635086.0
2022-04-26,129.790025,135.49241255,129.4048417,132.7207675,25453892.0
2022-04-27,132.7207675,136.83218055,132.7207675,135.14072345,23927789.0
2022-04-28,135.149097,139.5535843,134.43734525,138.87532675,25711994.0
2022-04-29,139.2521365,140.0894915,133.0222153,135.76036615,44874280.0
2022-05-05,133.9768,137.7114033,133.26504825,135.2663267,24480158.0
2022-05-06,132.32721065,133.6920993,131.05443105,131.5149763,19086139.0
2022-05-09,129.79839855,131.0460575,127.55428715,129.6058069,18623627.0
2022-05-10,126.440605,131.0460575,125.268308,130.06635215,20108042.0
2022-05-11,130.06635215,133.68372575,129.790025,131.89178605,24390245.0
2022-05-12,130.794851,133.7088464,130.7111155,132.3690784,17068607.0
2022-05-13,133.641858,133.86794385,130.66924775,131.4144937,15255576.0
2022-05-16,133.11432435,133.1226979,129.120141,129.9407489,17765146.0
2022-05-17,129.93237535,131.03768395,129.4885772,130.75298325,13341235.0
2022-05-18,130.92045425,131.03768395,128.49212475,129.4383359,16560504.0
2022-05-19,128.00645885,128.617728,127.4621781,128.5507396,14878282.0
2022-05-20,129.2038765,136.4721179,128.69308995,136.04506685,45229675.0
2022-05-23,135.32494155,135.8022339,132.30209,133.49950765,27645321.0
2022-05-24,134.33686265,134.814155,130.8618394,131.10467235,18855234.0
2022-05-25,131.00418975,132.7710088,129.790025,131.84154475,16395707.0
2022-05-26,131.464735,133.7255935,129.790025,131.6489531,19431756.0
2022-05-27,133.68372575,135.2328325,131.70756795,132.26022225,21068308.0
2022-05-30,133.98517355,140.46630125,133.9768,139.1516539,51093206.0
2022-05-31,139.00093,144.7116911,138.1803221,143.522647,48654483.0
2022-06-01,144.85404145,145.1136215,141.53811565,142.69366555,21930245.0
2022-06-02,141.53811565,143.187705,141.2450414,142.14101125,16522354.0
2022-06-06,142.7690275,145.27271895,139.4865959,144.8121737,27814175.0
2022-06-07,144.9461505,149.384132,144.02506,145.8002526,29507703.0
2022-06-08,145.9509765,150.71552645,144.8791621,149.15804615,32527871.0
2022-06-09,149.3506378,150.6401645,147.19863545,147.38285355,20783889.0
2022-06-10,146.56224565,149.4678675,145.2810925,148.5635241,21563045.0
2022-06-13,146.69622245,147.709422,143.2714405,144.45211105,26434591.0
2022-06-14,142.517821,145.69977,142.05727575,145.532299,19733328.0
2022-06-15,145.5490461,150.6401645,143.84921545,148.4462944,32544108.0
2022-06-16,149.04919,151.561255,148.211835,148.714248,20500586.0
2022-06-17,147.7931575,151.7119789,147.7931575,151.7119789,28620361.0
2022-06-20,153.0349998,156.585385,149.886545,153.64626895,31195435.0
2022-06-21,152.9512643,155.3293525,151.10070975,152.1139093,21811575.0
2022-06-22,152.39861,153.1354824,148.83985125,149.10780485,22352764.0
2022-06-23,149.1329255,151.4775195,148.87334545,151.058842,15972518.0
2022-06-24,151.9799325,155.33772605,150.64853805,154.910675,24518674.0
2022-06-27,156.585385,163.8536264,156.585385,161.609515,36637471.0
2022-06-28,161.609515,167.36214385,160.102276,167.17792575,31678590.0
2022-06-29,167.48404984,167.61158224,161.966148,163.241472,28997090.0
2022-06-30,163.39451088,174.29428,163.39451088,171.68411688,42521450.0
2022-07-01,171.81164928,174.29428,168.342768,172.593848,21936590.0
2022-07-04,170.88491384,172.4238048,168.5128112,170.92742464,22587623.0
2022-07-05,171.4460564,172.30477456,166.86339216,168.86139976,26296492.0
2022-07-06,168.44479392,169.72011792,164.3892636,165.57106384,22763312.0
2022-07-07,165.57106384,165.57106384,160.24020952,162.89288344,26677066.0
2022-07-08,164.3892636,165.6220768,162.35724736,163.8366232,16409671.0
2022-07-11,161.55804432,162.2212128,158.140176,161.01390608,19257469.0
2022-07-12,160.50377648,163.87063184,159.44950864,161.54104,16993479.0
2022-07-13,161.17544712,165.60507248,159.50902376,164.1767096,18991870.0
2022-07-14,162.53579272,164.56780896,160.7333348,161.65156808,15107930.0
2022-07-15,161.6685724,166.22573016,159.840608,161.4560184,20720892.0
2022-07-18,161.22646008,161.3709968,156.6097872,159.27096328,17803426.0
2022-07-19,158.990392,161.2434644,158.565284,160.6058024,12021415.0
2022-07-20,162.2212128,162.816364,159.840608,160.78434776,11249772.0
2022-07-21,160.68232184,161.4560184,158.63330128,158.7353272,11072844.0
2022-07-22,159.4155,160.265716,157.28996,158.06365656,11698563.0
2022-07-25,158.8628596,160.265716,157.077406,159.90862528,12479902.0
2022-07-26,160.57179376,163.241472,160.41875488,162.38275384,13747445.0
2022-07-27,161.5835508,162.39975816,159.46651296,159.9256296,9749124.0
2022-07-28,160.2232052,161.966148,158.8628596,159.09241792,9260926.0
2022-07-29,158.55678184,158.55678184,151.1684048,151.6785344,34031091.0
2022-08-01,151.763556,153.03037784,150.33519312,151.83157328,15608201.0
2022-08-02,150.4032104,151.89959056,147.15538528,149.34894256,17673794.0
2022-08-03,149.53599008,152.613772,148.1926488,148.43921144,15403054.0
2022-08-04,148.4477136,150.90483784,148.3201812,150.30118448,13368553.0
2022-08-05,150.8708292,152.613772,149.81656136,152.34170288,12701711.0
2022-08-08,151.5935128,154.33971048,150.91334,151.26192856,13025113.0
2022-08-09,150.5307428,151.338448,149.82506352,150.47122768,8538631.0
2022-08-10,149.28092528,150.91334,147.087368,147.937584,14354932.0
2022-08-11,148.77929784,151.26192856,148.4052028,151.26192856,13967051.0
2022-08-12,151.5935128,152.74980656,150.24166936,151.9335992,10861895.0
2022-08-15,151.02386808,152.6987936,149.3829512,149.638016,13844011.0
2022-08-16,149.61250952,150.7432968,148.5327352,148.98334968,10997543.0
2022-08-17,149.05136696,150.46272552,147.95458832,149.8080592,12211628.0
2022-08-18,148.7878,148.9578432,146.24565416,147.45296088,17955216.0
2022-08-19,146.66226,148.9153324,146.237152,147.64851056,12603780.0
2022-08-22,146.4922168,147.4699652,144.75777616,145.812044,15513018.0
2022-08-23,145.9820872,146.48371464,142.41118,142.836288,22924845.0
2022-08-24,142.80227936,144.111612,141.135856,142.19012384,18025460.0
2022-08-25,142.74276424,144.51971568,142.18162168,144.03509256,17485390.0
2022-08-26,146.13512608,147.7675408,144.16262496,144.6217416,24378683.0
2022-08-29,142.36016704,144.1541228,140.28564,140.5832156,25430564.0
2022-08-30,139.435424,140.08158816,137.89653304,139.46093048,18643252.0
2022-08-31,138.5001864,142.81928368,138.1601,142.14761304,26733348.0
2022-09-01,141.135856,141.135856,138.8402728,139.06132896,15844189.0
2022-09-02,139.85202984,139.85202984,136.89327816,137.59895744,15592424.0
2022-09-05,136.03456,136.3321356,133.54342712,135.20134832,22432012.0
2022-09-06,135.20134832,137.1823516,134.56368632,136.48517448,14693767.0
2022-09-07,136.03456,136.04306216,134.334128,135.13333104,14150787.0
2022-09-08,136.04306216,137.1823516,135.08231808,135.24385912,14867178.0
2022-09-09,135.27786776,137.4374164,134.64020576,137.27587536,20318847.0
2022-09-13,139.33339808,140.26013352,137.4799272,139.12084408,22455447.0
2022-09-14,137.734992,138.78075768,136.86777168,138.0750784,14343803.0
2022-09-15,138.30463672,141.560964,137.8200136,139.7755104,24493222.0
2022-09-16,139.435424,140.10709464,136.69772848,136.95279328,17805222.0
2022-09-19,136.672222,140.39616808,135.62645632,138.60221232,17237096.0
2022-09-20,139.435424,141.10184736,137.87952872,140.95731064,18488126.0
2022-09-21,140.44718104,140.94030632,138.8402728,138.9678052,12764774.0
2022-09-22,137.734992,137.98155464,134.8017468,135.0993224,18211404.0
2022-09-23,134.334128,136.56169392,134.2491064,135.29487208,12025892.0
2022-09-26,134.334128,139.42692184,134.13857832,137.82851576,21041611.0
2022-09-27,139.37590888,145.7270224,137.72648984,145.24239928,35443991.0
2022-09-28,145.0043388,146.69626864,144.111612,144.1966336,24431050.0
2022-09-29,146.65375784,146.67926432,142.4536908,143.26989816,17564712.0
2022-09-30,144.44319624,146.237152,143.56747376,143.88205368,16701001.0
2022-10-10,144.111612,144.6217416,134.92077704,135.0993224,25650912.0
2022-10-11,135.10782456,136.04306216,131.6984584,134.83575544,16389813.0
2022-10-12,134.5891928,134.5891928,129.232832,133.1438256,24238545.0
2022-10-13,131.77497784,132.36162688,129.66644216,130.56767112,19140141.0
2022-10-14,131.42638928,136.2896248,131.41788712,135.28636992,22872293.0
2022-10-17,134.06205888,134.759236,132.03004264,134.0365524,14670055.0
2022-10-18,134.91227488,136.86777168,134.35113232,134.9292792,13968916.0
2022-10-19,134.76773816,134.76773816,130.933264,131.358372,17392932.0
2022-10-20,129.65794,133.3138688,129.232832,131.0607964,16120045.0
2022-10-21,130.933264,131.04379208,128.807724,129.3603644,16321002.0
2022-10-24,127.54090216,127.88098856,120.943226,121.77643768,34403887.0
2022-10-25,119.667902,123.51087832,119.46385016,120.83269792,20962963.0
2022-10-26,121.4958664,124.0465144,120.730672,121.9209744,17959323.0
2022-10-27,123.26431568,123.34083512,116.12250128,116.5646136,36965491.0
2022-10-28,116.95571296,119.00473352,115.77391272,116.9047,25586220.0
2022-10-31,114.9492032,115.9694624,112.50908328,113.503836,22591665.0
2022-11-01,115.2467788,121.22379728,113.42731656,121.22379728,39155069.0
2022-11-02,120.730672,124.45461808,119.08125296,122.10802192,31867439.0
2022-11-03,119.88895816,120.305564,118.78367736,119.81243872,19281931.0
2022-11-04,119.455348,129.232832,119.3278156,127.5324,47898344.0
2022-11-07,126.682184,129.8279832,125.55989888,128.50164624,22869078.0
2022-11-08,128.39111816,129.46239032,124.22505976,125.39835784,23567786.0
2022-11-09,125.1517952,126.7246948,123.34933728,123.6214064,15124223.0
2022-11-10,122.84770984,124.60765696,122.18454136,123.92748416,17674813.0
2022-11-11,128.79922184,128.807724,124.59065264,127.54940432,36853384.0
2022-11-14,128.382616,132.13206856,127.4473784,127.7874648,28195258.0
2022-11-15,127.7874648,131.78348,126.18905872,131.0607964,27656711.0
2022-11-16,131.0607964,133.058804,130.15106528,131.11180936,18259366.0
2022-11-17,130.508156,132.45515064,128.382616,129.7429616,16558118.0
2022-11-18,130.083048,132.0385448,129.83648536,130.60167976,14585598.0
2022-11-21,127.957508,128.35710952,125.831968,126.62266888,21762482.0
2022-11-22,126.61416672,129.9980264,126.52064296,127.72794968,14376998.0
2022-11-23,127.72794968,128.807724,126.5971624,127.33685032,11346208.0
2022-11-24,128.382616,128.79922184,124.981752,125.67042696,15085804.0
2022-11-25,125.77245288,126.62266888,124.4716224,125.30483408,10676624.0
2022-11-28,123.13678328,125.84047016,120.7731828,125.5343924,19013147.0
2022-11-29,127.46438272,131.9110124,127.4473784,131.8259908,41040650.0
2022-11-30,131.6134368,136.00905352,130.933264,133.36488176,25228605.0
2022-12-01,140.28564,144.52821784,139.31639376,139.93705144,44092117.0
2022-12-02,140.1155968,141.88404608,137.95604816,138.63622096,21047820.0
2022-12-05,143.58447808,144.51971568,140.86378688,143.26989816,29795799.0
2022-12-06,142.81078152,151.52549552,142.0710936,149.1278864,43369522.0
2022-12-07,149.13638856,151.1684048,147.09587016,147.66551488,31128834.0
2022-12-08,147.087368,149.2554188,146.24565416,148.58374816,15644818.0
2022-12-09,148.47322008,155.98912952,148.03960992,155.81908632,41957765.0
2022-12-12,154.739312,155.91261008,151.26192856,151.6360236,29905954.0
2022-12-13,151.338448,153.8040744,149.65502032,152.58826552,19276219.0
2022-12-14,152.5712612,157.51951832,151.64452576,156.50776128,28698912.0
2022-12-15,156.6097872,157.9701328,153.69354632,154.70530336,19934421.0
2022-12-16,153.22592752,155.65754528,151.89959056,155.18142432,18642633.0
2022-12-19,156.014636,157.04339736,152.188664,152.9963692,19418435.0
2022-12-20,152.98786704,153.463988,144.43469408,146.67076216,34345756.0
2022-12-21,148.7878,149.35744472,147.5549868,148.35418984,15385319.0
2022-12-22,149.66352248,154.3567148,148.50722872,152.613772,24442393.0
2022-12-23,150.488232,155.589528,149.9781024,153.28544264,19861964.0
2022-12-26,153.28544264,154.0591392,150.96435296,151.8485776,17829834.0
2022-12-27,153.03888,155.16442,152.3161964,153.9316068,15227535.0
2022-12-28,153.88059384,153.88059384,151.23642208,153.19191888,13937786.0
2022-12-29,152.188664,153.03888,150.26717584,151.97611,16850491.0
2022-12-30,152.85183248,154.05063704,152.188664,153.62552904,14976495.0
2023-01-03,153.889096,154.57777096,150.07162616,151.5084912,18206204.0
2023-01-04,151.338448,153.463988,149.8930808,151.86558192,12883584.0
2023-01-05,154.314204,161.12443416,153.3789664,160.690824,40279056.0
2023-01-06,162.48477976,162.48477976,159.65356048,161.93213936,23338295.0
2023-01-09,163.6240692,167.39902824,161.67707456,166.54031008,27557314.0
2023-01-10,166.4722928,167.24598936,165.46053576,165.99617184,20275236.0
2023-01-11,165.82612864,166.63383384,163.7516016,165.0269256,16999458.0
2023-01-12,165.79212,166.44678632,163.24997416,164.42327224,13822699.0
2023-01-13,164.42327224,169.54157256,164.38076144,168.83589328,24506446.0
2023-01-16,170.0432,177.92470232,170.0432,175.58660832,36352479.0
2023-01-17,175.994712,176.65788048,171.41204776,172.47481776,21507890.0
2023-01-18,174.23476488,180.06724664,173.71613312,174.9744528,27241217.0
2023-01-19,175.5270932,175.569604,172.0412076,174.5493448,18119892.0
2023-01-20,176.75140424,180.245792,176.0797336,177.45708352,27348025.0
2023-01-30,185.84871544,186.95399624,182.18428448,185.0070016,32180876.0
2023-01-31,184.48836984,185.15153832,177.6101224,177.695144,25724708.0
2023-02-01,177.270036,179.0554896,173.24001216,178.59637296,25655223.0
2023-02-02,179.98222504,182.371332,178.6728924,180.67940216,18327161.0
2023-02-03,178.54536,180.245792,175.144496,178.54536,19935209.0
2023-02-06,169.64359848,173.89467848,167.73061248,171.4885672,33407544.0
2023-02-07,171.4885672,174.5493448,171.318524,172.73838472,15811588.0
2023-02-08,172.73838472,173.444064,168.52981552,169.6606028,16905733.0
2023-02-09,169.75412656,176.62387184,169.6606028,176.32629624,24493992.0
2023-02-10,176.32629624,176.40281568,172.69587392,174.0392152,14032129.0
2023-02-13,172.593848,182.7114184,172.58534584,180.5858784,28908783.0
2023-02-14,180.5858784,181.73367,177.3550576,177.89919584,18490190.0
2023-02-15,179.89720344,181.85270024,178.120252,179.395576,16925791.0
2023-02-16,177.9927196,182.52437088,176.6748848,179.21703064,21337960.0
2023-02-17,178.0777412,182.3288212,176.844928,176.9724604,18446776.0
2023-02-20,177.0149712,181.7761808,174.719388,181.0534972,19166754.0
2023-02-21,180.6709,180.77292592,177.270036,178.61337728,13939573.0
2023-02-22,177.2275252,179.00447664,175.569604,176.41982,14100545.0
2023-02-23,175.569604,177.03197552,173.1889992,174.3793016,14580801.0
2023-02-24,174.35379512,174.35379512,169.89016112,170.9784376,20395718.0
2023-02-27,169.24399696,175.34004568,169.05694944,174.13273896,17299557.0
2023-02-28,175.994712,176.89594096,171.81164928,173.80115472,11480142.0
2023-03-01,173.58860072,177.5676116,172.5088264,176.31779408,15446575.0
2023-03-02,175.2295176,176.51334376,174.60035776,175.34854784,7447671.0
2023-03-03,176.844928,178.08624336,173.018956,174.94044416,9283668.0
2023-03-06,174.30278216,175.569604,172.23675728,173.93718928,11140226.0
2023-03-07,173.7416396,173.7416396,170.13672376,170.4257972,12527207.0
2023-03-08,169.192984,171.318524,168.342768,169.4480488,10219130.0
2023-03-09,169.192984,169.7881352,164.8568824,168.342768,16850486.0
2023-03-10,166.82088136,169.68610928,165.93665672,165.99617184,11095657.0
2023-03-13,165.79212,170.28126048,165.79212,168.8528976,12647223.0
2023-03-14,168.9379192,168.95492352,164.6868392,166.03018048,10284259.0
2023-03-15,168.342768,169.47355528,163.4965368,163.51354112,12988009.0
2023-03-16,162.391256,165.1119472,160.97139528,162.5612992,12054371.0
2023-03-17,164.8143716,165.14595584,159.840608,160.265716,15607045.0
2023-03-20,161.54104,162.04266744,157.28996,158.0551544,15464264.0
2023-03-21,159.3304784,164.18521176,157.47700752,163.44552384,18789280.0
2023-03-22,163.454026,166.71035328,162.74834672,163.04592232,10853212.0
2023-03-23,162.3062344,166.63383384,161.59205296,165.43502928,13284214.0
2023-03-24,164.941904,166.5998252,162.816364,164.10869232,10253022.0
2023-03-27,163.93014696,163.95565344,160.690824,161.88962856,11879852.0
2023-03-28,161.87262424,164.86538456,161.71958536,163.66658,10918609.0
2023-03-29,164.941904,166.642336,162.9013856,166.03018048,15953932.0
2023-03-30,166.03018048,169.15897536,165.09494288,168.67435224,15148689.0
2023-03-31,170.893416,171.743632,167.492552,167.492552,12758987.0
2023-04-03,167.47554768,167.492552,164.15970528,165.95366104,13366024.0
2023-04-04,166.217228,167.20347856,164.0491772,166.7698684,14247340.0
2023-04-06,165.79212,165.79212,160.75033912,162.00015664,15107492.0
2023-04-07,161.3709968,163.09693528,159.44950864,160.74183696,11303817.0
2023-04-10,157.28996,157.30696432,151.5084912,156.9923844,33973209.0
2023-04-11,156.41423752,156.5672764,153.04738216,153.48949448,19119446.0
2023-04-12,153.889096,153.98261976,149.2554188,149.48497712,27283391.0
2023-04-13,149.638016,152.9538584,149.2554188,151.23642208,21080214.0
2023-04-14,151.52549552,151.763556,148.81330648,149.28942744,14465308.0
2023-04-17,150.30968664,152.97086272,150.05462184,151.49148688,18555289.0
2023-04-18,152.188664,153.18341672,150.98135728,151.61051712,14406696.0
2023-04-19,151.90809272,152.15465536,149.212908,149.88457864,12617246.0
2023-04-20,149.92708944,150.47122768,146.66226,147.512476,14800856.0
2023-04-21,147.937584,149.0428648,146.0671088,146.237152,12091951.0
2023-04-24,146.3221736,147.0023464,142.41118,142.836288,17609069.0
2023-04-25,142.836288,144.43469408,140.8382804,144.3666768,15489726.0
2023-04-26,143.7715256,145.53997488,142.47919728,143.35491976,14812682.0
2023-04-27,143.3464176,144.7917848,141.4759424,143.83104072,15039314.0
2023-04-28,145.60799216,146.1946412,142.73426208,143.686504,17938564.0
2023-05-04,146.66226,147.0448572,142.3686692,143.6439932,26587793.0
2023-05-05,143.6439932,148.0226056,143.048842,147.69102136,25172690.0
2023-05-08,148.362692,149.212908,145.20839064,145.7270224,17753373.0
2023-05-09,145.24239928,150.91334,144.53672,148.59225032,22292312.0
2023-05-10,146.9173248,148.362692,145.88856344,147.35943712,11890994.0
2023-05-11,147.92057968,150.05462184,146.41569736,146.72177512,12289631.0
2023-05-12,146.4071952,148.362692,143.99258176,144.00108392,12959157.0
2023-05-15,143.048842,146.65375784,142.86179448,146.61124704,13079986.0
2023-05-16,146.4922168,146.54322976,144.3666768,144.95332584,9936468.0
2023-05-17,144.53672,145.3019144,143.47395,143.97557744,8602150.0
2023-05-18,144.10310984,145.14037336,142.836288,143.39743056,8780386.0
2023-05-19,142.91280744,145.60799216,141.773518,145.2168928,12074586.0
2023-05-22,145.29341224,152.23967696,143.75452128,151.00686376,30244522.0
2023-05-23,151.1684048,151.763556,147.937584,147.937584,13672431.0
2023-05-24,147.52948032,147.92057968,144.8342956,144.8342956,13355066.0
2023-05-25,144.04359472,144.26465088,142.3686692,143.0063312,14392525.0
2023-05-26,143.0063312,146.14362824,142.836288,144.6217416,12287480.0
2023-05-29,145.33592304,146.1096196,142.47919728,143.05734416,12976880.0
2023-05-30,142.836288,144.0691012,139.010316,140.43017672,18360334.0
2023-05-31,140.28564,140.39616808,136.05156432,137.03781488,21344841.0
2023-06-01,138.15159784,141.6459856,137.0548192,138.85727712,16901644.0
2023-06-02,140.28564,143.1763744,138.86577928,142.7512664,19208397.0
2023-06-05,142.22413248,142.56421888,139.97106008,140.4556832,11344697.0
2023-06-06,141.3909208,143.20188088,139.88603848,140.81277392,13536764.0
2023-06-07,141.2633884,142.0285828,139.435424,139.435424,9532561.0
2023-06-08,139.61396936,141.19537112,138.60221232,140.13260112,9157282.0
2023-06-09,140.23462704,141.11885168,139.2653808,139.93705144,11963517.0
2023-06-12,139.45242832,146.237152,138.53419504,144.88530856,24183801.0
2023-06-13,144.53672,147.8525624,144.03509256,147.15538528,18293646.0
2023-06-14,148.6177568,152.4862396,146.79829456,151.06637888,24101542.0
2023-06-15,152.36720936,155.43648912,151.338448,154.739312,24045009.0
2023-06-16,155.2494416,157.8000896,154.314204,156.50776128,21631380.0
2023-06-19,155.589528,156.19318136,150.063124,150.94734864,24234172.0
2023-06-20,150.488232,151.6785344,147.5974976,147.94608616,17868934.0
2023-06-21,147.92908184,148.69427624,145.5569792,145.7270224,13948450.0
2023-06-26,144.111612,144.44319624,140.28564,141.69699856,21934031.0
2023-06-27,142.81919899,144.8461755,141.1054034,144.51559564,20067906.0
2023-06-28,143.74134281,146.6730642,143.00188786,144.99406649,11942640.0
2023-06-29,144.411202,144.8461755,142.03624669,142.50601807,11772352.0
2023-06-30,143.2802709,143.6282497,141.6273716,142.29723079,10337054.0
2023-07-03,142.03624669,145.70742303,141.67086895,145.59432992,17337306.0
2023-07-04,145.281149,146.5860695,144.01972585,146.34248434,12595742.0
2023-07-05,145.73352144,145.8031172,143.541255,143.87183486,11541608.0
2023-07-06,143.8022391,145.11585907,142.54081595,142.9322921,10144977.0
2023-07-07,142.83659793,143.541255,142.07974404,142.37552602,7896985.0
2023-07-10,143.52385606,144.8461755,142.85399687,143.1932762,9671525.0
2023-07-11,143.93273115,144.20241472,142.56691436,143.66304758,7020562.0
2023-07-12,143.7152444,144.98536702,143.541255,143.94143062,11884029.0
2023-07-13,146.04670236,150.500831,144.97666755,150.19634955,32351360.0
2023-07-14,151.0227992,151.65786051,148.57824813,149.62218453,15072288.0
2023-07-17,148.3259635,148.74353806,146.29028752,147.59520802,9325675.0
2023-07-18,147.6300059,148.09107781,146.151096,146.4990748,8195902.0
2023-07-19,145.99450554,146.81225572,145.11585907,146.42947904,7685551.0
2023-07-20,147.021043,149.00452216,146.22069176,146.63826632,12750198.0
2023-07-21,147.78659636,151.370778,146.04670236,148.99582269,19538688.0
2023-07-24,147.13413611,147.89099,146.0641013,147.33422392,13171639.0
2023-07-25,153.110672,157.17332449,152.38861599,156.1554865,44063194.0
2023-07-26,156.1554865,157.18202396,153.85012695,154.6765766,17402543.0
2023-07-27,155.69441459,157.32991495,153.85012695,155.25074162,18798706.0
2023-07-28,154.2416031,158.46954552,153.65873861,157.61699746,31969316.0
2023-07-31,162.3321102,164.04590579,157.44300806,157.460407,31559353.0
2023-08-01,158.06067043,160.20074005,155.2855395,156.48606636,19571803.0
2023-08-02,155.720513,157.45170753,154.1546084,154.83316706,15508019.0
2023-08-03,154.01541688,156.55566212,152.35381811,155.3725342,15264598.0
2023-08-04,157.79968633,158.7653275,155.4595289,155.96409816,14347761.0
2023-08-07,155.1115501,155.96409816,153.4586508,154.25030257,15692962.0
2023-08-08,153.26726246,154.90276282,152.39731546,153.87622536,11614322.0
2023-08-09,154.38079462,154.74617236,153.1976667,154.13720946,8679551.0
2023-08-10,153.87622536,153.980619,151.94494302,153.38035557,10423785.0
2023-08-11,154.38079462,154.45908985,149.86576969,149.94406492,14888627.0
2023-08-14,147.89099,148.17807251,144.411202,146.69046314,21094514.0
2023-08-15,146.68176367,146.9340483,144.14151843,144.8461755,16814467.0
2023-08-16,144.65478716,145.6291278,143.7152444,145.0201649,11627666.0
2023-08-17,144.3242073,146.68176367,143.1062815,146.53387268,16693182.0
2023-08-18,146.51647374,146.74265996,142.2363345,142.26243291,27947953.0
2023-08-21,141.08800446,142.98448892,140.39204686,140.90531559,16450664.0
2023-08-22,141.47078114,142.2363345,139.60909456,141.06190605,15692086.0
2023-08-23,140.97491135,141.05320658,139.19152,139.20021947,14683900.0
2023-08-24,139.26111576,142.2363345,138.50426187,141.15760022,17589545.0
2023-08-25,140.07886594,141.60127319,139.66999085,140.53993785,11630171.0
2023-08-28,146.15979547,147.01234353,136.59037847,137.00795303,54577070.0
2023-08-29,135.711732,139.2785147,135.12886751,138.6695518,23873176.0
2023-08-30,138.6695518,139.29591364,137.1036472,137.29503554,22598663.0
2023-08-31,137.29503554,137.30373501,135.56384101,135.63343677,22001837.0
2023-09-01,136.581679,139.15672212,136.581679,138.96533378,23238672.0
2023-09-04,140.5834352,146.151096,140.5834352,146.09019971,46496459.0
2023-09-05,145.9771066,146.35118381,143.75004228,144.16761684,19055024.0
2023-09-06,143.59345182,144.80267815,142.671308,144.14151843,13049265.0
2023-09-07,143.541255,143.68914599,141.7143663,141.8883557,11886106.0
2023-09-08,141.15760022,141.5403769,139.6264935,140.86181824,10497211.0
2023-09-11,140.061467,143.81093857,139.32201205,142.97578945,16068274.0
2023-09-12,142.1493398,142.72350482,141.46208167,141.78396206,8942828.0
2023-09-13,142.671308,143.88053433,141.32289015,142.36682655,13114721.0
2023-09-14,142.36682655,142.87139581,140.08756541,140.931414,13047323.0
2023-09-15,140.99231029,141.83615888,138.5825571,138.93923537,17755546.0
2023-09-18,138.321573,141.81006047,137.46032547,141.6273716,16298317.0
2023-09-19,140.94011347,141.1054034,138.7565465,139.98317177,11367416.0
2023-09-20,139.3655094,140.061467,138.9305359,139.05232848,8712360.0
2023-09-21,138.321573,138.7565465,137.03405144,137.15584402,12945475.0
2023-09-22,136.581679,139.46120357,136.3206949,139.12192424,15431992.0
2023-09-25,138.98273272,139.08712636,137.9735942,138.2345783,10536495.0
2023-09-26,138.21717936,138.73044809,136.27719755,136.27719755,12501574.0
2023-09-27,136.28589702,138.01709155,135.711732,136.22500073,13281201.0
2023-09-28,136.22500073,136.91225886,135.43334896,135.7987267,12385723.0
2023-10-09,135.79002723,135.79002723,132.0579546,134.20672369,15357335.0
2023-10-10,135.26805903,136.21630126,133.15408782,133.45856927,12717530.0
2023-10-11,134.46770779,135.04187281,133.41507192,133.7108539,9912197.0
2023-10-12,135.05927175,135.711732,134.15452687,135.47684631,13797215.0
2023-10-13,134.4068115,134.4068115,132.24064347,133.64995761,14293386.0
2023-10-16,133.17148676,133.4498698,130.23976537,130.61384258,15236613.0
2023-10-17,130.61384258,131.57078428,129.23932632,130.84872827,10720176.0
2023-10-18,130.47465106,131.64038004,129.77869346,129.83089028,10110520.0
2023-10-19,128.752156,128.752156,125.23757012,125.48985475,21738492.0
2023-10-20,124.402421,126.95136571,124.02834379,125.0113839,13316438.0
2023-10-23,124.95918708,126.84697207,123.8804528,125.05488125,12029229.0
2023-10-24,125.06358072,126.13361553,123.2714899,125.31586535,16707389.0
2023-10-25,127.83871165,131.361997,127.83871165,129.91788498,25442154.0
2023-10-26,128.752156,131.5359864,128.5781666,131.40549435,14617728.0
2023-10-27,130.98791979,133.58036185,130.63124152,133.09319153,17065390.0
2023-10-30,135.66823465,137.76480692,134.841785,136.2337002,27403019.0
2023-10-31,137.0166525,137.14714455,134.85918394,135.711732,14497863.0
2023-11-01,144.411202,145.52473416,139.19152,139.19152,46934602.0
2023-11-02,139.26111576,140.02666912,137.21674031,137.3646313,16513168.0
2023-11-03,137.3646313,139.19152,137.15584402,138.90443749,13814386.0
2023-11-06,139.77438449,139.94837389,137.8865995,139.05232848,13751203.0
2023-11-07,138.5825571,139.1045253,137.451626,138.59125657,10730364.0
2023-11-08,137.8865995,139.00013166,137.07754879,137.99969261,12646303.0
2023-11-09,137.451626,138.7565465,137.451626,137.93009685,9198879.0
2023-11-10,137.0166525,137.69521116,136.1467055,136.4946843,8963080.0
2023-11-13,136.48598483,136.72956999,134.02403482,134.73739136,12557539.0
2023-11-14,135.60733836,137.35593183,134.841785,135.6247373,11299159.0
2023-11-15,137.28633607,137.57341858,136.3206949,136.79916575,10175715.0
2023-11-16,136.581679,137.1906419,135.82482511,136.03361239,7036398.0
2023-11-17,135.2767585,136.12930656,134.28501892,134.841785,8452069.0
2023-11-20,134.83308553,135.65953518,133.6238592,134.3198168,11485928.0
2023-11-21,134.841785,136.26849808,133.31937775,135.1027691,16697698.0
2023-11-22,134.1458274,134.77218924,133.54556397,133.54556397,8691277.0
2023-11-23,133.101891,133.49336715,132.10145195,133.16278729,9457601.0
2023-11-24,133.0148963,133.86744436,132.50162757,133.30197881,9309548.0
2023-11-27,132.91920213,132.9279016,129.52640883,129.83958975,18526959.0
2023-11-28,129.87438763,130.56164576,128.44767455,129.40461625,13910316.0
2023-11-29,129.25672526,129.2741242,127.7952143,129.0131401,8648476.0
2023-11-30,128.90004699,129.96138233,128.76085547,129.75259505,10683306.0
2023-12-01,129.622103,129.622103,127.02096147,128.06489787,13430375.0
2023-12-04,127.43853603,128.46507349,126.65558373,126.88176995,10695582.0
2023-12-05,126.5772885,126.86437101,123.74126128,124.11533849,15041103.0
2023-12-06,124.0544422,126.3163044,123.23669202,125.3593627,14474212.0
2023-12-07,125.3593627,125.50725369,123.0975005,123.98484644,15107094.0
2023-12-08,123.98484644,125.5333521,123.72386234,124.34152471,14475928.0
2023-12-11,121.4446012,121.79258,118.79996232,121.0966224,32312072.0
2023-12-12,120.052686,121.51419696,119.81780031,121.1836171,14402267.0
2023-12-13,120.5746542,120.64424996,116.20752026,116.38150966,31864580.0
2023-12-14,117.442845,118.29539306,115.39846955,115.39846955,21441794.0
2023-12-15,116.28581549,118.1388026,115.5289616,116.3119139,20013278.0
2023-12-18,114.87650135,117.2688556,114.71991089,116.572898,12930013.0
2023-12-19,116.56419853,116.56419853,115.32017432,115.99003351,13016041.0
2023-12-20,116.44240595,116.51200171,114.9199987,114.94609711,10629969.0
2023-12-21,114.72861036,116.96437415,114.38063156,116.6598927,17664844.0
2023-12-22,116.62509482,117.2688556,115.32887379,116.06832874,16402338.0
2023-12-25,115.98133404,117.06876779,115.65945365,117.05136885,9862125.0
2023-12-26,117.05136885,117.05136885,116.23361867,116.85128104,7367832.0
2023-12-27,116.85128104,117.25145666,115.72904941,116.42500701,10430850.0
2023-12-28,116.42500701,122.78431958,116.18142185,121.8795747,33610901.0
2023-12-29,121.79258,123.21929308,121.17491763,122.06226357,19454076.0
2024-01-02,122.0535641,122.0535641,118.1388026,118.312792,21526999.0
2024-01-03,118.29539306,118.89565649,116.35541125,117.33845136,16417109.0
2024-01-04,117.33845136,117.3558503,114.84170347,115.11138704,17876323.0
2024-01-05,114.833004,115.9639351,113.77166866,114.17184428,15630369.0
2024-01-08,113.97175647,114.08484958,111.353216,111.4402107,21020047.0
2024-01-09,111.4402107,112.55374286,110.83994727,111.18792607,17483816.0
2024-01-10,111.18792607,112.72773226,109.62202147,112.0491736,16530411.0
2024-01-11,111.9621789,113.5280835,110.67465734,112.76253014,15646396.0
2024-01-12,112.11876936,113.19750364,111.4402107,112.00567625,11920766.0
2024-01-15,111.353216,112.56244233,110.55286476,111.94477996,11582558.0
2024-01-16,111.28362024,112.46674816,110.42237271,111.70989427,12528653.0
2024-01-17,111.0052372,111.1792266,108.86516758,108.86516758,17675746.0
2024-01-18,108.5693856,111.46630911,107.16877093,111.2662213,23594821.0
2024-01-19,110.483269,112.66683597,109.71771564,112.12746883,22502046.0
2024-01-22,111.7011948,112.35365505,109.4393326,110.483269,21340958.0
2024-01-23,110.3092796,111.45760964,109.16094956,110.81384886,16198659.0
2024-01-24,111.50980646,111.77079056,108.96956122,111.39671335,16682387.0
2024-01-25,111.353216,114.05875117,110.97043932,114.05875117,27342127.0
2024-01-26,113.18880417,114.82430453,112.6581365,113.963057,19317416.0
2024-01-29,114.04135223,116.28581549,114.04135223,114.64161566,21614965.0
2024-01-30,113.7890676,113.8760623,110.98783826,111.10093137,17071977.0
2024-01-31,110.9182425,111.94477996,109.86560663,109.8743061,13521837.0
2024-02-01,109.38713578,111.10963084,108.86516758,110.0482955,13787549.0
2024-02-02,110.0482955,111.91868155,106.62070432,107.71683754,21086217.0
2024-02-05,107.71683754,111.24882236,106.92518577,110.10919179,30804209.0
2024-02-06,109.613322,115.702951,109.3523379,115.69425153,32384190.0
2024-02-07,115.79864517,117.1818609,114.9199987,116.45980489,29067328.0
2024-02-08,117.2688556,118.41718564,115.4419669,116.21621973,24374798.0
2024-02-19,120.8356383,120.87913565,117.25145666,118.44328405,28857883.0
2024-02-20,118.312792,119.182739,115.702951,116.90347786,21181874.0
2024-02-21,116.0509298,124.12403796,115.56375948,122.67992594,46656281.0
2024-02-22,121.88827417,123.23669202,121.29671021,122.7495217,18840109.0
2024-02-23,122.69732488,124.73300086,121.83607735,123.28018937,18439323.0
2024-02-26,123.0975005,123.77605916,120.96613035,121.58379272,13994707.0
2024-02-27,120.93133247,121.6185906,120.09618335,121.58379272,15061741.0
2024-02-28,121.58379272,123.0105058,120.72254519,121.38370491,19619411.0
2024-02-29,120.922633,123.81955651,120.6616489,123.74996075,17660377.0
2024-03-01,123.57597135,125.08097966,122.55813336,124.04574273,15881306.0
2024-03-04,123.10619997,123.7064634,121.82737788,122.07966251,15430682.0
2024-03-05,121.77518106,123.42808036,121.20971551,123.17579573,16001586.0
2024-03-06,122.662527,122.9235111,120.49635897,120.97482982,17652769.0
2024-03-07,120.97482982,121.77518106,120.27017275,120.27017275,11219842.0
2024-03-08,120.10488282,121.03572611,118.88695702,120.41806374,12245203.0
2024-03-11,120.35716745,122.91481163,120.07008494,122.80171852,19356925.0
2024-03-12,122.81041799,129.8830871,122.81041799,129.02183957,45079147.0
2024-03-13,128.3171825,129.77869346,128.00400158,128.54336872,17912970.0
2024-03-14,128.0561984,131.361997,127.93440582,130.10927332,22227356.0
2024-03-15,129.622103,134.65039666,129.4481136,132.65821803,23887367.0
2024-03-18,132.5799228,134.54600302,131.10971237,133.5368645,18987361.0
2024-03-19,133.86744436,138.29547459,133.57166238,136.90355939,33882634.0
2024-03-20,136.47728536,137.67781222,135.26805903,136.53818165,16160021.0
2024-03-21,136.4946843,137.92139738,135.40725055,136.24239967,13643008.0
2024-03-22,136.0597108,136.37289172,132.54512492,133.47596821,20156403.0
2024-03-25,132.67561697,133.0148963,130.49205,131.98835884,16167547.0
2024-03-26,132.03185619,135.17236486,132.03185619,135.03317334,18088963.0
2024-03-27,134.841785,135.1027691,132.7539122,132.80610902,12363048.0
2024-03-28,132.80610902,135.13756698,132.27544135,133.1888857,14419203.0
2024-03-29,133.1888857,134.85918394,132.71911432,133.54556397,8834848.0
2024-04-01,134.4068115,137.93879632,134.4068115,136.82526416,17726202.0
2024-04-02,136.581679,136.73826946,134.71999242,135.2767585,11410098.0
2024-04-03,135.6247373,136.55558059,133.3628751,134.4938062,9826116.0
2024-04-08,132.231944,132.231944,127.92570635,128.13449363,27000663.0
2024-04-09,127.4472355,128.93484487,126.73387896,127.42983656,13039729.0
2024-04-10,127.1862514,127.4472355,123.65426658,124.50681464,17167574.0
2024-04-11,124.0544422,124.10663902,122.3145482,123.82825598,15994283.0
2024-04-12,123.532474,124.79389715,121.8795747,122.21885403,13407310.0
2024-04-15,122.3145482,128.73475706,121.84477682,128.16059204,25429182.0
2024-04-16,127.5342302,128.02140052,125.54205157,126.11621659,13567789.0
2024-04-17,125.73343991,126.61208638,125.0983786,126.4032991,13702335.0
2024-04-18,125.33326429,127.69082066,124.6634051,126.12491606,15245280.0
2024-04-19,125.25496906,125.7073415,123.52377453,124.3154263,12726175.0
2024-04-22,124.3154263,127.42983656,124.3154263,125.75953832,14036604.0
2024-04-23,125.272368,128.30848303,125.24626959,127.90830741,17171181.0
2024-04-24,128.69125971,129.7960924,127.012262,129.60470406,14225100.0
2024-04-25,129.1871295,129.92658445,127.89960794,129.60470406,10077553.0
2024-04-26,129.7960924,132.8409069,129.7960924,132.44943075,17946172.0
2024-04-29,131.361997,136.19890232,130.50074947,132.01445725,27538469.0
2024-04-30,132.4929281,133.52816503,130.86612721,130.86612721,15529607.0
2024-05-06,133.48466768,137.73870851,133.4498698,134.85048447,31679595.0
2024-05-07,134.841785,136.07710974,133.58036185,135.65953518,14549977.0
2024-05-08,135.69433306,135.99011504,134.27631945,134.841785,10107370.0
2024-05-09,134.25892051,135.44204843,133.73695231,134.70259348,11327468.0
2024-05-10,134.841785,135.61603783,132.9279016,134.34591521,10251379.0
2024-05-13,132.9279016,133.08449206,130.72693569,131.4489917,17262826.0
2024-05-14,131.4489917,132.10145195,130.51814841,131.65777898,11345529.0
2024-05-15,131.64907951,132.08405301,130.9270235,131.68387739,7842841.0
2024-05-16,131.9709599,134.91138076,131.10971237,134.01533535,14937612.0
2024-05-17,133.971838,136.08580921,133.28457987,136.06841027,16184342.0
2024-05-20,136.0597108,139.0175306,136.0597108,136.8426631,19373643.0
2024-05-21,136.4076896,136.73826946,134.92008023,136.18150338,8803686.0
2024-05-22,135.72043147,136.06841027,134.20672369,134.94617864,10847769.0
2024-05-23,134.841785,135.68563359,133.38027404,133.6238592,8988893.0
2024-05-24,132.98009842,133.21498411,131.361997,131.49248905,11203941.0
2024-05-27,131.48378958,132.4929281,130.99661926,131.86656626,10156716.0
2024-05-28,131.8839652,132.17974718,130.49205,130.51814841,10387436.0
2024-05-29,130.53554735,131.35329753,129.50031042,129.80479187,9102373.0
2024-05-30,129.57860565,129.57860565,126.93396677,127.23844822,16111129.0
2024-05-31,127.7952143,128.74345653,127.5342302,127.6212249,13141188.0
2024-06-03,127.78651483,128.09969575,125.83783355,126.99486306,14092998.0
2024-06-04,126.99486306,128.8391507,126.5772885,128.56076766,10302099.0
2024-06-05,128.50857084,128.752156,126.70778055,126.80347472,11114765.0
2024-06-06,127.02096147,127.55162914,125.32456482,126.0553203,12730851.0
2024-06-07,126.5772885,126.62078585,123.4454793,123.82825598,15869270.0
2024-06-11,123.0105058,123.0105058,120.052686,120.47026056,20665469.0
2024-06-12,120.1396807,121.64468901,119.66120985,119.9656913,15452411.0
2024-06-13,119.95699183,120.1396807,116.95567468,117.06006832,24362284.0
2024-06-14,116.7468874,118.0518079,114.91129923,118.03440896,28721911.0
2024-06-17,116.9208768,118.45198352,114.2240411,118.07790631,24627240.0
2024-06-18,117.442845,119.47852098,116.06832874,116.47720383,20298120.0
2024-06-19,116.72948846,117.7038291,115.55506001,116.76428634,13704527.0
2024-06-20,116.6598927,117.50374129,114.98959446,115.0069934,12619163.0
2024-06-21,114.84170347,115.58115842,112.0491736,113.2670994,21388642.0
2024-06-24,109.63072094,115.41586849,109.2653432,113.98915541,23923514.0
2024-06-25,114.6590146,115.95523563,113.6150782,114.40672997,17715159.0
2024-06-26,113.4410888,114.98959446,113.39759145,114.2240411,10221249.0
2024-06-27,114.25013951,114.28493739,111.97957784,112.78862855,12264610.0
2024-06-28,112.21446353,113.51938403,110.97043932,111.38801388,15689886.0
2024-07-01,111.5272054,112.36235452,109.613322,111.6142001,15433459.0
2024-07-02,111.0922319,115.42456796,110.9182425,114.45022732,24747909.0
2024-07-03,114.45022732,115.4419669,113.1801047,113.963057,12427733.0
2024-07-04,113.963057,115.1809828,113.11920841,113.60637873,10049528.0
2024-07-05,113.60637873,114.80690559,111.47500858,112.17966565,13941250.0
2024-07-08,112.20576406,112.3971524,108.93476334,109.53502677,20745544.0
2024-07-09,109.53502677,111.5272054,108.89996546,110.54416529,19540437.0
2024-07-10,110.0482955,111.75339162,109.76991246,110.08309338,15457159.0
2024-07-11,110.9182425,114.3980305,110.63115999,113.51068456,25779636.0
2024-07-12,114.29563652,115.29712181,113.36633035,114.9452486,18938660.0
2024-07-15,114.584353,116.71363704,114.20541262,115.0354725,11973781.0
2024-07-16,114.34074847,115.5768159,113.5016662,115.01742772,15468916.0
2024-07-17,114.584353,118.18428661,114.01594243,117.97677164,22884217.0
2024-07-18,117.32715956,119.997787,117.31813717,118.2835329,18591713.0
2024-07-19,117.90459252,120.43988411,117.09257742,120.37672738,19024378.0
2024-07-22,120.3586826,120.85491405,118.193309,118.39180158,15642939.0
2024-07-23,118.20233139,118.65345089,114.4039052,114.4039052,19756404.0
2024-07-24,114.20541262,115.2159203,113.2309945,113.73624834,14364962.0
2024-07-25,112.8700989,114.27759174,112.8700989,113.48362142,11814145.0
2024-07-26,113.682114,114.92720382,112.8700989,113.8625618,11421502.0
2024-07-29,113.682114,114.3136813,111.9678599,111.9678599,13936430.0
2024-07-30,110.975397,112.1483077,109.60399372,111.23704631,20725348.0
2024-07-31,110.68668052,115.64899502,110.66863574,114.45803954,26057917.0
2024-08-01,114.46706193,114.53924105,111.76936732,111.877636,17473861.0
2024-08-02,110.975397,112.34680028,110.86712832,111.6069643,9950169.0
2024-08-05,111.6069643,115.486592,111.5167404,113.682114,24189241.0
2024-08-06,114.15127828,115.486592,113.12272582,113.5918901,15347283.0
2024-08-07,113.682114,115.10765162,113.0505467,114.584353,13259071.0
2024-08-08,114.11518872,116.99333113,113.63700205,115.80237565,20013087.0
2024-08-09,116.8399505,117.29107,115.25200986,115.55877112,15846790.0
2024-08-12,115.0354725,115.92868911,114.69262168,115.22494269,7310797.0
2024-08-13,115.11667401,115.45050244,112.88814368,113.3212184,12451739.0
2024-08-14,113.2309945,113.31219601,111.77838971,112.17537487,9494697.0
2024-08-15,111.89568078,113.81744985,111.75132254,112.73476305,11162349.0
2024-08-16,112.3287555,113.11370343,111.49869562,112.78889739,9726670.0
2024-08-19,112.779875,114.584353,111.7874121,111.83252405,13875921.0
2024-08-20,111.83252405,111.877636,110.66863574,111.11073285,10985221.0
2024-08-21,110.7949492,111.10171046,110.1633819,110.2536058,9710809.0
2024-08-22,110.26262819,110.42503121,108.23259044,109.16189661,18528513.0
2024-08-23,108.8100234,110.1633819,108.73784428,109.27016529,8898800.0
2024-08-26,109.15287422,109.95586693,106.50029156,106.57247068,20401007.0
2024-08-27,106.1935303,106.6446498,104.25371645,106.1935303,15660884.0
2024-08-28,105.561963,105.561963,101.88082788,102.855246,24729242.0
2024-08-29,104.2086045,108.53032931,103.87477607,107.16794842,30025609.0
2024-08-30,106.464202,112.47311374,105.36347042,111.00246417,33779842.0
2024-09-02,110.073158,110.35285209,107.366441,107.366441,17755490.0
2024-09-03,107.43862012,109.59497133,107.366441,108.55739648,12798410.0
2024-09-04,107.66417987,108.9904712,107.39350817,107.46568729,8469238.0
2024-09-05,107.4566649,108.16041132,106.9153215,107.86267245,8279466.0
2024-09-06,107.8175605,107.8175605,106.0130825,106.04014967,7772198.0
2024-09-09,105.4717391,106.00406011,104.22664928,104.85821658,11158667.0
2024-09-10,104.85821658,106.69878414,104.5695001,105.04768677,10605023.0
2024-09-11,104.4792762,105.62511973,103.757485,104.66874639,7659099.0
2024-09-12,104.659724,105.00257482,102.27781304,102.27781304,16984847.0
2024-09-13,102.2236787,102.2236787,98.5244988,98.5244988,31153086.0
2024-09-18,97.66737175,98.85832723,96.72904319,97.16211791,17763923.0
2024-09-19,97.19820747,101.82669354,95.93507287,100.0583051,31818095.0
2024-09-20,99.36358107,100.01319315,97.9831554,99.49891692,19668110.0
2024-09-23,100.06732749,102.66577581,99.6071856,101.31241731,20371180.0
2024-09-24,103.6672611,108.6295756,102.41314889,108.59348604,47346927.0
2024-09-25,111.5167404,113.33926318,109.96488932,110.1633819,41718945.0
2024-09-26,110.1633819,121.17972009,109.99195649,121.17972009,66453364.0
2024-09-27,127.9374902,133.29678986,124.98716867,133.29678986,86457718.0
2024-09-30,140.76732878,146.62285989,137.7718953,146.62285989,98620119.0
2024-10-08,161.28424364,161.28424364,140.34327645,148.01230795,130680565.0
2024-10-09,144.35824,144.35824,133.22461074,133.24265552,81546859.0
2024-10-10,133.23363313,140.32523167,133.23363313,137.12228322,60060115.0
2024-10-11,135.33585,138.33128348,133.531372,135.02006635,28515763.0
2024-10-14,136.238089,136.238089,131.73591639,135.11931264,33496575.0
2024-10-15,135.33585,135.4260739,129.922416,129.922416,32970192.0
2024-10-16,128.117938,130.18406531,126.38563912,127.80215435,31227224.0
2024-10-17,128.5690575,128.94799788,124.40973571,124.46387005,28250755.0
2024-10-18,123.61576539,131.32990884,123.02931004,129.020177,44144323.0
2024-10-21,129.91339361,131.2757745,127.3059229,129.02919939,29576515.0
2024-10-22,128.8397292,132.13290155,128.30740819,131.22164016,30466330.0
2024-10-23,131.24870733,134.91179767,129.922416,134.00955867,35813825.0
2024-10-24,132.4486852,133.9824915,131.82614029,132.14192394,18642006.0
2024-10-25,131.23968494,135.21855893,131.23968494,133.63061829,19805485.0
2024-10-28,134.44263339,138.944806,132.33139413,138.91773883,43810985.0
2024-10-29,138.91773883,141.54325432,135.6967456,136.0576412,30315753.0
2024-10-30,134.433611,136.51778309,132.8998047,134.2531632,21187042.0
2024-10-31,132.629133,134.6140588,131.19457299,132.47575237,26944088.0
2024-11-01,131.47426708,136.0576412,131.47426708,133.45919288,22719198.0
2024-11-04,133.9824915,134.62308119,131.79907312,134.0727154,20505185.0
2024-11-05,133.531372,138.03354461,132.4486852,137.8621192,32031809.0
2024-11-06,137.82602964,138.042567,134.56894685,136.46364875,30206560.0
2024-11-07,135.37193956,147.08300178,135.18246937,146.37925536,67187150.0
2024-11-08,147.967196,148.5085394,140.749284,141.17333633,56747365.0
2024-11-11,138.35835065,139.71170915,136.4185368,139.68464198,36601207.0
2024-11-12,139.68464198,143.456001,138.62902235,139.2154777,35134682.0
2024-11-13,138.042567,140.14478387,137.73580574,138.89067166,19433400.0
2024-11-14,138.14181329,140.64101532,137.27566385,138.48466411,21792782.0
2024-11-15,138.47564172,139.06209707,135.83208145,136.49973831,25544269.0
2024-11-18,136.49071592,138.36737304,134.433611,134.73134987,20986101.0
2024-11-19,134.93886484,135.91328296,131.0953267,133.93737955,23341346.0
2024-11-20,133.93737955,135.68772321,132.8095808,134.9749544,14981538.0
2024-11-21,134.433611,135.4260739,133.67573024,134.8847305,11446054.0
2024-11-22,134.7945066,135.34487239,130.50887135,130.72540871,18942474.0
2024-11-25,131.62764771,132.79153602,128.7495053,129.7419682,19168995.0
2024-11-26,129.4712965,132.2682374,128.5690575,130.6442072,17535782.0
2024-11-27,130.61714003,133.43212571,129.54347562,132.67424495,20024978.0
2024-11-28,130.824655,132.58402105,129.7419682,129.922416,19045387.0
2024-11-29,130.84269978,135.05615591,130.2833116,132.42161803,28727796.0
2024-12-02,132.74642407,133.91933477,131.32990884,132.9900286,17976352.0
2024-12-03,133.2607003,133.32385703,131.9073418,132.62011061,14014314.0
2024-12-04,132.5389091,132.57499866,130.61714003,131.48328947,14843403.0
2024-12-05,130.824655,131.42013274,130.38255789,130.85172217,10321021.0
2024-12-06,130.51789374,133.531372,130.51789374,132.12387916,18754575.0
2024-12-09,132.13290155,132.99905099,130.95999085,131.51035664,14542425.0
2024-12-10,138.042567,139.73877632,134.3433871,134.5238349,46326278.0
2024-12-11,133.54941678,136.6892085,133.54941678,134.7945066,19999335.0
2024-12-12,134.83059616,137.140328,133.95542433,136.97792498,25365291.0
2024-12-13,135.65163365,135.94937252,133.531372,133.56746156,28422742.0
2024-12-16,133.55843917,133.56746156,129.94046078,130.45473701,26477262.0
2024-12-17,130.44571462,132.40357325,129.5615204,130.72540871,15949283.0
2024-12-18,130.824655,131.97952092,130.42766984,131.0051028,12067558.0
2024-12-19,130.0126399,130.29233399,129.29987109,129.51640845,15198227.0
2024-12-20,129.6517443,130.34646833,128.76755008,129.20964719,17283558.0
2024-12-23,128.40665448,129.86828166,128.34349775,128.52394555,14260102.0
2024-12-24,128.43372165,129.4712965,127.85628869,129.45325172,14333019.0
2024-12-25,129.45325172,129.81414732,128.64123662,129.09235612,9613952.0
2024-12-26,129.12844568,129.22769197,127.98260215,128.56003511,10476825.0
2024-12-27,128.6592814,128.97506505,127.72997523,128.58710228,13445059.0
2024-12-30,128.13598278,129.17355763,127.215699,127.40516919,16367180.0
2024-12-31,127.41419158,129.5615204,126.32248239,126.34954956,24521867.0
2025-01-02,126.31346,126.31346,122.9751757,123.59772061,25564735.0
2025-01-03,123.67892212,124.47289244,121.57670525,122.1631606,16823014.0
2025-01-06,119.0053241,120.86393644,117.63392082,118.03992837,27943013.0
2025-01-07,118.3737568,118.78878674,116.9301744,118.05797315,19018740.0
2025-01-08,118.06699554,118.86096586,115.50463678,117.0203983,19287619.0
2025-01-09,117.20986849,119.41133165,115.62192785,117.81436862,15918343.0
2025-01-10,117.7421895,118.03992837,116.0279354,116.0279354,13537786.0
2025-01-13,114.87306948,116.8399505,114.54826344,116.5692788,12149103.0
2025-01-14,116.6595027,120.2684587,116.2986071,120.01583178,22862469.0
2025-01-15,120.2684587,120.61130952,119.29404058,119.79027203,12812277.0
2025-01-16,120.3586826,121.1706977,118.24744334,118.62638372,16309620.0
2025-01-17,119.095548,120.79175732,118.68954045,119.3662197,15245016.0
2025-01-20,119.88951832,122.24436211,119.75418247,121.1706977,19417359.0
2025-01-21,121.66692915,121.802265,119.8173392,120.34966021,13279686.0
2025-01-22,119.95267505,119.997787,117.40836107,117.60685365,17418217.0
2025-01-23,118.738953,120.57066243,118.25111079,118.41679305,18448933.0
2025-01-24,117.6344046,118.35236106,116.42860593,117.56076804,18943572.0
2025-01-27,117.818496,118.32474735,116.9900847,117.0821304,12653510.0
2025-02-05,117.40429035,117.70804116,114.60610107,115.06632957,18691574.0
2025-02-06,114.8730336,116.33656023,114.77178333,115.8855363,13819081.0
2025-02-07,115.977582,118.62849816,115.16757984,117.47792691,23247330.0
2025-02-10,117.52394976,118.0025874,116.8059933,117.38588121,13654558.0
2025-02-11,117.4503132,117.88292799,115.71985404,116.21690082,17600170.0
2025-02-12,116.21690082,117.55156347,115.6093992,117.5423589,17735327.0
2025-02-13,117.56076804,121.500324,117.12815325,121.04930007,46762606.0
2025-02-14,120.16566135,121.6844154,119.7514557,120.79157211,21810735.0
2025-02-17,121.39907373,122.90862321,120.66270813,121.08611835,20507840.0
2025-02-18,121.02168636,121.85930223,119.07031752,119.8435014,18596134.0
2025-02-19,119.8435014,121.0400955,119.05190838,120.68111727,15364181.0
2025-02-20,120.01838823,122.22748503,119.9355471,120.1196385,13253049.0
2025-02-21,120.2116842,122.10782562,119.59497801,120.69032184,21001653.0
2025-02-24,120.4878213,122.87180493,119.99077452,121.4082783,24439219.0
2025-02-25,120.46941216,120.50623044,118.35236106,118.50883875,22190136.0
2025-02-26,118.47202047,119.4753186,117.9105417,119.4753186,17924348.0
2025-02-27,119.65020543,122.50362213,119.4753186,122.19066675,37079506.0
2025-02-28,122.0525982,124.9060149,121.0400955,121.11373206,33720213.0
2025-03-03,121.11373206,124.8139692,119.98156995,120.43259388,21035512.0
2025-03-04,119.71463742,119.99077452,118.47202047,119.42929575,14934839.0
2025-03-05,119.42929575,119.65941,117.46872234,118.37997477,19936646.0
2025-03-06,119.04270381,121.3162326,118.41679305,121.20577776,23585718.0
2025-03-07,120.7639584,124.0776036,120.49702587,124.0776036,34007291.0
2025-03-10,123.8014665,123.8014665,121.18736862,122.13543933,20635305.0
2025-03-11,121.04930007,124.45499097,121.00327722,124.4457864,32103562.0
2025-03-12,124.5378321,125.37544797,122.07100734,122.39316729,28801774.0
2025-03-13,122.39316729,123.63578424,121.73043825,121.85930223,16792264.0
2025-03-14,122.420781,130.68648486,122.420781,129.6003456,76551575.0
2025-03-17,131.0730768,131.58853272,128.29329666,128.71670688,38773048.0
2025-03-18,129.06648054,129.37023135,127.68579504,128.44977435,18673497.0
2025-03-19,128.44977435,129.59114103,127.35443052,127.86988644,16815724.0
2025-03-20,127.83306816,127.943523,125.05328802,125.17294743,22872209.0
2025-03-21,124.9060149,126.5628375,123.51612483,123.8935122,19713023.0
2025-03-24,123.39646542,124.19726301,122.44839471,123.62657967,18048886.0
2025-03-25,123.8935122,123.9855579,122.0525982,122.93623692,17567115.0
2025-03-26,122.91782778,123.23078316,122.31953073,122.74294095,10882580.0
2025-03-27,122.49441756,124.04998989,121.9605525,123.2491923,14086564.0
2025-03-28,123.41487456,123.57135225,121.8685068,122.63248611,12099601.0
2025-03-31,122.61407697,122.77055466,120.90202695,120.90202695,14485487.0
2025-04-01,120.97566351,121.73043825,120.70873098,121.30702803,12170463.0
2025-04-02,121.38066459,122.00657535,120.63509442,120.71793555,10102473.0
2025-04-03,119.24520435,122.86260036,119.09793123,121.500324,16562264.0
2025-04-07,118.2787245,120.07361565,113.9525766,116.69553846,46309272.0
2025-04-08,116.69553846,120.80077668,116.69553846,120.35895732,33185668.0
2025-04-09,119.1991815,122.27350788,119.06111295,121.73043825,29699887.0
2025-04-10,121.7764611,122.87180493,120.1196385,122.55884955,23310636.0
2025-04-11,121.6844154,122.85339579,120.19327506,121.1321412,17429334.0
2025-04-14,121.0400955,122.11703019,120.58907157,120.61668528,12578106.0
2025-04-15,120.579867,120.99407265,119.73304656,120.90202695,11482502.0
2025-04-16,120.3957756,122.00657535,119.36486376,121.7764611,16668022.0
2025-04-17,120.88361781,122.41157643,120.579867,121.98816621,15292281.0
2025-04-18,121.50952857,122.02498449,120.77316297,121.27020975,8947834.0
2025-04-21,121.12293663,121.500324,119.78827398,119.97236538,14436366.0
2025-04-22,119.8435014,120.34054818,119.1991815,119.7514557,11585468.0
2025-04-23,120.10122936,120.3037299,119.24520435,119.63179629,9594427.0
2025-04-24,119.4753186,119.8435014,118.74815757,118.79418042,13152369.0
2025-04-25,118.9230444,119.86191054,118.70213472,118.78497585,10718307.0
2025-04-28,119.76066027,121.18736862,119.5673643,120.44179845,18504541.0
2025-04-29,119.79747855,120.2116842,119.00588553,119.24520435,12479570.0
2025-04-30,119.30043177,119.9355471,118.43520219,118.4628159,14662657.0
2025-05-06,118.738953,119.24520435,117.88292799,119.18997693,14634943.0
2025-05-07,120.4878213,121.32543717,119.4753186,119.65020543,15247040.0
2025-05-08,119.39247747,122.420781,118.99668096,121.3162326,20802315.0
2025-05-09,121.3162326,121.5923697,120.58907157,121.11373206,11054836.0
2025-05-12,121.500324,122.65089525,121.0400955,122.39316729,16456000.0
2025-05-13,123.02828262,123.02828262,121.89612051,122.41157643,12039542.0
2025-05-14,122.15384847,126.26829126,121.65680169,124.50101382,29148950.0
2025-05-15,124.27089957,124.80476463,122.98225977,123.03748719,14494424.0
2025-05-16,122.77055466,122.96385063,120.62588985,120.65350356,17354288.0
2025-05-19,118.9230444,119.7514557,118.62849816,119.0150901,23700824.0
2025-05-20,118.738953,119.31884091,118.61929359,118.85861241,15936916.0
2025-05-21,118.85861241,119.54895516,118.738953,118.97827182,14169298.0
2025-05-22,118.98747639,119.17156779,118.59167988,118.82179413,9605451.0
2025-05-23,118.78497585,119.34645462,117.95656455,117.95656455,15037984.0
2025-05-26,117.79088229,117.95656455,115.87633173,116.35496937,27361547.0
2025-05-27,116.23530996,116.85201615,115.87633173,116.12485512,15126840.0
2025-05-28,116.2537191,117.01769841,115.5173535,116.82440244,18138470.0
2025-05-29,116.5298562,117.3582675,115.8855363,117.19258524,16034701.0
2025-05-30,116.898039,117.40429035,115.977582,116.38258308,14682788.0
2025-06-03,115.22280726,115.56337635,114.66132849,114.76257876,23748287.0
2025-06-04,124.68,125.22,124.1,124.55,19350308.0
2025-06-05,124.55,125.5,124.19,125.03,20231200.0
2025-06-06,124.97,125.85,124.7,125.09,11888498.0
2025-06-09,125.09,125.2,124.61,124.96,19842902.0
2025-06-10,124.8,125.1,124.28,124.39,17105298.0
2025-06-11,124.4,125.2,124.2,124.7,14547273.0
2025-06-12,124.5,124.55,122.38,122.5,38065992.0
2025-06-13,121.89,121.9,119.02,119.12,36696171.0
2025-06-16,117.83,118.44,117.0,118.27,27148875.0
2025-06-17,118.21,118.84,117.43,117.71,19650205.0
2025-06-18,118.69,119.44,117.87,118.33,20049069.0
2025-06-19,117.55,118.45,117.1,117.28,16357242.0
2025-06-20,117.5,120.0,117.38,119.56,29681382.0
2025-06-23,118.9,119.09,117.79,118.28,17338663.0
2025-06-24,118.57,119.99,118.4,119.75,17895787.0
2025-06-25,120.0,120.22,118.88,120.18,17864721.0
2025-06-26,120.11,120.64,119.63,119.73,16637264.0
2025-06-27,119.71,119.93,119.04,119.18,16021567.0
2025-06-30,119.18,119.58,118.28,118.9,22368008.0
2025-07-01,118.99,118.99,118.28,118.63,12218321.0
2025-07-02,118.63,119.9,118.51,119.18,15447681.0
2025-07-03,119.18,119.83,118.9,119.62,12243011.0
2025-07-04,119.29,120.75,119.19,120.39,17067930.0
2025-07-07,120.21,120.52,119.81,119.91,8581080.0
2025-07-08,119.85,120.87,119.83,120.78,11663123.0
2025-07-09,120.83,122.85,120.49,121.6,20349574.0
2025-07-10,121.03,122.88,120.9,122.58,16271646.0
2025-07-11,122.57,124.98,122.22,124.3,28718907.0
2025-07-14,124.36,125.54,123.4,125.41,21913998.0
2025-07-15,124.82,125.52,124.32,125.0,19332839.0
2025-07-16,124.6,125.88,124.6,125.28,17869945.0
2025-07-17,125.28,126.11,124.87,125.82,17299880.0
2025-07-18,122.88,124.65,121.86,123.78,21020856.0
2025-07-21,123.78,123.79,122.25,122.56,18778433.0
2025-07-22,122.56,125.89,122.56,125.53,30377165.0
2025-07-23,125.7,126.88,125.13,125.2,22906716.0
2025-07-24,125.15,125.76,124.5,125.55,15601222.0
2025-07-25,125.55,125.6,123.47,123.54,18400674.0
2025-07-28,123.52,124.17,122.0,124.06,17851106.0
2025-07-29,123.5,123.99,122.2,123.52,18515092.0
2025-07-30,123.56,125.15,123.28,124.52,22412427.0
2025-07-31,124.02,124.1,120.85,121.15,30468735.0
2025-08-01,121.14,121.62,120.39,121.0,12322595.0
2025-08-04,120.63,121.23,120.45,120.92,8593314.0
2025-08-05,120.95,122.22,120.95,121.95,13944554.0
2025-08-06,121.97,122.5,121.49,122.16,11968359.0
2025-08-07,122.13,123.14,121.95,122.55,11570286.0
2025-08-08,122.55,122.88,121.96,122.22,8242559.0
2025-08-11,122.15,124.35,122.11,123.94,18266039.0
2025-08-12,123.9,125.33,123.01,123.19,21137375.0
2025-08-13,123.01,123.47,122.52,123.19,15582285.0
2025-08-14,123.18,124.85,122.77,122.84,19906336.0
2025-08-15,122.54,123.3,121.9,123.1,19394317.0
2025-08-18,123.1,124.66,122.81,123.75,25530142.0
2025-08-19,123.77,125.75,123.77,124.41,32724162.0
2025-08-20,124.42,126.5,123.35,125.78,40431044.0
2025-08-21,125.8,126.13,124.86,125.45,23189477.0
2025-08-22,125.45,125.82,124.95,125.79,20484997.0
2025-08-25,126.18,130.09,126.18,129.93,47980003.0
2025-08-26,129.93,131.85,128.65,129.74,34979445.0
2025-08-27,129.5,129.5,126.6,126.62,34684706.0
2025-08-28,126.61,127.2,124.0,125.47,34583488.0
2025-08-29,126.18,129.8,126.12,129.53,43525090.0
2025-09-01,130.0,130.1,127.52,128.87,31694195.0
2025-09-02,128.41,131.12,128.11,128.56,34916169.0
2025-09-03,129.0,131.5,126.39,126.62,30286319.0
2025-09-04,126.3,126.5,124.73,125.51,26187312.0
2025-09-05,125.4,127.02,124.8,126.81,20173355.0
2025-09-08,126.7,129.15,126.26,129.09,30536352.0
2025-09-09,129.08,129.38,127.58,128.8,18440608.0
2025-09-10,128.8,129.48,127.66,128.06,19964491.0
2025-09-11,127.42,128.54,126.8,128.52,22997326.0
2025-09-12,128.5,129.67,127.12,127.19,26270390.0
2025-09-15,126.6,127.1,126.05,126.65,16656948.0
2025-09-16,126.65,126.85,125.4,125.8,19108652.0
2025-09-17,125.81,126.33,124.82,125.96,18133640.0
2025-09-18,125.95,125.96,123.53,123.94,27547752.0
2025-09-19,123.93,124.6,122.8,124.08,19668801.0
2025-09-22,123.6,123.7,122.18,122.5,19643327.0
2025-09-23,122.01,123.26,121.56,122.19,17207909.0
2025-09-24,122.19,122.85,121.8,122.37,13056429.0
2025-09-25,122.4,122.66,121.51,121.52,19455497.0
2025-09-26,121.52,121.67,120.02,120.17,26192542.0
2025-09-29,120.26,122.57,119.79,121.92,25635752.0
2025-09-30,121.44,121.83,120.87,121.48,15457057.0
2025-10-09,121.44,121.44,119.89,121.16,20375652.0
2025-10-10,121.14,122.12,120.65,120.73,17535995.0
2025-10-13,119.65,120.4,119.24,119.85,19583470.0
2025-10-14,120.57,122.57,120.02,122.07,29165582.0
2025-10-15,121.34,122.65,121.06,122.07,19459557.0
2025-10-16,121.75,122.75,121.5,122.74,19847810.0
2025-10-17,122.0,122.96,121.06,121.07,18040798.0
2025-10-20,121.35,121.55,120.1,120.46,13164496.0
2025-10-21,120.78,121.5,120.35,120.52,14729356.0
2025-10-22,120.0,120.77,119.9,120.1,12782668.0
2025-10-23,120.0,121.45,119.96,121.33,15571808.0
2025-10-24,120.97,121.28,120.1,120.29,17432200.0
2025-10-27,120.05,120.55,119.88,120.29,14394337.0
2025-10-28,120.29,120.69,120.01,120.1,14019459.0
2025-10-29,119.86,119.95,118.21,118.83,24508270.0
2025-10-30,118.01,119.55,118.0,118.47,20432985.0
2025-10-31,115.4,119.64,115.4,118.99,42107702.0
2025-11-03,118.5,119.6,117.5,118.98,22327034.0
2025-11-04,118.78,118.99,117.01,117.16,17273363.0
2025-11-05,116.35,117.0,116.0,116.18,16463035.0
2025-11-06,116.51,117.3,116.06,116.17,15467307.0
2025-11-07,116.17,116.99,115.95,116.75,14543557.0
2025-11-10,116.75,121.58,116.54,120.8,42906459.0
2025-11-11,120.25,120.97,119.2,120.78,22926794.0
2025-11-12,120.79,122.5,120.35,120.38,22254439.0
2025-11-13,120.0,121.27,119.63,121.2,16002293.0
2025-11-14,120.68,121.99,120.19,120.21,13924365.0
2025-11-17,120.02,120.53,119.01,120.15,11738778.0
2025-11-18,120.0,121.75,119.76,120.36,14766867.0
2025-11-19,120.32,120.49,119.7,119.89,9514962.0
2025-11-20,119.88,121.64,119.6,120.25,15825845.0
2025-11-21,120.11,121.41,119.41,119.68,20507164.0
2025-11-24,119.75,120.46,118.5,118.52,17301096.0
2025-11-25,118.52,118.91,117.83,118.51,14660888.0
2025-11-26,118.52,119.29,118.0,118.26,9169759.0
2025-11-27,118.3,118.49,117.7,117.94,9215651.0
2025-11-28,117.9,117.94,117.35,117.85,8029619.0
2025-12-01,117.8,118.62,117.1,117.65,12091201.0
2025-12-02,117.6,117.77,116.5,116.57,12492841.0
2025-12-03,116.72,117.05,115.5,115.6,16587100.0
2025-12-04,115.61,115.75,114.12,114.45,16929153.0
2025-12-05,114.47,115.37,114.21,114.96,11768183.0
2025-12-08,114.85,115.13,113.1,113.27,27697874.0
2025-12-09,113.0,113.08,110.5,110.88,30431037.0
2025-12-10,110.5,111.75,109.51,111.62,17869587.0
2025-12-11,112.0,112.73,111.78,111.9,15788422.0
2025-12-12,112.3,113.7,111.6,111.6,25702210.0
2025-12-15,112.3,113.26,112.05,112.45,21568629.0
2025-12-16,112.0,113.09,111.66,113.0,14506767.0
2025-12-17,113.0,113.75,112.1,113.4,15314001.0
2025-12-18,110.82,111.16,110.33,110.43,12462850.0
2025-12-19,110.65,110.88,110.04,110.53,13818718.0
2025-12-22,110.51,110.8,110.12,110.33,10846497.0
2025-12-23,110.13,110.43,109.33,109.72,11354023.0
2025-12-24,109.5,109.59,108.78,109.28,11790469.0
2025-12-25,109.28,110.7,109.2,110.6,12570809.0
2025-12-26,110.1,110.49,109.44,109.78,11475889.0
2025-12-29,109.44,109.6,108.0,108.06,19545251.0
2025-12-30,107.9,107.99,107.02,107.36,15847027.0
2025-12-31,107.19,107.25,105.61,105.94,20867682.0
2026-01-05,105.9,108.19,105.7,107.9,22266864.0
2026-01-06,107.92,108.43,106.92,108.17,18623239.0
2026-01-07,108.18,108.34,107.4,107.52,12309189.0
2026-01-08,107.38,107.38,106.66,106.9,12912133.0
2026-01-09,107.05,108.55,106.88,107.14,16074962.0
2026-01-12,107.15,108.85,107.13,108.55,23335607.0
2026-01-13,108.99,109.22,107.82,108.0,19737379.0
2026-01-14,107.88,108.84,106.68,107.04,22560863.0
2026-01-15,106.7,107.22,106.02,106.09,16292886.0
2026-01-16,106.25,106.41,105.05,105.16,19870993.0
2026-01-19,104.99,105.38,104.34,104.55,18229885.0
2026-01-20,104.5,105.47,104.3,104.91,17281662.0
2026-01-21,104.62,104.7,103.0,103.05,26228280.0
2026-01-22,103.07,103.72,102.61,102.76,18691474.0
2026-01-23,102.8,103.71,102.7,102.99,21455918.0
2026-01-26,102.96,103.5,101.06,102.34,31296115.0
2026-01-27,102.12,102.33,101.02,101.02,22528720.0
2026-01-28,101.03,101.85,100.63,100.7,26676739.0
2026-01-29,100.7,110.77,100.5,110.77,98660393.0
2026-01-30,110.77,110.78,105.0,105.0,66817118.0
2026-02-02,105.08,110.76,105.08,107.29,53197704.0
2026-02-03,107.08,108.78,106.6,107.28,33164323.0
2026-02-04,106.5,109.41,106.28,108.52,37891682.0
2026-02-05,107.9,110.55,107.66,108.89,37284641.0
2026-02-06,108.9,109.73,106.81,107.0,27652192.0
2026-02-09,106.8,107.69,106.47,107.36,20889162.0
2026-02-10,107.18,107.18,105.79,106.5,18504047.0
2026-02-11,106.31,106.65,105.85,106.04,11499591.0
2026-02-12,105.9,106.11,104.4,104.62,18172982.0
2026-02-13,104.7,106.88,104.17,106.06,24123984.0
2026-02-24,108.18,109.19,105.0,105.16,21014361.0
2026-02-25,105.0,106.11,104.87,105.17,16152900.0
2026-02-26,105.0,105.33,103.6,103.88,19232479.0
2026-02-27,103.88,104.55,103.88,104.05,11918816.0
2026-03-02,103.0,104.6,102.34,103.22,20406363.0
2026-03-03,103.01,104.38,101.9,102.55,23059451.0
2026-03-04,102.0,102.01,100.75,101.02,18301822.0
2026-03-05,101.62,101.97,101.15,101.45,10052078.0
2026-03-06,101.34,102.49,101.05,102.4,11291640.0
2026-03-09,101.32,102.6,101.27,101.52,17778084.0
2026-03-10,101.88,102.39,101.76,102.05,11169430.0
2026-03-11,102.05,102.35,101.59,102.18,10780126.0
2026-03-12,102.0,102.73,101.6,102.27,11661418.0
2026-03-13,102.06,103.66,101.85,102.95,15318710.0
2026-03-16,102.8,105.31,102.7,104.54,20304875.0
2026-03-17,104.54,105.82,104.0,104.79,17770249.0
2026-03-18,104.79,104.99,103.4,103.72,11720905.0
2026-03-19,103.01,103.41,102.51,102.53,11437347.0
2026-03-20,102.53,103.18,101.9,102.4,10286504.0
2026-03-23,101.4,101.78,100.04,100.23,20518979.0
2026-03-24,100.88,101.46,100.04,101.34,11750754.0
2026-03-25,101.35,102.58,100.88,102.45,10858964.0
2026-03-26,102.2,102.89,101.28,101.28,9592448.0
2026-03-27,100.5,102.88,100.41,102.65,10295755.0
2026-03-30,101.99,103.9,101.8,103.46,12490697.0
2026-03-31,105.0,105.8,103.27,103.27,17834771.0
2026-04-01,103.97,105.18,103.39,104.39,12266665.0
2026-04-02,104.0,105.26,103.88,105.0,15178337.0
2026-04-03,104.97,104.97,103.29,103.49,8308861.0
2026-04-07,103.4,103.9,102.35,103.11,8154794.0
2026-04-08,103.9,104.2,103.51,104.19,9774007.0
2026-04-09,103.38,103.69,102.5,102.6,9846158.0
2026-04-10,102.61,102.95,102.0,102.07,12242404.0
2026-04-13,101.64,102.45,101.08,102.42,12263434.0
2026-04-14,102.42,103.4,101.88,103.1,12069637.0
2026-04-15,102.9,103.99,102.68,103.55,11571256.0
2026-04-16,103.5,104.0,103.22,103.44,9016632.0
2026-04-17,101.5,102.25,101.2,101.86,16743174.0
2026-04-20,101.82,101.95,101.05,101.35,11696080.0
2026-04-21,101.3,101.82,101.0,101.18,10828096.0
2026-04-22,101.0,101.08,100.46,100.64,14438261.0
2026-04-23,100.64,102.3,100.56,101.18,17402318.0
2026-04-24,100.65,101.92,100.3,101.27,13453338.0
2026-04-27,100.5,100.53,100.05,100.2,19104782.0
2026-04-28,100.08,100.29,99.9,100.2,12341464.0
2026-04-29,97.88,98.58,97.04,98.34,33863533.0
2026-04-30,97.74,97.95,97.0,97.08,24820895.0
2026-05-06,90.78,94.5,90.1,92.26,87159923.0
2026-05-07,92.43,93.85,92.43,92.6,53627788.0
2026-05-08,92.6,92.8,91.66,92.13,25964091.0
2026-05-11,92.03,92.29,91.37,91.81,26932456.0
2026-05-12,91.8,91.93,90.5,90.56,37297423.0
2026-05-13,90.57,90.83,88.74,89.15,46720129.0
2026-05-14,88.81,91.28,87.78,88.99,50314824.0
2026-05-15,88.0,88.08,86.62,86.87,36117869.0
2026-05-18,86.65,86.65,85.2,85.57,39363075.0
2026-05-19,85.8,87.25,85.41,85.78,30494149.0
2026-05-20,85.21,86.06,84.54,85.47,30461662.0
2026-05-21,85.51,87.2,85.23,85.35,32663033.0
2026-05-22,85.58,85.6,84.03,84.03,26037090.0
2026-05-25,83.63,84.99,83.02,84.14,29202467.0
2026-05-26,83.74,84.59,82.88,83.36,27730383.0
2026-05-27,83.0,86.25,81.7,83.89,60380066.0
2026-05-28,82.56,82.83,81.3,81.49,36237862.0
2026-05-29,80.99,85.59,80.88,84.89,60110125.0
2026-06-01,83.95,83.95,82.83,83.41,27998720.0
2026-06-02,83.38,83.98,82.42,82.71,23817861.0
2026-06-03,82.6,82.97,81.62,82.35,21154363.0
2026-06-04,82.35,82.79,81.1,81.1,20421067.0
2026-06-05,81.5,82.42,81.03,81.08,21936442.0
2026-06-08,81.01,81.69,79.56,79.96,27525203.0
2026-06-09,79.9,80.0,78.88,79.11,21841173.0
2026-06-10,79.03,79.75,78.6,79.14,23072564.0
2026-06-11,78.78,79.98,77.65,79.79,37819589.0
2026-06-12,79.39,80.92,79.21,79.92,35834421.0
2026-06-15,79.96,80.28,79.1,79.63,24061117.0
2026-06-16,79.39,79.5,78.15,78.33,21756586.0
2026-06-17,78.3,78.7,77.25,77.49,22258774.0
2026-06-18,77.28,77.36,75.85,75.85,32684306.0
2026-06-22,75.5,77.44,74.79,76.55,35627629.0
2026-06-23,76.15,78.32,74.37,74.76,46610269.0
2026-06-24,74.54,75.45,73.28,73.3,30007758.0
2026-06-25,73.05,75.68,72.9,75.0,49143223.0
2026-06-26,74.9,75.72,73.13,73.17,32352113.0
2026-06-29,73.03,75.3,71.75,74.0,42712167.0
2026-06-30,73.5,74.92,72.44,74.0,36265269.0
2026-07-01,73.87,74.88,72.58,74.52,38076059.0
2026-07-02,74.94,75.44,73.34,73.5,35020556.0
2026-07-03,73.64,74.71,72.6,73.21,33825035.0
2026-07-06,72.91,74.57,72.64,73.76,34584259.0
2026-07-07,73.59,73.6,71.68,71.72,35673127.0
2026-07-08,71.7,72.27,71.22,71.48,23207769.0
2026-07-09,71.0,71.5,70.52,70.9,24192142.0
2026-07-10,71.11,74.31,70.69,73.69,55965462.0
2026-07-13,73.06,73.45,72.15,72.82,30602266.0
2026-07-14,72.51,73.49,72.38,73.4,28356827.0
2026-07-15,72.44,76.47,72.01,76.4,63734909.0
2026-07-16,73.33,74.59,72.6,73.9,48892065.0
2026-07-17,74.6,75.06,72.35,72.76,42739876.0
2026-07-20,72.8,76.3,72.8,76.24,64758611.0
2026-07-21,76.0,76.76,74.14,74.38,63378265.0
2026-07-22,73.62,74.8,73.13,74.75,40782282.0
2026-07-23,74.0,74.95,73.32,74.84,37032085.0
2026-07-24,74.6,75.3,73.47,73.57,31139902.0
2026-07-27,73.66,74.46,73.51,73.9,20333141.0
2026-07-28,73.9,75.16,73.42,74.8,31481451.0
2026-07-29,74.92,75.86,74.69,75.17,40741683.0
2026-07-30,75.1,78.84,75.01,78.56,72903867.0
2026-07-31,76.99,78.68,76.59,78.0,49786045.0
2026-08-03,78.0,78.66,77.5,78.06,27908161.0
2026-08-04,78.06,78.1,76.67,76.88,35288652.0
2026-08-05,76.89,76.96,75.2,75.5,43327258.0
2026-08-06,75.51,75.78,74.28,74.48,40608132.0
2026-08-07,75.0,75.2,74.01,75.11,36057469.0
2026-08-10,75.32,76.7,75.27,76.19,45051065.0
2026-08-11,76.16,76.16,74.99,75.0,33661463.0
2026-08-12,74.76,75.9,74.5,75.28,31287672.0
2026-08-13,75.0,76.13,74.89,75.12,32512042.0
2026-08-14,75.01,75.03,73.7,73.75,36023341.0
2026-08-17,72.39,72.8,71.87,72.55,33214854.0
2026-08-18,72.41,72.78,72.14,72.56,19268120.0
2026-08-19,72.56,72.78,71.81,71.89,23720052.0
2026-08-20,71.91,72.47,71.91,72.09,16033429.0
2026-08-21,71.96,72.0,71.11,71.19,19709758.0
2026-08-24,71.2,71.74,70.88,71.48,21257444.0
2026-08-25,71.5,71.8,71.19,71.52,18030345.0
2026-08-26,70.98,72.05,70.93,71.9,19690657.0
2026-08-27,71.81,71.82,70.96,71.12,32079965.0
