date,open,high,low,close,volume
2020-01-02,12.533395,12.7482532,12.3185368,12.61217634,22988127.0
2020-01-03,12.66230992,12.9989211,12.533395,12.90581588,23979204.0
2020-01-06,13.37850392,14.19496508,13.37850392,13.7867345,92769587.0
2020-01-07,13.85119196,14.02307852,13.42147556,13.4644472,66742512.0
2020-01-08,13.69362928,14.51009044,13.63633376,13.98726882,70043051.0
2020-01-09,14.2880703,14.65332924,13.80105838,14.08753598,71338482.0
2020-01-10,14.01591658,14.1090218,13.56471436,14.08037404,47039081.0
2020-01-13,14.12334568,14.4313091,14.03024046,14.23077478,38778834.0
2020-01-14,14.43847104,15.2191225,14.09469792,14.17347926,66116277.0
2020-01-15,14.23077478,14.2880703,13.75808674,14.13766956,42552121.0
2020-01-16,14.1090218,14.13766956,13.45012332,13.90848748,42444688.0
2020-01-17,13.90848748,14.30239418,13.72943898,13.8941636,48250014.0
2020-01-20,13.86551584,14.27374642,13.63633376,14.16631732,47015276.0
2020-01-21,14.05172628,14.29523224,13.8583539,14.15915538,33288171.0
2020-01-22,14.4313091,14.99710236,13.82970614,14.8610255,50655487.0
2020-01-23,14.66049118,15.16182698,14.0732121,14.8968352,50683001.0
2020-02-03,13.40715168,14.6461673,13.40715168,14.1090218,61773827.0
2020-02-04,14.73927252,15.2907419,14.33104194,15.1475031,66500745.0
2020-02-05,15.756268,16.1501747,15.1116934,15.35519936,77644997.0
2020-02-06,14.8968352,15.8278874,14.52441432,15.57005756,57668273.0
2020-02-07,15.3265516,15.4339807,14.81805386,15.1833128,38094083.0
2020-02-10,15.19763668,16.472462,14.92548296,16.46530006,52537123.0
2020-02-11,16.47962394,16.53691946,15.81356352,16.05706948,39718381.0
2020-02-12,15.92815456,16.4366523,15.76342994,16.1501747,34689129.0
2020-02-13,15.97828814,16.34354708,15.90666874,15.99261202,31627250.0
2020-02-14,16.08571724,16.47962394,15.40533294,15.73478218,39975032.0
2020-02-17,15.73478218,16.02842172,15.3623613,15.85653516,48422825.0
2020-02-18,15.8636971,16.1501747,15.60586726,16.05706948,41155737.0
2020-02-19,16.32206126,16.45097618,15.36952324,15.40533294,47899001.0
2020-02-20,15.41249488,15.81356352,15.2549322,15.7204583,43039664.0
2020-02-21,15.66316278,15.88518292,15.48411428,15.6488389,44230544.0
2020-02-24,15.63451502,15.63451502,14.95413072,15.39100906,57871105.0
2020-02-25,14.97561654,16.10720306,14.8968352,16.06423142,61978184.0
2020-02-26,15.58438144,16.23611798,14.63900536,14.9326449,65403388.0
2020-02-27,14.9684546,15.22628444,14.5387382,14.74643446,38602621.0
2020-02-28,13.92281136,14.6461673,13.76524868,14.23793672,55352271.0
2020-03-02,14.65332924,15.64167696,14.59603372,15.33371354,58708258.0
2020-03-03,15.8278874,16.77326348,15.8278874,16.55840528,75694802.0
2020-03-04,16.44381424,16.74461572,15.56289562,16.472462,49169349.0
2020-03-05,16.3650329,16.45097618,15.6130292,16.114365,45738646.0
2020-03-06,15.756268,16.4008426,15.62019114,16.0069359,23837763.0
2020-03-09,15.6130292,15.62735308,15.06155982,15.09736952,31186747.0
2020-03-10,14.7535964,15.9353165,14.72494864,15.72762024,31601247.0
2020-03-11,15.8995068,16.30773738,15.30506578,15.30506578,28089344.0
2020-03-12,15.09736952,15.29790384,14.681977,14.81089192,28233859.0
2020-03-13,13.8583539,15.1116934,13.8583539,14.79656804,28720088.0
2020-03-16,14.7894061,14.7894061,13.3570181,13.49309496,41867993.0
2020-03-17,13.49309496,13.8583539,12.92013976,13.49309496,27575243.0
2020-03-18,13.607686,13.83686808,12.97027334,13.07770244,34977739.0
2020-03-19,12.891492,13.17080766,12.3543465,12.88433006,42362473.0
2020-03-20,13.1779696,13.34269422,12.2111077,12.4975853,44324866.0
2020-03-23,11.9962495,11.9962495,11.25140774,11.27289356,49801656.0
2020-03-24,11.52356146,11.76706742,10.82169134,11.3874846,47095522.0
2020-03-25,11.95327786,12.41880396,11.7455816,11.9604398,52305866.0
2020-03-26,11.95327786,12.01773532,11.6023428,11.6381525,27498239.0
2020-03-27,11.96760174,12.01057338,11.4949137,11.53788534,25734485.0
2020-03-30,11.23708386,11.79571518,10.90763462,11.65963832,33334059.0
2020-03-31,11.81003906,11.9246301,11.459104,11.50923758,22167352.0
2020-04-01,11.72409578,12.29705098,11.6381525,11.78855324,34819485.0
2020-04-02,11.72409578,12.1394883,11.62382862,12.09651666,28961366.0
2020-04-03,12.4975853,12.6408241,12.175298,12.33286068,29031671.0
2020-04-07,12.45461366,12.93446364,12.45461366,12.82703454,26823160.0
2020-04-08,12.7482532,12.93446364,12.54055694,12.6766338,19818939.0
2020-04-09,12.7124435,12.87716812,12.49042336,12.54771888,19849608.0
2020-04-10,12.59069052,12.69095768,12.18962188,12.30421292,13353479.0
2020-04-13,12.18962188,12.18962188,11.78855324,11.90314428,17688122.0
2020-04-14,12.16097412,13.09202632,12.08935472,13.09202632,37180821.0
2020-04-15,13.59336212,14.15915538,13.4644472,13.70079122,58906220.0
2020-04-16,13.69362928,13.8941636,13.32837034,13.80105838,28227773.0
2020-04-17,13.98726882,14.3596897,13.607686,13.65781958,27162703.0
2020-04-20,13.607686,14.06605016,13.55039048,13.98726882,16066237.0
2020-04-21,13.70079122,14.02307852,13.54322854,13.92281136,19324718.0
2020-04-22,13.58620018,13.92281136,13.4286375,13.8225442,13222529.0
2020-04-23,13.95862106,14.06605016,13.5718763,13.8225442,14207811.0
2020-04-24,13.8941636,14.22361284,13.607686,13.7509248,14130086.0
2020-04-27,13.82970614,14.41698522,13.80105838,14.13050762,24281737.0
2020-04-28,14.42414716,14.53157626,13.7509248,14.1448315,23295423.0
2020-04-29,14.15199344,15.49127622,14.03024046,14.92548296,36103211.0
2020-04-30,15.398171,16.41516648,15.3623613,15.77775382,49167715.0
2020-05-06,15.5056001,16.07139336,15.31938966,15.49127622,41258937.0
2020-05-07,15.5414098,15.84221128,15.27641802,15.63451502,24347511.0
2020-05-08,15.58438144,15.8636971,15.4339807,15.77059188,16658985.0
2020-05-11,15.76342994,16.114365,15.6488389,15.94247844,20094968.0
2020-05-12,16.10720306,16.94515004,16.0427456,16.49394782,29677652.0
2020-05-13,16.472462,16.85204482,16.03558366,16.24327992,19649881.0
2020-05-14,16.114365,16.39368066,16.03558366,16.17166052,14306973.0
2020-05-15,16.2576038,16.66583438,16.17166052,16.48678588,22020139.0
2020-05-18,16.4008426,16.4366523,15.74194412,16.0785553,15375506.0
2020-05-19,16.2576038,16.3650329,15.92099262,16.1859844,12389775.0
2020-05-20,16.63002468,17.7974209,16.472462,16.6873202,27621873.0
2020-05-21,17.10987466,17.1528463,16.25044186,16.32206126,16258687.0
2020-05-22,16.47962394,16.48678588,15.756268,15.9353165,12909952.0
2020-05-25,15.6488389,15.756268,15.1116934,15.64167696,21476845.0
2020-05-26,15.84221128,16.06423142,15.59154338,15.99261202,14089334.0
2020-05-27,16.0069359,16.93082616,15.94964038,15.99261202,19943663.0
2020-05-28,15.94964038,16.1501747,15.3265516,15.6846486,14120761.0
2020-05-29,15.80640158,16.37219484,15.52708592,16.0069359,14409478.0
2020-06-01,16.17882246,16.7231299,15.90666874,16.5798911,23206075.0
2020-06-02,16.830559,16.88785452,16.114365,16.27192768,20080046.0
2020-06-03,16.35620015,16.8336851,16.1221389,16.48727445,22031710.0
2020-06-04,16.477912,17.36734475,16.41237485,17.1145586,21285337.0
2020-06-05,17.27372025,17.68566805,16.7962353,17.601406,19294385.0
2020-06-08,17.7512052,18.4627514,17.6950305,17.89164195,29355115.0
2020-06-09,18.2380526,18.37848935,17.6950305,18.0882534,20075404.0
2020-06-10,18.0695285,18.15379055,17.7512052,17.94781665,21409084.0
2020-06-11,18.35976445,18.8559743,18.1257032,18.2567775,41718477.0
2020-06-12,17.5265064,18.350402,17.5265064,18.2006028,26135874.0
2020-06-15,17.9384542,18.2380526,17.6388558,17.66694315,22541889.0
2020-06-16,17.9946289,18.58446325,17.96654155,18.163153,19612069.0
2020-06-17,18.20996525,18.20996525,17.83546725,18.0133538,12025476.0
2020-06-18,17.89164195,18.17251545,17.89164195,18.0320787,11653479.0
2020-06-19,18.20996525,19.83903155,18.20996525,19.83903155,51614458.0
2020-06-22,20.035643,21.05615005,19.8858438,20.59739,50157342.0
2020-06-23,20.7659141,20.92507575,20.410141,20.6535647,29640055.0
2020-06-24,20.7659141,21.0093378,20.25097935,20.4850406,22043953.0
2020-06-29,20.6722896,20.7659141,19.9794683,20.2041671,21451758.0
2020-06-30,20.59739,21.0655125,20.2041671,20.5037655,29191246.0
2020-07-01,21.4212856,21.69279665,20.222892,20.5412153,40661970.0
2020-07-02,20.59739,20.59739,20.0169181,20.222892,29183662.0
2020-07-03,20.6910145,20.784639,20.0543679,20.410141,39042024.0
2020-07-06,20.410141,21.3651109,20.222892,21.2340366,38474034.0
2020-07-07,21.69279665,23.35931275,21.69279665,22.7882033,53209166.0
2020-07-08,22.64776655,23.2937756,22.10474445,22.9941772,37786960.0
2020-07-09,22.657129,23.4435748,22.5822294,23.22823845,35913726.0
2020-07-10,22.8256531,23.24696335,22.42306775,22.9380025,28108089.0
2020-07-13,23.3874001,24.38918225,23.0129021,23.84616015,42481610.0
2020-07-14,23.5371993,23.5371993,22.12346935,23.0129021,49391193.0
2020-07-15,22.96608985,23.39676255,22.4324302,22.79756575,35149820.0
2020-07-16,22.85374045,23.3499503,21.58044725,21.720884,32483208.0
2020-07-17,22.095382,22.1515567,20.971888,21.48682275,36932080.0
2020-07-20,22.095382,22.095382,20.94380065,21.4961852,34124995.0
2020-07-21,21.93622035,22.76011595,21.4400105,21.720884,34760226.0
2020-07-22,21.346386,22.19836895,21.1029623,21.8706832,40668502.0
2020-07-23,21.65534685,22.10474445,20.79400145,21.4774603,39253410.0
2020-07-24,21.346386,21.78642115,20.0169181,20.410141,43719655.0
2020-07-27,20.8408137,20.8408137,19.661145,19.98883075,38401410.0
2020-07-28,20.25097935,21.52427255,20.23225445,20.83145125,38743827.0
2020-07-29,20.5786651,21.76769625,20.45695325,21.4961852,38023611.0
2020-07-30,21.533635,22.40434285,21.533635,21.73024645,37219579.0
2020-07-31,21.89877055,22.46988,21.71152155,22.2077314,32200851.0
2020-08-03,22.4324302,22.87246535,21.7583338,22.657129,42331335.0
2020-08-04,22.657129,23.1252515,22.17964405,22.44179265,29701368.0
2020-08-05,22.282631,22.57286695,22.04856975,22.16091915,21441371.0
2020-08-06,21.9268579,22.1141069,21.01870025,21.346386,42322294.0
2020-08-07,21.159137,21.56172235,20.71910185,21.159137,29845422.0
2020-08-10,20.99997535,21.20594925,20.36332875,20.96252555,27654994.0
2020-08-11,21.159137,21.52427255,20.47567815,20.5786651,25584713.0
2020-08-12,20.6535647,20.9157133,19.80158175,20.3726912,31469429.0
2020-08-13,20.98125045,22.0204824,20.60675245,20.6910145,63149742.0
2020-08-14,20.6910145,21.16849945,20.1479924,21.05615005,33426630.0
2020-08-17,21.11232475,21.346386,20.6348398,20.8969884,38762032.0
2020-08-18,21.1965868,21.31829865,20.17607975,20.3539663,41974013.0
2020-08-19,20.7659141,20.9344382,20.17607975,20.2603418,33203593.0
2020-08-20,20.25097935,20.25097935,19.2304723,19.33345925,46292862.0
2020-08-21,19.52070825,20.85017615,19.42708375,20.62547735,55188792.0
2020-08-24,20.8595386,21.1216872,20.10118015,20.92507575,35358502.0
2020-08-25,20.88762595,21.346386,20.60675245,20.6722896,28652295.0
2020-08-26,20.83145125,20.92507575,20.26970425,20.4850406,22302709.0
2020-08-27,20.8408137,21.0842374,20.410141,20.92507575,28042757.0
2020-08-28,21.0467876,21.2340366,20.45695325,20.8969884,30437857.0
2020-08-31,20.96252555,21.720884,20.7471892,21.159137,44988442.0
2020-09-01,21.4212856,23.0129021,21.20594925,22.3762555,76469274.0
2020-09-02,22.0204824,22.3762555,21.78642115,21.97367015,38413762.0
2020-09-03,21.58044725,21.67407175,20.55057775,20.62547735,51322653.0
2020-09-04,19.85775645,20.28842915,19.74540705,20.23225445,31516400.0
2020-09-07,19.9045687,20.4288659,19.38963395,19.5862454,30510195.0
2020-09-08,19.5862454,19.87648135,19.3802715,19.72668215,18909623.0
2020-09-09,19.14621025,19.661145,18.8372494,19.2117474,23489538.0
2020-09-10,19.5487956,20.02628055,19.2117474,19.35218415,16766631.0
2020-09-11,19.3802715,19.7922193,19.1555727,19.63305765,15230196.0
2020-09-14,19.44580865,20.4850406,19.44580865,20.0918177,27125238.0
2020-09-15,20.26970425,20.5037655,19.9981932,20.08245525,22398215.0
2020-09-16,20.0166064,20.2987954,19.4804473,19.75323,19719148.0
2020-09-17,19.5274788,20.1012631,19.188852,19.8755119,21169094.0
2020-09-18,19.9319497,21.0324868,19.8755119,20.6468285,31836786.0
2020-09-21,20.7691104,21.5122081,20.599797,21.0512994,32595523.0
2020-09-22,20.9666427,21.1265498,20.599797,20.7126726,15317647.0
2020-09-23,20.7408915,20.8725797,20.2517639,20.7314852,12753944.0
2020-09-24,20.3270143,20.6844537,20.0824505,20.1577009,13962028.0
2020-09-25,20.0542316,20.6186096,20.0542316,20.4587025,13086574.0
2020-09-28,20.4869214,20.8443608,20.2987954,20.3834521,11765242.0
2020-09-29,20.3270143,20.976049,20.317608,20.8631734,16880656.0
2020-09-30,20.8067356,21.2770506,20.6186096,20.881986,16305340.0
2020-10-09,21.5780522,22.9419657,21.5780522,22.4058066,48159744.0
2020-10-12,22.7820586,22.9043405,22.2082743,22.5563074,31837553.0
2020-10-13,22.4716507,22.5092759,21.63449,22.198868,31399990.0
2020-10-14,22.104805,22.669183,21.916679,22.2835247,25582017.0
2020-10-15,22.5657137,22.8667153,21.7567719,21.916679,27799164.0
2020-10-16,22.1800554,22.1800554,21.3334884,21.4651766,20446260.0
2020-10-19,21.822616,21.8790538,20.7032663,20.9007986,21648321.0
2020-10-20,20.9007986,21.6250837,20.7502978,21.5780522,17598498.0
2020-10-21,21.5968648,21.822616,20.7032663,21.0607057,31205127.0
2020-10-22,21.0607057,21.6721152,20.69386,21.5122081,22991520.0
2020-10-23,21.2676443,21.822616,20.787923,21.0889246,17904699.0
2020-10-26,20.976049,21.5780522,20.3270143,20.881986,28155034.0
2020-10-27,20.976049,21.6062711,20.9007986,21.3711136,27253321.0
2020-10-28,21.5780522,22.3211499,21.352301,22.0953987,32889696.0
2020-10-29,21.63449,22.6597767,21.6156774,22.481057,31744288.0
2020-10-30,22.5092759,24.0613154,22.3305562,22.9984035,51314966.0
2020-11-02,23.2429673,23.6286256,22.3681814,23.139498,34068033.0
2020-11-03,23.1771232,23.6568445,22.1800554,23.0830602,27336932.0
2020-11-04,22.9701846,24.8608509,22.763246,24.6915375,44478115.0
2020-11-05,24.8796635,26.0178258,24.644506,25.1900714,49402896.0
2020-11-06,25.020758,25.020758,24.1365658,24.45638,30695386.0
2020-11-09,24.6256934,25.5945423,24.0989406,25.208884,34073112.0
2020-11-10,25.1806651,25.6039486,24.5974745,24.832632,24919890.0
2020-11-11,24.644506,25.208884,23.8073453,23.8731894,32488796.0
2020-11-12,24.4093485,24.7103501,23.51575,23.9390335,27441821.0
2020-11-13,24.2306288,24.6633186,23.5910004,24.080128,29735445.0
2020-11-16,24.2964729,24.2964729,23.1865295,23.9390335,25424012.0
2020-11-17,23.8825957,24.0707217,23.1771232,23.6004067,20065098.0
2020-11-18,23.5345626,23.9296272,22.5845263,22.8855279,31003931.0
2020-11-19,23.0924665,23.5910004,22.7256208,23.4028744,20787146.0
2020-11-20,23.4969374,23.9390335,23.139498,23.5815941,20392213.0
2020-11-23,23.51575,24.0236902,23.2147484,23.6192193,25806393.0
2020-11-24,23.8449705,24.174191,21.8508349,22.5939326,60578644.0
2020-11-25,22.6033389,22.8761216,21.352301,21.3899262,46929123.0
2020-11-26,21.6438963,22.1800554,21.3899262,21.8696475,38207222.0
2020-11-27,21.9448979,22.4058066,21.7755845,22.0201483,30743976.0
2020-11-30,21.9260853,22.2458995,21.4275514,22.0295546,29199229.0
2020-12-01,21.8320223,22.3399625,21.63449,22.198868,22388924.0
2020-12-02,22.1800554,22.3964003,21.5968648,21.7097404,25743859.0
2020-12-03,21.6815215,22.1424302,21.5122081,22.0295546,24861115.0
2020-12-04,21.8132097,22.3587751,21.8038034,22.2647121,26092611.0
2020-12-07,22.3023373,22.7444334,21.916679,22.2270869,30954346.0
2020-12-08,22.1706491,23.233561,22.1330239,22.857309,40961279.0
2020-12-09,22.669183,23.1771232,21.540427,21.7755845,43625411.0
2020-12-10,21.5498333,21.5498333,20.505734,20.881986,54050357.0
2020-12-11,21.164175,21.258238,20.5339529,20.7408915,33766683.0
2020-12-14,20.7502978,20.8537671,19.9695749,20.8443608,29546960.0
2020-12-15,20.9290175,20.9478301,20.4492962,20.8443608,27860772.0
2020-12-16,20.69386,20.7032663,20.129482,20.2799828,36016861.0
2020-12-17,20.2329513,20.69386,20.035419,20.411671,37397794.0
2020-12-18,20.411671,20.8913923,20.0636379,20.599797,43780768.0
2020-12-21,21.0042679,22.6597767,20.976049,22.6597767,64980166.0
2020-12-22,22.9137468,23.327624,22.2553058,22.7068082,72175151.0
2020-12-23,22.9325594,23.3746555,22.386994,23.0924665,53681913.0
2020-12-24,23.0736539,23.3746555,22.669183,22.9607783,26351451.0
2020-12-25,23.0830602,23.8449705,22.9701846,23.5627815,42591105.0
2020-12-28,23.5627815,23.6944697,22.9231531,23.3370303,27044187.0
2020-12-29,23.1771232,23.4875311,22.2176806,22.292931,33959175.0
2020-12-30,22.386994,23.3464366,22.386994,22.9043405,39941241.0
2020-12-31,23.1018728,23.5439689,22.9231531,23.1865295,31308272.0
2021-01-04,24.926695,25.5098856,24.644506,25.5098856,55031185.0
2021-01-05,26.1683266,26.4787345,25.5098856,26.0366384,80928707.0
2021-01-06,26.0366384,26.2247644,25.0960084,25.6603864,47757354.0
2021-01-07,25.6603864,26.0084195,25.1900714,25.7168242,35927409.0
2021-01-08,25.491073,26.1024825,24.7103501,25.0019454,39344707.0
2021-01-11,25.302947,25.491073,23.9202209,24.1930036,50554496.0
2021-01-12,24.2118162,24.9737265,24.0989406,24.8608509,35858925.0
2021-01-13,24.926695,25.4534478,23.7509075,24.174191,44119650.0
2021-01-14,24.080128,24.4281611,23.3370303,24.0142839,40568750.0
2021-01-15,23.8449705,24.3529107,23.1018728,23.986065,34188797.0
2021-01-18,23.5627815,24.4751926,23.3464366,24.1647847,35296438.0
2021-01-19,24.362317,24.4093485,22.8761216,22.9607783,50388176.0
2021-01-20,23.1112791,23.7132823,23.0924665,23.6192193,31532286.0
2021-01-21,23.6756571,23.986065,23.2711862,23.8543768,30719231.0
2021-01-22,23.7320949,24.268254,23.3088114,24.2212225,34309837.0
2021-01-25,24.5128178,24.832632,23.1865295,23.4122807,55755703.0
2021-01-26,23.4593122,23.4687185,22.386994,22.5845263,31855922.0
2021-01-27,22.669183,23.3088114,22.198868,22.9419657,26160027.0
2021-01-28,22.669183,22.669183,22.104805,22.1612428,22257478.0
2021-01-29,22.2176806,22.6974019,21.352301,21.6062711,23630074.0
2021-02-01,21.63449,23.327624,21.3993325,22.3023373,37637482.0
2021-02-02,22.3681814,22.6033389,22.0013357,22.5186822,24504167.0
2021-02-03,23.51575,23.7509075,22.5845263,22.6315578,44335364.0
2021-02-04,22.5845263,22.9889972,22.4340255,22.8479027,30138413.0
2021-02-05,23.233561,23.609813,22.8102775,23.327624,34600254.0
2021-02-08,23.797939,24.080128,23.2994051,23.892002,29738949.0
2021-02-09,23.9672524,24.0330965,23.4781248,23.9296272,32148699.0
2021-02-10,24.2588477,24.2588477,23.5439689,23.9766587,27839162.0
2021-02-18,24.2870666,24.3905359,23.5627815,24.2212225,38774585.0
2021-02-19,24.4093485,25.2747281,24.174191,24.8138194,46098115.0
2021-02-22,24.8138194,25.4722604,23.6474382,23.6944697,56371551.0
2021-02-23,23.797939,23.9202209,23.0078098,23.3088114,41698167.0
2021-02-24,23.609813,24.2212225,22.2741184,22.8196838,55414642.0
2021-02-25,23.139498,23.2147484,21.916679,22.4246192,47532135.0
2021-02-26,22.104805,22.9984035,21.822616,22.7444334,34661444.0
2021-03-01,22.7350271,23.5627815,22.4998696,23.5627815,29516002.0
2021-03-02,23.6756571,23.986065,23.233561,23.6380319,36663405.0
2021-03-03,23.3934681,23.6380319,22.9043405,23.1583106,29246192.0
2021-03-04,23.045435,23.045435,21.258238,21.8508349,61307333.0
2021-03-05,21.446364,22.0671798,20.976049,21.9543042,25590724.0
2021-03-08,21.916679,22.386994,20.3364206,20.6468285,47248690.0
2021-03-09,20.4869214,20.6092033,19.3205402,19.5745103,40352128.0
2021-03-10,20.1577009,20.2705765,19.3581654,19.6309481,29864389.0
2021-03-11,19.5556977,19.9883875,19.376978,19.8284804,31151813.0
2021-03-12,19.9225434,20.1577009,19.188852,19.75323,37400788.0
2021-03-15,19.8190741,19.9225434,18.7467559,18.9160693,32018205.0
2021-03-16,18.9160693,19.4616347,18.906663,19.1794457,18951845.0
2021-03-17,19.1794457,19.6309481,18.8878504,19.3111339,21117634.0
2021-03-18,19.3393528,19.5086662,19.0665701,19.3957906,16328145.0
2021-03-19,19.0101323,19.1230079,18.4175354,18.7937874,31720425.0
2021-03-22,18.7937874,19.4146032,18.624474,19.3863843,26338223.0
2021-03-23,19.4522284,19.6121355,19.1606331,19.471041,17480380.0
2021-03-24,19.282915,19.5368851,19.000726,19.188852,16687449.0
2021-03-25,19.000726,19.6403544,18.7091307,19.2452898,17891715.0
2021-03-26,19.376978,20.0166064,19.3675717,19.9037308,25344628.0
2021-03-29,19.9037308,19.9225434,18.7279433,18.8126,50594384.0
2021-03-30,18.8972567,19.3581654,18.6526929,19.3299465,34535782.0
2021-03-31,19.3393528,19.4992599,19.094789,19.3957906,19038042.0
2021-04-01,19.471041,19.5368851,18.906663,19.0665701,24712136.0
2021-04-02,19.1041953,19.8378867,19.1041953,19.8190741,33726828.0
2021-04-06,20.035419,20.5527655,19.8943245,20.0542316,25640867.0
2021-04-07,20.0636379,20.4398899,19.8378867,20.2517639,26331316.0
2021-04-08,20.223545,20.5809844,20.1012631,20.4587025,20572698.0
2021-04-09,20.4587025,20.5621718,20.1388883,20.4587025,12664606.0
2021-04-12,20.411671,20.411671,19.4146032,19.5556977,19647289.0
2021-04-13,19.4240095,20.0260127,19.3863843,19.6403544,12781850.0
2021-04-14,19.75323,20.1012631,19.75323,20.0824505,14102298.0
2021-04-15,20.0448253,20.3834521,19.8849182,20.3646395,12871383.0
2021-04-16,20.4210773,20.4587025,20.0824505,20.1765135,12509398.0
2021-04-19,20.5339529,21.3805199,20.3552332,21.352301,43255333.0
2021-04-20,21.070112,21.5310207,20.9007986,21.1171435,23391309.0
2021-04-21,20.9478301,21.3146758,20.9007986,21.164175,18577490.0
2021-04-22,21.2112065,21.9354916,21.1077372,21.9354916,25781965.0
2021-04-23,21.7473656,21.8978664,21.2018002,21.2488317,28956495.0
2021-04-26,21.2488317,21.6438963,20.7597041,20.8067356,23125563.0
2021-04-27,20.7973293,20.8443608,20.2987954,20.6280159,13281779.0
2021-04-28,20.3082017,20.7691104,20.3082017,20.6656411,15158340.0
2021-04-29,20.4398899,20.7220789,20.1106694,20.3270143,20167938.0
2021-04-30,20.4210773,20.4210773,20.0824505,20.1482946,15720877.0
2021-05-06,20.0542316,20.2987954,19.5933229,19.847293,16756177.0
2021-05-07,19.847293,20.1388883,19.6779796,19.7156048,14746662.0
2021-05-10,19.7156048,19.8849182,19.1136016,19.376978,17291569.0
2021-05-11,19.2735087,19.3957906,18.906663,19.2358835,15984931.0
2021-05-12,19.2358944,19.59775776,19.07400816,19.521576,12337255.0
2021-05-13,19.24541712,19.38825792,18.96925824,19.08353088,16897737.0
2021-05-14,19.0930536,19.46443968,18.7597584,19.43587152,17171746.0
2021-05-17,19.44539424,20.16912096,19.43587152,20.10246192,21358004.0
2021-05-18,20.07389376,20.32148448,19.6644168,19.93105296,13360012.0
2021-05-19,19.7120304,20.63573424,19.67393952,20.46432528,19418315.0
2021-05-20,20.22625728,20.6643024,20.0929392,20.19768912,14252045.0
2021-05-21,20.2833936,20.4262344,19.4263488,19.5691896,20474730.0
2021-05-24,19.521576,19.65489408,19.3311216,19.62632592,10474584.0
2021-05-25,19.62632592,20.40718896,19.4263488,20.40718896,23675599.0
2021-05-26,20.3786208,20.93093856,20.26434816,20.473848,17878935.0
2021-05-27,20.473848,20.65477968,20.3310072,20.6166888,14840773.0
2021-05-28,20.72143872,21.60705168,20.72143872,21.00712032,31055944.0
2021-05-31,21.03568848,21.31184736,20.84523408,21.25471104,31935052.0
2021-06-01,20.96902944,21.21662016,20.43575712,20.82618864,25506420.0
2021-06-02,21.07377936,21.07377936,20.54050704,20.97855216,15882754.0
2021-06-03,20.92141584,21.01664304,20.53098432,20.74048416,19246673.0
2021-06-04,20.55002976,20.8547568,20.40718896,20.83571136,20883670.0
2021-06-07,20.84523408,20.88332496,20.10246192,20.22625728,19456822.0
2021-06-08,20.20721184,21.07377936,20.06437104,20.53098432,19242035.0
2021-06-09,20.53098432,20.70239328,20.35957536,20.43575712,12670813.0
2021-06-10,20.41671168,21.02616576,20.26434816,20.8547568,19411459.0
2021-06-11,21.01664304,21.15948384,20.48337072,20.64525696,23159817.0
2021-06-15,20.62621152,20.7595296,19.48348512,19.50253056,32041592.0
2021-06-16,19.521576,19.5691896,18.9502128,19.04544,21671202.0
2021-06-17,18.9025992,19.31207616,18.8549856,19.11209904,18150843.0
2021-06-18,19.11209904,19.48348512,18.55025856,19.43587152,31779741.0
2021-06-21,19.3787352,20.0453256,19.10257632,19.95962112,25189258.0
2021-06-22,19.997712,20.1405528,19.7120304,20.06437104,19828120.0
2021-06-23,20.06437104,20.96902944,19.93105296,20.83571136,34853387.0
2021-06-24,20.91189312,22.25459664,20.91189312,21.79750608,61854161.0
2021-06-25,21.78798336,22.46409648,21.50230176,22.378392,46869269.0
2021-06-28,22.22602848,23.16877776,22.140324,22.94023248,33475338.0
2021-06-29,23.07355056,23.17830048,22.72120992,22.86405072,39582771.0
2021-06-30,22.9497552,23.330664,22.61646,22.83548256,22194717.0
2021-07-01,23.092596,23.13068688,22.1879376,22.26411936,17005950.0
2021-07-02,22.378392,22.5688464,21.9498696,22.21650576,17380364.0
2021-07-05,22.27364208,22.38791472,21.67371072,22.10223312,20274914.0
2021-07-06,22.1879376,22.69264176,21.42612,21.902256,26839629.0
2021-07-07,21.78798336,22.6640736,21.50230176,22.55932368,23623657.0
2021-07-08,22.57836912,23.31161856,22.46409648,22.94023248,25965682.0
2021-07-09,22.81643712,22.81643712,22.02605136,22.61646,18645054.0
2021-07-12,22.8069144,23.76870912,22.74977808,22.8069144,27413210.0
2021-07-13,22.5212328,22.94023248,22.1879376,22.378392,21392023.0
2021-07-14,22.2355512,22.26411936,21.664188,21.76893792,20865939.0
2021-07-15,21.6165744,21.84511968,20.87380224,21.30232464,22810722.0
2021-07-16,21.44516544,21.46421088,20.57859792,20.59764336,23961094.0
2021-07-19,20.949984,21.12139296,19.997712,20.35005264,19898110.0
2021-07-20,20.21673456,20.50241616,20.01675744,20.1881664,20353768.0
2021-07-21,20.473848,20.9975976,20.2833936,20.98807488,32573506.0
2021-07-22,21.0452112,21.24518832,20.62621152,20.8071432,25099150.0
2021-07-23,20.73096144,20.7595296,20.15959824,20.25482544,21758922.0
2021-07-26,20.10246192,20.5214616,19.53109872,19.83582576,21942379.0
2021-07-27,19.91200752,21.15948384,19.86439392,19.93105296,35851581.0
2021-07-28,19.92153024,20.26434816,19.2358944,19.75012128,26291777.0
2021-07-29,19.997712,20.473848,19.76916672,20.31196176,22058022.0
2021-07-30,20.13103008,20.55955248,20.03580288,20.3786208,19314787.0
2021-08-02,20.51193888,21.02616576,20.2833936,21.01664304,33405821.0
2021-08-03,21.188052,21.30232464,20.76905232,20.8547568,32986459.0
2021-08-04,20.8547568,22.15936944,20.83571136,22.06414224,44710794.0
2021-08-05,22.06414224,22.3307784,21.63561984,21.89273328,29725041.0
2021-08-06,22.1879376,22.44505104,21.46421088,21.63561984,23462615.0
2021-08-09,21.27375648,21.48325632,20.6643024,20.9975976,29625582.0
2021-08-10,21.0452112,21.7118016,20.92141584,21.59752896,30320228.0
2021-08-11,21.53086992,23.1878232,21.42612,22.74977808,57989679.0
2021-08-12,22.854528,22.9497552,22.10223312,22.34030112,38140518.0
2021-08-13,22.7593008,24.27341328,22.6640736,24.11152704,84875811.0
2021-08-16,24.41625408,25.25425344,23.83536816,23.97820896,51229711.0
2021-08-17,23.89250448,24.58766304,23.15925504,23.38780032,33991347.0
2021-08-18,23.6639592,23.8068,22.70216448,22.854528,32008500.0
2021-08-19,22.93070976,23.24495952,22.70216448,22.97832336,25666716.0
2021-08-20,22.98784608,23.1402096,22.51171008,23.12116416,27268351.0
2021-08-23,23.1402096,23.9020272,22.854528,23.6639592,32348909.0
2021-08-24,23.6639592,23.8068,23.2354368,23.50207296,22582234.0
2021-08-25,23.64491376,23.6639592,22.78786896,22.93070976,23508756.0
2021-08-26,22.82595984,23.2830504,22.68311904,23.25448224,21919474.0
2021-08-27,23.2830504,24.51148128,22.87357344,24.48291312,38267593.0
2021-08-30,24.48291312,24.87334464,23.89250448,24.54004944,26863922.0
2021-08-31,24.4257768,24.53052672,23.4735048,24.044868,25625032.0
2021-09-01,23.9020272,24.34007232,23.34970944,23.89250448,20872044.0
2021-09-02,23.94011808,24.89239008,23.49255024,24.83525376,33296676.0
2021-09-03,24.4733904,25.50184416,24.282936,24.38768592,30585462.0
2021-09-06,24.31150416,25.07332176,24.044868,24.9495264,21755611.0
2021-09-07,24.94000368,26.06368464,24.76859472,25.3304352,32263304.0
2021-09-08,25.33995792,25.5208896,24.93048096,25.30186704,19139614.0
2021-09-09,25.235208,25.50184416,24.68289024,25.03523088,19903101.0
2021-09-10,25.01618544,25.19711712,23.43541392,23.50207296,43988555.0
2021-09-13,23.53064112,23.68300464,22.77834624,22.91166432,28259310.0
2021-09-14,22.83548256,23.13068688,22.74025536,22.854528,19273918.0
2021-09-15,22.61646,22.6640736,21.8546424,21.93082416,38957008.0
2021-09-16,21.91177872,22.4260056,21.39755184,21.664188,33502111.0
2021-09-17,21.8070288,21.8546424,21.1404384,21.40707456,16144677.0
2021-09-22,21.32137008,21.94034688,21.16900656,21.70227888,19882206.0
2021-09-23,22.4736192,23.2354368,22.24507392,22.8069144,35521107.0
2021-09-24,22.854528,22.93070976,22.140324,22.1879376,16118101.0
2021-09-27,22.29268752,22.41648288,21.59752896,21.67371072,16186963.0
2021-09-28,21.664188,21.86416512,21.4737336,21.73084704,10867338.0
2021-09-29,21.7594152,21.94034688,21.53086992,21.59752896,11560142.0
2021-09-30,21.73084704,21.902256,21.54039264,21.67371072,11058939.0
2021-10-08,22.06414224,22.21650576,21.63561984,21.9498696,13605971.0
2021-10-11,21.902256,22.84500528,21.76893792,22.4736192,15705220.0
2021-10-12,22.55932368,22.7593008,22.07366496,22.51171008,15369444.0
2021-10-13,22.4736192,23.2354368,22.2831648,22.92118704,15559559.0
2021-10-14,22.92118704,23.73061824,22.84500528,22.92118704,20059701.0
2021-10-15,22.72120992,23.40684576,22.68311904,23.19734592,17742898.0
2021-10-18,23.26400496,23.50207296,22.5688464,22.97832336,15057793.0
2021-10-19,22.87357344,23.16877776,22.62598272,23.01641424,13647664.0
2021-10-20,22.9497552,23.092596,22.48314192,22.53075552,15868473.0
2021-10-21,22.62598272,22.7593008,21.9974832,22.5688464,16191385.0
2021-10-22,22.45457376,22.78786896,21.9498696,22.0450968,18533188.0
2021-10-25,22.17841488,22.9497552,22.00700592,22.9497552,18287980.0
2021-10-26,23.10211872,23.9972544,22.98784608,23.63539104,32883616.0
2021-10-27,23.39732304,23.68300464,22.92118704,23.01641424,20380814.0
2021-10-28,23.01641424,23.21639136,22.01652864,22.11175584,18249114.0
2021-10-29,22.21650576,22.6640736,22.10223312,22.58789184,19547497.0
2021-11-01,22.53075552,22.9021416,22.3307784,22.7116872,15291995.0
2021-11-02,22.8069144,23.5211184,22.5688464,22.854528,22184400.0
2021-11-03,22.89261888,23.5211184,22.4260056,22.65455088,19132494.0
2021-11-04,22.6640736,23.10211872,22.378392,22.9497552,15315440.0
2021-11-05,22.84500528,23.94011808,22.8069144,23.45445936,28158275.0
2021-11-08,23.45445936,23.92107264,23.1402096,23.57825472,20213844.0
2021-11-09,23.7115728,23.76870912,23.08307328,23.35923216,16369354.0
2021-11-10,23.17830048,23.48302752,22.70216448,23.08307328,19781890.0
2021-11-11,22.854528,23.26400496,22.78786896,22.88309616,22334683.0
2021-11-12,22.93070976,23.89250448,22.93070976,23.35923216,32109488.0
2021-11-15,23.60682288,24.45434496,23.3782776,23.79727728,41056548.0
2021-11-16,23.6639592,24.044868,23.5211184,23.91154992,23204785.0
2021-11-17,23.8068,23.8068,21.5213472,22.63550544,77692347.0
2021-11-18,22.1879376,22.82595984,22.05461952,22.13080128,30884127.0
2021-11-19,22.0927104,22.61646,21.94034688,22.36886928,22391123.0
2021-11-22,22.40696016,22.74977808,22.34982384,22.55932368,22498856.0
2021-11-23,22.5688464,22.9497552,22.16889216,22.35934656,20063561.0
2021-11-24,22.34030112,22.5212328,22.07366496,22.2355512,12204003.0
2021-11-25,22.31173296,22.43552832,22.14984672,22.22602848,10970178.0
2021-11-26,22.32125568,22.45457376,21.95939232,22.11175584,16375582.0
2021-11-29,21.902256,22.00700592,21.32137008,21.5213472,27285014.0
2021-11-30,21.5689608,22.7116872,21.41659728,22.12127856,30179410.0
2021-12-01,22.1879376,22.5212328,21.81655152,22.00700592,19980028.0
2021-12-02,21.84511968,23.27352768,21.84511968,23.10211872,38885099.0
2021-12-03,22.98784608,23.330664,22.61646,22.9021416,22671426.0
2021-12-06,22.82595984,22.9497552,22.26411936,22.26411936,17969921.0
2021-12-07,22.26411936,22.7116872,22.11175584,22.39743744,17721152.0
2021-12-08,22.378392,22.50218736,22.00700592,22.20698304,18846388.0
2021-12-09,22.1879376,22.4736192,21.86416512,22.21650576,26193911.0
2021-12-10,22.10223312,23.12116416,22.03557408,22.74977808,32208218.0
2021-12-13,22.77834624,23.03545968,22.378392,22.83548256,17230579.0
2021-12-14,22.72120992,22.82595984,22.3307784,22.48314192,13824637.0
2021-12-15,22.46409648,22.58789184,22.25459664,22.34982384,11506006.0
2021-12-16,22.4260056,22.49266464,22.05461952,22.3307784,10860394.0
2021-12-17,22.2831648,22.29268752,21.902256,21.9498696,16092114.0
2021-12-20,21.79750608,22.08318768,21.34041552,21.36898368,19361949.0
2021-12-21,21.3308928,21.8070288,21.15948384,21.59752896,16174576.0
2021-12-22,21.57848352,21.87368784,21.4737336,21.82607424,9360664.0
2021-12-23,21.89273328,21.9974832,21.78798336,21.84511968,7107015.0
2021-12-24,22.0450968,22.12127856,21.54039264,21.6165744,8639963.0
2021-12-27,21.5689608,22.63550544,21.4737336,22.14984672,17341293.0
2021-12-28,22.378392,23.48302752,22.378392,23.34018672,64276595.0
2021-12-29,23.32114128,23.94011808,23.05450512,23.58777744,43121755.0
2021-12-30,23.59730016,24.3781632,23.4258912,24.16866336,39789859.0
2021-12-31,24.1400952,24.32102688,23.8544136,24.0924816,20779663.0
2022-01-04,24.15914064,25.1399808,23.78775456,24.45434496,40895881.0
2022-01-05,24.34007232,24.49243584,23.4258912,23.68300464,29675619.0
2022-01-06,23.6639592,23.91154992,23.02593696,23.24495952,20446429.0
2022-01-07,23.32114128,24.282936,23.0449824,23.72109552,29848110.0
2022-01-10,23.57825472,24.22579968,23.19734592,24.05439072,18646594.0
2022-01-11,23.98773168,24.044868,23.330664,23.4258912,12713106.0
2022-01-12,23.34018672,24.01629984,23.25448224,23.92107264,14147106.0
2022-01-13,23.9496408,24.05439072,23.25448224,23.330664,10919511.0
2022-01-14,23.34970944,23.40684576,22.854528,22.95927792,15009217.0
2022-01-17,22.854528,23.38780032,22.68311904,23.22591408,15538802.0
2022-01-18,23.1878232,23.4735048,23.00689152,23.330664,8030540.0
2022-01-19,23.2354368,23.53064112,23.02593696,23.2354368,11564392.0
2022-01-20,23.14973232,23.2354368,21.93082416,22.03557408,34690688.0
2022-01-21,22.03557408,22.12127856,21.26423376,21.55943808,39822305.0
2022-01-24,21.43564272,21.74989248,21.14996112,21.26423376,30565333.0
2022-01-25,21.51182448,21.73084704,20.6643024,20.78809776,28552231.0
2022-01-26,20.8071432,21.10234752,19.57871232,19.7120304,56370524.0
2022-01-27,19.82630304,19.82630304,17.74082736,18.05507712,104736060.0
2022-01-28,18.2360088,18.76928112,17.95984992,18.19791792,49320845.0
2022-02-07,18.60739488,18.72166752,18.0455544,18.31219056,27580763.0
2022-02-08,18.35980416,18.569304,18.01698624,18.5216904,20335979.0
2022-02-09,18.55025856,18.55025856,18.20744064,18.40741776,24816819.0
2022-02-10,18.40741776,18.569304,18.06459984,18.27409968,26535863.0
2022-02-11,18.16934976,18.21696336,17.8074864,17.93128176,17839968.0
2022-02-14,17.8074864,18.03603168,17.20755504,18.03603168,33036433.0
2022-02-15,17.7598728,17.9979408,17.51228208,17.94080448,23640121.0
2022-02-16,18.1883952,18.29314512,17.81700912,17.97889536,27628289.0
2022-02-17,17.9979408,18.39789504,17.91223632,18.26457696,25729766.0
2022-02-18,18.17887248,18.31219056,17.83605456,18.31219056,20049072.0
2022-02-21,18.26457696,18.81689472,18.1407816,18.73119024,30495508.0
2022-02-22,18.53121312,18.72166752,18.38837232,18.62644032,17361998.0
2022-02-23,18.59787216,18.9025992,18.53121312,18.86450832,17203486.0
2022-02-24,18.82641744,19.50253056,18.63596304,18.9978264,38373156.0
2022-02-25,19.13114448,19.39778064,19.04544,19.35016704,19773540.0
2022-02-28,19.29303072,19.35968976,18.91212192,19.1406672,24581238.0
2022-03-01,19.21684896,19.59775776,19.1882808,19.46443968,20578041.0
2022-03-02,19.36921248,19.4263488,19.10257632,19.22637168,11552639.0
2022-03-03,19.29303072,19.30255344,18.7597584,18.79784928,12397570.0
2022-03-04,18.6645312,18.7597584,18.17887248,18.2836224,23138844.0
2022-03-07,18.1883952,18.2836224,17.2837368,17.35039584,26524085.0
2022-03-08,17.21707776,17.4265776,16.26480576,16.59810096,30760167.0
2022-03-09,16.3314648,16.56001008,14.96971584,15.64582896,49033952.0
2022-03-10,16.25528304,16.53144192,15.96960144,16.3790784,28873763.0
2022-03-11,16.0933968,16.31241936,15.8077152,16.29337392,27403136.0
2022-03-14,16.1410104,16.16957856,15.78866976,15.78866976,15838718.0
2022-03-15,15.712488,15.8077152,14.87448864,14.92210224,23508831.0
2022-03-16,15.236352,15.72201072,14.65546608,15.63630624,26291372.0
2022-03-17,15.9029424,16.3314648,15.6648744,16.05530592,26921197.0
2022-03-18,16.0933968,16.25528304,15.9029424,16.08387408,26531561.0
2022-03-21,16.08387408,16.58857824,15.9981696,16.25528304,19740273.0
2022-03-22,16.08387408,16.26480576,16.01721504,16.20766944,10467383.0
2022-03-23,16.21719216,16.46478288,16.10291952,16.1410104,14335208.0
2022-03-24,16.01721504,16.32194208,15.88389696,16.16005584,12507427.0
2022-03-25,16.17910128,16.55048736,15.89341968,15.91246512,17417165.0
2022-03-28,16.0457832,16.16005584,15.67439712,16.11244224,14172121.0
2022-03-29,16.27432848,16.27432848,15.96960144,15.97912416,13485546.0
2022-03-30,16.02673776,16.35051024,15.93151056,16.26480576,15861888.0
2022-03-31,16.0933968,16.12196496,15.72201072,15.82676064,11159673.0
2022-04-01,15.67439712,16.24576032,15.62678352,16.19814672,14471014.0
2022-04-06,16.13148768,16.48382832,16.00769232,16.31241936,15189795.0
2022-04-07,16.35051024,16.58857824,15.9981696,15.9981696,21138928.0
2022-04-08,15.9981696,16.0457832,15.40776096,15.7601016,17643696.0
2022-04-11,15.84580608,15.89341968,14.5697616,14.6649888,27361142.0
2022-04-12,14.60785248,15.11255664,14.50310256,15.0458976,18120189.0
2022-04-13,14.84592048,14.96019312,14.40787536,14.4269208,14335733.0
2022-04-14,14.56023888,14.760216,14.4745344,14.72212512,9696097.0
2022-04-15,14.57928432,15.12207936,14.38882992,14.97923856,13919230.0
2022-04-18,14.98876128,15.236352,14.760216,15.1411248,11189926.0
2022-04-19,15.1887384,15.22682928,14.68403424,14.73164784,10327694.0
2022-04-20,14.760216,15.03637488,14.6173752,14.69355696,10540974.0
2022-04-21,14.6173752,14.760216,14.02696656,14.0936256,14771963.0
2022-04-22,13.93173936,14.15076192,13.69367136,13.93173936,12147483.0
2022-04-25,13.6174896,13.81746672,12.69378576,12.69378576,25522055.0
2022-04-26,13.13183088,13.96030752,13.07469456,13.9507848,48885710.0
2022-04-27,13.9031712,14.7126024,13.74128496,14.4269208,45380912.0
2022-04-28,14.4745344,15.87437424,14.26503456,15.712488,45644036.0
2022-04-29,15.98864688,16.24576032,15.53155632,15.96007872,27680585.0
2022-05-05,16.02673776,16.4743056,15.5220336,15.89341968,30408130.0
2022-05-06,15.41728368,16.13148768,15.31253376,15.9029424,15814911.0
2022-05-09,15.70296528,16.02673776,15.5220336,15.8077152,10743881.0
2022-05-10,15.712488,16.17910128,15.35062464,15.9981696,21538384.0
2022-05-11,16.0462117,16.5266372,15.93090958,16.13268829,31634749.0
2022-05-12,15.94051809,16.11347127,15.61382875,16.06542872,15973128.0
2022-05-13,16.05582021,16.41133508,15.80599895,16.38250955,18771821.0
2022-05-16,16.48820316,16.8148925,16.01738617,16.11347127,17039245.0
2022-05-17,16.11347127,16.7188074,15.98856064,16.7188074,19474103.0
2022-05-18,16.87254356,16.94941164,16.36329253,16.76684995,21687029.0
2022-05-19,16.44016061,16.76684995,16.30564147,16.59389677,13854206.0
2022-05-20,16.47859465,17.07432227,16.47859465,16.88215207,16736680.0
2022-05-23,16.53624571,16.9109776,16.15190531,16.15190531,28237661.0
2022-05-24,16.16151382,16.64193932,15.67147981,15.70991385,25763403.0
2022-05-25,15.61382875,15.98856064,15.43126706,15.89247554,13839421.0
2022-05-26,16.00777766,16.18073084,15.64265428,15.91169256,11193813.0
2022-05-27,15.89247554,16.2383819,15.70991385,15.71952236,13775344.0
2022-05-30,15.83482448,16.1422968,15.62343726,16.0462117,10670322.0
2022-05-31,16.0462117,16.90136909,15.88286703,16.75724144,22662628.0
2022-06-01,16.78606697,17.43944565,16.72841591,17.21844992,21498885.0
2022-06-02,17.01667121,17.74691797,17.01667121,17.60279032,18758075.0
2022-06-06,17.60279032,17.9679137,17.42022863,17.73730946,20798165.0
2022-06-07,17.80456903,18.03517327,17.50670522,17.6796584,19395748.0
2022-06-08,17.68926691,18.39068814,17.5835733,18.31382006,24009610.0
2022-06-09,18.30421155,18.38107963,17.91987115,18.12164986,12145923.0
2022-06-10,18.19851794,19.7935306,17.75652648,19.36114765,37915329.0
2022-06-13,19.1209349,20.2739561,19.07289235,19.8896157,34760221.0
2022-06-14,19.6013604,20.73516458,19.09210937,20.38925822,30344678.0
2022-06-15,20.177871,20.61025395,19.71666252,20.15865398,29637511.0
2022-06-16,20.15865398,21.25402412,20.06256888,21.02341988,37338979.0
2022-06-17,20.83124968,22.75295168,20.58142842,22.06113896,45319837.0
2022-06-20,24.2134452,24.27109626,22.41665383,24.021275,107349026.0
2022-06-21,24.2134452,25.64511319,23.09885804,23.3486793,105784467.0
2022-06-22,23.060424,23.97323245,22.69530062,23.35828781,80246210.0
2022-06-23,23.29102824,25.19351322,23.29102824,25.00134302,87870678.0
2022-06-24,24.7899558,24.85721537,23.76184523,24.1173601,75978398.0
2022-06-27,24.15579414,26.52909611,23.99244947,26.52909611,106301164.0
2022-06-28,27.1920833,27.72055135,26.52909611,27.24973436,100927494.0
2022-06-29,26.903828,27.07678118,25.2703813,25.41450895,88936983.0
2022-06-30,26.47144505,27.6725088,25.77963233,26.40418548,80485570.0
2022-07-01,26.26966634,26.38496846,25.31842385,26.1351472,60980580.0
2022-07-04,26.64439823,27.33621095,26.1351472,26.66361525,54616048.0
2022-07-05,26.7116578,27.97037261,26.1351472,26.79813439,59258588.0
2022-07-06,26.70204929,26.89421949,25.79884935,26.1351472,45622114.0
2022-07-07,25.87571743,27.2881684,25.2703813,27.2881684,71801343.0
2022-07-08,26.903828,27.88389602,26.5194876,26.81735141,38698842.0
2022-07-11,26.91343651,27.0959982,25.85650041,26.24084081,42751162.0
2022-07-12,26.19279826,26.56753015,25.3664664,25.39529193,32932338.0
2022-07-13,25.90454296,27.58603221,25.49137703,27.22090883,50745057.0
2022-07-14,27.29777691,29.13300232,26.76930886,28.11450026,66498594.0
2022-07-15,27.88389602,29.05613424,27.43229605,28.07606622,54936993.0
2022-07-18,28.4411896,28.4411896,26.76930886,27.82624496,46243279.0
2022-07-19,27.81663645,29.4020406,27.51877264,28.31627897,49579371.0
2022-07-20,28.09528324,28.62375129,26.97108757,27.22090883,61255094.0
2022-07-21,27.0959982,27.864679,26.68283227,26.8077429,35631926.0
2022-07-22,26.97108757,27.13443224,26.2312323,26.76930886,36038820.0
2022-07-25,26.8077429,26.903828,25.85650041,26.37535995,24200992.0
2022-07-26,26.6155727,28.01841516,26.10632167,27.78781092,45651142.0
2022-07-27,27.6725088,30.56467031,27.59564072,30.56467031,76075068.0
2022-07-28,30.71840647,31.48708727,29.4981257,30.08424481,83086135.0
2022-07-29,30.53584478,32.13085744,30.11307034,31.2276575,64595064.0
2022-08-01,31.1315724,32.668934,30.75684051,31.48708727,52960032.0
2022-08-02,30.747232,31.16039793,30.0746363,30.66075541,48862220.0
2022-08-03,30.85292561,31.04509581,28.02802367,28.2490194,82820803.0
2022-08-04,28.52766619,28.62375129,26.6155727,27.62446625,85122100.0
2022-08-05,28.56610023,28.64296831,25.942977,26.58674717,86953998.0
2022-08-08,25.95258551,29.24830444,25.95258551,29.24830444,84697439.0
2022-08-09,28.96004914,29.38282358,28.47001513,28.48923215,47139675.0
2022-08-10,29.10417679,30.76644902,28.59492576,30.10346183,61295569.0
2022-08-11,30.18032991,30.18032991,28.57570874,28.95044063,53190103.0
2022-08-12,29.3059555,30.60310435,27.93193857,28.14332579,66476121.0
2022-08-15,27.98958963,30.1707214,27.98958963,29.84403206,63459626.0
2022-08-16,29.786381,30.25719799,28.90239808,29.18104487,51084279.0
2022-08-17,28.6333598,29.4020406,27.50916413,28.86396404,66040357.0
2022-08-18,28.93122361,30.2668065,28.71022788,29.95933418,53070075.0
2022-08-19,29.99776822,30.14189587,28.20097685,28.2490194,62693455.0
2022-08-22,28.2490194,28.7294449,27.75898539,28.22980238,31407488.0
2022-08-23,28.19136834,28.97926616,28.03763218,28.52766619,26566262.0
2022-08-24,28.48923215,28.71983639,26.7116578,26.81735141,59282371.0
2022-08-25,26.903828,27.1920833,26.1351472,26.6155727,38714392.0
2022-08-26,26.83656843,27.18247479,25.70276425,25.8468919,44924042.0
2022-08-29,25.4625515,26.62518121,25.27998981,26.28888336,49125330.0
2022-08-30,26.78852588,26.78852588,25.95258551,26.12553869,25805318.0
2022-08-31,25.99101955,26.10632167,24.27109626,24.63621964,66855590.0
2022-09-01,24.64582815,25.19351322,24.38639838,24.47287497,29656195.0
2022-09-02,24.94369196,25.43372597,23.83871331,24.93408345,47647185.0
2022-09-05,24.93408345,25.74119829,24.29031328,24.96290898,31586431.0
2022-09-06,25.05899408,27.26895138,24.8860409,26.95187055,57040067.0
2022-09-07,26.64439823,29.0177002,26.6155727,28.90239808,57373448.0
2022-09-08,28.50844917,28.90239808,27.54759817,27.6725088,35461611.0
2022-09-09,27.9607641,28.28745344,27.25934287,27.82624496,28201667.0
2022-09-13,28.1529343,28.85435553,27.1920833,28.55649172,33110694.0
2022-09-14,28.26823642,28.62375129,27.7685939,28.11450026,34129729.0
2022-09-15,27.88389602,28.2490194,25.8468919,26.15436422,53931500.0
2022-09-16,26.28888336,26.60596419,25.3664664,25.3664664,28956589.0
2022-09-19,25.63550468,26.20240677,25.3664664,25.74119829,24077014.0
2022-09-20,26.00062806,27.91272155,25.77963233,27.73015986,47726326.0
2022-09-21,27.87428751,28.41236407,27.35542797,27.50916413,42780266.0
2022-09-22,27.00777419,27.87557129,26.7088663,26.998132,35505513.0
2022-09-23,27.05598514,27.22954456,24.31760318,25.11790495,79091268.0
2022-09-26,25.40717065,27.32596646,25.12754714,26.96920543,75098847.0
2022-09-27,27.07526952,27.07526952,25.29146437,25.7446473,51348086.0
2022-09-28,25.56144569,25.8410692,24.60686888,24.6840064,43737443.0
2022-09-29,25.069694,25.76393168,24.2983188,24.84792363,33173685.0
2022-09-30,24.95398772,25.05040962,23.70050302,23.7197874,44921579.0
2022-10-10,21.35745085,21.55029465,21.34780866,21.34780866,16677400.0
2022-10-11,19.88219578,21.212818,19.6700676,20.81748821,118198261.0
2022-10-12,20.81748821,22.16739481,20.1521771,22.06133072,79579198.0
2022-10-13,21.70456969,22.04204634,20.90426792,21.06818515,68227513.0
2022-10-14,21.3092399,21.81063378,20.99104763,21.56957903,45957846.0
2022-10-17,21.52136808,21.80099159,20.6342866,21.14532267,48981334.0
2022-10-18,21.37673523,22.06133072,21.05854296,21.28031333,40328205.0
2022-10-19,21.12603829,21.94562444,21.10675391,21.16460705,29779581.0
2022-10-20,20.80784602,21.15496486,19.1879581,19.8629114,96812815.0
2022-10-21,19.9593333,20.69213974,19.68935198,20.55714908,49112423.0
2022-10-24,20.66321317,20.84641478,19.93040673,20.06539739,36337020.0
2022-10-25,20.06539739,21.03925858,19.87255359,20.61500222,47245012.0
2022-10-26,20.79820383,21.10675391,20.4414428,20.72106631,41004943.0
2022-10-27,21.74313845,22.06133072,20.84641478,20.90426792,76368251.0
2022-10-28,20.70178193,21.06818515,19.7664895,19.91112235,49164273.0
2022-10-31,19.69899417,20.65357098,19.39044409,20.48965375,56599683.0
2022-11-01,20.48965375,21.1163961,20.36430528,21.09711172,29977096.0
2022-11-02,21.03925858,22.86163249,20.74035069,22.35059642,64133461.0
2022-11-03,22.18667919,22.51451365,21.9841932,22.31202766,29998210.0
2022-11-04,22.37952299,23.67157645,22.37952299,23.34374199,43782741.0
2022-11-07,23.31481542,23.61372331,22.76521059,23.141256,27908572.0
2022-11-08,23.13161381,23.141256,22.44701832,22.86163249,24662050.0
2022-11-09,22.86163249,23.5269436,22.61093555,22.90020125,20771065.0
2022-11-10,22.48558708,22.6591465,21.62743217,21.99383539,36845213.0
2022-11-11,22.7555684,23.22803571,22.16739481,22.52415584,30135170.0
2022-11-14,22.50487146,22.83270592,21.92634006,22.04204634,26809886.0
2022-11-15,21.96490882,22.6591465,21.76242283,22.58200898,28943521.0
2022-11-16,22.4663027,22.61093555,21.71421188,21.7913494,22120291.0
2022-11-17,21.63707436,21.77206502,20.6342866,21.26102895,38962669.0
2022-11-18,21.33816647,21.71421188,20.77891945,21.44423056,28516221.0
2022-11-21,21.25138676,22.20596357,20.96212106,22.13846824,25217946.0
2022-11-22,21.95526663,22.06133072,21.27067114,21.45387275,21580860.0
2022-11-23,21.5020837,22.2734589,21.22246019,22.11918386,21141175.0
2022-11-24,22.177037,22.5627246,21.85884473,21.93598225,14870211.0
2022-11-25,21.80099159,21.92634006,21.18389143,21.3092399,16060656.0
2022-11-28,21.09711172,21.43458837,20.93319449,21.38637742,15772888.0
2022-11-29,21.1163961,21.37673523,19.99790206,20.17146148,59148480.0
2022-11-30,20.14253491,21.52136808,20.0557552,21.212818,47306765.0
2022-12-01,21.212818,22.06133072,21.05854296,21.5985056,28576904.0
2022-12-02,21.5985056,21.61778998,20.87534135,21.0199742,27325662.0
2022-12-05,21.67564312,22.01311977,21.0199742,21.8877713,34590754.0
2022-12-06,21.8877713,22.16739481,21.45387275,21.76242283,23631237.0
2022-12-07,21.76242283,22.73628402,21.5020837,22.16739481,27009636.0
2022-12-08,22.177037,22.3698808,21.81063378,22.00347758,22362023.0
2022-12-09,22.0806151,22.34095423,21.7913494,22.30238547,26535670.0
2022-12-12,22.30238547,23.02554972,21.96490882,22.52415584,26273489.0
2022-12-13,22.42773394,22.88091687,22.11918386,22.20596357,17583428.0
2022-12-14,22.16739481,22.78449497,22.09025729,22.40844956,16081938.0
2022-12-15,22.43737613,23.00626534,22.32166985,23.00626534,21254954.0
2022-12-16,22.71699964,22.93877001,22.09989948,22.26381671,20820288.0
2022-12-19,22.26381671,22.80377935,22.20596357,22.45666051,21260339.0
2022-12-20,22.28310109,22.71699964,22.06133072,22.22524795,16306891.0
2022-12-21,22.3698808,22.41809175,21.7913494,21.99383539,16803937.0
2022-12-22,22.04204634,22.14811043,21.5020837,21.68528531,12762452.0
2022-12-23,21.49244151,21.73349626,20.77891945,20.96212106,15692335.0
2022-12-26,21.1163961,21.58886341,21.0199742,21.55993684,12072908.0
2022-12-27,21.5985056,21.63707436,20.90426792,21.212818,17372043.0
2022-12-28,21.27067114,21.32852428,19.9593333,20.30645214,42004161.0
2022-12-29,20.72106631,20.76927726,20.33537871,20.42215842,19744983.0
2022-12-30,20.74035069,21.08746953,20.36430528,20.46072718,21777083.0
2023-01-03,20.33537871,20.39323185,19.68935198,20.07503958,47437897.0
2023-01-04,20.04611301,20.20038805,19.28438,19.8629114,41620585.0
2023-01-05,19.8629114,20.62464441,19.78577388,20.13289272,53203892.0
2023-01-06,19.96897549,20.62464441,19.93040673,20.32573652,38050141.0
2023-01-09,20.80784602,21.23210238,20.47036937,20.85605697,51322449.0
2023-01-10,21.0199742,21.8877713,20.49929594,21.56957903,45577565.0
2023-01-11,21.58886341,22.3698808,21.4056618,22.19632138,46002308.0
2023-01-12,22.25417452,22.61093555,22.00347758,22.21560576,26644707.0
2023-01-13,22.20596357,23.70050302,22.177037,22.9484122,60586589.0
2023-01-16,23.70050302,23.89334682,23.21839352,23.54622798,43283837.0
2023-01-17,23.55587017,23.8162093,23.17982476,23.7197874,28572522.0
2023-01-18,23.9126312,24.40438289,23.8162093,24.0090531,24431991.0
2023-01-19,24.08619062,24.2983188,23.71014521,24.03797967,20319032.0
2023-01-20,24.2018969,24.28867661,23.64264988,23.71014521,18583441.0
2023-01-30,24.3947407,25.5518035,24.34652975,25.32039094,40757254.0
2023-01-31,25.069694,25.21432685,24.50080479,24.64543764,19428600.0
2023-02-01,24.75150173,25.13718933,24.63579545,25.069694,23818743.0
2023-02-02,25.02148305,25.20468466,24.82863925,24.88649239,12816062.0
2023-02-03,24.91541896,24.91541896,23.93191558,24.3947407,23913462.0
2023-02-06,24.25010785,24.3947407,23.74871397,23.99941091,24840704.0
2023-02-07,24.19225471,26.40031622,24.06690624,26.40031622,58202864.0
2023-02-08,25.99534424,26.31353651,25.39752846,25.88928015,56007922.0
2023-02-09,25.8410692,26.5160225,25.53251912,26.1303349,51151516.0
2023-02-10,26.30389432,27.41274617,25.82178482,26.95956324,47076067.0
2023-02-13,26.87278353,26.94992105,25.9374911,26.20747242,43842446.0
2023-02-14,26.40031622,26.77636163,25.7446473,26.07248176,21650657.0
2023-02-15,26.07248176,26.56423345,25.96641767,26.07248176,21577245.0
2023-02-16,26.20747242,26.2267568,25.3589597,25.60001445,19124412.0
2023-02-17,25.60001445,25.91820672,25.34931751,25.59037226,18848463.0
2023-02-20,25.4553816,26.29425213,25.25289561,26.01462862,20033059.0
2023-02-21,26.00498643,26.17854585,25.50359255,25.89892234,20021214.0
2023-02-22,25.75428949,26.09176614,25.41681284,25.56144569,14300338.0
2023-02-23,25.66750978,25.66750978,24.82863925,25.36860189,35890617.0
2023-02-24,25.29146437,25.31074875,24.45259384,24.65507983,33069675.0
2023-02-27,24.56830012,25.63858321,24.44295165,25.20468466,26399364.0
2023-02-28,25.14683152,25.14683152,24.37545632,24.63579545,27126260.0
2023-03-01,24.75150173,24.89613458,24.16332814,24.41402508,34343201.0
2023-03-02,25.08897838,25.25289561,22.90984344,22.99662315,68443199.0
2023-03-03,23.13161381,23.67157645,23.08340286,23.22803571,33272545.0
2023-03-06,23.21839352,23.85477806,22.99662315,23.6233655,30712768.0
2023-03-07,23.67157645,23.71014521,23.05447629,23.12197162,16050599.0
2023-03-08,22.99662315,23.54622798,22.83270592,23.00626534,15839545.0
2023-03-09,23.00626534,23.86442025,22.93877001,23.06411848,22503322.0
2023-03-10,22.92912782,23.02554972,22.44701832,22.53379803,20168553.0
2023-03-13,22.2734589,23.141256,22.16739481,22.99662315,24513770.0
2023-03-14,22.96769658,23.10268724,22.58200898,22.87127468,24518933.0
2023-03-15,23.03519191,23.99941091,22.95805439,23.01590753,27248576.0
2023-03-16,22.6591465,23.17982476,22.51451365,22.81342154,21875519.0
2023-03-17,22.86163249,23.20875133,22.31202766,22.74592621,25959576.0
2023-03-20,22.44701832,22.80377935,22.14811043,22.6591465,32167250.0
2023-03-21,22.63021993,23.44016389,22.47594489,23.40159513,22830070.0
2023-03-22,23.9126312,24.01869529,23.27624666,23.49801703,22388390.0
2023-03-23,23.47873265,23.47873265,21.99383539,22.15775262,46032999.0
2023-03-24,22.15775262,22.99662315,21.73349626,22.88091687,43826562.0
2023-03-27,22.83270592,25.04076743,22.78449497,24.64543764,67629920.0
2023-03-28,24.52008917,25.19504247,24.44295165,24.82863925,34899328.0
2023-03-29,24.73221735,25.8410692,24.52973136,25.14683152,29362161.0
2023-03-30,25.14683152,25.21432685,24.74185954,25.09862057,17253429.0
2023-03-31,24.99255648,25.2625378,24.6840064,24.82863925,14688203.0
2023-04-03,24.7804283,24.80935487,24.11511719,24.2983188,23265234.0
2023-04-04,24.31760318,24.45259384,23.72942959,24.2018969,25613025.0
2023-04-06,24.0090531,24.45259384,23.97048434,24.38509851,14115171.0
2023-04-07,24.37545632,24.60686888,23.70050302,23.86442025,17092967.0
2023-04-10,24.105475,24.55865793,23.08340286,23.48837484,25815890.0
2023-04-11,23.48837484,23.7197874,23.28588885,23.53658579,21813933.0
2023-04-12,23.6233655,23.84513587,22.99662315,23.36302637,20873473.0
2023-04-13,23.34374199,23.55587017,22.93877001,22.9484122,13923332.0
2023-04-14,22.9484122,23.5269436,22.90020125,23.22803571,16248207.0
2023-04-17,24.2018969,25.24325342,23.69086083,23.71014521,64111670.0
2023-04-18,23.70050302,24.06690624,23.38231075,23.50765922,26591312.0
2023-04-19,23.48837484,23.82585149,23.24732009,23.6233655,20079347.0
2023-04-20,23.32445761,23.51730141,22.19632138,22.64950431,38531711.0
2023-04-21,22.39880737,22.5627246,21.84920254,21.85884473,27869991.0
2023-04-24,21.8877713,22.28310109,21.53101027,21.96490882,19160236.0
2023-04-25,21.96490882,22.03240415,21.17424924,21.36709304,16573127.0
2023-04-26,21.29959771,22.90984344,21.22246019,22.63021993,31229687.0
2023-04-27,22.52415584,22.8519903,22.177037,22.48558708,14576211.0
2023-04-28,22.61093555,22.82306373,22.02276196,22.50487146,15842674.0
2023-05-04,22.30238547,23.77764054,22.30238547,22.97733877,38276614.0
2023-05-05,22.9484122,23.07376067,22.30238547,22.45666051,24617490.0
2023-05-08,22.48558708,22.90984344,22.13846824,22.13846824,14646837.0
2023-05-09,22.28310109,22.28310109,21.61778998,21.82027597,14701632.0
2023-05-10,21.60814779,22.54344022,21.38637742,22.25417452,17763791.0
2023-05-11,22.02276196,23.2376779,21.9841932,22.58200898,22669143.0
2023-05-12,22.6591465,22.9484122,22.3698808,22.3698808,10346149.0
2023-05-15,22.3698808,23.17982476,22.09025729,22.95805439,14380633.0
2023-05-16,23.21839352,23.3340998,22.8519903,23.05447629,9217869.0
2023-05-17,23.141256,23.6233655,23.08340286,23.6233655,18754747.0
2023-05-18,24.27903442,25.23361123,24.2018969,24.71293297,55033867.0
2023-05-19,24.92506115,25.32039094,24.4911626,24.63579545,40397041.0
2023-05-22,24.57794231,24.95398772,24.22118128,24.85756582,26807506.0
2023-05-23,24.79971268,25.11790495,24.42366727,24.59722669,24101512.0
2023-05-24,24.44295165,24.60686888,24.12475938,24.16332814,15104733.0
2023-05-25,24.09583281,24.90577677,23.67157645,24.84792363,22800630.0
2023-05-26,24.7804283,25.60001445,24.32724537,25.24325342,20504793.0
2023-05-29,25.11790495,25.21432685,24.105475,24.63579545,18250305.0
2023-05-30,24.64543764,25.28182218,24.24046566,24.4911626,14874802.0
2023-05-31,24.73221735,25.069694,24.0090531,25.06005181,41425606.0
2023-06-01,24.63579545,24.64543764,23.79692492,24.22118128,30782421.0
2023-06-02,24.25010785,24.79971268,24.0090531,24.44295165,21735007.0
2023-06-05,24.60686888,25.3589597,24.15368595,24.84792363,23222925.0
2023-06-06,24.84792363,24.96362991,23.9126312,23.98012653,18650732.0
2023-06-07,23.98012653,24.11511719,23.57515455,23.75835616,18231744.0
2023-06-08,23.67157645,23.84513587,23.27624666,23.5269436,13264835.0
2023-06-09,23.73108467,24.21717817,23.43942857,23.5269254,19210157.0
2023-06-12,23.45887231,25.87961794,23.39081922,25.87961794,83204441.0
2023-06-13,26.1518303,27.13373917,25.90878355,26.59903632,85322105.0
2023-06-14,26.50181762,26.97818925,26.28793648,26.52126136,41882879.0
2023-06-15,26.56014884,28.85451016,26.53098323,28.193423,85544071.0
2023-06-16,28.193423,28.8739539,27.91148877,28.56285406,47533471.0
2023-06-19,28.193423,30.14751887,28.193423,29.46698797,59616202.0
2023-06-20,28.96145073,32.082171,28.85451016,30.61416863,67947106.0
2023-06-21,30.54611554,31.22664644,29.70031285,30.07946578,49650893.0
2023-06-26,29.8461409,30.50722806,28.32952918,28.75729146,86486914.0
2023-06-27,28.92256325,29.29199431,27.91148877,28.9711726,42685379.0
2023-06-28,28.82534455,29.33088179,28.12536991,28.9711726,35966102.0
2023-06-29,28.95172886,30.25445944,28.83506642,29.8461409,68407440.0
2023-06-30,29.6517035,29.7489222,28.93228512,29.41837862,40326299.0
2023-07-03,29.07811317,29.79753155,28.193423,28.3878604,69259259.0
2023-07-04,28.44619162,29.2628287,28.193423,28.90311951,52909164.0
2023-07-05,28.78645707,29.0683913,28.17397926,28.2906417,50451629.0
2023-07-06,28.18370113,28.51424471,27.8045482,28.01842934,40530382.0
2023-07-07,28.18370113,28.24203235,27.24067974,27.38650779,43499399.0
2023-07-10,27.221236,27.43511714,26.249049,26.3462677,62978814.0
2023-07-11,26.56014884,27.37678592,26.18099591,27.27956722,62588809.0
2023-07-12,27.221236,27.74621698,26.91985803,27.01707673,32603012.0
2023-07-13,27.01707673,27.27956722,26.56987071,27.03652047,38038975.0
2023-07-14,27.00735486,27.75593885,26.98791112,27.13373917,46281731.0
2023-07-17,27.06568608,27.4156734,26.50181762,26.85180494,23498825.0
2023-07-18,26.6379238,27.57122332,26.48237388,27.15318291,44849147.0
2023-07-19,27.15318291,27.6101108,26.97818925,27.28928909,24844520.0
2023-07-20,27.27956722,27.42539527,26.5407051,26.65736754,38327121.0
2023-07-21,26.43376453,26.7351425,26.01572412,26.13238656,29725959.0
2023-07-24,26.249049,26.69625502,25.89906168,26.30738022,19912206.0
2023-07-25,26.7351425,27.37678592,26.35598957,27.26012348,46110391.0
2023-07-26,27.26012348,27.26012348,25.9573929,26.11294282,40607241.0
2023-07-27,26.3462677,26.80319559,26.3462677,26.48237388,28764121.0
2023-07-28,26.48237388,26.48237388,25.73378989,26.08377721,36008624.0
2023-07-31,26.13238656,27.50317023,26.12266469,27.07540795,39551698.0
2023-08-01,27.20179226,27.3184547,26.65736754,27.06568608,20711931.0
2023-08-02,27.07540795,27.7073295,26.93930177,27.20179226,37692882.0
2023-08-03,27.10457356,27.66844202,26.71569876,27.32817657,24481914.0
2023-08-04,27.08512982,28.0962043,26.8323612,27.9017669,42069717.0
2023-08-07,27.85315755,28.2906417,27.7073295,27.95037625,30677084.0
2023-08-08,27.76566072,28.5822978,27.71705137,28.31980731,24654786.0
2023-08-09,28.07676056,28.18370113,27.4156734,27.6101108,18450126.0
2023-08-10,27.49344836,27.56150145,27.20179226,27.5128921,11926759.0
2023-08-11,27.68788576,27.75593885,26.81291746,26.8323612,11306852.0
2023-08-14,26.5407051,27.0267986,25.93794916,26.93930177,20510087.0
2023-08-15,27.11429543,27.17262665,26.29765835,26.55042697,16000307.0
2023-08-16,26.53098323,26.97818925,26.03516786,26.17127404,18470938.0
2023-08-17,26.10322095,26.82263933,25.57823997,26.41432079,23071373.0
2023-08-18,26.4434864,26.4434864,25.4712994,25.7629555,21645119.0
2023-08-21,25.68518054,26.03516786,25.16019956,25.7629555,21916906.0
2023-08-22,26.09349908,26.8323612,25.9573929,26.76430811,30659985.0
2023-08-23,26.9295799,27.35734218,26.49209575,26.59903632,24507264.0
2023-08-24,26.62820193,27.39622966,26.39487705,27.07540795,20497224.0
2023-08-25,27.04624234,27.11429543,26.13238656,26.91013616,15403445.0
2023-08-28,28.2906417,28.7767352,27.0267986,27.38650779,28183697.0
2023-08-29,27.14346104,30.12807513,27.14346104,29.27255057,61834356.0
2023-08-30,29.16561,30.06974391,29.03922569,29.17533187,40250075.0
2023-08-31,29.02950382,29.4572661,28.61146341,28.8739539,28994119.0
2023-09-01,28.72812585,28.9711726,27.9017669,28.95172886,32711713.0
2023-09-04,28.82534455,28.86423203,27.24067974,27.73649511,51082386.0
2023-09-05,27.75593885,28.35869479,27.74621698,27.9017669,29418300.0
2023-09-06,27.6101108,27.9017669,27.43511714,27.79482633,16713983.0
2023-09-07,27.76566072,27.8045482,27.37678592,27.42539527,12873316.0
2023-09-08,27.4156734,28.42674788,27.30873283,27.79482633,18170334.0
2023-09-11,27.78510446,28.26147609,27.46428275,27.92121064,18856021.0
2023-09-12,28.47535723,28.72812585,27.61983267,28.33925105,23280183.0
2023-09-13,28.24203235,28.34897292,27.5128921,27.64899828,17957321.0
2023-09-14,27.55177958,27.82399194,27.0267986,27.16290478,15161463.0
2023-09-15,27.17262665,27.26012348,26.78375185,26.95874551,15058834.0
2023-09-18,26.86152681,27.88232316,26.69625502,27.46428275,19599672.0
2023-09-19,27.36706405,27.67816389,26.85180494,27.19207039,17059894.0
2023-09-20,27.19207039,27.27956722,26.66708941,26.8323612,18105311.0
2023-09-21,26.8323612,26.8323612,26.25877087,26.74486437,17061972.0
2023-09-22,26.86152681,27.11429543,26.29765835,26.74486437,33717517.0
2023-09-25,27.55177958,28.55313219,27.26012348,27.76566072,57573051.0
2023-09-26,27.95037625,28.35869479,27.3184547,28.20314487,24966738.0
2023-09-27,28.20314487,28.82534455,27.9989856,28.37813853,20695438.0
2023-09-28,28.57257593,29.03922569,28.33925105,28.8739539,22078671.0
2023-10-09,28.69896024,29.68086911,28.33925105,29.27255057,27511518.0
2023-10-10,29.18505374,29.24338496,28.31980731,28.41702601,25758161.0
2023-10-11,28.59201967,28.60174154,28.07676056,28.28091983,18292865.0
2023-10-12,28.39758227,28.45591349,27.82399194,27.9017669,14954648.0
2023-10-13,27.82399194,27.95037625,26.84208307,27.09485169,29424571.0
2023-10-16,26.93930177,27.47400462,26.42404266,27.03652047,21392260.0
2023-10-17,26.87124868,27.0267986,26.4434864,26.88097055,13385782.0
2023-10-18,26.80307648,27.19265608,26.6862026,27.00760577,15810315.0
2023-10-19,26.7835975,26.83229495,26.05313575,26.17974912,24036635.0
2023-10-20,26.12131218,26.17000963,25.6148587,25.70251411,13954132.0
2023-10-23,25.5174638,25.65381666,24.9330944,25.27397655,17287456.0
2023-10-24,25.10840522,26.6862026,25.09866573,25.84860646,29734295.0
2023-10-25,25.94600136,26.61802617,25.8096485,26.33558096,15879834.0
2023-10-26,26.18948861,26.86151342,25.98495932,26.83229495,18989754.0
2023-10-27,26.79333699,26.92968985,26.47193382,26.56932872,14061039.0
2023-10-30,26.55958923,26.77385801,26.1018332,26.54011025,24026019.0
2023-10-31,26.0044383,26.18948861,24.97205236,26.04339626,36383431.0
2023-11-01,26.04339626,26.57906821,25.74147207,26.16027014,15120559.0
2023-11-02,26.16027014,26.28688351,25.1278842,25.15710267,26932925.0
2023-11-03,25.74147207,26.31610198,25.35189247,25.8096485,33476968.0
2023-11-06,25.84860646,27.23161404,25.66355615,27.23161404,37056381.0
2023-11-07,27.23161404,27.82572293,26.99786628,27.47510129,21281846.0
2023-11-08,27.4653618,27.60171466,26.9783873,27.20239557,15644181.0
2023-11-09,27.20239557,27.20239557,26.45245484,27.10500067,21077215.0
2023-11-10,26.93942934,27.10500067,26.72516056,26.9783873,10912889.0
2023-11-13,26.9783873,27.51405925,26.9783873,27.13421914,15801010.0
2023-11-14,27.21213506,27.31926945,26.80307648,26.91021087,12208454.0
2023-11-15,27.13421914,28.29321845,27.0757822,27.88415987,31269271.0
2023-11-16,27.80624395,27.91337834,27.41666435,27.44588282,10377339.0
2023-11-17,27.37770639,28.6341006,27.30952996,28.54644519,26499977.0
2023-11-20,28.6341006,28.91654581,28.03025222,28.6341006,22169698.0
2023-11-21,28.4393108,28.62436111,27.58223568,27.6601516,32660457.0
2023-11-22,27.5627567,27.5627567,26.95890832,26.98812679,21236956.0
2023-11-23,26.94916883,28.1471261,26.90047138,27.74780701,30332287.0
2023-11-24,27.73806752,27.7575465,27.22187455,27.42640384,10271981.0
2023-11-27,27.37770639,27.49458027,26.81281597,27.34848792,11893149.0
2023-11-28,27.33874843,28.20556304,27.25109302,28.1471261,18385160.0
2023-11-29,28.10816814,28.40035284,27.9523363,28.17634457,12503543.0
2023-11-30,28.11790763,28.48800825,27.93285732,28.16660508,14960294.0
2023-12-01,28.06921018,28.10816814,27.37770639,27.74780701,15039845.0
2023-12-04,27.60171466,28.15686559,27.48484078,28.00103375,12900826.0
2023-12-05,27.88415987,27.93285732,27.0757822,27.08552169,17491537.0
2023-12-06,27.01734526,27.60171466,26.77385801,26.9783873,15275435.0
2023-12-07,26.96864781,27.67963058,26.8809924,27.49458027,13599779.0
2023-12-08,27.64067262,28.12764712,27.34848792,27.51405925,11741688.0
2023-12-11,27.5627567,28.7314955,27.25109302,28.6341006,26784772.0
2023-12-12,28.50748723,28.7314955,28.1471261,28.19582355,11233105.0
2023-12-13,28.12764712,29.93919226,27.33874843,28.74123499,46033958.0
2023-12-14,28.67305856,29.06263816,28.4393108,28.46852927,17905528.0
2023-12-15,28.60488213,29.05289867,28.21530253,28.28347896,19865620.0
2023-12-18,28.28347896,28.85810887,27.99129426,28.39061335,19584663.0
2023-12-19,28.39061335,28.88732734,28.10816814,28.67305856,16998300.0
2023-12-20,28.7314955,29.37430184,28.07894967,28.21530253,23040946.0
2023-12-21,28.22504202,28.30295794,27.64067262,27.81598344,21973453.0
2023-12-22,27.86468089,28.27373947,27.60171466,28.07894967,18771448.0
2023-12-25,27.94259681,28.58540315,27.86468089,28.32243692,15017978.0
2023-12-26,28.244521,28.244521,26.7835975,27.38744588,30904003.0
2023-12-27,27.44588282,28.09842865,27.270572,27.6601516,20104040.0
2023-12-28,27.74780701,27.80624395,27.21213506,27.44588282,21635286.0
2023-12-29,27.45562231,28.68279805,27.37770639,28.6341006,35540946.0
2024-01-02,28.6341006,28.6341006,27.62119364,27.62119364,20374424.0
2024-01-03,27.60171466,27.60171466,25.8096485,25.92652238,55478176.0
2024-01-04,26.15053065,26.59854719,25.92652238,26.34532045,26686546.0
2024-01-05,26.43297586,27.15369812,26.12131218,26.296623,28487438.0
2024-01-08,26.20896759,26.20896759,25.10840522,25.39085043,33883905.0
2024-01-09,25.46876635,26.11157269,25.23501859,25.59537972,17652558.0
2024-01-10,25.42980839,25.64407717,25.17658165,25.24475808,18972322.0
2024-01-11,25.2252791,25.24475808,24.18315367,25.13762369,33470332.0
2024-01-12,25.0304893,25.41032941,24.80648103,24.86491797,26625592.0
2024-01-15,24.8356995,24.94283389,24.30002755,24.90387593,24297811.0
2024-01-16,24.87465746,25.37137145,24.4461199,24.80648103,25434835.0
2024-01-17,24.68960715,24.68960715,23.5695658,23.5695658,38984648.0
2024-01-18,23.374776,23.88122948,22.97545691,23.83253203,38859434.0
2024-01-19,23.84227152,24.10523775,23.25790212,23.48191039,21700465.0
2024-01-22,23.40399447,23.48191039,22.28395312,22.50796139,33137425.0
2024-01-23,22.45926394,22.94623844,22.22551618,22.65405374,24959598.0
2024-01-24,22.67353272,22.84884354,21.65088627,22.54691935,41013511.0
2024-01-25,22.400827,22.400827,20.82302962,21.65088627,72788726.0
2024-01-26,21.22234871,21.22234871,20.42371053,20.76459268,56378250.0
2024-01-29,20.69641625,20.72563472,20.13152583,20.26787869,35262567.0
2024-01-30,20.41397104,21.24182769,20.07308889,20.07308889,41167171.0
2024-01-31,20.07308889,21.1346933,20.0633494,20.452929,56312288.0
2024-02-01,20.38475257,21.426878,20.18022328,21.0372984,42114552.0
2024-02-02,21.0372984,21.12495381,19.94647552,20.5503239,43200101.0
2024-02-05,20.13152583,20.44318951,19.25497173,19.7711647,57313676.0
2024-02-06,19.76142521,21.50479392,19.56663541,21.37818055,47343760.0
2024-02-07,21.426878,22.32291108,21.04703789,22.09890281,58726830.0
2024-02-08,22.0112474,22.80988558,21.80671811,22.7904066,44785051.0
2024-02-19,22.83910405,22.8878015,21.01781942,21.5242729,61649140.0
2024-02-20,21.21260922,21.80671811,19.62507235,21.76776015,105207308.0
2024-02-21,21.28078565,23.51112886,21.14443279,22.72223017,112823484.0
2024-02-22,22.39108751,22.7904066,22.15733975,22.7904066,48205954.0
2024-02-23,22.7904066,24.5435148,22.76118813,24.30002755,77344523.0
2024-02-26,25.21553961,25.48824533,24.2513301,24.49481735,81616598.0
2024-02-27,24.348725,25.14736318,23.88122948,24.9330944,53500912.0
2024-02-28,24.91361542,24.96231287,23.61826325,23.61826325,54309537.0
2024-02-29,23.35529702,24.30976704,23.25790212,24.27080908,36222103.0
2024-03-01,24.22211163,24.71882562,23.83253203,24.58247276,37765049.0
2024-03-04,24.36820398,25.322674,24.13445622,25.322674,45261802.0
2024-03-05,24.8356995,24.9330944,23.78383458,24.30976704,51425396.0
2024-03-06,24.02732183,24.68960715,23.88122948,24.28054857,31077104.0
2024-03-07,24.71882562,24.81622052,23.55008682,23.62800274,34984458.0
2024-03-08,23.5695658,24.09549826,23.29686008,24.06627979,26101905.0
2024-03-11,24.06627979,24.62143072,23.7643556,24.59221225,42772640.0
2024-03-12,24.59221225,25.39085043,24.42664092,24.84543899,52438369.0
2024-03-13,24.75778358,25.1278842,24.51429633,24.85517848,35005349.0
2024-03-14,25.17658165,25.65381666,24.21237214,24.57273327,52613186.0
2024-03-15,24.60195174,24.9330944,24.348725,24.92335491,28630849.0
2024-03-18,24.9330944,25.04996828,24.55325429,24.96231287,36138423.0
2024-03-19,24.95257338,25.07918675,24.52403582,24.55325429,28909385.0
2024-03-20,24.55325429,24.63117021,23.7643556,24.07601928,37847080.0
2024-03-21,24.0565403,24.06627979,23.64748172,23.89096897,25409087.0
2024-03-22,23.70591866,24.02732183,23.38451549,23.90070846,38147396.0
2024-03-25,23.7643556,24.66038868,23.57930529,23.78383458,48181479.0
2024-03-26,23.78383458,23.88122948,23.0825913,23.48191039,38946510.0
2024-03-27,23.50138937,23.54034733,22.55665884,22.55665884,28707903.0
2024-03-28,22.52744037,23.71565815,22.4982219,23.38451549,37931271.0
2024-03-29,23.45269192,23.53060784,22.6930117,23.11180977,21732832.0
2024-04-01,23.1799862,23.8617505,22.9851964,23.55982631,21884299.0
2024-04-02,23.46243141,23.55982631,22.56639833,22.7904066,36400543.0
2024-04-03,22.64431425,22.64431425,21.50479392,21.72880219,68115102.0
2024-04-08,21.68010474,21.84567607,21.1346933,21.18339075,36417075.0
2024-04-09,21.18339075,21.50479392,20.89120605,21.31000412,34470943.0
2024-04-10,21.31974361,21.40739902,20.76459268,20.88146656,36948074.0
2024-04-11,20.78407166,21.10547483,20.48214747,20.65745829,34929937.0
2024-04-12,20.65745829,20.8425086,20.26787869,20.32631563,32374466.0
2024-04-15,20.20944175,21.11521432,20.17048379,20.9399035,47503123.0
2024-04-16,20.99834044,20.99834044,20.19970226,20.23866022,43046951.0
2024-04-17,20.31657614,20.90094554,20.0633494,20.3555341,72758664.0
2024-04-18,20.30683665,21.47557545,19.81986215,21.08599585,86845241.0
2024-04-19,20.87172707,20.89120605,20.15100481,20.27761818,50266412.0
2024-04-22,19.99517297,20.33605512,19.68350929,19.85882011,51187573.0
2024-04-23,19.48871949,20.71589523,19.48871949,20.51136594,56779716.0
2024-04-24,21.2320882,21.88463403,21.18339075,21.36844106,85747750.0
2024-04-25,21.27104616,21.5242729,20.9399035,21.27104616,35807800.0
2024-04-26,21.18339075,21.69958372,21.1346933,21.58270984,43370726.0
2024-04-29,22.06968434,22.43978496,21.50479392,22.07942383,74986936.0
2024-04-30,21.64114678,22.19629771,21.04703789,21.33922259,71306270.0
2024-05-06,21.76776015,22.26447414,21.70932321,21.99176842,66686755.0
2024-05-07,22.0112474,22.07942383,21.68010474,21.82619709,38156768.0
2024-05-08,21.82619709,21.84567607,21.30026463,21.30026463,29327800.0
2024-05-09,21.2320882,21.74828117,21.18339075,21.55349137,30015349.0
2024-05-10,21.57297035,21.61192831,20.92042452,21.00807993,42347491.0
2024-05-13,20.82302962,21.00807993,20.39449206,20.59902135,39189399.0
2024-05-14,20.79381115,21.05677738,20.69641625,20.87172707,30492640.0
2024-05-15,20.79381115,21.55349137,20.56980288,21.2320882,39862284.0
2024-05-16,21.28078565,21.43661749,20.85224809,21.12495381,35092667.0
2024-05-17,21.10547483,22.14760026,20.95938248,22.08916332,69518794.0
2024-05-20,22.00150791,22.3034321,21.60218882,21.8164576,44738450.0
2024-05-21,21.7190627,21.7190627,21.18339075,21.31974361,37451624.0
2024-05-22,21.28078565,22.08916332,21.28078565,21.84567607,48770196.0
2024-05-23,21.76776015,22.14760026,21.60218882,21.64114678,30516166.0
2024-05-24,21.46583596,21.5242729,20.75485319,20.77433217,43493123.0
2024-05-27,20.88146656,21.0372984,20.452929,21.00807993,27334373.0
2024-05-28,20.89120605,21.31974361,20.68667676,21.07625636,24230738.0
2024-05-29,20.97886146,21.31000412,20.78407166,21.02755891,27136519.0
2024-05-30,20.94964299,21.47557545,20.75485319,21.3294831,36231847.0
2024-05-31,21.50479392,23.0825913,21.426878,22.42030598,93837232.0
2024-06-03,22.7904066,23.19946518,22.55665884,22.82936456,71781810.0
2024-06-04,22.8878015,23.26764161,22.65405374,23.09233079,54104115.0
2024-06-05,23.2773811,24.07601928,23.24816263,23.78383458,64812488.0
2024-06-06,23.72539764,23.8617505,23.0825913,23.28712059,56808657.0
2024-06-07,23.29686008,23.4721709,22.71249068,22.89754099,40462064.0
2024-06-11,22.57613782,22.94623844,22.44952445,22.76118813,29185688.0
2024-06-12,22.58587731,23.55008682,22.46900343,23.1799862,46428854.0
2024-06-13,23.2291968,24.3119136,22.94375328,24.15442752,68269215.0
2024-06-14,23.5736976,23.5736976,22.43192352,22.60909536,81394159.0
2024-06-17,22.43192352,22.75673856,22.2449088,22.65830976,46231890.0
2024-06-18,22.7370528,23.2784112,22.72720992,23.00281056,39907612.0
2024-06-19,23.0323392,23.0323392,22.0480512,22.15632288,42246268.0
2024-06-20,21.95946528,22.0480512,21.36889248,21.4574784,37544961.0
2024-06-21,21.32952096,21.49684992,20.83737696,21.3590496,57779048.0
2024-06-24,21.162192,21.28030656,20.49287616,20.56177632,43911230.0
2024-06-25,20.56177632,20.74879104,19.9810464,20.14837536,44098076.0
2024-06-26,20.0794752,20.34523296,19.7349744,20.2763328,44264512.0
2024-06-27,20.15821824,20.15821824,19.25267328,19.25267328,64486345.0
2024-06-28,18.87864384,19.27235904,18.64241472,18.78021504,55472544.0
2024-07-01,18.79005792,18.8983296,18.05184192,18.34712832,58419970.0
2024-07-02,19.37078784,19.70544576,19.00660128,19.08534432,91302167.0
2024-07-03,19.76450304,20.0302608,18.79005792,18.81958656,85460081.0
2024-07-04,19.2428304,20.40429024,19.16408736,19.86293184,134067375.0
2024-07-05,19.2428304,19.4889024,18.58335744,18.87864384,99749123.0
2024-07-08,18.6030432,18.63257184,17.87467008,18.00262752,62672894.0
2024-07-09,17.89435584,19.02628704,17.5695408,18.8983296,79254636.0
2024-07-10,18.76052928,19.70544576,18.701472,19.0951872,74479600.0
2024-07-11,19.2920448,19.6365456,19.02628704,19.46921664,56980621.0
2024-07-12,19.18377312,19.193616,18.64241472,18.7506864,54584229.0
2024-07-15,18.71131488,18.87864384,18.4061856,18.701472,35656552.0
2024-07-16,18.5538288,18.8983296,18.5046144,18.8983296,30432765.0
2024-07-17,18.8983296,18.8983296,18.53414304,18.6522576,26989083.0
2024-07-18,18.48492864,18.93770112,18.3077568,18.78021504,33824059.0
2024-07-19,18.69162912,19.1444016,18.61288608,18.8983296,38340910.0
2024-07-22,18.76052928,18.8983296,18.62272896,18.71131488,30817042.0
2024-07-23,19.28220192,19.3904736,18.33728544,18.33728544,44527892.0
2024-07-24,17.8648272,18.23885664,17.25456864,17.30378304,60446621.0
2024-07-25,16.98881088,17.20535424,16.77226752,17.00849664,40732799.0
2024-07-26,17.13645408,18.19948512,17.0773968,17.79592704,54622338.0
2024-07-29,17.72702688,17.78608416,17.09708256,17.29394016,42382205.0
2024-07-30,17.1758256,18.1108992,17.05771104,17.69749824,59942674.0
2024-07-31,17.43174048,18.4554,17.26441152,18.13058496,86173502.0
2024-08-01,18.14042784,18.33728544,17.5695408,17.58922656,77308762.0
2024-08-02,17.24472576,17.57938368,17.05771104,17.11676832,47405312.0
2024-08-05,16.95928224,17.59906944,16.87069632,16.90022496,50367350.0
2024-08-06,17.04786816,17.23488288,16.75258176,17.00849664,41320818.0
2024-08-07,16.9297536,17.15613984,16.75258176,17.10692544,35277013.0
2024-08-08,16.94943936,17.00849664,16.6344672,16.7821104,38474251.0
2024-08-09,16.8805392,17.16598272,16.64431008,16.64431008,30949447.0
2024-08-12,16.5360384,16.5852528,16.07342304,16.18169472,42711662.0
2024-08-13,16.18169472,16.29980928,15.92577984,16.08326592,41377817.0
2024-08-14,16.12263744,16.15216608,15.71907936,15.75845088,35548881.0
2024-08-15,15.72892224,16.52619552,15.67970784,16.31949504,67910118.0
2024-08-16,16.30965216,16.46713824,16.0931088,16.240752,25024753.0
2024-08-19,16.3391808,16.5360384,16.25059488,16.28012352,25489800.0
2024-08-20,16.240752,16.28012352,15.88640832,15.97499424,24357186.0
2024-08-21,15.8962512,16.46713824,15.85687968,16.30965216,38905114.0
2024-08-22,16.30965216,16.31949504,15.93562272,15.98483712,25253990.0
2024-08-23,15.97499424,16.29980928,15.92577984,16.1423232,21067434.0
2024-08-26,16.17185184,16.37855232,15.9454656,16.06358016,27108780.0
2024-08-27,15.9454656,15.96515136,15.41395008,15.44347872,37082151.0
2024-08-28,15.41395008,15.96515136,15.41395008,15.85687968,35296548.0
2024-08-29,15.75845088,16.91991072,15.67970784,16.80179616,67241028.0
2024-08-30,16.70336736,17.44158336,16.62462432,17.06755392,71576963.0
2024-09-02,17.09708256,17.29394016,16.486824,16.486824,45277688.0
2024-09-03,16.59509568,17.14629696,16.3883952,17.10692544,47547679.0
2024-09-04,16.9297536,17.54985504,16.81163904,17.1758256,41776895.0
2024-09-05,17.20535424,17.963256,17.20535424,17.65812672,56526335.0
2024-09-06,17.6187552,17.88451296,17.34315456,17.40221184,33123966.0
2024-09-09,17.18566848,17.85498432,17.0773968,17.58922656,46787437.0
2024-09-10,17.65812672,17.717184,17.33331168,17.471112,29906085.0
2024-09-11,17.46126912,18.0124704,17.28409728,17.92388448,44809838.0
2024-09-12,18.03215616,18.209328,17.33331168,17.39236896,38840118.0
2024-09-13,17.3726832,17.62859808,17.20535424,17.20535424,24917954.0
2024-09-18,17.1266112,17.39236896,16.95928224,17.22504,29047520.0
2024-09-19,17.28409728,17.73686976,17.00849664,17.41205472,54928617.0
2024-09-20,17.4218976,17.97309888,17.38252608,17.6187552,58605734.0
2024-09-23,17.58922656,17.7663984,17.14629696,17.28409728,36437670.0
2024-09-24,17.40221184,18.4061856,17.04786816,18.24869952,76858663.0
2024-09-25,18.36681408,19.0459728,18.3569712,18.41602848,75946832.0
2024-09-26,18.46524288,19.439688,18.46524288,19.3904736,96471112.0
2024-09-27,19.7349744,21.32952096,19.6365456,21.32952096,111667502.0
2024-09-30,22.2449088,23.45558304,21.5559072,23.45558304,112443557.0
2024-10-08,25.79818848,25.79818848,23.61306912,24.96154368,146053688.0
2024-10-09,23.868984,26.09347488,23.20951104,24.2134848,140056240.0
2024-10-10,24.22332768,25.0009152,23.130768,23.18982528,125987214.0
2024-10-11,23.04218208,23.130768,21.33936384,21.67402176,115041937.0
2024-10-14,21.34920672,21.8511936,20.38460448,21.47716416,118206116.0
2024-10-15,21.48700704,21.654336,20.94564864,20.97517728,66873158.0
2024-10-16,20.4731904,20.7684768,20.08931808,20.49287616,71132657.0
2024-10-17,20.5224048,21.29999232,20.50271904,20.74879104,72985663.0
2024-10-18,20.7684768,22.6878384,20.5716192,22.0972656,105674823.0
2024-10-21,22.5401952,22.59925248,21.408264,21.5559072,103171742.0
2024-10-22,21.5559072,23.3276256,21.48700704,22.90438176,103057421.0
2024-10-23,22.91426448,23.06254488,22.24206,22.5880476,70899526.0
2024-10-24,23.5765836,24.18947592,22.55839152,22.61770368,84833094.0
2024-10-25,23.4283032,23.4283032,22.54850616,22.79564016,67936586.0
2024-10-28,22.5880476,23.11197168,22.40022576,22.99334736,43519499.0
2024-10-29,22.92414984,23.29979352,22.5386208,22.6374744,44422660.0
2024-10-30,22.4397672,23.12185704,22.15309176,22.38045504,44051377.0
2024-10-31,21.90595776,22.0937796,21.18432648,21.62916768,94078734.0
2024-11-01,21.48088728,21.8466456,21.13489968,21.28318008,45756122.0
2024-11-04,21.747792,23.02300344,21.747792,22.5386208,83586224.0
2024-11-05,22.64735976,22.9340352,21.75767736,22.6869012,87901367.0
2024-11-06,22.72644264,24.960534,22.72644264,24.3179856,188942664.0
2024-11-07,24.8122536,25.47457272,24.14993448,24.79248288,179066338.0
2024-11-08,24.29821488,26.20608936,24.2685588,24.79248288,155692182.0
2024-11-11,24.83202432,27.27370824,24.52557816,27.16496928,169074114.0
2024-11-12,27.2835936,28.10407848,26.18631864,26.60150376,153272320.0
2024-11-13,26.05780896,26.18631864,24.5651196,25.18789728,139446380.0
2024-11-14,25.207668,25.701936,24.72328536,24.80236824,81219602.0
2024-11-15,24.43660992,24.6145464,23.47773,23.54692752,95882723.0
2024-11-18,23.68532256,23.81383224,22.983462,23.15151312,66469329.0
2024-11-19,23.47773,24.5156928,23.41841784,24.44649528,87486719.0
2024-11-20,24.38718312,25.18789728,24.20924664,24.69362928,78493310.0
2024-11-21,24.5156928,24.64420248,24.06096624,24.3179856,50077713.0
2024-11-22,24.3179856,24.49592208,23.45795928,23.51727144,64791382.0
2024-11-25,23.41841784,23.65566648,21.81698952,22.42988184,121607262.0
2024-11-26,22.2914868,22.50896472,21.747792,21.81698952,60644323.0
2024-11-27,21.7972188,22.25194536,21.31283616,22.24206,64763857.0
2024-11-28,22.24206,22.32114288,21.77744808,21.86641632,43528453.0
2024-11-29,21.747792,23.26025208,21.747792,22.9340352,94362417.0
2024-12-02,23.20093992,24.68374392,22.9340352,24.20924664,112401852.0
2024-12-03,24.20924664,24.30810024,23.63589576,23.8731444,65885848.0
2024-12-04,23.724864,25.2570948,23.5271568,24.5156928,105976428.0
2024-12-05,24.15981984,25.08904368,24.01153944,24.4168392,95673470.0
2024-12-06,24.59477568,24.8616804,23.69520792,24.57500496,81804226.0
2024-12-09,24.47615136,25.701936,24.39706848,25.18789728,113084076.0
2024-12-10,26.07757968,26.08746504,24.84190968,24.93087792,108697694.0
2024-12-11,24.7628268,24.9111072,24.19936128,24.69362928,80565492.0
2024-12-12,24.67385856,25.3065216,24.5156928,24.83202432,60971350.0
2024-12-13,24.6639732,24.79248288,23.81383224,23.88302976,70799113.0
2024-12-16,23.724864,23.971998,23.28990816,23.49750072,49729823.0
2024-12-17,23.40853248,24.04119552,23.30967888,23.3788764,45234148.0
2024-12-18,23.4283032,23.59635432,23.14162776,23.28990816,37844003.0
2024-12-19,23.0328888,24.11039304,22.96369128,23.86325904,53492991.0
2024-12-20,23.80394688,24.08073696,23.47773,23.55681288,49678389.0
2024-12-23,23.49750072,23.90280048,22.736328,22.80552552,57152227.0
2024-12-24,22.9340352,23.1317424,22.69678656,22.983462,34581201.0
2024-12-25,23.0328888,23.22071064,22.84506696,22.92414984,32820417.0
2024-12-26,22.8846084,24.8616804,22.70667192,24.7134,111739587.0
2024-12-27,24.70351464,24.7134,24.1202784,24.28832952,57393961.0
2024-12-30,24.219132,24.35752704,23.724864,23.91268584,50582342.0
2024-12-31,24.03131016,24.15981984,23.22071064,23.24048136,45863212.0
2025-01-02,23.19105456,23.24048136,22.37056968,22.57816224,53491647.0
2025-01-03,22.52873544,22.6374744,21.63905304,21.71813592,59520161.0
2025-01-06,21.8466456,22.16297712,21.63905304,21.80710416,35540719.0
2025-01-07,21.8466456,22.60781832,21.5500848,22.30137216,41606144.0
2025-01-08,22.17286248,22.7857548,21.71813592,22.5386208,46615874.0
2025-01-09,22.41011112,24.79248288,22.35079896,24.79248288,131816525.0
2025-01-10,25.36583376,27.27370824,25.36583376,26.3939112,339090074.0
2025-01-13,26.8881792,27.39233256,25.46468736,25.701936,261213949.0
2025-01-14,25.9984968,28.2721296,25.454802,28.2721296,181407227.0
2025-01-15,29.1123852,29.6066532,28.2227028,28.88502192,293754216.0
2025-01-16,28.667544,29.32986312,27.36267648,27.8767152,242271882.0
2025-01-17,27.679008,28.914678,27.20451072,28.11396384,174176434.0
2025-01-20,28.48960752,28.74662688,27.8767152,28.26224424,149157419.0
2025-01-21,28.28201496,30.86209392,27.9755688,30.03172368,257334231.0
2025-01-22,29.65608,30.27885768,29.3100924,29.8537872,165523544.0
2025-01-23,30.0514944,31.00048896,29.08272912,29.43860208,153792824.0
2025-01-24,29.161812,31.69246416,29.08272912,31.16854008,171869425.0
2025-01-27,30.77312568,31.04991576,29.9526408,30.21954552,104577944.0
2025-02-05,31.07957184,33.20492424,30.51610632,32.18673216,167300241.0
2025-02-06,32.12742,35.40935952,31.91982744,34.81623792,201404591.0
2025-02-07,34.08472128,36.53629056,33.72884832,34.91509152,219526940.0
2025-02-10,34.47025032,34.6976136,33.08629992,33.74861904,187592087.0
2025-02-11,33.39274608,34.6976136,33.15549744,33.5113704,141743981.0
2025-02-12,31.84074456,33.17526816,30.98071824,32.84905128,203806351.0
2025-02-13,32.621688,33.23458032,31.87040064,32.0285664,144202201.0
2025-02-14,31.93959816,32.12742,31.30693512,31.60349592,117358546.0
2025-02-17,31.6825788,33.0171024,31.6825788,32.98744632,181565285.0
2025-02-18,32.68100016,33.49159968,32.03845176,32.29547112,139640248.0
2025-02-19,32.0779932,34.57898928,31.93959816,34.19346024,202203385.0
2025-02-20,34.0550652,34.47025032,33.4125168,33.63988008,142369729.0
2025-02-21,33.35320464,34.77669648,33.2642364,33.9562116,152311291.0
2025-02-24,33.9067848,34.88543544,32.51294904,33.18515352,169342058.0
2025-02-25,32.4239808,34.104492,32.2262736,33.610224,145349119.0
2025-02-26,33.3136632,35.55763992,33.24446568,34.32196992,200846656.0
2025-02-27,33.84747264,34.06495056,31.14876936,32.04833712,227699796.0
2025-02-28,31.46510088,31.46510088,29.81424576,29.97241152,174893265.0
2025-03-03,30.150348,30.7434696,29.28043632,30.17011872,121168366.0
2025-03-04,29.7549336,31.51452768,29.7549336,30.66438672,140039395.0
2025-03-05,30.644616,31.386018,30.4469088,30.89175,84608056.0
2025-03-06,31.16854008,32.19661752,31.0400304,31.3365912,116634144.0
2025-03-07,31.1883108,31.75177632,30.71381352,31.3365912,101730547.0
2025-03-10,31.72212024,31.7814324,30.98071824,31.2377376,73954977.0
2025-03-11,30.14046264,30.76324032,29.74504824,30.14046264,122273965.0
2025-03-12,30.4469088,30.5457624,29.98229688,30.0020676,68664576.0
2025-03-13,30.1009212,30.1997748,28.85536584,29.13215592,94393763.0
2025-03-14,29.0629584,31.8308592,28.93444872,31.20808152,181614499.0
2025-03-17,30.8423232,31.11911328,30.22943088,30.95106216,86217750.0
2025-03-18,31.0400304,31.11911328,30.30851376,30.56553312,75067026.0
2025-03-19,30.46667952,30.51610632,29.74504824,29.97241152,74293975.0
2025-03-20,30.150348,30.97083288,29.71539216,30.37771128,86181639.0
2025-03-21,30.1009212,30.37771128,29.0629584,29.14204128,99027936.0
2025-03-24,29.3595192,29.42871672,28.667544,29.32986312,67362231.0
2025-03-25,29.68573608,29.903214,28.7663976,28.88502192,53121147.0
2025-03-26,28.667544,29.88344328,28.667544,29.14204128,68992689.0
2025-03-27,28.97399016,30.7434696,28.69720008,29.94275544,154220628.0
2025-03-28,29.65608,30.0514944,29.2112388,29.32986312,80130338.0
2025-03-31,29.1123852,29.2112388,28.04476632,28.49949288,96337648.0
2025-04-01,28.59834648,28.78616832,28.16339064,28.24247352,51530272.0
2025-04-02,28.34132712,28.82570976,28.14361992,28.50937824,55569109.0
2025-04-03,27.84705912,28.52914896,27.61969584,27.68889336,65663311.0
2025-04-07,24.92099256,25.44491664,24.92099256,24.92099256,45478600.0
2025-04-08,24.2685588,24.5156928,22.42988184,22.59793296,188600436.0
2025-04-09,21.80710416,23.40853248,21.01627536,22.8846084,160444591.0
2025-04-10,24.69362928,25.1582412,24.05108088,24.1202784,144163181.0
2025-04-11,23.70509328,25.0593876,23.5271568,24.7628268,95218580.0
2025-04-14,25.14835584,25.28675088,24.466266,24.52557816,90016849.0
2025-04-15,24.7628268,25.5042288,24.3179856,24.466266,71569069.0
2025-04-16,24.219132,24.28832952,23.36899104,23.724864,75746712.0
2025-04-17,23.6754372,24.10050768,23.5271568,23.70509328,39343352.0
2025-04-18,23.68532256,23.88302976,23.4283032,23.80394688,35116609.0
2025-04-21,23.73474936,25.79090424,23.49750072,25.42514592,111347740.0
2025-04-22,25.3065216,25.4053752,24.57500496,24.62443176,75855140.0
2025-04-23,25.3559484,25.86010176,25.21755336,25.53388488,115104798.0
2025-04-24,25.53388488,25.69205064,24.84190968,24.92099256,62348742.0
2025-04-25,25.01984616,25.6525092,25.0099608,25.1582412,60635891.0
2025-04-28,25.28675088,25.701936,25.04950224,25.26698016,63928950.0
2025-04-29,25.26698016,25.98861144,25.1088144,25.74147744,83712999.0
2025-04-30,26.27528688,26.76955488,25.71182136,26.4927648,118508303.0
2025-05-06,26.690472,27.22428144,26.56196232,27.00680352,98215352.0
2025-05-07,27.65923728,27.7284348,26.35436976,26.63115984,87558267.0
2025-05-08,26.58173304,27.01668888,26.48287944,26.7398988,57215064.0
2025-05-09,26.80909632,27.18474,26.11712112,26.28517224,52922813.0
2025-05-12,27.07600104,27.7778616,27.0364596,27.5801544,108759124.0
2025-05-13,27.86682984,27.8767152,27.18474,27.25393752,75351135.0
2025-05-14,27.18474,27.6295812,26.84863776,27.24405216,64959339.0
2025-05-15,27.17485464,27.25393752,26.3939112,26.40379656,56097330.0
2025-05-16,26.27528688,27.0858864,26.21597472,26.690472,55125416.0
2025-05-19,26.5916184,26.65093056,25.83044568,26.35436976,49075478.0
2025-05-20,26.23574544,26.66081592,25.96884072,26.38402584,46266679.0
2025-05-21,26.35436976,26.72012808,25.87987248,26.58173304,51720848.0
2025-05-22,26.4420445,26.58173832,26.23250377,26.26243816,36527815.0
2025-05-23,26.21254751,27.87889522,26.10278808,27.03075417,139018354.0
2025-05-26,26.8411697,27.02077604,26.2424819,26.48195702,81036426.0
2025-05-27,26.3422632,26.42208824,25.42427524,25.57394719,79912239.0
2025-05-28,25.62383784,26.13272247,25.4442315,25.66375036,41216518.0
2025-05-29,25.59390345,26.66156336,25.5440128,26.51189141,78284594.0
2025-05-30,26.28239442,26.33228507,25.58392532,25.79346605,57541080.0
2025-06-03,25.52405654,25.85333483,25.40431898,25.70366288,34339114.0
2025-06-04,25.77350979,26.42208824,25.68370662,26.12274434,42028850.0
2025-06-05,26.42208824,27.19040425,25.86331296,27.03075417,87676530.0
2025-06-06,26.48195702,26.5418258,25.82340044,26.09280995,94722468.0
2025-06-09,26.08283182,26.08283182,25.7435754,25.86331296,70982453.0
2025-06-10,25.96309426,26.0429193,25.49412215,25.87329109,47902340.0
2025-06-11,26.02296304,26.50191328,25.943138,26.15267873,62037990.0
2025-06-12,26.06287556,26.13272247,25.77350979,25.82340044,43753830.0
2025-06-13,25.5440128,25.71364101,25.1448876,25.20475638,56478904.0
2025-06-16,25.09499695,25.35442833,25.02515004,25.32449394,29146595.0
2025-06-17,25.3444502,25.60388158,25.12493134,25.16484386,29844695.0
2025-06-18,25.08501882,25.52405654,24.96528126,25.42427524,36906093.0
2025-06-19,25.43425337,26.78130092,25.30453768,26.06287556,139518425.0
2025-06-20,25.7435754,25.79346605,24.68589362,24.89543435,107363001.0
2025-06-23,24.1470746,24.56615606,23.7479494,24.4464185,75751569.0
2025-06-24,24.7457624,25.66375036,24.73578427,25.6437941,106879371.0
2025-06-25,26.09280995,26.4420445,25.76353166,26.43206637,106861004.0
2025-06-26,26.42208824,26.61167271,26.0429193,26.06287556,82331306.0
2025-06-27,26.19259125,26.28239442,25.92318174,25.98305052,56288154.0
2025-06-30,26.10278808,26.39215385,25.99302865,26.32230694,50202317.0
2025-07-01,26.33228507,26.37219759,26.02296304,26.20256938,37875887.0
2025-07-02,25.97307239,26.05289743,25.6437941,25.70366288,44740948.0
2025-07-03,25.65377223,26.05289743,25.65377223,25.90322548,35592079.0
2025-07-04,25.81342231,25.93315987,25.46418776,25.61385971,46602659.0
2025-07-07,25.46418776,25.46418776,25.05508443,25.11495321,47653176.0
2025-07-08,25.11495321,25.45420963,25.00519378,25.41429711,36539759.0
2025-07-09,25.51407841,25.8433567,25.39434085,25.41429711,44247692.0
2025-07-10,25.30453768,25.56396906,25.19477825,25.36440646,31136002.0
2025-07-11,25.39434085,25.92318174,25.2446689,25.69368475,58237927.0
2025-07-14,25.6437941,26.02296304,25.50410028,25.81342231,58811926.0
2025-07-15,25.92318174,26.6416071,25.72361914,26.6416071,127074950.0
2025-07-16,26.5418258,28.10839221,26.51189141,27.46979189,160909210.0
2025-07-17,27.2402949,27.86891709,27.17044799,27.8389827,101938876.0
2025-07-18,27.8389827,27.84896083,27.40992311,27.61946384,65497014.0
2025-07-21,27.68931075,28.2381079,27.37001059,27.7392014,84578561.0
2025-07-22,27.50970441,27.88887335,27.25027303,27.55959506,71480018.0
2025-07-23,27.4398575,27.66935449,27.29018555,27.39994498,56587649.0
2025-07-24,27.22033864,27.84896083,27.22033864,27.72922327,63515046.0
2025-07-25,27.65937636,27.67933262,26.90103848,27.01079791,83042263.0
2025-07-28,27.41990124,27.80904831,27.15049173,27.28020742,65227066.0
2025-07-29,27.13053547,27.26025116,26.90103848,27.10060108,45817979.0
2025-07-30,27.0407323,27.05071043,26.43206637,26.56178206,56458442.0
2025-07-31,26.57176019,27.08064482,26.28239442,26.39215385,62574970.0
2025-08-01,26.40213198,26.79127905,26.06287556,26.25246003,50022547.0
2025-08-04,26.06287556,26.80125718,25.99302865,26.80125718,49813253.0
2025-08-05,26.8411697,26.940951,26.58173832,26.86112596,49488296.0
2025-08-06,26.91101661,27.66935449,26.69149775,27.58952945,98132750.0
2025-08-07,27.6394201,27.71924514,27.09062295,27.31014181,61943651.0
2025-08-08,27.2402949,27.2402949,26.76134466,26.79127905,47118446.0
2025-08-11,26.83119157,27.20038238,26.79127905,26.95092913,46843087.0
2025-08-12,27.0407323,27.19040425,26.76134466,26.85114783,49616132.0
2025-08-13,26.87110409,27.61946384,26.7413884,27.56957319,94437184.0
2025-08-14,27.56957319,27.58952945,26.86112596,27.11057921,73910844.0
2025-08-15,27.05071043,28.67714562,27.02077604,28.46760489,159253460.0
2025-08-18,28.70708001,29.15609586,28.2381079,28.85675196,139398473.0
2025-08-19,28.86673009,31.45106576,28.44764863,30.39338398,224796676.0
2025-08-20,29.93439,30.3335152,29.51530854,30.29360268,118454011.0
2025-08-21,30.40336211,31.29141568,29.85456496,30.74261853,147247514.0
2025-08-22,30.42331837,31.05194056,30.24371203,30.81246544,119452566.0
2025-08-25,31.07189682,31.50095641,30.49316528,30.94218113,131166391.0
2025-08-26,30.6328591,31.05194056,30.34349333,30.59294658,97556845.0
2025-08-27,30.55303406,31.61071584,30.36344959,30.37342772,138301686.0
2025-08-28,30.2337339,31.61071584,30.19382138,31.61071584,134683431.0
2025-08-29,32.1295786,33.06752282,30.8324217,31.81027844,189942923.0
2025-09-01,31.96992852,32.56861632,31.24152503,31.82025657,101427131.0
2025-09-02,32.0297973,33.925642,30.67277162,32.927829,255717588.0
2025-09-03,32.80809144,32.89789461,30.81246544,31.18165625,182525657.0
2025-09-04,31.24152503,31.55084706,29.11618334,29.72484927,145612422.0
2025-09-05,29.6350461,30.77255292,29.3357022,30.6328591,98319738.0
2025-09-08,31.41115324,33.69614501,31.25150316,33.69614501,111060236.0
2025-09-09,34.07531395,34.80371744,33.44669176,33.96555452,329795027.0
2025-09-10,33.48660428,34.50437354,32.74822266,33.4267355,222098628.0
2025-09-11,33.25710729,34.83365183,32.7282664,34.68397988,208240570.0
2025-09-12,34.93343313,35.67181475,34.4245485,34.4245485,190702904.0
2025-09-15,34.7238924,36.79934344,34.37465785,35.58201158,229050988.0
2025-09-16,36.10087434,39.14420399,35.88135548,39.14420399,238019288.0
2025-09-17,40.90035487,42.08775234,40.22184203,41.8083647,368160613.0
2025-09-18,42.91593713,45.98920117,42.63654949,45.45038215,486457915.0
2025-09-19,43.3050842,43.8039907,40.910333,41.55891145,381590784.0
2025-09-22,41.77843031,43.36495298,41.61878023,42.87602461,263197813.0
2025-09-23,42.7063964,45.61003223,42.4070525,44.93151939,332288138.0
2025-09-24,43.903772,44.68206614,42.67646201,44.45256915,259925848.0
2025-09-25,44.89160687,45.3007102,42.72635266,43.95366265,212990143.0
2025-09-26,43.03567469,45.05125695,42.905959,43.02569656,203279677.0
2025-09-29,43.48469054,47.28635807,43.45475615,46.4980858,282796470.0
2025-09-30,46.18876377,48.7930557,46.08898247,48.32408359,239081935.0
2025-10-09,46.897211,50.31970959,45.5002728,49.28198407,269667290.0
2025-10-10,48.3939305,49.48154667,44.901585,45.44040402,282165303.0
2025-10-13,42.3072712,43.85388135,41.5090208,43.06560908,218278929.0
2025-10-14,43.92372826,44.18315964,39.91252,40.07217008,229231605.0
2025-10-15,40.30166707,44.08337834,39.6131761,44.08337834,281352797.0
2025-10-16,41.908146,43.87383761,41.75847405,42.82613396,234364254.0
2025-10-17,43.58447184,44.79182557,41.91812413,43.22525916,236788184.0
2025-10-20,44.901585,47.33624872,43.95366265,45.9991793,286096183.0
2025-10-21,45.899398,47.33624872,45.2009289,46.82736409,248408171.0
2025-10-22,45.97922304,48.5934931,45.81957296,47.9948053,248734249.0
2025-10-23,46.88723287,48.23428042,46.2985232,47.85511148,201340884.0
2025-10-24,47.9948053,49.89065,46.85729848,48.52364619,259879380.0
2025-10-27,48.91279326,49.33187472,47.6954614,48.51366806,236809609.0
2025-10-28,48.892837,53.36303924,48.62342749,52.49494193,354388586.0
2025-10-29,51.7864947,53.26325794,51.5869321,52.87411087,242021549.0
2025-10-30,52.884089,53.13354225,50.95830991,51.10798186,214606462.0
2025-10-31,50.70885666,52.3851825,49.6910874,49.82080309,222324425.0
2025-11-03,49.30194033,50.08023447,47.61563636,48.68329627,210825267.0
2025-11-04,48.6932744,49.03253082,46.16880751,46.84732035,190361371.0
2025-11-05,45.62001036,47.26640181,45.24084142,46.51804206,162567043.0
2025-11-06,46.88723287,50.99822243,46.32845759,50.24986268,290436286.0
2025-11-07,48.892837,49.77091244,47.90500213,48.31410546,204313486.0
2025-11-10,47.71541766,48.24425855,44.901585,45.41046963,252867413.0
2025-11-11,45.81957296,45.9991793,43.63436249,43.8039907,215674507.0
2025-11-12,44.2031159,45.13108199,43.5046468,43.78403444,157720579.0
2025-11-13,43.2053029,44.84171622,42.905959,44.19313777,169868638.0
2025-11-14,43.04565282,43.37493111,42.15759925,42.38709624,143217891.0
2025-11-17,41.56888958,42.78622144,41.4092395,41.75847405,137942816.0
2025-11-18,41.83829909,42.5068338,41.4092395,42.04783982,114617536.0
2025-11-19,41.91812413,42.7063964,41.58884584,41.93808039,103350264.0
2025-11-20,42.24740242,42.37711811,40.99015804,41.07996121,103484479.0
2025-11-21,40.42140463,42.78622144,40.24179829,41.8083647,212385983.0
2025-11-24,41.5090208,41.77843031,39.74289179,41.29948007,148139640.0
2025-11-25,42.06779608,42.7063964,41.8083647,42.07777421,137428279.0
2025-11-26,41.49904267,43.74412192,40.90035487,43.09554347,206434165.0
2025-11-27,43.1055216,44.09335647,42.61659323,42.69641827,161451709.0
2025-11-28,42.26735868,43.32504046,41.908146,42.88600274,113791548.0
2025-12-01,43.0057403,44.07340021,42.89598087,43.69423127,130619686.0
2025-12-02,43.26517168,43.27514981,41.67864901,41.93808039,135775789.0
2025-12-03,41.908146,42.55672445,41.3094582,41.56888958,76233922.0
2025-12-04,43.25519355,45.72976979,42.72635266,44.69204427,326372079.0
2025-12-05,43.7042094,45.18097264,43.67427501,45.0013663,219363493.0
2025-12-08,45.05125695,46.897211,44.4026785,46.6976484,256868079.0
2025-12-09,45.70981353,46.86727661,45.48031654,45.85948548,169581445.0
2025-12-10,45.87944174,46.84732035,45.31068833,46.4980858,150833795.0
2025-12-11,46.77747344,47.16662051,45.06123508,45.07121321,153621930.0
2025-12-12,44.8018037,45.38053524,43.91375013,44.94149752,133592554.0
2025-12-15,44.4026785,44.66210988,43.42482176,43.44477802,104410513.0
2025-12-16,43.41484363,43.96364078,42.61659323,42.77624331,88380537.0
2025-12-17,43.03567469,44.06342208,42.97580591,43.92372826,109404954.0
2025-12-18,43.18534664,44.13326899,42.69641827,42.78622144,92817647.0
2025-12-19,43.25519355,44.08337834,43.24521542,43.37493111,89847691.0
2025-12-22,43.95366265,45.81957296,43.7042094,45.32066646,180121911.0
2025-12-23,45.68985727,45.68985727,44.6022411,44.78184744,133130241.0
2025-12-24,44.78184744,45.29073207,44.55235045,44.98141004,88912817.0
2025-12-25,45.39051337,47.895024,45.16101638,47.45598628,221716397.0
2025-12-26,46.98701417,47.71541766,46.33843572,47.1965549,172036311.0
2025-12-29,47.2963362,49.02255269,46.98701417,47.62561449,201634195.0
2025-12-30,46.897211,52.3851825,46.77747344,52.3851825,281110083.0
2025-12-31,54.06150834,56.36645637,52.2854012,55.18903703,413074987.0
2026-01-05,54.3808085,57.86317587,53.93179265,56.15691564,341347109.0
2026-01-06,55.86754987,58.75122944,55.45844654,56.71569092,318518375.0
2026-01-07,55.6779654,57.4740288,54.1812459,55.62807475,331454592.0
2026-01-08,55.1790589,55.75779044,53.881902,54.25109281,213838805.0
2026-01-09,54.09144273,57.75341644,54.06150834,57.01503482,279907141.0
2026-01-12,57.4740288,58.10265099,55.63805288,56.875341,277943755.0
2026-01-13,56.56601897,60.01845195,56.1768719,57.02501295,292998638.0
2026-01-14,56.18685003,57.51394132,54.23113655,54.74002118,308778910.0
2026-01-15,54.47,55.3,54.03,54.59,148415032.0
2026-01-16,55.1,58.86,55.09,57.46,284067139.0
2026-01-19,58.22,60.77,57.33,58.56,273499406.0
2026-01-20,58.8,60.12,57.11,57.87,226414762.0
2026-01-21,57.06,59.27,57.06,57.95,173282960.0
2026-01-22,58.1,58.6,56.0,56.03,204284880.0
2026-01-23,55.06,55.65,53.77,54.04,282833398.0
2026-01-26,54.04,54.89,51.8,51.94,217672757.0
2026-01-27,51.99,52.67,50.78,52.27,164608910.0
2026-01-28,51.95,52.2,51.1,51.41,122087817.0
2026-01-29,51.5,51.75,50.01,50.07,136459480.0
2026-01-30,50.09,51.98,49.3,50.94,178798155.0
2026-02-02,50.42,52.69,50.37,50.74,181878733.0
2026-02-03,50.94,52.33,50.11,52.33,162758785.0
2026-02-04,51.9,51.99,51.06,51.66,110691804.0
2026-02-05,50.51,50.89,49.86,50.09,91993421.0
2026-02-06,49.36,52.17,49.08,51.12,130806327.0
2026-02-09,51.7,51.79,51.01,51.58,96510239.0
2026-02-10,51.58,53.9,51.15,53.3,185189952.0
2026-02-11,52.6,53.2,52.0,52.16,97298714.0
2026-02-12,52.0,53.1,51.77,52.67,85874366.0
2026-02-13,52.15,53.9,51.91,53.48,130706967.0
2026-02-24,55.02,55.02,52.36,52.73,142644407.0
2026-02-25,52.74,52.8,51.3,52.15,130654584.0
2026-02-26,51.8,52.5,51.37,51.94,98106760.0
2026-02-27,51.68,51.93,51.12,51.21,91569484.0
2026-03-02,49.9,50.46,49.36,49.4,130220873.0
2026-03-03,49.39,49.88,46.49,46.58,147478771.0
2026-03-04,45.95,47.97,45.8,47.5,109041148.0
2026-03-05,48.37,48.45,47.36,47.59,75543272.0
2026-03-06,47.34,48.09,47.11,47.71,55887825.0
2026-03-09,46.23,47.28,45.5,46.99,90506887.0
2026-03-10,47.64,48.75,47.55,48.44,96201351.0
2026-03-11,48.16,48.68,47.91,48.21,67120180.0
2026-03-12,48.18,48.97,47.81,48.78,90029932.0
2026-03-13,48.21,48.35,47.18,47.3,70977541.0
2026-03-16,47.0,47.01,46.07,46.67,55178433.0
2026-03-17,47.0,47.4,45.87,45.89,60205538.0
2026-03-18,45.99,46.46,45.6,46.41,51847777.0
2026-03-19,45.6,45.7,44.69,44.98,72815593.0
2026-03-20,45.44,45.45,44.2,44.23,57653652.0
2026-03-23,43.8,44.95,42.72,43.0,97904840.0
2026-03-24,43.55,43.68,41.14,42.57,95920653.0
2026-03-25,42.87,43.94,42.7,43.49,83437977.0
2026-03-26,44.0,44.97,43.66,43.87,106473018.0
2026-03-27,43.0,43.75,42.7,43.35,67559930.0
2026-03-30,42.63,43.25,42.38,43.03,53712276.0
2026-03-31,43.06,43.76,42.46,42.53,58480963.0
2026-04-01,43.34,44.0,43.05,43.59,77985760.0
2026-04-02,43.3,43.83,42.69,42.81,57938641.0
2026-04-03,43.0,43.42,41.88,41.9,45683679.0
2026-04-07,41.9,42.25,41.4,41.77,39929320.0
2026-04-08,43.0,44.3,43.0,44.28,101751849.0
2026-04-09,43.67,44.16,43.2,43.78,64380712.0
2026-04-10,44.21,45.85,44.2,44.87,104366999.0
2026-04-13,44.2,44.74,44.01,44.45,60513577.0
2026-04-14,44.8,45.8,44.56,45.54,90224581.0
2026-04-15,46.18,46.48,44.82,45.11,92333383.0
2026-04-16,46.5,46.66,45.41,45.78,92492317.0
2026-04-17,45.4,45.93,45.03,45.54,71852332.0
2026-04-20,45.8,46.45,45.3,45.94,82008212.0
2026-04-21,45.9,46.87,45.2,46.11,89800747.0
2026-04-22,45.8,46.16,45.48,46.09,79953323.0
2026-04-23,46.09,46.1,44.44,45.16,114234923.0
2026-04-24,44.83,45.3,44.31,44.94,69928736.0
2026-04-27,44.87,46.23,44.6,45.91,96568344.0
2026-04-28,45.86,45.86,44.11,44.16,87643151.0
2026-04-29,43.9,45.08,43.78,44.82,68456280.0
2026-04-30,44.69,47.37,44.58,46.92,164467985.0
2026-05-06,46.92,48.6,46.6,48.16,159011152.0
2026-05-07,48.17,50.4,47.88,50.32,195761340.0
2026-05-08,50.0,53.88,49.71,51.69,273531390.0
2026-05-11,51.74,51.89,50.93,51.21,180548271.0
2026-05-12,51.45,52.1,50.45,50.92,132564217.0
2026-05-13,50.4,51.67,49.6,51.5,143717014.0
2026-05-14,51.7,52.06,49.38,49.43,152361222.0
2026-05-15,49.28,53.77,49.25,52.06,288605438.0
2026-05-18,52.0,53.83,51.3,52.92,219882825.0
2026-05-19,53.0,53.8,51.82,52.33,146568155.0
2026-05-20,51.7,51.72,50.22,50.55,157008355.0
2026-05-21,51.09,54.48,50.7,52.83,307576200.0
2026-05-22,52.51,54.15,51.7,54.05,232428832.0
2026-05-25,54.4,54.98,53.35,53.91,203477686.0
