date,open,high,low,close,volume
2020-01-02,27.2797259,28.49860727,27.00609947,28.11718861,74984234.0
2020-01-03,28.1088969,28.4405653,27.93477099,28.33277307,47900997.0
2020-01-06,28.191814,29.12048552,27.82697876,28.53177411,58912538.0
2020-01-07,28.56494095,28.98781816,28.33277307,28.5234824,31456151.0
2020-01-08,28.20010571,28.84685909,28.1088969,28.25814768,36049030.0
2020-01-09,28.57323266,28.83856738,28.29960623,28.73077515,37890997.0
2020-01-10,28.58152437,28.73906686,28.20010571,28.49031556,36442765.0
2020-01-13,28.81369225,29.4355705,28.6063995,29.21169433,50855250.0
2020-01-14,29.49361247,29.5184876,28.89660935,29.31948656,37719451.0
2020-01-15,29.28631972,30.679327,29.03756842,30.4305757,59945960.0
2020-01-16,30.2647415,30.5964099,29.98282336,30.5134928,45834312.0
2020-01-17,30.09061559,30.30620005,29.5184876,29.57652957,48021052.0
2020-01-20,29.5184876,30.40570057,29.4355705,29.94965652,48803321.0
2020-01-21,29.57652957,29.89990626,28.92148448,29.01269329,49215107.0
2020-01-22,28.8551508,30.5134928,28.69760831,30.35595031,55418587.0
2020-01-23,29.85844771,30.53007622,29.12048552,29.850156,57062403.0
2020-02-03,26.8651404,28.3576482,26.8651404,26.92318237,84232907.0
2020-02-04,27.21339222,28.43227359,27.1968088,28.34106478,64232348.0
2020-02-05,28.4405653,29.9330731,28.13377203,29.1039021,73555887.0
2020-02-06,29.11219381,29.62627983,28.53177411,29.4355705,50035614.0
2020-02-07,29.020985,29.4355705,28.58981608,29.1868192,46780370.0
2020-02-10,29.03756842,29.14536065,28.6063995,29.04586013,45266143.0
2020-02-11,29.14536065,29.72578035,28.67273318,29.48532076,51812994.0
2020-02-12,29.3526534,29.94136481,29.04586013,29.850156,44368267.0
2020-02-13,29.7672389,30.38911715,29.52677931,29.81698916,45628760.0
2020-02-14,29.63457154,30.48032596,29.31119485,29.63457154,53712672.0
2020-02-17,29.5184876,30.87832804,29.5184876,30.80370265,66087167.0
2020-02-18,30.74566068,30.74566068,30.06574046,30.53836793,51012126.0
2020-02-19,30.60470161,31.93137521,30.32278347,31.64945707,98280870.0
2020-02-20,31.51678971,32.44546123,31.4255809,32.16354309,69039830.0
2020-02-21,32.16354309,33.24146539,31.97283376,32.6693374,82072444.0
2020-02-24,32.337669,32.82687989,31.93137521,32.37912755,61297406.0
2020-02-25,31.50020629,32.0060006,30.67103529,31.79870785,75762316.0
2020-02-26,31.31778867,31.62458194,30.47203425,30.5964099,68380553.0
2020-02-27,30.7622441,31.16853789,30.0159902,30.5134928,51660450.0
2020-02-28,29.6843218,30.4305757,28.92148448,29.020985,65868848.0
2020-03-02,29.00440158,29.99940678,28.44885701,29.5184876,94881087.0
2020-03-03,30.0159902,30.63786845,29.4355705,29.72578035,79589910.0
2020-03-04,29.4355705,29.70090522,28.8551508,29.46044563,59433860.0
2020-03-05,30.14036585,30.2647415,29.30290314,29.99940678,59922386.0
2020-03-06,29.6014047,29.74236377,29.08731868,29.20340262,48267285.0
2020-03-09,28.75565028,28.76394199,27.6943114,27.76064508,82420136.0
2020-03-10,27.37093471,28.66444147,27.37093471,28.5234824,58991116.0
2020-03-11,28.81369225,28.81369225,28.0259798,28.07573006,40146751.0
2020-03-12,27.5284772,27.67772798,27.15535025,27.26314248,47642899.0
2020-03-13,26.1188865,26.9480575,25.02438078,26.56663884,71395197.0
2020-03-16,26.68272278,26.6993062,24.77562948,24.9580471,74118273.0
2020-03-17,24.93317197,25.3726326,23.14216261,24.06254242,92341873.0
2020-03-18,24.3776274,25.1238813,24.045959,24.045959,70173265.0
2020-03-19,24.045959,24.2947103,23.01778696,24.07083413,77980475.0
2020-03-20,24.53516989,24.67612896,23.70599889,24.11229268,57683610.0
2020-03-23,23.23337142,23.36603878,22.52857607,22.53686778,68195852.0
2020-03-24,23.41578904,23.42408075,22.387617,23.08412064,60833126.0
2020-03-25,23.77233257,24.25325175,23.68941547,23.92158335,62753459.0
2020-03-26,23.92158335,23.92158335,23.33287194,23.48212272,42842226.0
2020-03-27,23.9630419,23.99620874,23.45724759,23.5484564,44708295.0
2020-03-30,23.0509538,23.0509538,22.43736726,22.78561908,53486792.0
2020-03-31,23.11728748,23.4655393,23.07582893,23.1338709,39635926.0
2020-04-01,23.2997051,24.12058439,23.10899577,24.02937558,73679183.0
2020-04-02,23.95475019,25.24825695,23.88841651,25.24825695,79423520.0
2020-04-03,25.3726326,25.80380152,24.98292223,25.52188338,70059739.0
2020-04-07,26.07742795,26.2847207,25.29800721,25.81209323,74303630.0
2020-04-08,25.66284245,25.66284245,25.15704814,25.36434089,44012282.0
2020-04-09,25.43067457,25.48042483,24.7922129,24.94975539,48998101.0
2020-04-10,24.88342171,24.88342171,24.12058439,24.3776274,40278827.0
2020-04-13,24.045959,24.34446056,23.88841651,24.17862636,27593331.0
2020-04-14,24.49371134,25.06583933,24.45225279,25.05754762,53863033.0
2020-04-15,25.1238813,25.24825695,24.80879632,24.90000513,32362581.0
2020-04-16,24.7092958,24.97463052,24.58492015,24.9580471,27452430.0
2020-04-17,25.19850669,25.43067457,25.02438078,25.07413104,40885456.0
2020-04-20,25.1238813,25.704301,25.07413104,25.59650877,43697912.0
2020-04-21,25.48042483,25.48042483,24.64296212,24.86683829,50553550.0
2020-04-22,24.6263787,25.10729788,24.47712792,24.85854658,24833860.0
2020-04-23,25.06583933,25.06583933,24.71758751,24.7922129,22648723.0
2020-04-24,24.78392119,24.90829684,24.47712792,24.65125383,26700186.0
2020-04-27,25.39750773,26.01938598,25.24825695,25.77063468,81101631.0
2020-04-28,25.88671862,26.05255282,25.0409642,25.704301,50401297.0
2020-04-29,25.6213839,25.84526007,25.43896628,25.84526007,26996246.0
2020-04-30,26.0359694,26.74076475,25.9530523,26.58322226,51092363.0
2020-05-06,26.1188865,26.77393159,26.0359694,26.6993062,59204740.0
2020-05-07,26.6993062,27.08072486,26.16034505,26.18522018,37764406.0
2020-05-08,26.45884661,26.93147408,26.37592951,26.40080464,34226689.0
2020-05-11,26.50030516,26.74905646,26.35105438,26.55005542,38472226.0
2020-05-12,26.60809739,26.67443107,26.31788754,26.66613936,29300379.0
2020-05-13,26.533472,26.63297252,26.3676378,26.57493055,18493433.0
2020-05-14,26.47543003,26.47543003,25.82867665,25.87842691,35614389.0
2020-05-15,25.8701352,26.0359694,25.41409115,25.60480048,41056913.0
2020-05-18,25.41409115,25.41409115,24.60150357,24.7922129,59929852.0
2020-05-19,25.02438078,25.2067984,24.71758751,25.16533985,44431790.0
2020-05-20,25.0409642,25.04925591,24.75904606,24.90000513,28956574.0
2020-05-21,25.15704814,25.15704814,24.46883621,24.55175331,30119466.0
2020-05-22,24.86683829,25.38092431,24.60979528,24.84196316,52412348.0
2020-05-25,23.53187298,23.68112376,22.7192854,23.20020458,85273357.0
2020-05-26,23.22507971,23.92158335,23.22507971,23.53187298,50457303.0
2020-05-27,23.54016469,23.76404086,23.37433049,23.48212272,27697051.0
2020-05-28,23.4655393,23.65624863,23.10070406,23.55674811,28053703.0
2020-05-29,23.59074675,23.67575845,23.21669527,23.35271399,39704750.0
2020-06-01,23.4632292,24.49187077,23.4632292,24.3983579,64090227.0
2020-06-02,24.3133462,24.62788949,23.98180057,24.33034854,47034122.0
2020-06-03,24.41536024,24.4833696,24.1433228,24.27934152,31840893.0
2020-06-04,24.27934152,24.43236258,24.07531344,24.34735088,31440127.0
2020-06-05,24.34735088,24.47486843,24.16032514,24.45786609,26211257.0
2020-06-08,24.45786609,25.27397841,24.44936492,24.96793629,47057464.0
2020-06-09,25.11245618,25.15496203,24.70440002,24.86592225,27711614.0
2020-06-10,24.95093395,24.95093395,24.55137896,24.89142576,32677782.0
2020-06-11,24.7384047,24.83191757,24.25383801,24.42386141,45445449.0
2020-06-12,23.8882877,24.69589885,23.75226898,24.50037194,45169078.0
2020-06-15,24.13482163,24.38985673,24.04980993,24.06681227,33068447.0
2020-06-16,24.3983579,24.61938832,24.07531344,24.3133462,35493743.0
2020-06-17,24.46636726,25.0784515,24.09231578,25.0784515,61244417.0
2020-06-18,25.0784515,25.68203457,24.84041874,25.50351,61908950.0
2020-06-19,25.40999713,25.86055914,25.22297139,25.65653106,56510625.0
2020-06-22,25.65653106,25.90306499,25.22297139,25.31648426,50723697.0
2020-06-23,25.23147256,25.54601585,24.89142576,25.51201117,47530164.0
2020-06-24,25.52051234,25.9285685,25.34198777,25.73304159,40652633.0
2020-06-29,25.48650766,25.50351,24.9084281,25.01044214,43052181.0
2020-06-30,25.23147256,25.80955212,25.18046554,25.80105095,50726812.0
2020-07-01,25.92006733,27.3737674,25.81805329,27.30575804,113480242.0
2020-07-02,27.5437908,28.3088961,27.18674166,28.12187036,100223890.0
2020-07-03,27.9688493,28.46191716,27.57779548,28.37690546,70200675.0
2020-07-06,28.58093354,30.64671785,28.57243237,30.06013712,108425188.0
2020-07-07,30.604212,31.43732666,29.754095,30.0941418,115790793.0
2020-07-08,30.08564063,30.36617924,29.63507862,30.13664765,77720342.0
2020-07-09,30.33217456,32.95053492,30.06013712,32.61048812,130743147.0
2020-07-10,31.9643992,32.20243196,31.24179975,31.42032432,86550846.0
2020-07-13,31.3693173,32.304446,31.0292705,31.98990271,90098042.0
2020-07-14,31.82838048,31.92189335,30.604212,31.07177635,83101515.0
2020-07-15,31.12278337,31.56484421,30.604212,30.62971551,74030074.0
2020-07-16,30.604212,31.17379039,28.903978,29.57557043,97437894.0
2020-07-17,29.57557043,30.14514882,29.3290365,29.84760787,60982763.0
2020-07-20,30.0941418,30.11964531,29.21002012,29.77959851,50692755.0
2020-07-21,29.96662425,30.1791535,29.15051193,29.49055873,65980026.0
2020-07-22,30.33217456,31.1992939,29.9241184,30.66372019,90125497.0
2020-07-23,30.0941418,30.51069913,29.28653065,30.0941418,77682911.0
2020-07-24,29.4140482,29.86461021,28.46191716,28.58943471,78955957.0
2020-07-27,29.6690833,31.44582783,29.6690833,31.44582783,160499295.0
2020-07-28,32.36395419,32.36395419,30.56170615,31.21629624,114102874.0
2020-07-29,31.0292705,32.36395419,30.76573423,32.1344226,106441872.0
2020-07-30,32.1344226,32.26194015,31.52233836,31.70086293,57687154.0
2020-07-31,31.6243524,32.11742026,30.8592471,31.44582783,75305963.0
2020-08-03,31.71786527,33.154563,31.71786527,32.75500801,106753905.0
2020-08-04,32.76350918,33.39259576,32.31294717,33.09505481,76462244.0
2020-08-05,33.3245864,33.44360278,32.304446,33.16306417,59291571.0
2020-08-06,33.16306417,33.16306417,32.17692845,32.61898929,49271726.0
2020-08-07,32.38095653,33.4095981,32.09191675,32.91653024,75453526.0
2020-08-10,32.3894577,32.71250216,31.77737346,32.27044132,52403248.0
2020-08-11,32.56798227,34.31072212,32.56798227,33.45210395,109950667.0
2020-08-12,33.5796215,34.37873148,33.30758406,34.00468,95705432.0
2020-08-13,34.09819287,34.20870808,33.30758406,33.69863788,55463838.0
2020-08-14,33.36709225,34.41273616,33.18006651,33.86866128,53882385.0
2020-08-17,33.5796215,34.4297385,33.33308757,34.03868468,82626335.0
2020-08-18,34.03868468,34.03868468,32.68699865,33.21407119,74338923.0
2020-08-19,33.13756066,33.40109693,32.28744366,32.42346238,66835782.0
2020-08-20,32.41496121,32.75500801,32.03240856,32.14292377,43242166.0
2020-08-21,32.63599163,32.7295045,31.77737346,32.00690505,37643587.0
2020-08-24,32.29594483,33.13756066,32.20243196,32.8145162,52692981.0
2020-08-25,32.76350918,33.02704545,32.46596823,32.62749046,35153804.0
2020-08-26,32.48297057,32.77201035,31.90489101,32.04090973,31097882.0
2020-08-27,32.03240856,32.2194343,31.30130794,31.44582783,41264794.0
2020-08-28,31.49683485,32.4744694,31.30980911,32.27044132,46177724.0
2020-08-31,32.34695185,32.6444928,31.81137814,31.81137814,39439223.0
2020-09-01,31.80287697,32.5594811,31.76887229,32.15142494,32153927.0
2020-09-02,32.1344226,32.83151854,31.454329,32.66149514,52915809.0
2020-09-03,32.68699865,33.29058172,32.4744694,32.66149514,44204972.0
2020-09-04,31.9643992,32.28744366,31.58184655,32.17692845,41248688.0
2020-09-07,31.80287697,32.05791207,30.93575763,30.93575763,54397794.0
2020-09-08,31.07177635,31.41182315,30.58720966,30.8592471,42320922.0
2020-09-09,30.57020732,31.1142822,29.95812308,30.6892237,40468666.0
2020-09-10,31.0292705,31.16528922,30.35767807,30.5192003,28760054.0
2020-09-11,30.51069913,30.8592471,30.0091301,30.75723306,32015579.0
2020-09-14,30.7742354,31.0292705,30.50219796,31.0292705,29487737.0
2020-09-15,31.0292705,32.01540622,30.8592471,31.99840388,32723209.0
2020-09-16,31.9643992,32.04090973,31.30980911,31.85388399,29913608.0
2020-09-17,31.48833368,31.64985591,30.79123774,30.90175295,27800019.0
2020-09-18,31.19079273,31.19079273,30.604212,31.14828688,25267771.0
2020-09-21,31.35231496,31.35231496,30.7742354,30.82524242,19671356.0
2020-09-22,30.67222136,30.99526582,30.54470381,30.64671785,18609375.0
2020-09-23,30.89325178,31.35231496,30.83374359,31.1142822,27035682.0
2020-09-24,30.9442588,31.41182315,30.8592471,31.27580443,30603477.0
2020-09-25,31.26730326,31.6243524,30.54470381,30.66372019,26648299.0
2020-09-28,30.61271317,31.13128454,30.57020732,30.96976231,25178230.0
2020-09-29,31.07177635,31.97290037,30.92725646,31.63285357,33780090.0
2020-09-30,31.7093641,32.42346238,31.6243524,32.39795887,43457665.0
2020-10-09,32.8995279,32.95053492,32.0494109,32.43196355,33939058.0
2020-10-12,32.44896589,32.88252556,32.18542962,32.83151854,40511016.0
2020-10-13,32.83151854,33.5796215,32.7295045,33.21407119,33816440.0
2020-10-14,33.21407119,33.4095981,32.48297057,33.154563,29668303.0
2020-10-15,33.0695513,33.73264256,32.95903609,33.4946098,36963076.0
2020-10-16,33.18006651,33.4095981,32.51697525,32.71250216,23040268.0
2020-10-19,32.94203375,33.67313437,32.84001971,33.38409459,34531720.0
2020-10-20,33.45210395,33.79215075,33.02704545,33.39259576,22518599.0
2020-10-21,33.17156534,33.68163554,33.10355598,33.37559342,21127537.0
2020-10-22,33.25657704,34.64226775,33.13756066,33.27357938,56160206.0
2020-10-23,33.27357938,34.53175254,33.08655364,33.28208055,45933288.0
2020-10-26,33.59662384,36.61453919,33.3245864,36.37650643,133837307.0
2020-10-27,35.9599491,38.12774745,35.73891868,37.5751714,107791583.0
2020-10-28,37.43915268,38.8503469,36.8950778,37.58367257,88457126.0
2020-10-29,37.2351246,38.73133052,37.2351246,38.16175213,58241694.0
2020-10-30,38.6803235,39.47093231,37.98322756,38.1702533,57429793.0
2020-11-02,38.12774745,38.99486679,38.0852416,38.78233754,46770420.0
2020-11-03,38.86734924,39.03737264,38.23826266,38.78233754,41721005.0
2020-11-04,39.07137732,40.3805575,38.82484339,39.59844986,44260083.0
2020-11-05,40.53357856,41.10315695,40.3805575,40.90763004,60198891.0
2020-11-06,40.805616,42.19130671,40.44006569,41.74924587,53762838.0
2020-11-09,41.44320375,42.56535819,40.805616,41.1456628,68783472.0
2020-11-10,40.82261834,41.97877746,40.44006569,41.46020609,47937652.0
2020-11-11,41.12866046,41.655733,40.21903527,40.21903527,45488200.0
2020-11-12,40.81411717,41.52821545,40.32955048,40.805616,42636412.0
2020-11-13,39.955499,40.78861366,38.9353586,40.2105341,63145308.0
2020-11-16,41.62172832,41.62172832,39.93849666,40.9756394,47057991.0
2020-11-17,40.9756394,41.2306745,39.09688083,39.73446858,56945956.0
2020-11-18,39.74296975,40.25303995,38.07674043,38.97786445,62335314.0
2020-11-19,39.74296975,41.01814525,38.97786445,40.8906277,46878926.0
2020-11-20,40.89912887,40.9756394,39.98100251,40.49107271,35357422.0
2020-11-23,40.805616,40.8906277,39.26690423,39.75147092,42086943.0
2020-11-24,39.75147092,39.82798145,38.74833286,39.21589721,35880033.0
2020-11-25,38.96086211,39.76847326,38.77383637,38.77383637,27371859.0
2020-11-26,39.20739604,39.3604171,38.0852416,39.13088551,26579244.0
2020-11-27,39.57294635,40.13402357,38.44229074,39.955499,39777013.0
2020-11-30,39.7004639,39.87898847,38.79083871,38.82484339,35322777.0
2020-12-01,39.0203703,39.34341476,38.29777085,38.66332116,41664222.0
2020-12-02,38.6803235,38.83334456,38.0852416,38.11074511,30590181.0
2020-12-03,38.34877787,38.91835626,37.83870767,38.6803235,32536890.0
2020-12-04,38.37428138,39.105382,38.37428138,38.99486679,30725313.0
2020-12-07,38.255265,38.69732584,37.01409418,38.0852416,50395029.0
2020-12-08,38.21275915,38.4252884,37.13311056,37.64318076,50285170.0
2020-12-09,37.8302065,37.94072171,37.02259535,37.15861407,35255241.0
2020-12-10,37.39664683,39.01186913,36.87807546,38.255265,43498215.0
2020-12-11,38.35727904,38.5953118,37.1501129,37.80470299,45645362.0
2020-12-14,37.81320416,39.3604171,37.76219714,38.97786445,51018187.0
2020-12-15,39.3604171,40.1255224,38.97786445,39.70896507,48553183.0
2020-12-16,39.40292295,39.70896507,38.79083871,39.105382,36743185.0
2020-12-17,38.88435158,39.16489019,37.93222054,38.14474979,38746736.0
2020-12-18,38.0002299,39.00336796,37.86421118,39.00336796,56884251.0
2020-12-21,38.67182233,38.77383637,37.07360237,38.41678723,47904587.0
2020-12-22,38.23826266,38.86734924,37.98322756,38.10224394,32690432.0
2020-12-23,37.7451948,39.7004639,37.61767725,38.90135392,53127321.0
2020-12-24,39.14788785,40.3805575,39.14788785,40.05751304,59939896.0
2020-12-25,40.27854346,40.7206043,39.7004639,40.16802825,43899940.0
2020-12-28,39.38592061,40.24453878,39.38592061,39.955499,42322239.0
2020-12-29,40.07451538,40.3805575,38.17875447,39.62395337,45553009.0
2020-12-30,39.36891827,40.51657622,39.08837966,39.91299315,46188957.0
2020-12-31,39.1903937,41.77474938,39.1903937,41.23917567,118943687.0
2021-01-04,40.8906277,43.05842605,39.88748964,42.3358266,157793361.0
2021-01-05,42.0807915,46.56940926,41.9957798,46.56940926,147156104.0
2021-01-06,47.1814935,49.57882344,46.5864116,47.11348414,131752692.0
2021-01-07,47.606552,50.53945565,47.33451456,49.55331993,93609657.0
2021-01-08,49.4768094,50.0718913,47.36851924,48.74570878,85544954.0
2021-01-11,49.31528717,52.12067327,49.17076728,50.156903,129337078.0
2021-01-12,50.19090768,52.32470135,50.16540417,52.06966625,84141203.0
2021-01-13,51.6871136,52.23118848,50.156903,50.93050947,72099546.0
2021-01-14,50.25891704,50.74348373,48.2866456,48.66069708,62406543.0
2021-01-15,48.94973686,51.83163349,48.94973686,50.0718913,57256014.0
2021-01-18,49.48531057,51.9421487,48.51617719,50.81999426,45947104.0
2021-01-19,50.85399894,52.86877623,50.85399894,51.50858903,48253933.0
2021-01-20,50.76048607,51.50008786,50.3269264,51.3470668,46239256.0
2021-01-21,51.54259371,54.89205469,51.5170902,53.7273944,74640858.0
2021-01-22,54.407488,57.70594196,53.9824295,56.73680858,68616533.0
2021-01-25,56.79631677,59.91624616,54.85805001,57.51041505,62922402.0
2021-01-26,56.72830741,57.28088346,55.0025699,55.3426167,48400361.0
2021-01-27,55.38512255,59.32116426,54.35648098,58.72608236,59629095.0
2021-01-28,57.3828975,57.3828975,52.85177389,54.36498215,84618566.0
2021-01-29,54.0674412,55.18959564,52.29069667,53.557371,62260960.0
2021-02-01,54.05894003,54.8325465,52.1121721,54.11844822,50235570.0
2021-02-02,54.11844822,56.15872902,53.9824295,54.81554416,45263816.0
2021-02-03,54.81554416,56.52427933,50.25891704,50.9220083,73388139.0
2021-02-04,51.86563817,53.25132888,50.9220083,51.67011126,63513554.0
2021-02-05,51.70411594,52.1121721,49.35779302,50.70097788,56512178.0
2021-02-08,50.68397554,52.08666859,49.6468328,50.90500596,53111027.0
2021-02-09,51.72111828,54.10994705,51.18554457,53.1323125,55688071.0
2021-02-10,53.1323125,56.5327805,52.09516976,56.107722,55685991.0
2021-02-18,56.11622317,57.1278624,51.89964285,52.12067327,70039935.0
2021-02-19,51.5170902,52.86877623,50.59896384,52.43521656,41627554.0
2021-02-22,52.1971838,52.1971838,49.1367626,49.85086088,66889347.0
2021-02-23,49.77435035,50.82849543,48.55018187,49.61282812,44484595.0
2021-02-24,50.13990066,50.17390534,46.93495957,47.65755902,69842218.0
2021-02-25,48.60969006,49.6468328,48.0316105,48.43966666,36598018.0
2021-02-26,46.756435,48.10812103,46.20385895,47.23250052,47652324.0
2021-03-01,49.0517509,50.6669732,49.01774622,49.50231291,49789524.0
2021-03-02,49.5618211,51.50008786,49.5618211,50.50545097,46738147.0
2021-03-03,50.53945565,50.93901064,49.1367626,50.73498256,25830891.0
2021-03-04,50.00388194,50.03788662,48.77971346,49.26428015,27211116.0
2021-03-05,48.43966666,50.85399894,47.33451456,49.4768094,49015730.0
2021-03-08,50.156903,51.10903404,47.48753562,47.6915637,46149747.0
2021-03-09,47.30901105,47.30901105,44.9711893,45.46425716,65948243.0
2021-03-10,46.29737182,47.12198531,45.87231332,46.19535778,33347646.0
2021-03-11,46.59491277,48.7117041,45.93182151,48.13362454,36616992.0
2021-03-12,48.3716573,48.6266924,46.96896425,47.4365286,19707449.0
2021-03-15,45.91481917,46.91795723,44.55463197,45.89781683,41300079.0
2021-03-16,45.86381215,46.2463648,43.16894126,45.3112361,50358909.0
2021-03-17,45.3112361,46.2463648,44.52912846,45.4812595,24555905.0
2021-03-18,46.39088469,46.45889405,45.60877705,46.29737182,20055377.0
2021-03-19,45.48976067,47.58104849,45.12421036,45.4812595,23468276.0
2021-03-22,44.78416356,45.4812595,43.74702082,45.07320334,32872556.0
2021-03-23,45.1412127,45.4812595,43.8660372,44.4611191,26037363.0
2021-03-24,44.24858985,44.84367175,43.37296934,43.55149391,27695130.0
2021-03-25,43.42397636,43.89154071,42.22531139,42.83739563,36001721.0
2021-03-26,43.26245413,46.3313765,42.99891786,45.3962478,36243014.0
2021-03-29,45.92332034,47.04547478,45.3962478,45.52376535,29832527.0
2021-03-30,45.80430396,48.01460816,45.29423376,46.98596659,36531313.0
2021-03-31,47.05397595,48.04011167,46.46739522,47.5215403,23124763.0
2021-04-01,47.53854264,48.13362454,47.04547478,47.87008827,18564615.0
2021-04-02,48.26114209,49.09425675,47.1814935,48.0316105,31469474.0
2021-04-06,48.53317953,48.83922165,47.2665052,47.90409295,20112005.0
2021-04-07,47.606552,48.60969006,46.96896425,47.44502977,18732726.0
2021-04-08,46.97746542,49.35779302,46.83294553,48.89022867,24935956.0
2021-04-09,48.8817275,48.8817275,46.93495957,47.18999467,21092249.0
2021-04-12,47.1814935,47.39402275,45.31973727,45.61727822,18994641.0
2021-04-13,45.61727822,46.63741862,45.24322674,45.906318,16082950.0
2021-04-14,46.57791043,47.27500637,45.5662712,46.47589639,22753248.0
2021-04-15,46.51840224,48.0316105,46.2463648,47.91259412,21985138.0
2021-04-16,47.98910465,48.9667392,47.30901105,48.48217251,25464037.0
2021-04-19,50.6669732,53.17481835,50.6669732,52.03566157,68676218.0
2021-04-20,52.04416274,53.3873476,51.1770434,53.0473008,39706454.0
2021-04-21,53.02179729,53.17481835,51.857137,52.707254,22331911.0
2021-04-22,53.26833122,54.85805001,52.29919784,53.45535696,37451371.0
2021-04-23,53.62538036,54.78153948,53.28533356,53.75289791,27131551.0
2021-04-26,53.77840142,54.90905703,52.99629378,54.407488,34003750.0
2021-04-27,53.8124061,53.8124061,52.1971838,53.14931484,35065207.0
2021-04-28,53.1323125,54.75603597,53.1323125,54.30547396,23044238.0
2021-04-29,54.0674412,54.73903363,53.3873476,54.0674412,17081262.0
2021-04-30,54.0674412,54.30547396,52.9622891,53.37034526,17581983.0
2021-05-06,52.78376453,54.3224763,52.4522189,52.6222423,21871307.0
2021-05-07,53.53186749,53.557371,50.4119381,50.42894044,26311408.0
2021-05-10,50.50545097,52.707254,50.46294512,51.5170902,24346518.0
2021-05-11,51.00702,51.75512296,49.71484216,51.47458435,22018013.0
2021-05-12,51.52559137,53.26833122,51.21104808,52.2821955,25786811.0
2021-05-13,51.58509956,51.857137,50.86250011,51.08353053,20116006.0
2021-05-14,51.33856563,51.89964285,50.05488896,51.59360073,26944666.0
2021-05-17,51.7721253,53.62538036,51.7721253,53.17481835,31375963.0
2021-05-18,52.9622891,53.557371,52.60523996,53.0473008,16168897.0
2021-05-19,52.5372306,53.1323125,52.1121721,52.4522189,15086799.0
2021-05-20,52.2821955,53.9824295,52.18018146,53.36184409,23183732.0
2021-05-21,53.71039206,54.5775114,53.23432654,54.407488,23272595.0
2021-05-24,54.4924997,55.48713659,53.75289791,55.257605,25552711.0
2021-05-25,55.257605,56.0227103,54.79854182,55.52114127,33551666.0
2021-05-26,55.5126401,55.6826635,54.5775114,55.41062606,20120255.0
2021-05-27,55.0875816,55.1725933,53.7273944,54.71353012,31828503.0
2021-05-28,54.7479612,55.953105,54.1453893,55.092288,25265369.0
2021-05-31,54.99759813,55.6087782,54.25729551,55.59156186,23538344.0
2021-06-01,55.10950434,56.75366481,53.8010625,54.64466316,32516877.0
2021-06-02,54.26590368,54.7479612,51.8211834,53.04354354,47323134.0
2021-06-03,53.00911086,53.42230302,51.85561608,51.9933468,30236944.0
2021-06-04,51.97613046,53.25874779,50.84846019,52.61313504,26083701.0
2021-06-07,52.4237553,52.51844517,50.9603664,51.98473863,31294482.0
2021-06-08,52.1655102,52.55287785,51.07227261,51.35634222,24410079.0
2021-06-09,51.35634222,51.78675072,50.83985202,51.64041183,15909909.0
2021-06-10,51.3907749,53.09519256,51.08948895,53.04354354,30476486.0
2021-06-11,53.370654,54.98898996,52.31184909,53.370654,37347843.0
2021-06-15,52.8541638,53.00911086,51.2186115,52.26880824,30828888.0
2021-06-16,52.0794285,52.2515919,49.93599417,50.51274156,32140338.0
2021-06-17,50.3577945,51.60597915,49.97042685,50.90871738,20775443.0
2021-06-18,50.90871738,53.20709877,50.79681117,51.60597915,31626026.0
2021-06-21,51.61458732,52.20855105,50.10815757,51.40799124,28553280.0
2021-06-22,51.4768566,51.86422425,50.3577945,51.59737098,25519848.0
2021-06-23,51.64902,52.20855105,50.43526803,51.5629383,28681978.0
2021-06-24,52.49262066,54.9201246,51.60597915,54.5757978,57809972.0
2021-06-25,54.4897161,54.87708375,53.31900498,54.67048767,43511274.0
2021-06-28,54.44667525,54.48110793,52.80251478,54.35198538,47615249.0
2021-06-29,54.33476904,54.87708375,53.68054812,53.77523799,39073733.0
2021-06-30,53.78384616,55.56573735,53.31039681,55.5226965,44245463.0
2021-07-01,55.85841513,56.1252684,54.64466316,56.07361938,38472610.0
2021-07-02,55.092288,55.1783697,53.55142557,53.56003374,40952991.0
2021-07-05,53.4567357,53.89575237,51.7351017,52.65617589,33935469.0
2021-07-06,52.509837,53.12962524,51.42520758,52.18272654,35948304.0
2021-07-07,52.07082033,53.56003374,51.77814255,53.17266609,26090740.0
2021-07-08,52.51844517,53.370654,51.93308961,52.56148602,33380988.0
2021-07-09,52.509837,52.86277197,51.0464481,51.95891412,37291102.0
2021-07-12,51.95891412,54.12817296,50.67629679,53.8871442,52435121.0
2021-07-13,53.84410335,54.4897161,53.26735596,53.91296871,25515859.0
2021-07-14,53.8871442,54.43806708,52.40653896,53.53420923,26965402.0
2021-07-15,53.20709877,54.9201246,52.53566151,54.52414878,35718345.0
2021-07-16,54.8340429,54.87708375,53.7149808,54.231471,26432647.0
2021-07-19,53.67193995,54.9201246,52.70782491,54.55858146,30793432.0
2021-07-20,53.91296871,56.07361938,53.64611544,55.03203081,30214080.0
2021-07-21,55.84119879,59.43080568,55.30749225,58.08793116,81919851.0
2021-07-22,58.7077194,59.98172856,57.61448181,58.13097201,48705052.0
2021-07-23,58.3633926,59.09508705,56.83974651,58.0190658,43257174.0
2021-07-26,60.25719,60.63594948,54.65327133,56.0391867,85992785.0
2021-07-27,55.80676611,55.84980696,52.1655102,52.26020007,90707812.0
2021-07-28,51.64902,53.50838472,50.52134973,52.509837,46578523.0
2021-07-29,53.76662982,54.79100205,53.32761315,54.13678113,42149324.0
2021-07-30,53.73219714,53.77523799,51.59737098,52.509837,50036763.0
2021-08-02,51.52850562,53.27596413,51.2186115,52.70782491,37052761.0
2021-08-03,52.23437556,52.81973112,51.64902,52.02777948,37401335.0
2021-08-04,51.96752229,53.34482949,51.23582784,53.04354354,41470924.0
2021-08-05,52.51844517,52.66478406,51.54572196,52.02777948,28964131.0
2021-08-06,51.65762817,51.97613046,50.40944352,50.90010921,43996870.0
2021-08-09,50.91732555,51.54572196,50.10815757,51.23582784,36718074.0
2021-08-10,50.93454189,51.54572196,50.3577945,51.4768566,34385762.0
2021-08-11,51.9933468,52.9402455,51.5629383,51.63180366,43032297.0
2021-08-12,51.64041183,51.95891412,50.11676574,50.4438762,41377520.0
2021-08-13,50.1856311,50.39222718,48.44678076,48.76528305,63771220.0
2021-08-16,48.4639971,49.1526507,48.10245396,48.83414841,30912335.0
2021-08-17,48.8083239,48.82554024,46.484118,47.26746147,46364161.0
2021-08-18,46.92313467,47.7753435,45.89876244,47.33632683,31557244.0
2021-08-19,47.1727716,48.16271115,46.61324055,47.26746147,30069029.0
2021-08-20,46.9145265,47.02643271,44.89160655,46.11396669,50382504.0
2021-08-23,45.9676278,47.91307422,45.43392126,47.36215134,33352516.0
2021-08-24,47.42240853,48.01637226,46.9145265,47.344935,25157017.0
2021-08-25,47.344935,48.10245396,46.75957944,47.95611507,24707399.0
2021-08-26,47.73230265,47.81838435,46.484118,46.50133434,19002043.0
2021-08-27,46.0537095,47.03504088,44.48702256,45.3650559,54834019.0
2021-08-30,45.2789742,45.3650559,43.77254445,44.5042389,66447729.0
2021-08-31,44.6764023,45.14985165,43.84140981,44.2459938,31170095.0
2021-09-01,44.4181572,45.86432976,43.53151569,45.80407257,58632567.0
2021-09-02,45.60608466,45.60608466,43.901667,44.25460197,60305847.0
2021-09-03,44.00496504,44.30625099,42.77399673,44.2459938,40799078.0
2021-09-06,43.901667,46.20865656,43.77254445,45.99345231,52412542.0
2021-09-07,45.99345231,46.09675035,45.12402714,45.55443564,34151520.0
2021-09-08,45.56304381,45.81268074,45.0207291,45.58026015,32333754.0
2021-09-09,45.57165198,46.01066865,44.42676537,44.72805132,29727994.0
2021-09-10,44.5903206,46.5701997,44.46980622,46.24308924,45962747.0
2021-09-13,46.32917094,48.3779154,45.77824806,47.68065363,48699725.0
2021-09-14,47.67204546,47.85281703,46.64767323,46.79401212,22338512.0
2021-09-15,46.484118,48.10245396,46.0537095,47.05225722,23239328.0
2021-09-16,46.73375493,47.5170984,46.20004839,46.67349774,16566714.0
2021-09-17,46.63045689,47.67204546,46.484118,47.42240853,17914874.0
2021-09-22,46.71653859,47.23302879,45.21010884,45.7093827,26357792.0
2021-09-23,45.70077453,46.1397912,43.96192419,44.5903206,37882058.0
2021-09-24,44.59892877,45.89015427,44.4181572,45.17567616,26418288.0
2021-09-27,45.07237812,47.25024513,44.42676537,46.45829349,39164894.0
2021-09-28,46.33777911,47.6031801,45.72659904,47.0006082,28442725.0
2021-09-29,46.7423631,47.81838435,46.1397912,47.344935,21896221.0
2021-09-30,47.5170984,48.18853566,47.01782454,47.344935,22740255.0
2021-10-08,48.205752,49.27316508,47.72369448,48.61894416,38257651.0
2021-10-11,49.2387324,50.31475365,48.7222422,49.19569155,31547014.0
2021-10-12,49.18708338,49.54862652,47.99915592,48.48982161,19696778.0
2021-10-13,48.44678076,49.3248141,47.78395167,48.13688664,27149148.0
2021-10-14,48.21436017,49.38507129,48.13688664,48.45538893,20727990.0
2021-10-15,48.45538893,48.65337684,47.7753435,48.1196703,17214940.0
2021-10-18,48.12827847,48.27461736,46.3119546,47.00921637,26976262.0
2021-10-19,47.00921637,48.04219677,46.8284448,47.72369448,16626960.0
2021-10-20,47.39658402,48.53286246,46.75097127,46.88870199,19635566.0
2021-10-21,46.9145265,47.56013925,46.32056277,47.56013925,19567246.0
2021-10-22,47.7753435,47.7753435,46.6562814,47.72369448,17670065.0
2021-10-25,47.8614252,47.9475069,45.50278662,46.68210591,42297224.0
2021-10-26,46.484118,46.63045689,45.623301,46.1397912,32081965.0
2021-10-27,46.0537095,46.0537095,45.20150067,45.4511376,21183064.0
2021-10-28,45.3650559,45.99345231,44.70222681,44.82274119,26973915.0
2021-10-29,44.82274119,45.60608466,44.46119805,44.98629642,27804957.0
2021-11-01,44.72805132,45.76963989,44.4181572,45.64051734,24188411.0
2021-11-02,45.64051734,45.64912551,44.1599121,44.22016929,33720043.0
2021-11-03,44.22016929,44.61614511,43.50569118,43.85862615,21983668.0
2021-11-04,43.89305883,44.19434478,43.4712585,43.66063824,20457485.0
2021-11-05,43.4712585,44.71944315,43.41100131,44.31485916,24918323.0
2021-11-08,44.56449609,44.6764023,43.14414804,43.94470785,26289943.0
2021-11-09,43.5573402,45.07237812,43.2130134,44.9346474,31215947.0
2021-11-10,44.94325557,45.35644773,44.37511635,44.80552485,29357010.0
2021-11-11,44.81413302,45.33923139,44.2459938,45.0207291,23548682.0
2021-11-12,45.1068108,45.40809675,45.0207291,45.29619054,19232760.0
2021-11-15,45.40809675,45.50278662,44.71944315,45.1068108,15537143.0
2021-11-16,45.13263531,45.15845982,44.1599121,44.46119805,24763943.0
2021-11-17,44.38372452,44.38372452,43.91027517,44.03078955,22963770.0
2021-11-18,44.03078955,44.03078955,43.08389085,43.19579706,29585684.0
2021-11-19,43.20440523,43.63481373,43.02363366,43.46265033,27997627.0
2021-11-22,43.44543399,43.97914053,43.05806634,43.49708301,36197325.0
2021-11-23,43.51429935,43.60038105,41.32782417,41.7496245,83777893.0
2021-11-24,42.17142483,43.65203007,41.88735522,42.73956405,60258953.0
2021-11-25,42.74817222,42.8686866,41.67215097,41.94761241,34764054.0
2021-11-26,41.8357062,42.03369411,40.77690129,41.1470526,55965516.0
2021-11-29,40.6305624,41.03514639,40.46700717,40.94906469,35940496.0
2021-11-30,41.1470526,41.87874705,40.9748892,41.87013888,33268150.0
2021-12-01,41.81848986,41.84431437,41.32782417,41.50859574,21580008.0
2021-12-02,41.46555489,41.48277123,40.5444807,40.82855031,37997175.0
2021-12-03,40.8888075,41.77544901,40.63917057,41.6635428,29240157.0
2021-12-06,42.0939513,43.37656863,42.07673496,42.42966993,49532098.0
2021-12-07,42.6104415,43.42821765,42.6104415,43.2990951,40036437.0
2021-12-08,43.36796046,44.69361864,42.89451111,44.48702256,49114690.0
2021-12-09,44.0738304,47.81838435,44.0738304,46.71653859,88734397.0
2021-12-10,46.50133434,46.76818761,45.623301,46.0537095,46078378.0
2021-12-13,46.24308924,47.6031801,45.92458695,45.99345231,38362809.0
2021-12-14,46.36360362,47.12973075,45.95041146,46.46690166,28271358.0
2021-12-15,46.0537095,46.38942813,44.74526766,44.762484,36213974.0
2021-12-16,44.90021472,45.2789742,43.9877487,44.96047191,26596965.0
2021-12-17,44.6764023,45.29619054,44.13408759,44.89160655,24193886.0
2021-12-20,44.6764023,45.06376995,44.03078955,44.22016929,19641292.0
2021-12-21,44.21156112,44.89160655,44.05661406,44.40954903,17839647.0
2021-12-22,44.60753694,44.82274119,43.6434219,43.82419347,24783619.0
2021-12-23,43.83280164,44.19434478,43.41960948,43.63481373,21557709.0
2021-12-24,43.42821765,43.901667,42.7826049,43.51429935,24792595.0
2021-12-27,43.7295036,43.79836896,42.92033562,43.59177288,17661122.0
2021-12-28,43.60038105,45.7093827,43.46265033,45.18428433,32725790.0
2021-12-29,44.95186374,45.60608466,44.20295295,44.73665949,26227185.0
2021-12-30,44.75387583,45.66634185,44.23738563,44.23738563,20579911.0
2021-12-31,44.65918596,45.23593335,43.77254445,45.03794544,28378208.0
2022-01-04,45.623301,45.623301,44.51284707,45.11541897,23913642.0
2022-01-05,44.9346474,44.9346474,43.79836896,44.18573661,22958073.0
2022-01-06,43.95331602,44.13408759,42.93755196,43.01502549,25229848.0
2022-01-07,43.02363366,43.63481373,42.7826049,42.92894379,18430171.0
2022-01-10,42.72234771,43.54012386,42.27472287,43.28187876,22587445.0
2022-01-11,43.2130134,43.45404216,42.67930686,42.7826049,20117192.0
2022-01-12,42.73956405,43.03224183,41.68936731,42.39523725,32406556.0
2022-01-13,42.4382781,42.7826049,41.319216,41.42251404,27128315.0
2022-01-14,41.42251404,41.84431437,41.19009345,41.5774611,17315735.0
2022-01-17,41.64632646,42.3521964,41.5774611,42.180033,18208951.0
2022-01-18,42.18864117,44.94325557,42.07673496,43.66924641,45541509.0
2022-01-19,43.67785458,44.63336145,42.79121307,43.17858072,31678095.0
2022-01-20,43.40239314,43.45404216,42.55018431,42.82564575,17645441.0
2022-01-21,42.84286209,42.88590294,41.9217879,42.60183333,23891009.0
2022-01-24,42.180033,42.93755196,41.75823267,42.17142483,24632942.0
2022-01-25,42.0078696,42.48131895,41.49998757,41.53442025,18976178.0
2022-01-26,41.53442025,42.60183333,41.53442025,42.37802091,17212479.0
2022-01-27,42.54157614,42.6104415,40.92324018,41.51720391,28964749.0
2022-01-28,41.51720391,41.8357062,40.458399,40.85437482,22646761.0
2022-02-07,41.26756698,41.30199966,39.4254186,39.52010847,32960173.0
2022-02-08,39.4254186,40.0279905,38.94336108,39.80417808,26585946.0
2022-02-09,39.60619017,40.50143985,39.597582,40.44118266,22189186.0
2022-02-10,40.44979083,40.73386044,39.7697454,40.44979083,19012175.0
2022-02-11,39.9419088,40.40674998,39.4254186,39.597582,26671745.0
2022-02-14,39.40820226,39.67505553,38.85727938,39.4254186,15669676.0
2022-02-15,39.41681043,39.86443527,39.27047154,39.77835357,13541347.0
2022-02-16,39.79556991,40.01938233,39.47706762,39.58897383,11313979.0
2022-02-17,39.34794507,39.81278625,39.32212056,39.67505553,12894965.0
2022-02-18,39.56314932,40.06242318,39.3393369,40.0279905,13523690.0
2022-02-21,39.91608429,41.12983626,39.82139442,41.03514639,22538639.0
2022-02-22,40.8888075,40.92324018,40.0279905,40.31206011,15951219.0
2022-02-23,41.1470526,42.39523725,40.8888075,42.0939513,54762350.0
2022-02-24,41.73240816,42.31776372,40.76829312,41.31060783,21788740.0
2022-02-25,41.31060783,42.31776372,41.30199966,41.53442025,22276126.0
2022-02-28,41.43973038,41.7496245,40.42396632,41.4913794,16936985.0
2022-03-01,41.4913794,41.73240816,40.7166441,40.90602384,19455334.0
2022-03-02,40.8027258,41.08679541,40.23458658,40.6305624,13721530.0
2022-03-03,40.91463201,40.96628103,40.18293756,40.29484377,10400914.0
2022-03-04,39.96773331,40.13989671,39.1671735,39.39959409,22873745.0
2022-03-07,39.10691631,39.10691631,37.49718852,37.7898663,33259369.0
2022-03-08,37.7898663,38.38383003,37.015131,37.5316212,18637526.0
2022-03-09,37.5316212,37.7037846,34.6909251,37.02373917,38188296.0
2022-03-10,37.71239277,38.28053199,37.15286172,37.875948,24817016.0
2022-03-11,37.2733761,39.11552448,36.53307348,38.97779376,31306716.0
2022-03-14,38.54738526,39.02083461,36.93765747,36.99791466,23722038.0
2022-03-15,36.48142446,36.97209015,35.31932151,35.50009308,31668475.0
2022-03-16,35.9821506,36.5847225,33.9161898,36.11127315,52023109.0
2022-03-17,37.015131,38.1341931,36.4125591,37.77264996,43740379.0
2022-03-18,37.3594578,37.4455395,36.65358786,37.33363329,27145379.0
2022-03-21,37.5316212,37.54022937,36.37812642,36.4986408,24241491.0
2022-03-22,36.36091008,36.8429676,36.0682323,36.51585714,19236489.0
2022-03-23,36.52446531,37.51440486,36.45559995,37.14425355,19763904.0
2022-03-24,36.91183296,36.92044113,35.96493426,36.12848949,17260679.0
2022-03-25,35.99075877,36.11127315,35.0352519,35.34514602,21612322.0
2022-03-28,34.6909251,34.8630885,34.18304307,34.43268,20788162.0
2022-03-29,34.46711268,34.72535778,33.571863,34.43268,33361497.0
2022-03-30,34.84587216,35.87885256,34.44989634,35.4656604,32043413.0
2022-03-31,35.28488883,35.58617478,34.98360288,35.293497,16740862.0
2022-04-01,34.8630885,35.85302805,34.79422314,35.47426857,17041805.0
2022-04-06,35.10411726,35.52591759,34.93195386,35.24184798,13985431.0
2022-04-07,35.0352519,35.3795787,34.6048434,34.6048434,11040434.0
2022-04-08,34.83726399,34.94056203,33.571863,33.9161898,27210354.0
2022-04-11,33.9161898,34.0022715,31.90187802,32.16012312,34857340.0
2022-04-12,32.1945558,32.97789927,31.32513063,32.9692911,40198032.0
2022-04-13,32.60774796,34.14000222,32.38393554,33.28779339,36163815.0
2022-04-14,33.77845908,34.41546366,32.99511561,34.07113686,37036993.0
2022-04-15,33.7440264,34.6048434,33.52021398,34.37242281,17820943.0
2022-04-18,35.293497,36.154314,35.00081922,35.93050158,65758438.0
2022-04-19,35.81859537,35.99936694,35.39679504,35.74112184,31162437.0
2022-04-20,35.8099872,36.66219603,35.4656604,35.76694635,27874804.0
2022-04-21,35.49148491,35.87885256,34.69953327,35.12994177,29519562.0
2022-04-22,35.07829275,35.49148491,34.82865582,35.1213336,30559798.0
2022-04-25,34.8630885,35.00081922,34.0022715,34.0022715,36505836.0
2022-04-26,34.0883532,34.99221105,33.81289176,34.01087967,29657134.0
2022-04-27,33.58047117,36.12848949,33.55464666,35.7239055,52377030.0
2022-04-28,35.7239055,36.04240779,34.87169667,35.18159079,33745823.0
2022-04-29,35.3795787,37.12703721,35.01803556,36.57611433,53590679.0
2022-05-05,32.91764208,33.3996996,32.91764208,32.91764208,117874937.0
2022-05-06,30.91193847,31.29069795,29.62932114,29.9564316,245212961.0
2022-05-09,29.267778,30.36962376,29.0956146,30.02529696,127071973.0
2022-05-10,29.4399414,29.85313356,28.7512878,29.65514565,94639032.0
2022-05-11,29.6121048,31.0754937,29.0956146,30.49874631,138469919.0
2022-05-12,29.92199892,29.98225611,29.14726362,29.40550872,145492158.0
2022-05-13,29.41411689,29.4399414,26.78862504,27.61500936,220444547.0
2022-05-16,27.61500936,28.53608355,27.61500936,28.11428322,130939603.0
2022-05-17,27.8043891,28.4930427,26.99522112,27.70969923,126767879.0
2022-05-18,27.70969923,29.1816963,27.12434367,28.6652061,156388629.0
2022-05-19,27.99376884,28.6652061,27.83021361,28.47582636,78543807.0
2022-05-20,28.58773257,29.0956146,28.43278551,28.7512878,86999058.0
2022-05-23,28.75989597,29.25916983,28.59634074,28.85458584,77389994.0
2022-05-24,28.88041035,28.99231656,27.64083387,27.68387472,79307678.0
2022-05-25,27.68387472,28.04541786,27.38258877,27.89907897,56520682.0
2022-05-26,28.04959872,28.63396536,27.890226,28.32407396,72333170.0
2022-05-27,29.7495744,30.00634156,28.49230072,28.80219212,128777168.0
2022-05-30,28.77563,29.35999664,28.62511132,29.20947796,79807001.0
2022-05-31,29.1297916,29.63447188,28.98812696,29.5724936,69218247.0
2022-06-01,29.60790976,29.87353096,29.23604008,29.6167638,62328446.0
2022-06-02,29.50166128,29.53707744,28.97927292,29.20947796,54525853.0
2022-06-06,29.1297916,31.06882636,29.0412512,30.86518344,124786137.0
2022-06-07,30.97143192,30.98914,30.2808168,30.89174556,60141313.0
2022-06-08,30.91830768,33.06098536,30.91830768,31.60006876,128251706.0
2022-06-09,31.64433896,31.67090108,30.546438,30.65268648,63829808.0
2022-06-10,30.2808168,30.90945364,30.24540064,30.73237284,48834355.0
2022-06-13,30.98914,30.98914,29.89123904,30.31623296,54137396.0
2022-06-14,29.7938446,30.47560568,29.3954128,30.325087,40579133.0
2022-06-15,30.26310872,31.80371168,30.20113044,31.51152836,81287788.0
2022-06-16,31.51152836,31.67975512,30.9005996,31.06882636,42912641.0
2022-06-17,30.73237284,30.95372384,30.103736,30.5907082,64733191.0
2022-06-20,31.431842,31.9188142,31.0776804,31.18392888,69468253.0
2022-06-21,31.18392888,32.45891064,30.96257788,32.12245712,95420925.0
2022-06-22,32.1401652,32.2729758,31.02455616,31.04226424,59149421.0
2022-06-23,31.00684808,31.27246928,30.5907082,31.27246928,43206763.0
2022-06-24,31.2990314,31.6974632,30.93601576,31.60006876,57293366.0
2022-06-27,31.6974632,32.4057864,31.32559352,31.76829552,62790899.0
2022-06-28,31.72402532,32.65369952,31.3875718,32.43234852,62674475.0
2022-06-29,32.43234852,33.19379596,31.9630844,32.0516248,62168834.0
2022-06-30,32.0516248,32.3615162,31.95423036,32.0516248,63057141.0
2022-07-01,32.06047884,32.42349448,31.59121472,31.6974632,51482306.0
2022-07-04,31.7860036,31.83912784,31.2547612,31.51152836,48758720.0
2022-07-05,31.68860916,32.4500566,31.0776804,32.13131116,73089892.0
2022-07-06,31.7860036,31.8302738,30.5907082,30.9448698,71528379.0
2022-07-07,30.8563294,30.8563294,29.9266552,30.07717388,73462591.0
2022-07-08,30.0594658,30.52872992,29.9709254,30.20998448,40495562.0
2022-07-11,30.12144408,30.13915216,29.05895928,29.13864564,59809508.0
2022-07-12,29.1297916,29.40426684,28.6428194,28.77563,38095377.0
2022-07-13,28.83760828,29.1740618,28.6428194,29.05010524,32260151.0
2022-07-14,28.94385676,29.25374816,28.7313598,28.98812696,29433506.0
2022-07-15,28.70479768,28.85531636,28.00532852,28.05845276,59408444.0
2022-07-18,27.99647448,28.38605224,27.7131452,28.25324164,42497504.0
2022-07-19,28.2443876,28.49230072,28.0673068,28.21782548,35573486.0
2022-07-20,28.41261436,28.48344668,28.0230366,28.25324164,42793549.0
2022-07-21,28.2443876,28.2443876,27.98762044,27.98762044,36186292.0
2022-07-22,27.9787664,28.10272296,27.67772904,27.82824772,29632325.0
2022-07-25,27.8459558,28.72250576,27.447524,28.61625728,52648303.0
2022-07-26,28.40376032,28.70479768,28.332928,28.60740324,32095469.0
2022-07-27,28.61625728,29.33343452,28.4214684,28.93500272,39681498.0
2022-07-28,28.93500272,29.51051532,28.74906788,28.97927292,40810220.0
2022-07-29,28.91729464,29.09437544,28.1558472,28.27980376,37436854.0
2022-08-01,28.1558472,28.27980376,27.73970732,28.14699316,22782892.0
2022-08-02,27.8016856,27.8016856,26.80117908,27.01367604,50983822.0
2022-08-03,27.02253008,27.7574154,27.02253008,27.33242148,35227121.0
2022-08-04,27.447524,27.65116692,27.29700532,27.65116692,22282092.0
2022-08-05,27.67772904,28.8199002,27.52721036,28.77563,49082566.0
2022-08-08,28.77563,29.19176988,28.62511132,28.80219212,34921793.0
2022-08-09,28.71365172,29.01468908,28.554279,28.91729464,33762271.0
2022-08-10,28.91729464,29.218332,28.47459264,29.03239716,39172303.0
2022-08-11,29.20947796,29.7495744,29.18291584,29.51051532,50434423.0
2022-08-12,29.51936936,29.80269864,29.09437544,29.58134764,51873629.0
2022-08-15,29.03239716,29.03239716,27.52721036,28.1558472,162324812.0
2022-08-16,27.9344962,28.18240932,27.78397752,27.81939368,68853462.0
2022-08-17,27.8459558,28.07616084,27.54491844,28.0230366,47917527.0
2022-08-18,27.94335024,27.94335024,27.668875,27.7131452,38305248.0
2022-08-19,27.7131452,27.79283156,27.36783764,27.42096188,46291989.0
2022-08-22,27.27929724,27.61575076,27.06680028,27.43866996,42362860.0
2022-08-23,27.32356744,27.55377248,27.0933624,27.28815128,35118368.0
2022-08-24,27.2704432,27.28815128,26.56212,26.76576292,64214270.0
2022-08-25,26.77461696,26.8277412,25.95119124,26.06629376,68081056.0
2022-08-26,26.14598012,26.77461696,25.90692104,26.50014172,53370414.0
2022-08-29,26.19025032,26.5178498,26.01316952,26.5178498,36138464.0
2022-08-30,26.4293094,26.6949306,26.2964988,26.40274728,27134720.0
2022-08-31,26.36733112,26.6063902,26.2079584,26.44701748,35456005.0
2022-09-01,26.37618516,26.58868212,26.2522286,26.2964988,31560841.0
2022-09-02,26.32306092,26.37618516,26.01316952,26.119418,26282774.0
2022-09-05,26.11056396,26.11056396,24.8798524,25.13661956,72035377.0
2022-09-06,25.16318168,25.7209862,24.88870644,25.56161348,56206042.0
2022-09-07,25.4110948,25.68557004,25.13661956,25.2782842,43532112.0
2022-09-08,25.34026248,25.55275944,25.00380896,25.3668246,39882114.0
2022-09-09,25.33140844,25.7652564,25.234014,25.65900792,44376741.0
2022-09-13,25.74754832,26.26993668,25.73869428,26.22566648,55843391.0
2022-09-14,25.8537968,26.04858568,25.68557004,25.898067,35242079.0
2022-09-15,25.9423372,26.26993668,25.50848924,25.66786196,40822038.0
2022-09-16,26.7392008,27.1819028,26.14598012,26.3850392,115765124.0
2022-09-19,26.12827204,26.55326596,25.4996352,26.2522286,53251227.0
2022-09-20,26.28764476,26.89857352,26.14598012,26.76576292,49862754.0
2022-09-21,26.7392008,27.16419472,26.39389324,26.77461696,45644490.0
2022-09-22,26.56212,27.08450836,26.19025032,26.19910436,43354109.0
2022-09-23,26.11056396,26.1636882,25.4110948,25.7209862,48760811.0
2022-09-26,25.43765692,25.8095266,25.33140844,25.57046752,34858491.0
2022-09-27,25.5881756,26.09285588,25.455365,26.0751478,33010554.0
2022-09-28,25.9423372,26.96940584,25.88921296,26.6506604,74144654.0
2022-09-29,26.73034676,26.99596796,26.6063902,26.92513564,48833183.0
2022-09-30,26.75690888,27.17304876,26.59753616,26.93398968,41577144.0
2022-10-10,26.93398968,26.93398968,25.7209862,25.7652564,47581356.0
2022-10-11,25.7652564,26.28764476,25.33140844,25.9423372,32250254.0
2022-10-12,25.8537968,26.00431548,25.234014,26.00431548,38279677.0
2022-10-13,25.75640236,26.5178498,25.52619732,26.119418,33992953.0
2022-10-14,26.32306092,27.0933624,25.9866074,26.81003312,54478295.0
2022-10-17,26.6063902,27.76626944,26.4293094,27.70429116,61267237.0
2022-10-18,27.72199924,27.78397752,27.23502704,27.4917942,39431968.0
2022-10-19,27.42096188,27.42096188,26.6949306,26.70378464,34993844.0
2022-10-20,26.56212,27.33242148,26.52670384,26.9605518,34959007.0
2022-10-21,26.97825988,27.07565432,26.57097404,26.72149272,22918269.0
2022-10-24,26.68607656,26.94284372,26.0751478,26.2079584,36591581.0
2022-10-25,26.0308776,26.11056396,25.4996352,25.69442408,34395946.0
2022-10-26,25.7652564,26.27879072,25.69442408,25.99546144,31877410.0
2022-10-27,26.0308776,26.6949306,25.88921296,26.44701748,36475403.0
2022-10-28,26.340769,26.35847708,24.88870644,25.1454736,79935861.0
2022-10-31,23.91476204,25.42880288,23.7288272,25.16318168,78449052.0
2022-11-01,25.12776552,25.56161348,24.72047968,25.5439054,39890110.0
2022-11-02,25.30484632,26.2079584,25.29599228,25.9423372,51579231.0
2022-11-03,25.7652564,26.06629376,25.4996352,25.95119124,33238961.0
2022-11-04,25.8537968,26.7392008,25.78296448,26.57982808,57037836.0
2022-11-07,26.39389324,26.6949306,26.27879072,26.41160132,35771214.0
2022-11-08,26.36733112,26.37618516,25.95119124,26.18139628,30493619.0
2022-11-09,26.0308776,26.21681244,25.5439054,25.65015388,31941129.0
2022-11-10,25.4996352,25.6324458,25.28713824,25.39338672,26308937.0
2022-11-11,26.18139628,26.6063902,25.55275944,26.39389324,65561827.0
2022-11-14,26.40274728,27.0933624,26.40274728,27.08450836,62994469.0
2022-11-15,27.0490922,28.1558472,26.75690888,28.13813912,89918241.0
2022-11-16,28.07616084,28.2443876,27.76626944,27.81939368,49721217.0
2022-11-17,27.890226,28.03189064,27.4032538,27.95220428,36266583.0
2022-11-18,28.0230366,29.18291584,27.98762044,28.72250576,88862380.0
2022-11-21,28.49230072,28.94385676,27.68658308,28.81104616,60937846.0
2022-11-22,28.5985492,28.79333808,28.01418256,28.23553356,34837460.0
2022-11-23,28.2886578,28.58084112,27.4032538,27.72199924,37430370.0
2022-11-24,27.8016856,27.87251792,27.51835632,27.6246048,19612253.0
2022-11-25,27.6246048,27.87251792,27.32356744,27.3589836,23238480.0
2022-11-28,26.2964988,27.43866996,26.14598012,26.88971948,40453729.0
2022-11-29,26.89857352,28.1558472,26.89857352,28.01418256,42017977.0
2022-11-30,27.96991236,28.58084112,27.65116692,27.89908004,37143263.0
2022-12-01,28.5100088,28.83760828,28.16470124,28.3771982,38112124.0
2022-12-02,28.17355528,28.56313304,28.17355528,28.2886578,23755275.0
2022-12-05,28.77563,29.67874208,28.35063608,29.59905572,78856316.0
2022-12-06,29.41312088,30.88289152,29.37770472,30.20998448,80871091.0
2022-12-07,30.20113044,30.4578976,29.72301228,29.9266552,35419113.0
2022-12-08,29.8381148,30.06831984,29.4839532,29.8381148,34599884.0
2022-12-09,29.7938446,31.0776804,29.7053042,30.58185416,64049892.0
2022-12-12,30.546438,30.98028596,30.325087,30.44904356,46535699.0
2022-12-13,30.42248144,30.98028596,30.42248144,30.65268648,31057780.0
2022-12-14,30.6792486,31.57350664,30.57300012,30.98028596,46670463.0
2022-12-15,30.98914,31.17507484,30.47560568,30.90945364,28621268.0
2022-12-16,30.58185416,31.431842,30.38706528,30.40477336,28411258.0
2022-12-19,30.96257788,30.96257788,30.12144408,30.2808168,30165713.0
2022-12-20,30.36050316,30.44904356,29.22718604,29.6167638,47198006.0
2022-12-21,29.63447188,30.05061176,29.41312088,29.80269864,20826670.0
2022-12-22,30.07717388,30.75893496,29.9266552,30.103736,28872194.0
2022-12-23,30.103736,30.92716172,29.7495744,30.66154052,30654468.0
2022-12-26,30.66154052,31.1662208,30.46675164,30.91830768,27661701.0
2022-12-27,30.97143192,31.21934504,30.40477336,30.55529204,32494622.0
2022-12-28,30.58185416,30.5907082,29.7053042,30.103736,37882433.0
2022-12-29,29.8381148,30.3693572,29.55478552,30.325087,33150749.0
2022-12-30,30.4578976,30.80320516,30.18342236,30.70581072,29799813.0
2023-01-03,30.6349784,30.93601576,30.11259004,30.36050316,30060773.0
2023-01-04,30.24540064,30.51987588,29.5282234,30.03290368,34595811.0
2023-01-05,30.03290368,30.68810264,29.9709254,30.4136274,37657131.0
2023-01-06,30.4136274,30.4136274,29.81155268,29.882385,27146597.0
2023-01-09,29.661034,29.9266552,29.22718604,29.28031028,45419139.0
2023-01-10,29.28916432,29.72301228,28.50115476,29.51936936,44753435.0
2023-01-11,29.47509916,29.47509916,28.9527108,29.12093756,35021648.0
2023-01-12,29.12093756,29.3511426,28.78448404,28.91729464,28030851.0
2023-01-13,28.9527108,29.8381148,28.89958656,29.78499056,34717327.0
2023-01-16,29.76728248,31.01570212,29.60790976,30.69695668,58459365.0
2023-01-17,30.7235188,31.210491,30.66154052,30.767789,28581998.0
2023-01-18,30.7235188,31.57350664,30.6349784,31.13080464,38037976.0
2023-01-19,31.11309656,32.6714076,30.98914,32.57401316,61535511.0
2023-01-20,32.45891064,33.645352,32.41464044,32.52088892,46936638.0
2023-01-30,32.85734244,34.14117824,32.74223992,32.8042182,51044324.0
2023-01-31,32.8042182,33.36202272,31.57350664,31.7417334,49470410.0
2023-02-01,31.75058744,32.4500566,31.57350664,32.095895,32706870.0
2023-02-02,32.08704096,32.99015304,31.86568996,32.21985156,35384255.0
2023-02-03,32.1401652,32.65369952,31.63548492,32.4943268,34994274.0
2023-02-06,32.4057864,33.2469202,32.07818692,32.33495408,49820458.0
2023-02-07,32.41464044,33.37087676,32.37037024,32.99015304,55370900.0
2023-02-08,33.00786112,33.01671516,32.45891064,32.6714076,32058078.0
2023-02-09,32.47661872,33.5125414,32.2287056,33.40629292,38205508.0
2023-02-10,33.40629292,33.41514696,32.2287056,32.4943268,40399433.0
2023-02-13,32.29953792,32.538597,31.7417334,32.4057864,34502764.0
2023-02-14,32.4057864,32.44120256,31.82141976,32.03391672,23980513.0
2023-02-15,31.89225208,32.20214348,31.58236068,32.03391672,25627223.0
2023-02-16,32.02506268,34.10576208,32.02506268,33.10525556,105007277.0
2023-02-17,32.75109396,33.14952576,32.32610004,32.32610004,45447908.0
2023-02-20,31.874544,34.4864858,31.7417334,34.2651348,92302594.0
2023-02-21,34.2651348,35.22137112,33.87555704,34.31825904,61172781.0
2023-02-22,34.18544844,34.52190196,33.5568116,33.79587068,42449267.0
2023-02-23,33.80472472,33.9552434,33.17608788,33.41514696,28615684.0
2023-02-24,33.44170908,33.96409744,33.1141096,33.36202272,28233123.0
2023-02-27,33.22035808,33.5125414,32.85734244,32.95473688,26267852.0
2023-02-28,33.54795756,34.41565348,33.3797308,33.98180552,42221387.0
2023-03-01,33.98180552,35.3276196,33.9109732,35.24793324,66608803.0
2023-03-02,35.0619984,35.70834332,34.7078368,34.8849176,42074899.0
2023-03-03,34.973458,35.05314436,34.309405,34.85835548,28589847.0
2023-03-06,34.94689588,35.66407312,34.80523124,35.3276196,34793931.0
2023-03-07,35.2833494,36.00938068,34.25628076,34.45992368,37317560.0
2023-03-08,34.3536752,34.6192964,33.75160048,34.530756,32406482.0
2023-03-09,34.530756,34.61044236,33.74274644,33.92868128,34915837.0
2023-03-10,33.74274644,34.31825904,33.2911904,33.47712524,40416418.0
2023-03-13,33.1141096,34.84950144,33.08754748,34.71669084,52013122.0
2023-03-14,34.7078368,34.973458,34.15888632,34.4422156,39050440.0
2023-03-15,34.87606356,36.19531552,34.46877772,34.60158832,71782224.0
2023-03-16,34.27398884,34.71669084,33.5125414,33.65420604,41592519.0
2023-03-17,33.9995136,36.1244832,33.98180552,35.7260514,94618489.0
2023-03-20,35.7260514,37.8067508,35.71719736,36.53176904,112027519.0
2023-03-21,36.31041804,36.97447104,35.84115392,36.301564,45371647.0
2023-03-22,36.301564,37.96612352,36.29270996,37.8952912,72125638.0
2023-03-23,37.6739402,39.84318,37.4968594,39.6660992,104929727.0
2023-03-24,39.6660992,39.85203404,38.37340936,39.4890184,67399973.0
2023-03-27,38.957776,41.02962136,38.09008008,38.61246844,102035851.0
2023-03-28,38.56819824,38.56819824,37.25780032,37.5853998,67398164.0
2023-03-29,37.5853998,38.52392804,36.82395236,37.8952912,49497203.0
2023-03-30,37.70935636,37.8067508,36.05365088,36.8328064,70586757.0
2023-03-31,36.91249276,38.47965784,36.54947712,37.77133464,61288152.0
2023-04-03,37.9838316,38.6478846,36.33698016,37.56769172,91491642.0
2023-04-04,37.4968594,40.87910268,37.186968,39.76349364,111194896.0
2023-04-06,38.6036144,39.79005576,38.40882552,38.83381944,76111171.0
2023-04-07,38.8692356,41.4369072,38.8692356,40.35671432,78473297.0
2023-04-10,42.49053796,43.24313136,39.34735376,39.8874502,102365118.0
2023-04-11,39.40933204,40.63118956,38.68330076,39.29422952,58956857.0
2023-04-12,39.23225124,41.33065872,39.23225124,41.05618348,65457211.0
2023-04-13,40.48952492,40.949935,39.7546396,40.0202608,43848796.0
2023-04-14,39.91401232,39.99369868,38.1609124,39.45360224,68253486.0
2023-04-17,38.32913916,39.400478,37.25780032,38.9135058,75462530.0
2023-04-18,38.8249654,39.2676674,37.5853998,38.55049016,54639287.0
2023-04-19,38.49736592,39.1348568,37.90414524,38.21403664,46669470.0
2023-04-20,38.21403664,38.5593442,35.92084028,36.85051448,136778685.0
2023-04-21,36.6557256,37.2312382,35.1505388,35.16824688,89176184.0
2023-04-24,35.44272212,36.1244832,34.33596712,34.752107,58825767.0
2023-04-25,34.7078368,34.94689588,32.72453184,33.1583798,103449536.0
2023-04-26,33.17608788,33.4682712,32.25526772,32.8484884,71675056.0
2023-04-27,32.759948,34.03492976,32.6714076,33.5568116,48149383.0
2023-04-28,33.23806616,33.7781626,32.96359092,33.424001,43561336.0
2023-05-04,33.3797308,33.424001,32.4057864,32.9370288,42939519.0
2023-05-05,32.91046668,33.16723384,31.57350664,31.92766824,60551317.0
2023-05-08,32.04277076,32.90161264,31.57350664,31.80371168,51445101.0
2023-05-09,31.8302738,32.2287056,31.18392888,31.8302738,39760400.0
2023-05-10,31.7860036,32.4057864,31.61777684,32.2287056,33392604.0
2023-05-11,32.24641368,32.47661872,31.88339804,32.11360308,23882754.0
2023-05-12,32.14901924,32.3615162,31.210491,31.3875718,33106160.0
2023-05-15,31.41413392,31.5203824,30.6349784,31.30788544,41427888.0
2023-05-16,31.44069604,31.60006876,30.8563294,31.3875718,31399602.0
2023-05-17,31.210491,31.24590716,30.78549708,30.98914,26589880.0
2023-05-18,30.99799404,31.58236068,30.546438,31.45840412,39314758.0
2023-05-19,31.611965,32.39774813,31.02488565,32.17194838,48307970.0
2023-05-22,32.2442043,32.86741161,31.92808465,32.40678012,31408371.0
2023-05-23,32.40678012,33.418363,32.36162017,33.12933932,45015352.0
2023-05-24,32.8764436,32.93063554,32.3345242,32.515164,25537792.0
2023-05-25,32.47000405,32.83128365,31.24165341,31.56680505,44221406.0
2023-05-26,31.7926048,32.16291639,31.12423754,32.00937256,34841440.0
2023-05-29,32.00937256,32.21710833,30.4378063,30.708766,57736600.0
2023-05-30,30.708766,31.78357281,30.5281262,31.75647684,37637369.0
2023-05-31,31.76550883,32.04550052,31.2506854,31.48551714,25712000.0
2023-06-01,31.51261311,32.8764436,31.10617356,32.4248441,50762206.0
2023-06-02,32.4248441,32.58741992,32.04550052,32.43387609,29601261.0
2023-06-05,32.44290808,33.03901942,32.16291639,32.515164,34177961.0
2023-06-06,32.515164,32.67773982,31.51261311,31.5216451,31111660.0
2023-06-07,31.48551714,31.7926048,31.1603655,31.35906928,24492193.0
2023-06-08,31.29584535,31.611965,30.98875769,31.20552545,18568426.0
2023-06-09,31.2506854,31.28681336,28.35141661,29.22751964,118653460.0
2023-06-12,29.04687984,29.40815944,28.18884079,28.67656825,81385784.0
2023-06-13,28.76688815,30.49199824,28.60431233,30.32942242,78126912.0
2023-06-14,30.2571665,30.73586197,29.96814282,30.13975063,46229683.0
2023-06-15,30.14878262,30.59135013,29.7152471,30.20297456,36967962.0
2023-06-16,30.49199824,32.02743654,29.99523879,31.73841286,62582202.0
2023-06-19,31.73841286,33.03901942,31.39519724,32.65064385,70493707.0
2023-06-20,32.57838793,33.10224335,32.16291639,32.82225166,50590314.0
2023-06-21,32.66870783,32.66870783,31.75647684,31.75647684,39545458.0
2023-06-26,31.31390933,31.7022849,30.5281262,30.56425416,42355354.0
2023-06-27,30.72682998,31.1603655,30.53715819,30.7990859,34778061.0
2023-06-28,30.84424585,30.90746978,29.67008715,30.47393426,36991926.0
2023-06-29,30.46490227,30.74489396,29.97717481,30.13975063,25911519.0
2023-06-30,30.14878262,30.36555038,29.75137506,29.90491889,34220396.0
2023-07-03,29.91395088,30.41071033,29.87782292,30.1668466,34635357.0
2023-07-04,30.11265466,31.71131689,29.94104685,31.24165341,58292229.0
2023-07-05,31.16939749,31.20552545,30.6184461,30.95262973,29364770.0
2023-07-06,30.78102192,31.16939749,30.41974232,30.60038212,27812769.0
2023-07-07,30.30232645,30.33845441,29.67911914,30.0765267,23179009.0
2023-07-10,30.26619849,30.77198993,29.94104685,30.75392595,26389153.0
2023-07-11,30.708766,31.04294963,30.60038212,30.8894058,20807569.0
2023-07-12,30.89843779,31.32294132,30.48296625,30.97069371,29986063.0
2023-07-13,30.97069371,31.56680505,30.97069371,31.50358112,25681906.0
2023-07-14,31.44938918,31.83776475,31.20552545,31.29584535,22481094.0
2023-07-17,31.2506854,31.29584535,30.69973401,30.89843779,16935249.0
2023-07-18,30.86230983,31.10617356,30.708766,30.77198993,17071654.0
2023-07-19,30.72682998,30.9797257,30.62747809,30.97069371,13527612.0
2023-07-20,31.26874938,31.39519724,30.5281262,30.54619018,18509939.0
2023-07-21,30.4378063,30.66360605,30.08555869,30.18491058,14668262.0
2023-07-24,30.11265466,30.23007053,29.5346073,29.76040705,19482638.0
2023-07-25,30.1668466,31.4313252,30.13071864,31.15133351,36599152.0
2023-07-26,31.0700456,31.24165341,30.67263804,30.80811789,17476727.0
2023-07-27,30.80811789,31.84679674,30.7990859,31.33197331,30169385.0
2023-07-28,31.1603655,32.32549221,31.11520555,32.08162848,37494436.0
2023-07-31,32.29839624,33.418363,32.29839624,32.80418768,45236111.0
2023-08-01,32.80418768,33.11127534,32.18098037,32.515164,26439577.0
2023-08-02,32.515164,32.70483579,32.09066047,32.20807634,16086155.0
2023-08-03,32.09066047,32.50613201,31.85582873,32.09066047,19394418.0
2023-08-04,32.34355619,33.26481917,32.34355619,33.01192345,34802435.0
2023-08-07,33.00289146,34.00544235,32.74096375,33.03901942,38430435.0
2023-08-08,33.12933932,33.28288315,32.6054839,32.81321967,17304506.0
2023-08-09,32.62354788,33.01192345,32.47000405,32.49710002,13369201.0
2023-08-10,32.4248441,33.01192345,32.4248441,32.6958038,14106791.0
2023-08-11,32.67773982,32.85837962,31.71131689,31.84679674,28813831.0
2023-08-14,31.611965,31.62099699,31.12423754,31.57583704,18746681.0
2023-08-15,31.57583704,31.8829247,31.08810958,31.44938918,20448149.0
2023-08-16,31.44035719,31.44035719,30.45587028,30.47393426,22899949.0
2023-08-17,30.44683829,31.32294132,30.2571665,31.0700456,18199849.0
2023-08-18,31.09714157,31.5216451,30.57328615,30.6184461,16890446.0
2023-08-21,30.72682998,32.01840455,30.708766,31.04294963,31668000.0
2023-08-22,31.3410053,31.91905266,30.94359774,31.78357281,26226897.0
2023-08-23,31.7022849,32.0635645,30.86230983,30.87134182,27095614.0
2023-08-24,31.02488565,31.32294132,30.5281262,30.88037381,18275546.0
2023-08-25,30.60941411,30.68167003,29.85072695,30.05846272,25466252.0
2023-08-28,31.63906097,31.84679674,30.5281262,30.74489396,37313131.0
2023-08-29,30.66360605,32.04550052,30.47393426,31.93711664,29423393.0
2023-08-30,31.93711664,32.2442043,31.53970908,32.01840455,23954106.0
2023-08-31,31.94614863,32.19001236,31.64809296,31.86486072,13778385.0
2023-09-01,31.85582873,32.3345242,31.611965,32.10872445,18271825.0
2023-09-04,32.2442043,32.6958038,32.20807634,32.34355619,27655091.0
2023-09-05,32.22614032,32.61451589,32.00937256,32.09066047,23958401.0
2023-09-06,31.98227659,32.2442043,31.3410053,31.76550883,24338851.0
2023-09-07,31.76550883,31.76550883,30.8894058,30.9797257,22724852.0
2023-09-08,30.98875769,31.10617356,30.63651008,30.69070202,16279507.0
2023-09-11,30.708766,31.1603655,30.5281262,30.708766,26922289.0
2023-09-12,30.72682998,30.88037381,30.36555038,30.50103023,21037831.0
2023-09-13,30.51006222,30.5281262,29.805567,30.01330277,31607899.0
2023-09-14,30.00427078,30.19394257,29.84169496,30.02233476,19111841.0
2023-09-15,30.1668466,30.21200655,29.0830078,29.39912745,33584539.0
2023-09-18,29.2636476,29.81459899,29.07397581,29.34493551,20090852.0
2023-09-19,29.36299949,29.38106347,28.64947228,28.76688815,35742404.0
2023-09-20,28.76688815,28.94752795,28.59528034,28.91139999,16877036.0
2023-09-21,28.97462392,29.11010377,28.67656825,28.83011208,13538055.0
2023-09-22,28.82108009,30.06749471,28.75785616,29.9862068,30287965.0
2023-09-25,29.9862068,30.11265466,29.7152471,29.85072695,17838095.0
2023-09-26,29.8958869,30.79005391,29.86879093,30.24813451,34107483.0
2023-09-27,30.06749471,30.26619849,29.82363098,30.21200655,14817427.0
2023-09-28,30.21200655,30.59135013,30.14878262,30.5281262,19451418.0
2023-10-09,30.51909421,30.84424585,29.96814282,30.71779799,21852743.0
2023-10-10,30.90746978,30.95262973,30.41071033,30.53715819,16409724.0
2023-10-11,30.53715819,31.02488565,30.53715819,30.87134182,18079069.0
2023-10-12,31.02488565,31.3410053,30.78102192,31.2506854,21084344.0
2023-10-13,31.10617356,31.3410053,30.7990859,31.07907759,16249208.0
2023-10-16,31.03391764,31.03391764,30.40167834,30.50103023,14858072.0
2023-10-17,30.66360605,31.04294963,30.46490227,30.65457406,14575533.0
2023-10-18,30.64554207,30.74489396,30.3474864,30.42877431,12551499.0
2023-10-19,30.33845441,30.51006222,29.99523879,30.02233476,13276004.0
2023-10-20,29.95007884,30.0765267,29.42622342,29.52557531,14711471.0
2023-10-23,30.3474864,30.89843779,29.8958869,30.5281262,38214351.0
2023-10-24,30.45587028,30.708766,29.82363098,30.59135013,28529724.0
2023-10-25,31.4313252,32.23517231,31.35906928,31.85582873,44779425.0
2023-10-26,31.611965,31.9732446,31.39519724,31.91905266,24667352.0
2023-10-27,31.87389271,32.77709171,31.65712495,32.4248441,34452048.0
2023-10-30,32.36162017,33.418363,32.14485241,33.02095544,36481056.0
2023-10-31,33.01192345,33.12933932,32.50613201,32.92160355,22420571.0
2023-11-01,32.95773151,33.04805141,32.4248441,32.66870783,20796463.0
2023-11-02,32.63257987,32.89450758,32.36162017,32.39774813,14579907.0
2023-11-03,32.515164,32.79515569,32.29839624,32.34355619,16470767.0
2023-11-06,32.4248441,33.56287484,32.4248441,33.35513907,34564179.0
2023-11-07,33.31901111,33.69835469,33.09321136,33.29191514,25342370.0
2023-11-08,33.12030733,33.89705847,33.04805141,33.61706678,25535996.0
2023-11-09,33.56287484,34.09576225,33.26481917,33.48158693,24429340.0
2023-11-10,33.3280431,33.8699625,33.0570834,33.58093882,17580194.0
2023-11-13,33.64416275,33.94221842,33.33707509,33.63513076,18444698.0
2023-11-14,33.56287484,33.80673857,32.92160355,32.95773151,23420717.0
2023-11-15,33.37320305,33.54481086,32.70483579,33.10224335,19141169.0
2023-11-16,32.9667635,33.22869121,32.515164,32.515164,17176230.0
2023-11-17,32.47000405,32.76805972,32.17194838,32.25323629,19833218.0
2023-11-20,32.2442043,32.56935594,32.03646853,32.32549221,17957250.0
2023-11-21,32.36162017,32.84031564,32.26226828,32.39774813,17502664.0
2023-11-22,32.40678012,32.48806803,31.89195669,32.10872445,12594484.0
2023-11-23,32.10872445,32.47000405,31.80163679,32.37968415,12844195.0
2023-11-24,32.7861237,32.83128365,32.11775644,32.34355619,15074027.0
2023-11-27,32.34355619,32.35258818,31.7022849,31.86486072,17493242.0
2023-11-28,31.77454082,32.05453251,31.71131689,31.86486072,12326923.0
2023-11-29,31.86486072,32.00937256,31.50358112,31.63002898,12495741.0
2023-11-30,31.45842117,31.68422092,31.31390933,31.42229321,13060942.0
2023-12-01,31.46745316,32.0635645,31.1603655,32.0635645,20254291.0
2023-12-04,32.1538844,32.50613201,31.50358112,31.5216451,19880988.0
2023-12-05,31.11520555,31.50358112,30.51006222,30.5281262,22448881.0
2023-12-06,30.50103023,30.75392595,30.12168665,30.3474864,17069650.0
2023-12-07,30.3474864,30.36555038,29.805567,29.88685491,24768945.0
2023-12-08,29.8958869,30.27523048,29.48944735,29.48944735,42855554.0
2023-12-11,29.50751133,30.93456575,29.36299949,30.87134182,41222360.0
2023-12-12,30.71779799,30.84424585,30.26619849,30.72682998,24803070.0
2023-12-13,30.69070202,30.72682998,30.1668466,30.2571665,17858789.0
2023-12-14,30.3474864,30.49199824,30.03136675,30.09459068,13770361.0
2023-12-15,30.09459068,30.32942242,29.90491889,30.08555869,11371913.0
2023-12-18,29.95911083,30.44683829,29.70621511,29.93201486,12694223.0
2023-12-19,29.82363098,30.09459068,29.6249272,30.09459068,13152199.0
2023-12-20,30.08555869,30.18491058,29.55267128,29.6249272,15626343.0
2023-12-21,29.50751133,29.87782292,29.45331939,29.69718312,17876554.0
2023-12-22,29.61589521,29.69718312,29.2636476,29.5346073,19413305.0
2023-12-25,29.43525541,29.92298287,29.36299949,29.75137506,16316240.0
2023-12-26,29.75137506,29.83266297,29.54363929,29.6249272,16309339.0
2023-12-27,29.58879924,29.86879093,29.5346073,29.75137506,16717162.0
2023-12-28,29.75137506,30.73586197,29.61589521,30.57328615,29455876.0
2023-12-29,30.53715819,31.38616525,30.42877431,31.35906928,33234284.0
2024-01-02,31.32294132,31.32294132,30.03136675,30.50103023,38424575.0
2024-01-03,30.23910252,30.4378063,29.64299118,29.85975894,30483582.0
2024-01-04,29.805567,29.82363098,28.93849596,29.42622342,34031311.0
2024-01-05,29.22751964,29.75137506,29.02881586,29.29074357,23476588.0
2024-01-08,29.28171158,29.28171158,28.2701287,28.61334432,30361991.0
2024-01-09,28.59528034,28.61334432,27.47531358,28.13464885,41364530.0
2024-01-10,27.93594507,27.99013701,27.2766098,27.41208965,29204978.0
2024-01-11,27.41208965,28.1798088,27.28564179,27.87272114,32403085.0
2024-01-12,27.75530527,27.93594507,27.42112164,27.48434557,29026511.0
2024-01-15,27.5475695,27.66498537,27.23144985,27.5475695,28836170.0
2024-01-16,27.52047353,27.7282093,27.25854582,27.70111333,22773962.0
2024-01-17,27.84562517,28.21593676,27.77336925,27.98110502,35927530.0
2024-01-18,27.69208134,28.8120481,27.46628159,28.56818437,43260759.0
2024-01-19,28.4507685,28.83011208,28.3604486,28.61334432,27619781.0
2024-01-22,28.58624835,28.70366422,27.67401736,27.89981711,31473367.0
2024-01-23,27.89981711,28.08045691,27.19532189,27.76433726,33031274.0
2024-01-24,27.73724129,28.34238462,27.25854582,28.34238462,26717378.0
2024-01-25,28.34238462,29.06494382,28.17077681,28.95655994,27730773.0
2024-01-26,28.97462392,29.11913576,28.4507685,28.6314083,25680726.0
2024-01-29,28.79398412,29.01075188,28.41464054,28.4507685,18524139.0
2024-01-30,28.87527203,29.5346073,28.7217282,28.73979218,38819576.0
2024-01-31,28.58624835,29.03784785,27.87272114,28.83011208,30874917.0
2024-02-01,28.67656825,29.0830078,28.14368084,28.79398412,25694085.0
2024-02-02,28.78495213,29.0830078,26.93339418,28.07142492,33516213.0
2024-02-05,27.69208134,28.5410884,27.33983373,28.0894889,37724941.0
2024-02-06,27.8185292,29.6249272,27.74627328,29.39912745,41753381.0
2024-02-07,29.42622342,30.12168665,29.13719974,29.74234307,37651564.0
2024-02-08,30.2571665,30.69973401,29.82363098,30.39264635,41460695.0
2024-02-19,31.25971739,31.4313252,30.2571665,30.5281262,37876486.0
2024-02-20,30.19394257,30.75392595,30.06749471,30.62747809,26265910.0
2024-02-21,30.35651839,31.14230152,30.26619849,30.69070202,32161025.0
2024-02-22,30.92553376,31.30487734,30.80811789,30.99778968,26206472.0
2024-02-23,31.05198162,31.28681336,30.708766,31.24165341,27810689.0
2024-02-26,31.22358943,31.44938918,30.93456575,30.97069371,27281392.0
2024-02-27,30.80811789,31.56680505,30.57328615,31.56680505,38588686.0
2024-02-28,31.65712495,32.18098037,31.1603655,31.1603655,42392494.0
2024-02-29,30.94359774,31.72034888,30.8894058,31.56680505,34757520.0
2024-03-01,31.54874107,32.39774813,31.36810127,32.22614032,47080217.0
2024-03-04,32.23517231,32.6054839,31.27778137,31.611965,51739882.0
2024-03-05,31.41326122,33.2377232,31.16939749,32.08162848,69496078.0
2024-03-06,31.611965,31.611965,31.00682167,31.08810958,52280962.0
2024-03-07,31.02488565,31.31390933,30.48296625,30.66360605,37215865.0
2024-03-08,30.69973401,30.86230983,30.13071864,30.64554207,33591014.0
2024-03-11,30.47393426,30.9797257,30.3474864,30.8894058,34738179.0
2024-03-12,30.89843779,31.09714157,30.57328615,31.02488565,40384722.0
2024-03-13,31.01585366,31.27778137,30.69070202,30.71779799,35351353.0
2024-03-14,30.60038212,30.81714988,30.10362267,30.23007053,32845932.0
2024-03-15,30.20297456,30.20297456,29.76040705,30.04039874,41338904.0
2024-03-18,30.14878262,30.27523048,29.85975894,30.26619849,40386947.0
2024-03-19,30.1668466,30.32039043,29.99523879,30.09459068,33092139.0
2024-03-20,29.9862068,30.23910252,29.90491889,30.23007053,32544015.0
2024-03-21,30.2571665,30.36555038,30.04039874,30.13071864,30098104.0
2024-03-22,30.0765267,30.0765267,29.45331939,29.56170327,35787666.0
2024-03-25,29.5346073,30.21200655,29.36299949,29.48944735,29749646.0
2024-03-26,29.1733277,29.39912745,28.92043198,29.21848765,27426415.0
2024-03-27,29.21848765,29.6249272,28.92946397,29.30880755,29912388.0
2024-03-28,29.18235969,29.73331108,29.06494382,29.39912745,28073169.0
2024-03-29,29.28171158,29.52557531,28.902368,29.04687984,29514844.0
2024-04-01,29.09203979,29.805567,29.09203979,29.67008715,39480894.0
2024-04-02,29.76943904,29.78750302,28.94752795,29.07397581,34644246.0
2024-04-03,29.07397581,29.12816775,28.52302442,28.70366422,34314682.0
2024-04-08,28.68560024,28.8120481,28.47786447,28.5410884,22759141.0
2024-04-09,28.52302442,28.84817606,28.27916069,28.75785616,25628670.0
2024-04-10,28.75785616,28.75785616,28.06239293,28.16174482,26366365.0
2024-04-11,28.05336094,28.41464054,27.92691308,28.21593676,20755698.0
2024-04-12,28.3604486,28.42367253,27.86368915,27.92691308,24932670.0
2024-04-15,27.66498537,28.41464054,27.66498537,28.17077681,30807006.0
2024-04-16,28.13464885,28.97462392,28.02626497,28.50496044,48655825.0
2024-04-17,28.55915238,29.02881586,28.0894889,29.00171989,39738243.0
2024-04-18,28.91139999,29.19139168,28.7217282,28.87527203,36600163.0
2024-04-19,28.77592014,29.07397581,28.36948059,28.9926879,33437904.0
2024-04-22,28.6314083,29.8958869,28.60431233,29.67008715,62785907.0
2024-04-23,29.7152471,29.77847103,29.1733277,29.4442874,34646158.0
2024-04-24,29.38106347,29.45331939,28.96559193,29.36299949,30959985.0
2024-04-25,29.24558362,29.50751133,28.97462392,29.48041536,31844073.0
2024-04-26,29.37203148,29.73331108,29.30880755,29.68815113,46684393.0
2024-04-29,29.67911914,30.17587859,29.40815944,30.04039874,48953672.0
2024-04-30,30.02233476,30.02233476,29.74234307,29.90491889,23663279.0
2024-05-06,30.26619849,30.59135013,30.1668466,30.49199824,44545139.0
2024-05-07,30.41071033,30.57328615,30.30232645,30.37458237,22535413.0
2024-05-08,30.38361436,30.38361436,29.56170327,29.57073526,42287853.0
2024-05-09,29.56170327,29.95911083,29.54363929,29.85072695,21876676.0
2024-05-10,29.86879093,30.21200655,29.72427909,29.95911083,28342237.0
2024-05-13,29.85975894,30.15781461,29.50751133,30.00427078,22132723.0
2024-05-14,30.00427078,30.41974232,29.97717481,30.28426247,24135227.0
2024-05-15,30.28426247,30.5281262,29.9862068,29.99523879,21076641.0
2024-05-16,30.09459068,30.18491058,29.79653501,29.88685491,23143772.0
2024-05-17,29.8958869,30.42877431,29.805567,30.42877431,21462203.0
2024-05-20,30.42877431,31.01585366,30.38361436,30.60038212,29802674.0
2024-05-21,30.8044872,30.86943642,30.3869565,30.54469032,24913323.0
2024-05-22,30.35912112,30.74881644,30.35912112,30.64675338,15692570.0
2024-05-23,30.58180416,30.9436641,30.02509656,30.13643808,20612999.0
2024-05-24,30.11788116,30.3869565,30.02509656,30.13643808,17117007.0
2024-05-27,30.13643808,30.2477796,29.52405972,30.22922268,25346529.0
2024-05-28,30.13643808,30.45190572,29.97870426,30.23850114,13792512.0
2024-05-29,30.23850114,30.42407034,30.13643808,30.3405642,15451478.0
2024-05-30,30.2013873,30.4333488,30.00653964,30.30345036,14011223.0
2024-05-31,30.3405642,30.42407034,30.21066576,30.25705806,15047384.0
2024-06-03,30.35912112,30.40551342,30.0158181,30.30345036,17998610.0
2024-06-04,30.2013873,31.082841,30.19210884,30.5725257,25961748.0
2024-06-05,30.618918,31.21273944,30.59108262,31.00861332,33771108.0
2024-06-06,30.8972718,31.15706868,30.5725257,30.73025952,21283515.0
2024-06-07,30.73025952,31.1756256,30.42407034,30.73025952,24399772.0
2024-06-11,30.54469032,31.11067638,30.5261334,31.082841,20956394.0
2024-06-12,30.99933486,31.2684102,30.4797411,30.50757648,28547245.0
2024-06-13,30.42407034,30.44262726,29.61684432,30.13643808,34352118.0
2024-06-14,30.0622104,30.7117026,29.98798272,30.55396878,22206427.0
2024-06-17,30.39623496,30.88799334,29.75602122,29.8766412,35169169.0
2024-06-18,29.90447658,30.23850114,29.76529968,30.11788116,16668511.0
2024-06-19,30.2013873,30.23850114,29.90447658,29.90447658,13356831.0
2024-06-20,29.80241352,29.90447658,29.05085826,29.3663259,30242578.0
2024-06-21,29.24570592,29.5982874,29.16219978,29.5518951,13613974.0
2024-06-24,29.49622434,29.49622434,29.01374442,29.15292132,20907374.0
2024-06-25,29.15292132,29.32921206,28.49415066,28.68899832,21011897.0
2024-06-26,28.763226,28.89312444,28.4384799,28.80033984,21768700.0
2024-06-27,28.8096183,28.81889676,28.299303,28.49415066,18062865.0
2024-06-28,28.45703682,28.83745368,28.40136606,28.67971986,18162709.0
2024-07-01,28.69827678,28.72611216,28.21579686,28.58693526,16045312.0
2024-07-02,28.58693526,28.73539062,27.86321538,27.94672152,30642204.0
2024-07-03,27.9745569,28.1137338,27.70548156,27.99311382,18584986.0
2024-07-04,27.98383536,28.32713838,27.4642416,27.6034185,23981940.0
2024-07-05,27.51991236,27.70548156,27.2322801,27.67764618,15654953.0
2024-07-08,27.67764618,27.7889877,26.907534,27.21372318,21406918.0
2024-07-09,27.0931032,27.30650778,26.77763556,27.28795086,29027338.0
2024-07-10,27.22300164,27.57558312,27.01887552,27.29722932,20848737.0
2024-07-11,27.66836772,28.1137338,27.4642416,27.9281646,28907862.0
2024-07-12,27.9745569,27.9745569,27.6034185,27.86321538,17373425.0
2024-07-15,27.81682308,27.96527844,27.6034185,27.86321538,13582214.0
2024-07-16,27.81682308,28.1137338,27.66836772,28.0673415,18666955.0
2024-07-17,28.05806304,28.28074608,27.81682308,28.09517688,18816672.0
2024-07-18,27.9745569,27.9745569,27.48279852,27.85393692,21238931.0
2024-07-19,27.85393692,28.18796148,27.70548156,28.1137338,21024093.0
2024-07-22,28.13229072,28.33641684,27.9281646,28.17868302,18828307.0
2024-07-23,28.0673415,28.1137338,27.44568468,27.44568468,22720105.0
2024-07-24,27.4178493,27.50135544,26.87969862,27.20444472,21510237.0
2024-07-25,27.0931032,27.21372318,26.83330632,27.1858878,18361337.0
2024-07-26,27.1858878,27.42712776,27.00959706,27.4178493,18778803.0
2024-07-29,27.4178493,27.45496314,26.91681246,27.00959706,18700745.0
2024-07-30,26.99104014,26.99104014,26.1652572,26.60134482,35902773.0
2024-07-31,26.443611,27.10238166,26.28587718,26.97248322,44968530.0
2024-08-01,26.98176168,27.07454628,26.59206636,26.69412942,31511866.0
2024-08-02,26.45288946,26.66629404,26.31371256,26.33226948,28939930.0
2024-08-05,26.18381412,26.38794024,25.48792962,25.54360038,46121049.0
2024-08-06,25.7013342,25.8869034,25.55287884,25.72916958,25751085.0
2024-08-07,25.7013342,25.7941188,25.36730964,25.53432192,26570756.0
2024-08-08,25.44153732,25.61782806,24.92194356,25.59927114,36418175.0
2024-08-09,25.59927114,25.73844804,25.18174044,25.2374112,21802953.0
2024-08-12,25.1446266,25.26524658,25.08895584,25.17246198,16372100.0
2024-08-13,25.20957582,25.2838035,25.051842,25.1910189,18081284.0
2024-08-14,25.17246198,25.38586656,25.08895584,25.2838035,16462006.0
2024-08-15,25.20029736,25.55287884,25.15390506,25.4693727,19519599.0
2024-08-16,25.4693727,25.71989112,25.44153732,25.55287884,22236150.0
2024-08-19,24.89410818,25.1910189,24.60647592,24.78276666,61022018.0
2024-08-20,24.7734882,24.8198805,24.3095652,24.53224824,33208748.0
2024-08-21,24.53224824,24.75493128,24.4951344,24.61575438,17721155.0
2024-08-22,24.62503284,24.67142514,24.29100828,24.32812212,16928496.0
2024-08-23,24.29100828,24.6807036,24.23533752,24.6343113,17201482.0
2024-08-26,24.75493128,24.76420974,24.24461598,24.47657748,20020363.0
2024-08-27,24.41162826,24.43946364,24.123996,24.25389444,15366539.0
2024-08-28,24.19822368,24.39307134,24.15183138,24.3095652,12399104.0
2024-08-29,24.25389444,24.41162826,24.13327446,24.28172982,19570996.0
2024-08-30,24.2631729,25.0054497,24.16110984,24.79204512,37137144.0
2024-09-02,24.70853898,24.7270959,24.28172982,24.28172982,21800058.0
2024-09-03,24.19822368,24.56008362,24.17966676,24.4951344,19781426.0
2024-09-04,24.4023498,24.7270959,24.31884366,24.62503284,18483073.0
2024-09-05,24.6343113,24.6807036,24.45802056,24.56936208,18740756.0
2024-09-06,24.55080516,24.61575438,24.24461598,24.2631729,14062810.0
2024-09-09,24.22605906,24.23533752,23.48378226,23.50233918,33015544.0
2024-09-10,23.55800994,24.00337602,23.22398538,23.9848191,28046855.0
2024-09-11,23.82708528,23.9848191,23.67862992,23.87347758,16202422.0
2024-09-12,23.88275604,24.0776037,23.43738996,23.44666842,19998053.0
2024-09-13,23.44666842,23.55800994,23.22398538,23.27037768,17147219.0
2024-09-18,23.2889346,23.35388382,22.92707466,23.31676998,20137065.0
2024-09-19,23.40027612,23.59512378,23.03841618,23.35388382,27341183.0
2024-09-20,23.3817192,23.54873148,23.13120078,23.51161764,24269250.0
2024-09-23,23.50233918,23.71574376,23.43738996,23.5208961,17657690.0
2024-09-24,23.660073,24.28172982,23.51161764,24.28172982,40903275.0
2024-09-25,24.66214668,25.6085496,24.66214668,24.96833586,66583677.0
2024-09-26,24.96833586,26.18381412,24.9590574,26.18381412,61906416.0
2024-09-27,26.907534,28.05806304,26.89825554,27.54774774,105462536.0
2024-09-30,28.78178292,29.98798272,28.3920876,29.96014734,142607287.0
2024-10-08,32.95708992,32.95708992,29.9694258,31.38903018,227429988.0
2024-10-09,30.8972718,30.8972718,29.19003516,29.227149,118968907.0
2024-10-10,29.00446596,29.86736274,28.8560106,29.10652902,79053485.0
2024-10-11,28.93023828,28.95807366,27.1394955,27.49207698,89187831.0
2024-10-14,27.49207698,28.5312645,27.38073546,28.22507532,109689143.0
2024-10-15,28.24363224,28.7168337,27.16733088,27.19516626,88697319.0
2024-10-16,26.77763556,26.907534,26.05391568,26.23948488,87520762.0
2024-10-17,26.40649716,26.59206636,25.95185262,25.97040954,69624915.0
2024-10-18,25.8869034,27.5106339,25.71989112,26.78691402,99998382.0
2024-10-21,28.5776568,29.21787054,27.84465846,28.51270758,218849422.0
2024-10-22,28.4848722,28.75394754,27.84465846,28.61477064,82539861.0
2024-10-23,28.6240491,28.9024029,28.40136606,28.6704414,71244704.0
2024-10-24,28.52198604,28.5776568,28.1601261,28.44775836,52031288.0
2024-10-25,28.44775836,28.8560106,28.17868302,28.7168337,63722237.0
2024-10-28,28.29002454,28.40136606,27.9281646,28.40136606,75709547.0
2024-10-29,28.41064452,28.65188448,28.1137338,28.33641684,57709867.0
2024-10-30,28.14156918,28.1601261,27.6498108,27.84465846,56587721.0
2024-10-31,27.82610154,28.1137338,27.24155856,27.93744306,56480201.0
2024-11-01,27.76115232,28.1137338,27.6034185,27.94672152,46864132.0
2024-11-04,27.95599998,28.763226,27.85393692,28.763226,65297221.0
2024-11-05,28.763226,29.31065514,28.50342912,29.15292132,79051119.0
2024-11-06,29.15292132,29.33849052,28.763226,28.9951875,76227513.0
2024-11-07,28.763226,29.5518951,28.58693526,29.53333818,64635918.0
2024-11-08,29.70035046,30.02509656,29.17147824,29.3199336,71488607.0
2024-11-11,29.20859208,30.8044872,28.93023828,30.50757648,108082576.0
2024-11-12,30.618918,30.618918,29.691072,29.84880582,73316037.0
2024-11-13,29.75602122,30.22922268,29.5055028,30.08076732,59757146.0
2024-11-14,30.09004578,30.3405642,29.2735413,29.34776898,51233116.0
2024-11-15,29.34776898,29.95086888,29.1343644,29.1343644,49872392.0
2024-11-18,29.3199336,29.42199666,28.40136606,28.50342912,56635048.0
2024-11-19,28.50342912,28.89312444,28.24363224,28.84673214,38698545.0
2024-11-20,28.8096183,29.02302288,28.65188448,28.8560106,27377423.0
2024-11-21,28.86528906,28.86528906,28.50342912,28.66116294,25734330.0
2024-11-22,28.65188448,28.7168337,27.83538,27.85393692,37554028.0
2024-11-25,27.84465846,27.90032922,27.26011548,27.45496314,32755321.0
2024-11-26,27.4642416,27.71476002,27.40857084,27.45496314,18148400.0
2024-11-27,27.38073546,27.85393692,27.3250647,27.85393692,28095857.0
2024-11-28,27.83538,27.9745569,27.6034185,27.6498108,25251319.0
2024-11-29,27.75187386,28.07661996,27.50135544,27.90960768,28265313.0
2024-12-02,27.83538,28.1137338,27.75187386,28.04878458,45105242.0
2024-12-03,27.93744306,28.0209492,27.6498108,27.82610154,31960056.0
2024-12-04,27.77970924,27.7889877,27.49207698,27.52919082,26656459.0
2024-12-05,27.52919082,27.63125388,27.3250647,27.57558312,25538490.0
2024-12-06,27.7425954,28.4384799,27.7425954,28.42920144,56027708.0
2024-12-09,28.4384799,29.47766742,28.26218916,29.01374442,70747739.0
2024-12-10,30.49829802,30.58180416,29.62612278,29.66323662,108002370.0
2024-12-11,29.66323662,29.7838566,29.0879721,29.23642746,47608072.0
2024-12-12,29.24570592,29.3663259,29.0415798,29.30137668,37941872.0
2024-12-13,29.14364286,29.14364286,28.5776568,28.58693526,54036052.0
2024-12-16,28.67971986,28.83745368,28.00239228,28.2065184,39977055.0
2024-12-17,28.2065184,28.61477064,28.07661996,28.299303,32758970.0
2024-12-18,28.58693526,28.9951875,28.56837834,28.763226,40744954.0
2024-12-19,28.40136606,28.8560106,28.32713838,28.80033984,30141506.0
2024-12-20,28.77250446,28.82817522,28.5312645,28.65188448,31276152.0
2024-12-23,28.65188448,28.84673214,28.3920876,28.50342912,39176631.0
2024-12-24,28.4848722,28.83745368,28.27146762,28.52198604,41383766.0
2024-12-25,28.5776568,29.12508594,28.44775836,28.9951875,53222772.0
2024-12-26,29.06013672,29.23642746,28.67971986,29.227149,50349796.0
2024-12-27,29.3199336,29.35704744,28.763226,28.81889676,34561772.0
2024-12-30,28.7168337,28.95807366,28.6704414,28.78178292,28868046.0
2024-12-31,28.8096183,28.82817522,28.16940456,28.4848722,51107722.0
2025-01-02,28.37353068,28.37353068,27.28795086,27.4642416,48923150.0
2025-01-03,27.51991236,27.63125388,26.6291802,26.74980018,42986278.0
2025-01-06,26.75907864,26.80547094,26.1652572,26.27659872,38921570.0
2025-01-07,26.28587718,26.41577562,26.1652572,26.36010486,29322272.0
2025-01-08,26.31371256,26.32299102,25.54360038,26.06319414,39003216.0
2025-01-09,25.979688,26.36010486,25.86834648,26.10030798,28278615.0
2025-01-10,26.09102952,26.22092796,25.7941188,25.7941188,21125766.0
2025-01-13,25.59927114,26.0724726,25.52504346,25.67349882,26424577.0
2025-01-14,25.71989112,26.32299102,25.57143576,26.31371256,49300165.0
2025-01-15,26.32299102,26.32299102,25.8869034,26.0724726,32765094.0
2025-01-16,26.10958644,26.40649716,25.9332957,26.10030798,27525693.0
2025-01-17,25.99824492,26.32299102,25.8869034,26.1652572,21510213.0
2025-01-20,26.32299102,26.48072484,26.18381412,26.23948488,30135504.0
2025-01-21,26.36010486,26.41577562,26.1652572,26.34154794,22956651.0
2025-01-22,26.34154794,26.51783868,26.00752338,26.40649716,32526726.0
2025-01-23,26.6755725,26.85186324,26.36010486,26.56423098,35126215.0
2025-01-24,26.443611,26.97248322,26.3972187,26.92609092,37373278.0
2025-01-27,27.02815398,27.1394955,26.84258478,26.93536938,26862311.0
2025-02-05,27.4178493,28.0209492,27.16733088,27.83538,70403781.0
2025-02-06,27.7425954,28.2529107,27.51991236,28.17868302,56296911.0
2025-02-07,28.17868302,28.78178292,28.1601261,28.65188448,81288906.0
2025-02-10,28.65188448,28.9951875,28.45703682,28.8096183,55315692.0
2025-02-11,28.8560106,29.30137668,28.66116294,28.96735212,58968657.0
2025-02-12,28.95807366,28.95807366,28.3920876,28.67971986,55200448.0
2025-02-13,28.6704414,28.6704414,28.1137338,28.29002454,45233542.0
2025-02-14,28.28074608,29.5518951,28.2065184,29.26426284,68374600.0
2025-02-17,29.57973048,29.5982874,29.1343644,29.30137668,45227279.0
2025-02-18,29.28281976,30.31272882,29.15292132,29.7838566,105307854.0
2025-02-19,29.691072,29.98798272,29.42199666,29.9230335,51403468.0
2025-02-20,29.86736274,30.40551342,29.67251508,29.77457814,39461081.0
2025-02-21,29.7838566,30.40551342,29.76529968,30.33128574,64066287.0
2025-02-24,29.83952736,30.42407034,29.3663259,29.5518951,110366637.0
2025-02-25,29.19003516,29.19003516,28.6240491,28.8560106,74326358.0
2025-02-26,28.8560106,29.03230134,28.60549218,28.95807366,49481104.0
2025-02-27,28.92095982,29.1343644,28.33641684,28.7168337,48379944.0
2025-02-28,28.70755524,28.87456752,27.9281646,27.96527844,42924766.0
2025-03-03,28.01167074,28.59621372,28.01167074,28.31785992,35372720.0
2025-03-04,28.23435378,28.7168337,28.1137338,28.6240491,39154421.0
2025-03-05,28.5776568,29.03230134,28.54054296,28.91168136,36964482.0
2025-03-06,29.03230134,31.32408096,28.9951875,31.1756256,179293813.0
2025-03-07,30.68386722,31.61171322,30.60036108,31.13851176,102924926.0
2025-03-10,30.98077794,31.35191634,30.34984266,31.20346098,66376885.0
2025-03-11,30.76737336,31.05500562,30.4333488,30.73953798,51378793.0
2025-03-12,30.77665182,31.21273944,30.618918,30.87871488,40867584.0
2025-03-13,30.7117026,31.24985328,30.41479188,30.76737336,39195867.0
2025-03-14,30.58180416,30.97149948,30.50757648,30.9436641,45902836.0
2025-03-17,30.87871488,31.1292333,30.74881644,30.9436641,34218688.0
2025-03-18,31.2220179,31.41686556,30.8044872,30.96222102,33728784.0
2025-03-19,30.96222102,31.1756256,30.72098106,30.8972718,26741557.0
2025-03-20,30.90655026,30.97149948,29.5055028,29.58900894,71786208.0
2025-03-21,29.5518951,29.63540124,29.00446596,29.06941518,35506259.0
2025-03-24,29.07869364,29.40343974,28.72611216,29.14364286,27245750.0
2025-03-25,29.14364286,29.227149,28.92095982,28.98590904,17058347.0
2025-03-26,29.14364286,29.15292132,28.67971986,28.763226,22827820.0
2025-03-27,28.763226,29.06941518,28.59621372,28.83745368,22897847.0
2025-03-28,28.82817522,28.92095982,28.7168337,28.73539062,14384854.0
2025-03-31,28.6704414,28.84673214,27.96527844,28.4848722,35216775.0
2025-04-01,28.50342912,28.54054296,28.03022766,28.26218916,32659176.0
2025-04-02,28.29002454,28.299303,28.03022766,28.14156918,22738957.0
2025-04-03,27.94672152,28.09517688,27.6498108,27.75187386,31997100.0
2025-04-07,26.5363956,26.71268634,25.10751276,25.87762494,74091233.0
2025-04-08,25.9332957,26.59206636,25.54360038,26.06319414,57401842.0
2025-04-09,25.97040954,26.2580418,25.63638498,26.13742182,65288510.0
2025-04-10,26.36938332,26.87969862,26.2116495,26.74980018,49210152.0
2025-04-11,26.5363956,26.74052172,26.15597874,26.443611,41922274.0
2025-04-14,26.7219648,26.9539263,26.59206636,26.6291802,30530567.0
2025-04-15,26.6291802,26.6755725,26.26732026,26.51783868,23901190.0
2025-04-16,26.45288946,26.45288946,25.98896646,26.31371256,30763442.0
2025-04-17,26.1652572,26.3044341,26.1188649,26.17453566,27324176.0
2025-04-18,26.1652572,26.34154794,25.99824492,26.32299102,20847247.0
2025-04-21,26.51783868,27.25083702,26.3972187,26.79619248,42867059.0
2025-04-22,26.7219648,26.80547094,26.3044341,26.43433254,32223655.0
2025-04-23,26.56423098,26.61990174,26.33226948,26.42505408,30732248.0
2025-04-24,26.46216792,26.54567406,26.14670028,26.28587718,32617815.0
2025-04-25,26.27659872,26.28587718,26.10030798,26.14670028,33332666.0
2025-04-28,26.14670028,26.20237104,25.99824492,26.03535876,26372329.0
2025-04-29,26.03535876,26.1652572,25.90546032,26.10958644,17870823.0
2025-04-30,26.1188649,26.26732026,26.0724726,26.17453566,23129660.0
2025-05-06,26.3044341,26.74980018,26.2580418,26.74980018,38826813.0
2025-05-07,26.9539263,27.15805242,26.57350944,26.75907864,34500782.0
2025-05-08,26.61062328,26.907534,26.60134482,26.83330632,26358218.0
2025-05-09,26.83330632,26.83330632,26.48072484,26.5827879,22194801.0
2025-05-12,26.71268634,26.8611417,26.5827879,26.85186324,34235231.0
2025-05-13,27.15805242,27.17660934,26.65701558,26.74052172,31152687.0
2025-05-14,26.74980018,26.98176168,26.6291802,26.91681246,31825935.0
2025-05-15,26.88897708,26.88897708,26.65701558,26.71268634,20099559.0
2025-05-16,26.6291802,26.77763556,26.4900033,26.7219648,16930451.0
2025-05-19,26.73124326,26.77763556,26.54567406,26.69412942,19415184.0
2025-05-20,26.7226785,26.817777,26.5324815,26.7987573,25877848.0
2025-05-21,26.7987573,27.2552301,26.73218835,27.0840528,30361429.0
2025-05-22,27.007974,27.0650331,26.8367967,26.92238535,19357835.0
2025-05-23,26.90336565,26.99846415,26.7416982,26.7987573,23755323.0
2025-05-26,26.7987573,26.88434595,26.6656194,26.8558164,18936921.0
2025-05-27,26.77022775,26.7987573,26.5895406,26.73218835,18594499.0
2025-05-28,26.7226785,26.7987573,26.62758,26.63708985,16116189.0
2025-05-29,26.69414895,26.9509149,26.63708985,26.8938558,23610739.0
2025-05-30,26.80826715,26.8367967,26.67512925,26.75120805,15228872.0
2025-06-03,26.6656194,26.80826715,26.56101105,26.6656194,21592839.0
2025-06-04,28.08,28.29,28.05,28.25,20005757.0
2025-06-05,28.29,28.53,28.2,28.48,26559462.0
2025-06-06,28.55,28.65,28.31,28.55,23292626.0
2025-06-09,28.57,28.65,28.35,28.45,36301550.0
2025-06-10,28.45,28.46,27.97,28.13,39311829.0
2025-06-11,28.13,28.28,28.04,28.12,33289079.0
2025-06-12,28.09,28.09,27.81,27.99,38373174.0
2025-06-13,27.91,27.94,27.69,27.76,37660872.0
2025-06-16,27.62,27.77,27.41,27.59,45667750.0
2025-06-17,27.51,27.66,27.44,27.62,20525407.0
2025-06-18,27.62,27.66,27.45,27.65,18574639.0
2025-06-19,27.58,27.62,27.3,27.45,30540453.0
2025-06-20,27.33,27.44,27.24,27.26,20800055.0
2025-06-23,27.05,27.35,27.02,27.32,19887937.0
2025-06-24,27.38,27.64,27.31,27.61,28127600.0
2025-06-25,27.65,27.82,27.53,27.81,32056602.0
2025-06-26,27.8,27.98,27.54,27.59,31480830.0
2025-06-27,27.59,27.84,27.56,27.64,28215365.0
2025-06-30,27.03,27.78,27.03,27.73,44230073.0
2025-07-01,27.6,27.63,27.38,27.53,32806540.0
2025-07-02,27.5,27.57,27.38,27.51,21287180.0
2025-07-03,27.49,27.76,27.46,27.71,32689225.0
2025-07-04,27.72,27.8,27.59,27.61,29922600.0
2025-07-07,27.62,27.62,27.4,27.43,22958675.0
2025-07-08,27.44,27.65,27.44,27.62,25614982.0
2025-07-09,27.63,27.77,27.55,27.68,32650256.0
2025-07-10,27.66,27.86,27.55,27.78,30483456.0
2025-07-11,27.79,28.05,27.79,27.9,48918413.0
2025-07-14,27.9,27.92,27.72,27.76,28636688.0
2025-07-15,27.76,27.95,27.63,27.93,46228837.0
2025-07-16,27.81,27.85,27.68,27.72,36651762.0
2025-07-17,27.72,27.98,27.65,27.94,44850193.0
2025-07-18,27.99,28.16,27.92,28.01,42985575.0
2025-07-21,28.08,28.29,28.01,28.14,44539432.0
2025-07-22,28.13,28.5,28.02,28.4,63659303.0
2025-07-23,28.41,28.8,28.2,28.27,65732297.0
2025-07-24,28.25,28.64,28.22,28.64,48612625.0
2025-07-25,28.72,28.82,28.59,28.66,38655315.0
2025-07-28,28.75,28.82,28.46,28.59,46419583.0
2025-07-29,28.5,28.59,28.24,28.56,44379737.0
2025-07-30,28.55,28.69,28.25,28.49,48365182.0
2025-07-31,28.44,28.47,28.0,28.1,54243077.0
2025-08-01,28.26,29.56,28.1,29.11,130564407.0
2025-08-04,28.75,29.15,28.37,28.57,114128187.0
2025-08-05,28.66,29.39,28.66,29.33,107630133.0
2025-08-06,29.3,29.68,29.21,29.28,79940445.0
2025-08-07,29.31,29.78,29.1,29.15,65613285.0
2025-08-08,29.2,29.23,28.76,28.77,51256720.0
2025-08-11,28.8,28.97,28.69,28.85,49379449.0
2025-08-12,29.09,29.64,29.05,29.25,66891599.0
2025-08-13,29.3,29.65,29.23,29.52,65516999.0
2025-08-14,29.5,29.65,29.1,29.19,57326820.0
2025-08-15,29.17,29.56,29.16,29.56,56637891.0
2025-08-18,29.61,30.5,29.6,30.02,109384547.0
2025-08-19,30.02,30.17,29.8,29.86,57784483.0
2025-08-20,29.8,30.19,29.61,30.19,60242515.0
2025-08-21,30.28,30.75,30.05,30.33,70048326.0
2025-08-22,30.25,31.15,30.16,31.09,99802967.0
2025-08-25,31.48,31.55,30.81,31.18,102105891.0
2025-08-26,31.01,31.47,30.88,31.28,67290054.0
2025-08-27,31.55,32.27,30.82,30.85,117736600.0
2025-08-28,30.81,31.3,30.4,31.18,90716760.0
2025-08-29,31.18,31.58,31.05,31.17,86500233.0
2025-09-01,31.2,31.32,30.8,31.15,69932677.0
2025-09-02,31.08,31.19,30.26,30.64,75306939.0
2025-09-03,30.65,30.88,29.76,29.9,64823677.0
2025-09-04,29.99,30.07,28.93,29.3,74905648.0
2025-09-05,29.3,29.66,28.99,29.62,55723637.0
2025-09-08,29.63,30.68,29.63,30.33,74952066.0
2025-09-09,30.33,30.33,30.0,30.18,45418683.0
2025-09-10,30.3,30.7,29.95,30.2,49545198.0
2025-09-11,30.18,30.89,30.08,30.89,69017208.0
2025-09-12,30.98,31.31,30.74,30.75,70497789.0
2025-09-15,30.74,30.89,30.31,30.49,49098976.0
2025-09-16,30.41,30.96,30.31,30.87,52135558.0
2025-09-17,30.87,30.96,30.38,30.75,48006194.0
2025-09-18,30.75,32.1,30.59,30.92,119137259.0
2025-09-19,30.92,31.06,30.66,30.71,57449779.0
2025-09-22,30.65,30.77,30.2,30.41,56041671.0
2025-09-23,30.41,30.66,29.88,30.29,58540738.0
2025-09-24,30.18,31.04,30.02,30.97,80514666.0
2025-09-25,31.0,31.5,30.88,31.24,76454546.0
2025-09-26,31.19,31.34,30.56,30.66,55166826.0
2025-09-29,30.66,31.3,30.21,31.22,65929399.0
2025-09-30,31.22,31.89,31.08,31.52,78501363.0
2025-10-09,31.8,34.67,31.8,34.17,291095522.0
2025-10-10,33.78,34.48,33.27,33.91,192092499.0
2025-10-13,32.75,33.57,32.32,33.36,154199912.0
2025-10-14,33.52,34.78,33.05,33.25,139943219.0
2025-10-15,33.11,33.81,32.56,33.37,102301172.0
2025-10-16,33.21,34.22,32.8,33.4,100157146.0
2025-10-17,33.35,34.1,32.63,33.06,116180306.0
2025-10-20,33.89,34.0,32.05,32.36,127913183.0
2025-10-21,32.36,32.79,32.22,32.58,75199461.0
2025-10-22,32.31,33.6,31.96,33.47,100321456.0
2025-10-23,33.37,33.7,32.76,33.43,70412997.0
2025-10-24,33.43,33.85,33.18,33.29,71580595.0
2025-10-27,33.63,34.28,33.38,33.9,94747722.0
2025-10-28,33.55,33.74,32.95,32.98,74750881.0
2025-10-29,33.1,33.44,33.01,33.35,50588481.0
2025-10-30,33.28,33.95,33.1,33.22,75104552.0
2025-10-31,33.1,33.67,32.8,32.87,73380725.0
2025-11-03,32.88,33.15,32.06,32.6,59034023.0
2025-11-04,32.55,32.63,31.51,31.79,62853368.0
2025-11-05,31.46,31.63,31.06,31.5,58225187.0
2025-11-06,31.7,31.95,31.6,31.8,45062832.0
2025-11-07,31.55,31.67,31.35,31.37,39681247.0
2025-11-10,31.38,31.95,31.38,31.81,41366332.0
2025-11-11,31.81,31.98,31.62,31.72,36548961.0
2025-11-12,31.55,31.69,31.11,31.43,37316878.0
2025-11-13,31.4,31.95,31.36,31.69,37703415.0
2025-11-14,31.5,31.58,31.31,31.31,36440923.0
2025-11-17,31.2,31.28,30.46,30.46,63141990.0
2025-11-18,30.45,30.79,30.38,30.73,33843907.0
2025-11-19,30.73,30.9,30.28,30.42,28458735.0
2025-11-20,30.63,30.69,30.21,30.23,22881226.0
2025-11-21,29.96,30.35,29.8,29.82,41085567.0
2025-11-24,29.9,30.09,29.7,29.86,40630416.0
2025-11-25,30.1,30.42,29.96,29.99,45432220.0
2025-11-26,30.02,30.08,29.85,29.9,29928875.0
2025-11-27,29.97,30.02,29.71,29.73,29737424.0
2025-11-28,29.73,30.03,29.64,30.02,25531109.0
2025-12-01,30.01,30.58,29.93,30.58,42357906.0
2025-12-02,30.51,30.68,30.35,30.52,25369000.0
2025-12-03,30.49,30.55,30.23,30.34,20861567.0
2025-12-04,30.3,30.55,30.24,30.35,18438196.0
2025-12-05,30.35,30.38,29.86,30.07,39751051.0
2025-12-08,30.15,30.66,30.14,30.43,42477281.0
2025-12-09,30.4,30.42,29.94,29.99,35184985.0
2025-12-10,29.99,30.11,29.75,30.0,24783061.0
2025-12-11,30.03,30.1,29.35,29.4,42561847.0
2025-12-12,29.4,29.69,29.13,29.63,49128113.0
2025-12-15,29.42,29.57,29.0,29.02,43488694.0
2025-12-16,29.0,29.02,28.61,28.69,35446543.0
2025-12-17,28.69,29.19,28.65,29.07,26961175.0
2025-12-18,28.96,29.2,28.9,29.02,21735110.0
2025-12-19,29.09,29.35,29.09,29.19,25116793.0
2025-12-22,29.25,29.38,29.08,29.15,33966100.0
2025-12-23,29.16,29.33,28.95,29.14,30235474.0
2025-12-24,29.1,29.45,29.02,29.33,31494145.0
2025-12-25,29.34,29.67,29.3,29.63,36113503.0
2025-12-26,29.62,30.03,29.56,29.82,40172140.0
2025-12-29,29.82,29.89,29.53,29.6,30591067.0
2025-12-30,29.51,29.94,29.46,29.85,27017127.0
2025-12-31,29.85,29.92,29.63,29.84,33021376.0
2026-01-05,29.88,30.12,29.87,30.0,54303058.0
2026-01-06,30.03,30.4,29.92,30.39,50362262.0
2026-01-07,30.46,30.51,30.0,30.07,50324183.0
2026-01-08,30.01,30.22,29.87,30.01,40319400.0
2026-01-09,29.98,30.3,29.9,30.26,46610524.0
2026-01-12,30.5,31.86,30.48,31.64,117704345.0
2026-01-13,31.85,31.88,30.77,30.87,89939100.0
2026-01-14,31.02,32.0,31.02,31.43,108964251.0
2026-01-15,31.25,31.54,31.08,31.29,55622132.0
2026-01-16,31.42,31.47,30.75,31.0,65137451.0
2026-01-19,31.0,31.26,30.85,31.01,45917919.0
2026-01-20,31.06,31.22,30.59,31.14,55312870.0
2026-01-21,32.03,32.99,31.81,32.6,189209367.0
2026-01-22,32.7,32.79,32.01,32.09,85897882.0
2026-01-23,32.09,32.43,31.92,31.95,74342427.0
2026-01-26,32.05,32.43,31.47,32.31,98214737.0
2026-01-27,32.2,32.26,31.8,31.9,57429669.0
2026-01-28,31.96,32.32,31.83,32.03,60617298.0
2026-01-29,32.03,32.46,31.86,32.2,76072830.0
2026-01-30,31.98,32.17,31.18,31.33,71684201.0
2026-02-02,31.3,31.81,31.23,31.61,69919131.0
2026-02-03,31.61,31.86,30.84,31.86,65892547.0
2026-02-04,31.61,31.97,31.25,31.93,47790609.0
2026-02-05,31.6,32.66,31.56,32.5,92244938.0
2026-02-06,32.3,32.71,32.26,32.64,58649694.0
2026-02-09,32.8,32.84,32.35,32.54,50971898.0
2026-02-10,32.55,33.08,32.4,32.86,52396597.0
2026-02-11,32.81,32.9,32.37,32.4,41471351.0
2026-02-12,32.38,32.66,32.33,32.49,38172063.0
2026-02-13,32.4,32.7,32.2,32.38,31770425.0
2026-02-24,32.58,32.89,32.27,32.34,38146143.0
2026-02-25,32.32,32.51,31.85,31.93,53525933.0
2026-02-26,31.87,31.99,31.2,31.56,65740354.0
2026-02-27,31.4,31.45,31.14,31.44,39916641.0
2026-03-02,31.01,31.41,30.81,31.16,48418999.0
2026-03-03,31.18,31.28,30.25,30.31,74135596.0
2026-03-04,30.03,30.55,29.95,30.26,42789610.0
2026-03-05,30.61,30.89,30.6,30.76,36805558.0
2026-03-06,30.49,31.09,30.46,31.07,27243868.0
2026-03-09,30.61,31.19,30.44,31.16,41295200.0
2026-03-10,31.3,31.37,31.05,31.32,31038825.0
2026-03-11,31.34,31.7,31.18,31.65,38285918.0
2026-03-12,31.53,31.93,31.45,31.92,34586215.0
2026-03-13,31.69,32.02,31.62,31.94,36707395.0
2026-03-16,31.92,32.04,31.63,31.76,31416117.0
2026-03-17,31.81,32.05,31.52,31.62,34872542.0
2026-03-18,31.61,32.2,31.18,32.17,49430816.0
2026-03-19,31.9,32.0,31.13,31.25,43323182.0
2026-03-20,31.27,31.62,31.17,31.3,31569796.0
2026-03-23,30.64,31.08,29.95,30.01,47952087.0
2026-03-24,30.38,30.48,29.56,30.28,41866836.0
2026-03-25,30.28,30.83,30.21,30.78,31597727.0
2026-03-26,30.73,31.0,30.17,30.37,28777667.0
2026-03-27,30.07,30.6,30.03,30.35,19770966.0
2026-03-30,30.0,30.56,29.6,30.53,34865263.0
2026-03-31,30.35,30.68,30.26,30.42,23340712.0
2026-04-01,30.75,30.84,30.52,30.72,21174877.0
2026-04-02,30.72,30.86,30.2,30.4,24219766.0
2026-04-03,30.49,30.65,30.19,30.27,19636378.0
2026-04-07,30.27,30.5,29.92,30.2,28159442.0
2026-04-08,30.55,30.98,30.44,30.88,34576598.0
2026-04-09,30.58,30.86,30.45,30.76,23877304.0
2026-04-10,30.88,32.1,30.83,31.71,62290076.0
2026-04-13,31.51,32.66,31.41,32.65,64249030.0
2026-04-14,32.74,33.88,32.74,33.48,124315176.0
2026-04-15,33.45,33.5,32.91,33.2,57562254.0
2026-04-16,33.29,33.59,33.05,33.54,47934877.0
2026-04-17,33.49,33.75,32.75,33.13,79890112.0
2026-04-20,34.81,35.29,34.4,34.51,133441112.0
2026-04-21,34.5,34.65,33.69,33.73,72940714.0
2026-04-22,33.56,33.95,33.41,33.63,48598202.0
2026-04-23,33.5,34.13,33.35,33.49,49683407.0
2026-04-24,33.68,34.0,33.3,33.6,40525869.0
2026-04-27,33.55,34.39,33.51,33.97,50032769.0
2026-04-28,34.01,35.18,33.68,34.65,76610657.0
2026-04-29,34.5,35.3,34.29,34.81,58598289.0
2026-04-30,34.75,36.84,34.57,36.29,117530949.0
2026-05-06,36.68,37.09,35.79,36.04,93010573.0
2026-05-07,35.92,36.45,35.56,35.96,63023100.0
2026-05-08,35.88,35.88,35.2,35.55,57655174.0
2026-05-11,35.8,36.86,35.17,35.36,94613453.0
2026-05-12,35.36,35.51,34.55,34.56,79001173.0
2026-05-13,34.5,34.69,33.79,34.49,72189171.0
2026-05-14,34.59,34.85,33.45,33.45,69196378.0
2026-05-15,33.63,34.08,33.02,33.12,61854638.0
2026-05-18,33.15,33.47,32.75,33.0,48705480.0
2026-05-19,32.85,33.41,32.55,33.38,52847553.0
2026-05-20,32.6,33.5,32.46,32.55,56430590.0
2026-05-21,32.84,33.15,31.6,31.63,62309800.0
2026-05-22,31.8,31.94,31.29,31.83,41830469.0
2026-05-25,32.01,32.4,31.84,32.27,47925768.0
2026-05-26,32.15,32.84,31.42,32.0,66343893.0
2026-05-27,31.92,32.54,31.46,31.65,58235093.0
2026-05-28,31.41,31.45,30.23,30.76,88997891.0
2026-05-29,31.0,31.2,30.15,30.56,75180864.0
2026-06-01,30.56,30.76,30.01,30.06,70762722.0
2026-06-02,30.11,30.96,30.0,30.75,74735614.0
2026-06-03,30.55,31.15,30.28,30.77,58557327.0
2026-06-04,30.62,30.92,30.45,30.63,41257438.0
2026-06-05,30.77,31.53,30.51,31.28,76152720.0
2026-06-08,30.7,31.11,30.1,30.3,68110663.0
2026-06-09,30.57,30.83,30.2,30.49,54269417.0
2026-06-10,30.2,30.5,30.11,30.38,44484236.0
2026-06-11,30.2,30.3,29.76,29.98,51330421.0
2026-06-12,30.25,30.67,30.12,30.24,66250098.0
2026-06-15,30.6,31.0,30.35,30.71,54637729.0
2026-06-16,30.78,32.59,30.6,32.2,105785466.0
2026-06-17,31.85,32.87,31.7,32.36,80575640.0
2026-06-18,32.07,32.74,31.45,32.3,82463307.0
2026-06-22,32.2,32.9,31.41,32.83,91641019.0
2026-06-23,32.51,32.9,31.36,31.41,68967537.0
2026-06-24,31.4,34.49,31.02,34.03,167170936.0
2026-06-25,33.9,35.54,33.84,34.44,147523146.0
2026-06-26,34.42,34.67,33.25,33.32,78493175.0
2026-06-29,33.5,34.26,32.47,32.99,101185376.0
2026-06-30,33.0,35.26,32.98,34.2,123372197.0
2026-07-01,34.82,36.16,33.82,34.03,144591110.0
2026-07-02,33.56,34.83,33.1,33.61,97404133.0
2026-07-03,33.8,34.63,33.45,34.0,93377649.0
2026-07-06,34.14,34.28,32.85,33.83,91868298.0
2026-07-07,33.55,34.82,33.42,33.86,87680107.0
2026-07-08,34.14,34.89,34.06,34.35,106195620.0
2026-07-09,33.9,35.41,33.85,35.39,109191661.0
2026-07-10,35.2,35.86,34.43,34.45,115613820.0
2026-07-13,34.2,34.23,33.05,33.19,93963383.0
2026-07-14,33.07,33.72,32.88,33.58,66192106.0
2026-07-15,33.35,34.43,33.19,34.1,65428045.0
2026-07-16,33.77,34.76,33.65,34.12,69697472.0
2026-07-17,34.13,34.5,32.82,33.15,96118110.0
2026-07-20,33.68,34.82,33.52,34.28,101232781.0
2026-07-21,34.59,35.26,33.5,35.11,130742284.0
2026-07-22,34.72,35.88,34.15,35.63,121862210.0
2026-07-23,35.59,36.0,35.2,35.77,90900852.0
2026-07-24,35.4,35.78,34.76,35.49,78148919.0
2026-07-27,36.93,38.09,36.17,36.99,289934387.0
2026-07-28,36.56,37.0,36.1,36.14,119471431.0
2026-07-29,36.46,36.51,34.78,35.74,126300501.0
2026-07-30,35.59,36.09,35.13,35.62,98817495.0
2026-07-31,36.15,38.0,35.56,37.65,171557416.0
2026-08-03,37.7,39.18,37.51,37.95,153375880.0
2026-08-04,38.23,38.8,37.54,38.63,114450525.0
2026-08-05,38.4,39.0,38.18,38.44,105026318.0
2026-08-06,38.09,38.15,37.12,37.45,101703425.0
2026-08-07,37.26,37.46,36.86,37.24,85570405.0
2026-08-10,37.16,37.64,36.67,37.44,92227148.0
2026-08-11,37.26,38.03,36.28,36.37,106228476.0
2026-08-12,36.36,36.82,36.21,36.47,77219437.0
2026-08-13,36.5,36.78,35.66,35.66,93695106.0
2026-08-14,35.62,35.81,34.54,34.88,98704091.0
2026-08-17,34.91,35.2,34.76,35.09,62848904.0
2026-08-18,35.0,35.19,34.58,35.18,56894064.0
2026-08-19,34.5,34.52,33.62,33.89,76434685.0
2026-08-20,34.05,34.45,33.94,34.07,48172455.0
2026-08-21,33.92,34.5,33.8,34.4,46321505.0
2026-08-24,34.38,34.95,33.84,34.15,77080877.0
2026-08-25,33.98,35.13,33.89,34.75,64912037.0
2026-08-26,34.76,34.86,34.51,34.78,41803284.0
2026-08-27,34.78,35.34,34.6,35.29,54646677.0
