date,open,high,low,close,volume
2020-01-02,15.36939013,15.62076619,15.31138027,15.52408309,15934570.0
2020-01-03,15.5337514,15.78835023,15.36616736,15.48218708,12993607.0
2020-01-06,15.27270703,15.85280563,15.20825163,15.55953356,16987138.0
2020-01-07,15.56920187,15.6304345,15.39517229,15.48540985,9340058.0
2020-01-08,15.32427135,15.58209295,15.19536055,15.23725656,11097445.0
2020-01-09,15.38872675,15.5337514,15.26948426,15.35649905,8921700.0
2020-01-10,15.35972182,15.35972182,15.02133097,15.12123684,10929463.0
2020-01-13,16.63271597,16.63271597,16.27821127,16.63271597,51882759.0
2020-01-14,17.725235,18.04428923,17.080681,17.22248288,61497596.0
2020-01-15,17.40618077,17.64466575,16.84864156,17.18058687,29870523.0
2020-01-16,17.23859673,17.57698758,16.68750306,17.43196293,33573707.0
2020-01-17,17.35783922,19.1754815,17.1451364,18.67595215,53060038.0
2020-01-20,18.4664721,19.3043923,18.2086505,18.93699652,30077562.0
2020-01-21,18.60182844,18.60505121,18.22476435,18.27955144,20383657.0
2020-01-22,18.2086505,19.4977585,18.0797397,19.10135779,32797995.0
2020-01-23,18.68884323,19.94250076,18.53415027,19.28183291,29158496.0
2020-02-03,17.35461645,17.55765096,17.35461645,17.35461645,10039800.0
2020-02-04,17.402958,18.5309275,17.402958,18.16353172,36777530.0
2020-02-05,18.5953829,19.981174,18.36656623,19.59766437,44623025.0
2020-02-06,18.83709065,19.61055545,18.8209768,19.57832775,30113181.0
2020-02-07,19.57510498,19.57510498,18.26021482,18.6598383,32128159.0
2020-02-10,19.0787984,20.41947072,18.96600145,19.63633761,35279646.0
2020-02-11,19.33662,19.37529324,18.78230356,19.02723408,19617574.0
2020-02-12,19.02723408,19.5299862,18.80486295,19.07557563,19745556.0
2020-02-13,18.8532045,19.37851601,18.5309275,18.54704135,23694703.0
2020-02-14,18.55026412,18.6598383,18.18931388,18.3375613,21117383.0
2020-02-17,18.34078407,18.87254112,18.34078407,18.84675896,20988900.0
2020-02-18,18.6276106,19.33662,18.61794229,19.16581319,22836532.0
2020-02-19,20.77719819,20.78042096,19.87159982,19.95216907,43747653.0
2020-02-20,20.35823809,21.9470637,20.33890147,21.9470637,64939094.0
2020-02-21,21.592559,22.00185079,21.16715336,21.7536975,45518916.0
2020-02-24,21.08336134,21.63767778,20.93511392,21.3347374,35796879.0
2020-02-25,20.7546388,23.26517663,20.68051509,22.83332545,40743409.0
2020-02-26,22.48848906,24.4285966,22.237113,23.1072609,52276832.0
2020-02-27,23.10081536,23.57456255,21.94061816,22.57550385,27269996.0
2020-02-28,21.48298482,22.23389023,20.93189115,21.06724749,33825352.0
2020-03-02,21.1413712,21.66668271,20.625728,21.54421745,22564321.0
2020-03-03,22.4949346,22.6238454,21.74080642,21.87293999,27425292.0
2020-03-04,21.57644515,21.8503806,20.85776744,21.45720266,18093253.0
2020-03-05,21.59900454,21.79237074,21.1091435,21.53132637,17000367.0
2020-03-06,21.1091435,21.76981135,21.05435641,21.06402472,14720960.0
2020-03-09,20.39691133,20.39691133,19.07235286,19.15936765,29247882.0
2020-03-10,18.5631552,19.8200355,18.47614041,19.39140709,26680523.0
2020-03-11,19.58477329,19.70723855,18.8854322,18.93377375,22221247.0
2020-03-12,18.46969487,18.58249182,18.0152843,18.37945731,23238254.0
2020-03-13,17.3385026,18.2086505,16.87120095,17.93793782,21319807.0
2020-03-16,18.23765543,18.47614041,17.36428476,17.36428476,23877348.0
2020-03-17,17.36428476,17.71234392,16.71973076,17.09357208,18091852.0
2020-03-18,17.27082443,17.61888359,16.76484954,16.78740893,17268432.0
2020-03-19,16.79385447,16.92598804,16.07517676,16.55214672,19445000.0
2020-03-20,16.8550871,17.01300283,16.5650378,16.92598804,14829620.0
2020-03-23,16.19441925,16.3716716,15.43384553,15.51763755,24273976.0
2020-03-24,15.87536502,16.07517676,15.27270703,16.02683521,20502711.0
2020-03-25,16.61337935,17.0162256,16.44901808,16.83897325,28978742.0
2020-03-26,16.9195425,17.78324486,16.63271597,17.48997279,29662084.0
2020-03-27,17.8541458,18.06362585,17.54475988,17.65433406,22997249.0
2020-03-30,17.725235,18.62116506,17.68333899,18.12163571,32893740.0
2020-03-31,18.29244252,19.33339723,17.87025965,19.32695169,35017444.0
2020-04-01,19.3043923,19.54932282,18.37623454,18.40846224,36556547.0
2020-04-02,18.2731059,18.2731059,17.6607796,18.23765543,23384169.0
2020-04-03,18.23765543,18.23765543,17.69623007,17.725235,16918966.0
2020-04-07,18.18931388,18.34400684,17.9186012,18.14741787,18911589.0
2020-04-08,17.9830566,17.9830566,17.73812608,17.82836364,12954327.0
2020-04-09,17.98627937,18.22154158,17.90248735,17.93471505,13333832.0
2020-04-10,18.13774956,18.13774956,17.45129955,17.58665589,13185472.0
2020-04-13,17.63822021,18.02817538,17.63822021,17.9830566,10255956.0
2020-04-14,17.9830566,18.692066,17.84770026,18.66628384,23386305.0
2020-04-15,19.13036272,20.10686203,18.81453126,19.38173878,30622736.0
2020-04-16,19.3688477,19.7555801,19.03045685,19.33984277,16525891.0
2020-04-17,19.5299862,19.65245146,18.91121436,18.9498876,15649005.0
2020-04-20,19.1432538,19.1432538,18.74363032,18.96922422,10747360.0
2020-04-21,18.8532045,19.23349136,18.6276106,19.13358549,14714834.0
2020-04-22,18.8209768,19.33662,18.65339276,19.15292211,12145802.0
2020-04-23,19.33339723,19.51387235,18.70495708,18.77263525,11602798.0
2020-04-24,18.90799159,19.49453573,18.8532045,18.92732821,13594893.0
2020-04-27,19.02078854,19.04334793,18.33111576,18.36334346,13826532.0
2020-04-28,18.369789,18.55993243,17.64788852,18.36334346,12865794.0
2020-04-29,18.7565214,19.15936765,18.55026412,18.692066,16512556.0
2020-04-30,18.95633314,19.52354066,18.85642727,19.32372892,21887625.0
2020-05-06,19.1432538,20.1423125,19.0465707,20.03918386,23190623.0
2020-05-07,20.03596109,20.03596109,19.33017446,19.36562493,22511802.0
2020-05-08,19.37207047,19.4977585,19.1110261,19.26571906,17147173.0
2020-05-11,19.10780333,19.22704582,18.72751647,18.97566976,19071621.0
2020-05-12,18.97889253,19.05946178,18.7565214,19.05623901,10401966.0
2020-05-13,19.05623901,19.25605075,18.8532045,19.01112023,11111516.0
2020-05-14,18.9821153,18.9821153,18.54704135,18.59216013,11836313.0
2020-05-15,18.62438783,18.87898666,18.4664721,18.67917492,10277106.0
2020-05-18,18.4986998,18.8209768,18.1764228,18.42779886,10474339.0
2020-05-19,18.692066,18.8854322,18.61149675,18.76296694,9404190.0
2020-05-20,18.9176599,19.4333031,18.90799159,19.01756577,16470785.0
2020-05-21,19.04979347,19.13358549,18.37301177,18.41813055,12096788.0
2020-05-22,18.42135332,18.58571459,17.88959627,18.05718031,9234961.0
2020-05-25,18.05718031,18.22476435,17.82514087,18.21509604,5969703.0
2020-05-26,18.3053336,18.81453126,18.3053336,18.7887491,9854368.0
2020-05-27,19.2077092,19.32050615,18.39234839,18.4664721,11361742.0
2020-05-28,18.48258595,18.76618971,18.1764228,18.52448196,8630023.0
2020-05-29,18.40846224,18.69851154,18.30855637,18.50192257,6803639.0
2020-06-01,18.61149675,19.23671413,18.51159088,19.12069441,16106781.0
2020-06-02,19.19804089,20.03918386,18.97566976,19.658897,20479610.0
2020-06-03,19.59121883,19.67501085,19.16903596,19.31406061,14635695.0
2020-06-04,19.49131296,19.7233524,19.24315967,19.37207047,10574332.0
2020-06-05,19.658897,20.39368856,19.44297141,20.3679064,26545122.0
2020-06-08,20.303451,20.57094091,20.12619865,20.23577283,17244111.0
2020-06-09,20.303451,20.75786157,19.88126813,19.97472846,20443053.0
2020-06-10,20.06496602,20.11653034,19.55576836,19.67501085,18619403.0
2020-06-11,19.93927799,20.6901834,19.82325827,20.25188668,28023252.0
2020-06-12,19.7878078,19.95861461,19.53965451,19.81358996,17549710.0
2020-06-15,20.1423125,20.58705476,19.73946625,20.1423125,19574028.0
2020-06-16,20.5612726,20.77397542,20.34534701,20.6579557,21411572.0
2020-06-17,20.625728,20.66117847,20.09719372,20.66117847,14437818.0
2020-06-18,20.5612726,21.51521252,20.28411438,21.50876698,27903336.0
2020-06-19,21.49265313,22.13398436,21.3669651,21.58933623,22061887.0
2020-06-22,21.4636482,22.16621206,21.36374233,21.914836,19625480.0
2020-06-23,21.77625689,23.23294893,21.592559,22.89133531,26037491.0
2020-06-24,22.9138947,23.54555762,22.80432052,23.1072609,19668098.0
2020-06-29,23.0428055,23.34252311,22.6560731,22.7527562,17337630.0
2020-06-30,23.01380057,23.47787945,22.83977099,23.1394886,16983101.0
2020-07-01,23.59389917,24.31579965,22.89133531,23.35541419,23509322.0
2020-07-02,23.40697851,24.04508697,23.1394886,23.24906278,21407418.0
2020-07-03,23.6229041,25.57267995,23.60034471,25.57267995,45538812.0
2020-07-06,25.56623441,26.29458043,24.94746257,26.0722093,46122416.0
2020-07-07,27.31619852,28.5215145,26.748991,26.748991,46670587.0
2020-07-08,26.40737738,27.16150556,26.38159522,26.66842175,31915588.0
2020-07-09,26.66842175,27.8125051,26.25268442,27.21951542,32797352.0
2020-07-10,27.22273819,29.76550372,26.76510485,28.682653,39602931.0
2020-07-13,29.8428502,31.5509183,29.74294433,31.5509183,57987128.0
2020-07-14,31.5509183,31.55414107,29.19185066,31.11584435,53638869.0
2020-07-15,31.260869,31.35432933,29.87185513,30.4551765,38869586.0
2020-07-16,30.4229488,30.7774535,27.40965885,27.40965885,56046663.0
2020-07-17,26.75543654,27.50956472,25.80471939,26.29458043,43096874.0
2020-07-20,26.9745849,28.7793361,26.30102597,28.09288609,43173031.0
2020-07-21,28.9727023,29.43355841,28.25724736,28.38938093,31722234.0
2020-07-22,27.715822,28.83734596,27.5546835,28.09933163,26954483.0
2020-07-23,27.73515862,28.682653,27.58046566,28.67943023,32728656.0
2020-07-24,28.28947506,28.40549478,26.5878525,26.748991,38817374.0
2020-07-27,26.9101295,27.4580004,26.5233971,26.91657504,20882846.0
2020-07-28,27.70937646,27.92852482,26.748991,27.04226307,21644067.0
2020-07-29,26.84889687,28.1992375,26.59429804,28.01553961,28797550.0
2020-07-30,28.04454454,28.24113351,27.1679511,27.393545,22449269.0
2020-07-31,27.38065392,27.92852482,26.89723842,27.51923303,25812289.0
2020-08-03,27.52567857,27.8769605,27.2001788,27.77060909,28030360.0
2020-08-04,28.02198515,29.327207,27.99942576,28.682653,38395587.0
2020-08-05,28.682653,28.682653,27.90274266,28.40871755,19022684.0
2020-08-06,28.62142037,28.8760192,28.038099,28.59563821,20533266.0
2020-08-07,28.2314652,28.60530652,27.01003537,27.51601026,24597416.0
2020-08-10,27.00358983,27.18406495,25.78216,26.42026846,33653884.0
2020-08-11,26.3944863,26.8134464,26.08832315,26.104437,19417260.0
2020-08-12,26.16244686,26.42026846,25.28263065,26.42026846,22097173.0
2020-08-13,26.9101295,27.0068126,26.31391705,26.3622586,13582779.0
2020-08-14,26.4589417,26.61685743,25.78216,26.40415461,12062031.0
2020-08-17,26.4911694,26.82311471,26.21078841,26.72320884,15103194.0
2020-08-18,27.0940651,27.2553201,26.381318,26.5038718,16155250.0
2020-08-19,26.252314,26.3297164,25.6459952,25.6879215,18735826.0
2020-08-20,25.6846964,25.8008,25.188031,25.3331605,12272430.0
2020-08-21,25.8008,26.0072064,25.446039,25.6653458,11190548.0
2020-08-24,25.768549,26.5361228,25.7008219,26.2652144,17128061.0
2020-08-25,26.12331,26.7296288,25.962055,26.2007124,14510634.0
2020-08-26,26.44582,27.5133281,26.3426168,26.9037842,32047153.0
2020-08-27,27.897115,28.2357505,27.316597,27.5488042,25203489.0
2020-08-28,27.41335,27.7552106,26.7747802,27.5391289,18647043.0
2020-08-31,28.0648202,28.4518322,27.3746488,27.41335,21534690.0
2020-09-01,28.0551449,30.154685,27.8358381,30.154685,39461265.0
2020-09-02,30.9222588,30.96096,29.5515913,30.412693,39704708.0
2020-09-03,29.9547288,30.6900516,29.7192965,29.8612009,22779495.0
2020-09-04,28.638888,29.2161809,28.3873302,29.0259,22202132.0
2020-09-07,28.8581948,31.444725,28.832394,30.5545974,40998653.0
2020-09-08,30.9222588,30.9222588,29.251657,29.34841,27908409.0
2020-09-09,28.3841051,28.606637,27.3649735,27.7326349,26329156.0
2020-09-10,28.3292784,29.0807267,28.026119,28.0873959,21706271.0
2020-09-11,28.3325035,29.412912,28.1293222,29.412912,20576370.0
2020-09-14,29.445163,30.477195,29.445163,29.832175,22383909.0
2020-09-15,30.3191651,32.8153925,30.154685,32.670263,57922128.0
2020-09-16,32.3413028,34.7891537,31.92849,33.992554,49378934.0
2020-09-17,34.0280301,37.3918094,33.9119265,37.3918094,60235110.0
2020-09-18,36.7629149,37.249905,35.959865,37.249905,47375377.0
2020-09-21,37.41116,38.4818932,33.6506934,34.1118827,58877087.0
2020-09-22,34.347315,35.6857315,33.5442651,34.4343927,46288194.0
2020-09-23,35.15359,35.8018351,34.282813,35.605104,38140914.0
2020-09-24,34.7923788,35.4857753,34.1892851,34.315064,26612570.0
2020-09-25,34.895582,35.4083729,33.476538,33.8925759,32436317.0
2020-09-28,34.2473369,34.863331,34.0731815,34.315064,21188287.0
2020-09-29,35.0213609,35.3180701,33.6216675,34.7956039,27004576.0
2020-09-30,35.0181358,38.1303573,34.540821,37.4885624,44420102.0
2020-10-09,39.700981,40.6814114,38.443192,38.8140785,55967807.0
2020-10-12,39.926738,41.6134653,38.8463295,41.442535,52808892.0
2020-10-13,41.28128,42.5326188,40.31375,41.6973179,46052746.0
2020-10-14,41.6521665,42.6745232,41.313531,42.087555,31047158.0
2020-10-15,43.409846,44.4193023,42.3552383,42.4261905,40289307.0
2020-10-16,42.7519256,43.1679635,40.31375,41.216778,41353551.0
2020-10-19,41.28128,41.8650231,40.733013,41.3070808,22200611.0
2020-10-20,40.6943118,45.2578283,40.6943118,45.1514,54167901.0
2020-10-21,44.5031549,45.054647,43.2711667,44.345125,38056707.0
2020-10-22,44.2580473,46.76395,42.5938957,46.3737129,43438939.0
2020-10-23,45.8028702,47.0155078,44.022615,44.7224617,40099412.0
2020-10-26,44.022615,46.0705535,42.926081,45.1384996,30979604.0
2020-10-27,44.3193242,45.635165,43.8065333,45.2417028,29654540.0
2020-10-28,44.9933701,49.4988348,44.8353402,48.892516,51797365.0
2020-10-29,47.7024541,53.7817676,47.7024541,51.0791338,63470495.0
2020-10-30,51.6016,54.923453,49.731042,51.5403231,67329183.0
2020-11-02,51.8950841,54.4235625,51.762855,54.1752298,52491093.0
2020-11-03,55.47172,55.6168495,51.4661458,52.9174408,66161664.0
2020-11-04,53.85917,54.9331283,52.56913,54.1913553,46094823.0
2020-11-05,56.43925,59.6095233,55.14921,59.6095233,67409211.0
2020-11-06,61.115645,64.1311135,58.0163239,61.4188044,80766685.0
2020-11-09,61.792916,62.4605117,59.3805412,61.5832845,52501612.0
2020-11-10,60.2642186,60.2706688,57.0455688,58.8838758,63534950.0
2020-11-11,57.052019,58.6613439,52.9948432,53.0045185,80567515.0
2020-11-12,54.18168,55.890983,53.4657078,54.6106183,58663961.0
2020-11-13,58.0518,58.7032702,55.8877579,56.729509,60919392.0
2020-11-16,55.1588853,55.310465,52.730385,54.8331502,54256539.0
2020-11-17,55.955485,56.4973018,53.0399946,53.85917,56840934.0
2020-11-18,53.4979588,54.5622418,52.3272475,53.85917,41703316.0
2020-11-19,54.18168,54.407437,51.4467952,52.1240662,47005440.0
2020-11-20,53.1012715,57.1616724,52.6400822,56.7811106,70752694.0
2020-11-23,57.052019,59.6708002,55.4942957,59.406342,60402664.0
2020-11-24,61.8477427,62.8862249,58.2807821,59.4031169,64675209.0
2020-11-25,59.01933,61.825167,58.245306,59.1902603,47385764.0
2020-11-26,59.2160611,59.599848,55.2233873,56.7037082,49653819.0
2020-11-27,56.5392281,57.374529,54.6106183,56.148991,39747615.0
2020-11-30,55.310465,57.0004174,53.5398851,55.5200965,37921283.0
2020-12-01,54.407437,57.08427,53.85917,57.0229931,40156431.0
2020-12-02,55.181461,55.632975,54.18168,54.7460725,49240138.0
2020-12-03,54.7460725,56.0070866,53.8462696,55.1782359,36558081.0
2020-12-04,55.342716,57.664788,54.955704,55.4265686,39448988.0
2020-12-07,55.245963,56.9746166,54.5396661,56.5327779,32218589.0
2020-12-08,57.439031,58.69682,56.987517,57.3971047,44574324.0
2020-12-09,57.72929,58.3839853,55.79423,55.8716324,31571447.0
2020-12-10,54.18168,55.3620666,53.5431102,54.6718952,37043628.0
2020-12-11,54.6170685,54.6170685,52.504628,53.85917,35487818.0
2020-12-14,53.794668,55.1105088,52.56913,54.891202,30213225.0
2020-12-15,54.9073275,56.4553755,54.342935,56.342497,36221802.0
2020-12-16,56.76176,56.987517,55.116959,55.4297937,23815385.0
2020-12-17,55.2072618,55.7716543,54.5074151,55.4039929,18977260.0
2020-12-18,55.632975,58.0808259,55.2201622,56.76176,48848510.0
2020-12-21,56.923015,62.437936,56.600505,62.437936,66779763.0
2020-12-22,62.2379798,62.2379798,59.2321866,59.34184,58681041.0
2020-12-23,59.3063639,61.534908,59.0064296,60.2416429,42707945.0
2020-12-24,59.66435,59.66435,58.0518,59.01933,26045354.0
2020-12-25,59.1225332,60.0352365,58.406561,59.7353022,21133069.0
2020-12-28,59.438593,61.3962287,58.890326,60.6093043,30338431.0
2020-12-29,59.98686,59.98686,57.5551346,57.600286,36117782.0
2020-12-30,58.2646566,61.9057945,58.2646566,59.98686,51043108.0
2020-12-31,60.9092386,63.1571333,59.4256926,62.663693,50511942.0
2021-01-04,60.95439,68.1012116,60.3383959,66.6821676,58950161.0
2021-01-05,66.43706,71.3488873,65.1502451,70.919949,54530597.0
2021-01-06,70.8618972,71.6552718,68.37212,69.758913,43465214.0
2021-01-07,69.855666,73.6354832,69.081642,72.5776504,42860254.0
2021-01-08,75.14483,75.5705432,71.177957,73.3742501,42675836.0
2021-01-11,75.6576209,79.01495,74.4933598,75.7446986,53425466.0
2021-01-12,74.757818,77.3217725,70.9522,76.4316449,43312458.0
2021-01-13,76.75738,80.5887988,74.0773219,77.176643,48034787.0
2021-01-14,74.82232,75.9349795,71.7068734,72.2261145,44595502.0
2021-01-15,71.59722,73.8289892,69.823415,72.629252,37705046.0
2021-01-18,70.9522,72.24224,69.7460126,71.4972419,26378933.0
2021-01-19,71.6165706,72.629252,68.8752356,69.726662,27625013.0
2021-01-20,70.919949,72.984013,70.3104051,71.59722,38140108.0
2021-01-21,70.9522,77.273396,69.9233931,75.9575552,58570987.0
2021-01-22,76.0220572,78.5827866,74.6642901,78.3441292,42388678.0
2021-01-25,79.498715,84.8040045,79.01495,83.8526,55938894.0
2021-01-26,82.88507,84.6879009,80.9467849,81.9884922,39455544.0
2021-01-27,80.692002,83.6719944,75.628595,82.88507,52135100.0
2021-01-28,79.3277847,81.433775,78.3634798,78.8085436,32646175.0
2021-01-29,80.30499,80.7661793,76.596125,79.65997,33598269.0
2021-02-01,79.01495,80.6694263,77.07989,79.6244939,26379450.0
2021-02-02,81.27252,86.43268,80.788755,86.271425,47109997.0
2021-02-03,86.464931,88.1645587,83.949353,84.82013,38402952.0
2021-02-04,83.20758,85.4296739,82.3497034,83.820349,31035090.0
2021-02-05,84.49762,86.5229828,79.821225,80.30499,48055051.0
2021-02-08,80.3017649,81.5885798,77.4056251,80.692002,37246177.0
2021-02-09,81.627281,83.5365402,79.821225,82.88507,37495428.0
2021-02-10,84.17511,87.2905566,81.59503,86.0940445,41893871.0
2021-02-18,86.7100386,86.7100386,82.3464783,83.5268649,47264558.0
2021-02-19,82.207799,83.0979266,79.2503823,82.9979485,38258702.0
2021-02-22,82.756066,82.7754166,77.2250195,77.2475952,42713093.0
2021-02-23,74.0450709,75.7963002,71.887479,72.56475,47651022.0
2021-02-24,72.56475,73.7225609,65.663036,67.4013649,67648518.0
2021-02-25,69.5879827,69.6137835,66.372558,67.4852175,36953222.0
2021-02-26,63.373215,65.79204,62.56694,63.6215477,50361602.0
2021-03-01,64.82451,68.0463849,63.695725,68.017359,44429351.0
2021-03-02,69.2267715,69.597658,66.1855022,68.178614,38792835.0
2021-03-03,66.11455,67.823853,65.1373447,67.6464725,26306180.0
2021-03-04,66.11455,66.146801,63.631223,64.018235,34684991.0
2021-03-05,60.4286987,64.3439701,60.0449118,63.3312887,32531909.0
2021-03-08,63.3312887,63.6408983,56.9971923,56.9971923,59132823.0
2021-03-09,55.6039491,57.600286,52.2562953,55.0460068,59920495.0
2021-03-10,58.0518,58.6581188,56.6908078,57.1455469,43150717.0
2021-03-11,57.0681445,59.66435,56.148991,59.0096547,36782790.0
2021-03-12,60.0416867,60.6286549,57.697039,58.5936168,30184822.0
2021-03-15,57.5841605,58.37431,55.47172,56.2005926,29560239.0
2021-03-16,57.2713258,57.761541,55.9135587,56.9133397,19705640.0
2021-03-17,56.1231902,58.0421247,55.3040148,57.0455688,21370528.0
2021-03-18,57.6615629,58.2549813,57.1745728,57.5841605,20106437.0
2021-03-19,55.79423,56.5585787,54.7170466,55.1975865,25822722.0
2021-03-22,55.5781483,56.5940548,54.8299251,56.052238,18568291.0
2021-03-23,56.697258,56.8198118,53.633413,54.4945147,22664897.0
2021-03-24,54.1784549,54.5815924,52.24662,52.4852774,24826930.0
2021-03-25,50.63407,52.7142595,50.182556,51.988612,25619064.0
2021-03-26,52.5723551,55.47172,52.536879,55.1459849,32853032.0
2021-03-29,54.8299251,54.9815048,53.149648,54.213931,23472864.0
2021-03-30,51.92411,54.50419,51.311341,54.50419,33893090.0
2021-03-31,54.5719171,55.6781264,52.4272256,53.0561201,27015303.0
2021-04-01,54.18168,55.439469,53.8623951,54.5267657,29995780.0
2021-04-02,55.1459849,57.471282,54.3687358,56.7198337,34953200.0
2021-04-06,57.019768,57.8066924,55.729728,56.7907859,25590985.0
2021-04-07,57.1326465,57.4325808,54.665445,55.1459849,28170350.0
2021-04-08,54.50419,55.310465,53.8978712,54.9815048,16004306.0
2021-04-09,55.439469,55.503971,53.53666,53.7688672,20499577.0
2021-04-12,53.7720923,54.6299689,52.440126,52.7174846,20126800.0
2021-04-13,52.7239348,54.0623513,52.7239348,52.8948651,15857894.0
2021-04-14,53.85917,55.14921,53.85917,55.1330845,29847317.0
2021-04-15,54.342935,54.3913115,52.730385,53.375405,24991213.0
2021-04-16,53.343154,53.665664,51.7080283,53.310903,23459944.0
2021-04-19,53.21415,57.08427,52.9496918,56.7778855,50735050.0
2021-04-20,56.43925,56.43925,54.7557478,55.2266124,37567703.0
2021-04-21,54.50419,55.0169809,53.9139967,54.3719609,23048888.0
2021-04-22,54.8267,55.4007678,53.9301222,54.4106621,19750844.0
2021-04-23,53.9172218,55.2717638,53.6237377,54.5848175,22882799.0
2021-04-26,54.8267,55.79423,53.9397975,54.020425,31951410.0
2021-04-27,53.53666,53.988174,52.698134,53.1947994,25563921.0
2021-04-28,53.1689986,54.3558354,52.5562296,53.375405,21841198.0
2021-04-29,52.56913,53.1915743,52.311122,52.5530045,27585404.0
2021-04-30,52.0821399,52.311122,50.5405421,51.1404107,35989914.0
2021-05-06,50.63407,50.63407,48.3765,48.3765,42315808.0
2021-05-07,47.7701812,48.3635996,46.2447089,46.4253145,37798038.0
2021-05-10,46.4253145,47.8443585,45.6158144,47.40897,26073875.0
2021-05-11,46.344687,47.9765876,45.4642347,47.2670656,26963996.0
2021-05-12,47.8153326,49.98905,47.8153326,49.5794623,38465914.0
2021-05-13,48.6183825,48.69901,47.9120856,48.0507649,21269609.0
2021-05-14,47.699229,49.698791,47.1864381,49.5149603,30027866.0
2021-05-17,50.1277293,51.8854088,49.8116695,51.5306478,36300256.0
2021-05-18,51.6016,52.182118,50.5953688,51.182337,19495212.0
2021-05-19,51.569349,56.11674,51.5628988,55.7232778,59649087.0
2021-05-20,54.8267,57.2648756,54.536441,55.7748794,49988848.0
2021-05-21,56.1199651,57.4035549,54.858951,55.858732,33496551.0
2021-05-24,55.4426941,56.600505,54.8202498,55.9458097,27172287.0
2021-05-25,56.43925,57.40678,55.697477,56.9294652,33152287.0
2021-05-26,57.40678,59.5288958,56.76176,56.8165867,34557799.0
2021-05-27,57.72929,57.9485968,56.277995,57.2293995,23402610.0
2021-05-28,57.2293995,59.66435,56.7843357,58.5936168,37119487.0
2021-05-31,56.5231026,57.7647661,54.8847518,57.632537,43755316.0
2021-06-01,57.6422123,61.567159,57.6422123,61.1027446,51360412.0
2021-06-02,61.2769,61.8735435,59.728852,60.148115,29434964.0
2021-06-03,60.180366,60.470625,58.1098518,59.309589,25080057.0
2021-06-04,58.5710411,61.92192,58.2195052,61.083394,31984839.0
2021-06-07,61.59941,62.2025037,60.30937,61.3897785,25451802.0
2021-06-08,62.56694,66.308056,62.3250575,65.4082531,55923856.0
2021-06-09,65.437279,65.630785,63.5409202,65.14702,31655582.0
2021-06-10,65.1631455,69.6782855,64.82451,69.0526161,44100032.0
2021-06-11,69.113893,74.1611745,68.3979208,73.2162202,54008511.0
2021-06-15,74.6739654,76.692878,72.5228237,74.9255232,51810075.0
2021-06-16,72.88726,74.7126666,67.9399566,68.04961,61817590.0
2021-06-17,68.0367096,74.854571,67.9947833,74.854571,51997758.0
2021-06-18,76.11236,81.3757232,75.6769715,79.01495,57189601.0
2021-06-21,78.6537388,80.4855956,74.8642463,78.2344758,43052635.0
2021-06-22,78.36993,79.65997,76.11236,76.7186788,31642808.0
2021-06-23,75.14483,80.562998,74.983575,78.466683,39450060.0
2021-06-24,78.69244,81.2305937,77.4604518,78.9794739,31228504.0
2021-06-25,79.65997,80.1953366,76.75738,79.0117249,29650236.0
2021-06-28,79.0117249,82.24005,78.5376352,81.7982113,34727198.0
2021-06-29,83.014074,83.723596,80.6275,81.691783,30625754.0
2021-06-30,80.6275,82.723815,79.33746,80.95001,28540731.0
2021-07-01,80.95001,81.433775,75.983356,76.305866,42260287.0
2021-07-02,75.14483,78.531185,73.8193139,77.0927904,37426013.0
2021-07-05,76.1252604,80.6275,75.9736807,80.4823705,32490116.0
2021-07-06,82.24005,84.1815602,77.72491,80.788755,51791670.0
2021-07-07,78.69244,83.401086,77.6862088,82.2690759,38638656.0
2021-07-08,81.59503,84.3492654,80.9887112,81.2596196,39390995.0
2021-07-09,80.9113088,82.2368249,78.0087188,80.2469382,36494699.0
2021-07-12,81.691783,88.0162041,81.111265,85.9424648,56005708.0
2021-07-13,85.9456899,86.9906223,83.9235522,85.497401,27731391.0
2021-07-14,84.17511,84.17511,79.01495,79.1084779,61271686.0
2021-07-15,77.07989,78.5473105,74.1773,76.241364,55189867.0
2021-07-16,76.0317325,76.0317325,71.2843853,71.8939292,56274148.0
2021-07-19,70.9522,74.8190949,69.113893,72.2325647,37218723.0
2021-07-20,70.9522,74.0031446,70.6651661,73.371025,24674966.0
2021-07-21,74.564312,79.0117249,74.1805251,77.7990873,47151119.0
2021-07-22,79.434213,80.4468944,77.4572267,80.2920896,37477327.0
2021-07-23,79.8018744,84.49762,79.0407508,83.4268868,46056227.0
2021-07-26,80.8145558,83.7687474,77.7281351,80.1598605,40442824.0
2021-07-27,79.33746,83.1688788,76.499372,76.9863621,37770720.0
2021-07-28,74.1740749,77.757161,72.2390149,76.273615,33219863.0
2021-07-29,79.6406194,82.981823,78.3118782,82.949572,42885105.0
2021-07-30,82.9463469,86.529433,81.3144463,85.3716221,45799399.0
2021-08-02,89.01276,93.9084618,88.141983,93.9084618,62225903.0
2021-08-03,96.43049,96.43049,88.6934751,90.3286008,48934853.0
2021-08-04,91.2735551,99.3621059,90.94782,99.3621059,53430639.0
2021-08-05,97.07551,98.7686875,95.0985237,96.5788446,36882291.0
2021-08-06,100.996336,102.3838256,96.317592,97.92449856,45362627.0
2021-08-09,95.18824,95.9626528,91.316176,94.7203656,34162079.0
2021-08-10,94.72359232,97.54697232,90.993504,94.220224,33103516.0
2021-08-11,93.252208,96.42407376,92.33581952,95.18501328,26399395.0
2021-08-12,94.542896,101.11895136,93.37159664,99.69919456,38277898.0
2021-08-13,97.769616,100.835,96.15302928,96.80805344,24690646.0
2021-08-16,95.833584,95.833584,91.96152,92.0905888,30506701.0
2021-08-17,91.4613784,93.736216,89.702816,90.44818832,27205840.0
2021-08-18,92.09381552,92.95857648,89.76412368,91.52913952,22172302.0
2021-08-19,91.52913952,96.37567296,89.88673904,94.77521984,36167179.0
2021-08-20,93.252208,94.7364992,90.993504,91.99056048,24717320.0
2021-08-23,90.832168,95.00754368,88.9122696,93.5103456,29582687.0
2021-08-24,94.47513488,97.446944,93.5910136,96.236924,27439906.0
2021-08-25,96.0917216,96.7370656,93.897552,95.5754464,17914538.0
2021-08-26,95.833584,96.40471344,91.15484,91.15484,26368159.0
2021-08-27,90.66760528,95.52059216,90.34816,92.9779368,26288930.0
2021-08-30,89.52211968,92.929536,88.39922112,90.98382384,41909234.0
2021-08-31,92.56814336,92.56814336,86.0082216,89.380144,32966834.0
2021-09-01,89.380144,89.69313584,83.1203072,85.9275536,28767422.0
2021-09-02,86.15665072,87.76355728,84.7659344,86.153424,16524443.0
2021-09-03,86.15665072,87.444112,80.7970688,81.99418192,28796413.0
2021-09-06,83.89149328,90.025488,83.572048,89.5737472,39778881.0
2021-09-07,89.5737472,90.70632592,88.17657744,89.0413384,20763353.0
2021-09-08,89.6705488,90.11583616,86.67292592,86.98914448,18257806.0
2021-09-09,87.766784,90.21263776,85.7662176,87.67320912,21625641.0
2021-09-10,87.67320912,87.93780016,84.74657408,85.70490992,23875736.0
2021-09-13,86.58257776,87.76033056,83.63012896,84.33355392,21349179.0
2021-09-14,84.34323408,89.057472,82.94606432,86.87298256,35469000.0
2021-09-15,86.44060208,87.12144,83.89472,84.2657928,21880911.0
2021-09-16,84.2657928,85.43386544,80.83901616,80.990672,22080971.0
2021-09-17,81.636016,82.926704,80.82610928,82.32008064,13942107.0
2021-09-22,80.022656,81.13264768,78.74164816,79.7645184,16341286.0
2021-09-23,81.90383376,83.09449344,80.30660736,80.64218624,14978418.0
2021-09-24,80.97776512,83.08804,79.699984,81.23912944,15826700.0
2021-09-27,81.958688,83.08481328,79.6354496,81.47468,17999094.0
2021-09-28,81.2810768,81.90060704,79.47088688,79.65480992,16244438.0
2021-09-29,78.409296,79.01591936,75.82792,76.150592,24555481.0
2021-09-30,76.8604704,80.5711984,76.5377984,80.50989072,22503801.0
2021-10-08,83.24292256,83.88826656,80.668,81.636016,19410395.0
2021-10-11,81.6682832,84.8950032,80.022656,82.523364,21197273.0
2021-10-12,82.28136,84.8304688,81.63924272,82.92993072,21165134.0
2021-10-13,82.92993072,88.2830592,82.06516976,87.5086464,32197810.0
2021-10-14,87.444112,89.05424528,86.52127008,88.07009568,17779932.0
2021-10-15,88.7348,92.7682,87.444112,91.42265776,28784505.0
2021-10-18,91.719516,93.13281936,90.36106688,92.25837824,21621378.0
2021-10-19,92.929536,95.15919952,91.638848,91.89375888,19385785.0
2021-10-20,92.284192,95.18824,92.03896128,93.7684832,21704509.0
2021-10-21,93.897552,94.4138272,91.64207472,92.61009072,18062575.0
2021-10-22,94.2847584,97.124272,93.252208,96.8016,33654868.0
2021-10-25,97.80510992,102.8194328,97.52115856,102.3999592,33518976.0
2021-10-26,106.643096,107.55625776,102.53225472,102.93559472,31324434.0
2021-10-27,100.996336,105.42662256,100.44134016,103.81648928,21906777.0
2021-10-28,103.12919792,104.4811936,98.5440288,99.37652256,29826714.0
2021-10-29,98.45690736,101.24156672,94.79135344,100.45102032,34715958.0
2021-11-01,97.25656752,99.51527152,94.80748704,97.446944,28478587.0
2021-11-02,100.02832,103.1905056,99.26681408,101.28028736,29008740.0
2021-11-03,101.03828336,101.2706072,96.75642592,97.77284272,19724814.0
2021-11-04,100.39293936,106.159088,99.71532816,104.8684,34996434.0
2021-11-05,104.545728,105.513744,100.99956272,101.319008,19418326.0
2021-11-08,99.41201648,103.12919792,99.060304,101.64168,16984947.0
2021-11-09,101.6578136,106.47207984,101.6578136,103.47768368,20330504.0
2021-11-10,101.319008,101.8352832,97.31142176,100.11221472,27487850.0
2021-11-11,100.996336,102.28379728,99.3991096,100.67043728,13885150.0
2021-11-12,101.8998176,102.20312928,98.576296,98.98931616,14888382.0
2021-11-15,98.98931616,98.98931616,93.71685568,95.16887968,22537224.0
2021-11-16,94.865568,96.05622768,92.929536,94.70745872,15180848.0
2021-11-17,96.8016,97.84705728,94.865568,95.7851832,16337775.0
2021-11-18,95.1237056,96.44020736,93.57488,95.3173088,12909722.0
2021-11-19,95.42056384,96.8016,92.929536,95.77550304,17515864.0
2021-11-22,96.2853248,100.51555472,96.2207904,100.350992,28702045.0
2021-11-23,99.34425536,99.94119856,98.08583456,99.53785856,15036257.0
2021-11-24,98.55370896,99.8992512,97.124272,97.8341504,14193817.0
2021-11-25,97.8341504,98.25039728,93.9943536,96.156256,17097144.0
2021-11-26,95.18824,98.34074544,94.8817016,96.04654752,12249393.0
2021-11-29,94.1556896,99.08289104,93.55229296,98.24071712,20015675.0
2021-11-30,99.060304,99.382976,97.769616,98.3181584,13178826.0
2021-12-01,98.4794944,99.22164,96.92421536,98.51821504,10827864.0
2021-12-02,98.41496,101.33836832,97.8018832,99.6411136,18007211.0
2021-12-03,99.05707728,99.9637856,96.43375392,99.0280368,21032715.0
2021-12-06,97.124272,100.51555472,97.07909792,97.366276,17880086.0
2021-12-07,98.74085872,98.8505672,93.92336576,95.1237056,22767860.0
2021-12-08,95.51413872,97.124272,95.026904,97.05651088,15438176.0
2021-12-09,96.8016,97.00488336,95.84326416,96.640264,11295711.0
2021-12-10,95.50768528,97.45662416,94.4783616,97.25979424,14487273.0
2021-12-13,97.76638928,97.769616,96.156256,96.2853248,14294124.0
2021-12-14,95.349576,95.85617104,94.12019568,94.6719648,15711128.0
2021-12-15,94.67519152,95.349576,94.12664912,94.6558312,9815036.0
2021-12-16,94.542896,94.70100528,90.025488,92.3487264,27866516.0
2021-12-17,91.638848,92.24547136,89.89964592,90.01903456,15111815.0
2021-12-20,90.09970256,90.82248784,86.56644416,87.282776,21784503.0
2021-12-21,87.282776,89.30915616,86.93106352,89.12523312,14965305.0
2021-12-22,90.35138672,92.01960096,89.38337072,90.09647584,14444230.0
2021-12-23,91.00318416,91.9292528,89.43177152,90.34493328,12302134.0
2021-12-24,90.98705056,90.993504,85.49517312,87.12144,20996881.0
2021-12-27,86.798768,87.61835488,85.830752,86.16310416,10718995.0
2021-12-28,86.5244968,87.444112,85.89851312,87.3957112,11854284.0
2021-12-29,87.8151848,87.83777184,84.862736,86.798768,14160304.0
2021-12-30,86.476096,88.08300256,85.830752,86.19537136,11732673.0
2021-12-31,88.089456,88.47343568,86.153424,86.51481664,11629197.0
2022-01-04,89.057472,90.1706904,85.57906784,87.444112,24466089.0
2022-01-05,85.3628776,85.98563456,81.22299584,81.71991072,30170891.0
2022-01-06,80.668,82.12970416,79.98716208,80.67445344,17590784.0
2022-01-07,81.2488096,81.62310912,79.05464,79.538648,16193355.0
2022-01-10,79.05464,80.49698384,77.12828816,79.4741136,16214182.0
2022-01-11,79.46766016,79.46766016,76.7314016,77.14764848,21244147.0
2022-01-12,79.377312,82.604032,78.83199632,82.604032,32360224.0
2022-01-13,83.16548128,83.43007232,80.21948592,82.38138832,21710390.0
2022-01-14,80.9261376,83.0235056,80.668,81.68119008,14954815.0
2022-01-17,81.64246944,86.31153328,81.64246944,85.98886128,24114466.0
2022-01-18,85.96304752,86.78586112,84.6368656,85.85656576,12505443.0
2022-01-19,85.8146184,86.43737536,80.76802832,81.62633584,23188180.0
2022-01-20,81.3456112,81.86511312,79.699984,81.01325904,14998647.0
2022-01-21,81.01648576,82.52013728,79.48379376,80.7970688,11239432.0
2022-01-24,79.40312576,81.59729536,78.81908944,81.1197408,10837686.0
2022-01-25,80.022656,80.990672,77.44128,77.54130832,17277223.0
2022-01-26,79.05464,81.11328736,78.18665232,80.50343728,17444584.0
2022-01-27,79.699984,80.4421296,77.763952,77.85107344,13264963.0
2022-01-28,77.43482656,78.086624,70.91039872,73.1820096,32437311.0
2022-02-07,77.69619088,80.43567616,76.79916272,78.8610368,25112453.0
2022-02-08,78.409296,78.409296,74.42107008,76.46358384,19903953.0
2022-02-09,77.1347416,79.5063808,75.83760016,79.11272096,19992864.0
2022-02-10,79.62576944,80.022656,76.8282032,77.48000064,14628460.0
2022-02-11,76.1667256,77.48000064,73.730552,74.27586768,19943926.0
2022-02-14,74.2790944,75.82792,72.6012,74.85345056,13319949.0
2022-02-15,74.91798496,77.42837312,74.91798496,76.89596432,15852428.0
2022-02-16,78.086624,79.05141328,77.56712208,77.6348832,12872491.0
2022-02-17,78.16406528,80.26143328,77.118608,79.18693552,19106386.0
2022-02-18,77.763952,79.18048208,77.44128,78.39638912,9910466.0
2022-02-21,77.763952,79.3127776,77.32511808,78.05113008,10953804.0
2022-02-22,77.118608,77.118608,75.6020496,76.6184664,12545211.0
2022-02-23,78.0543568,81.48113344,77.12183472,81.313344,29114890.0
2022-02-24,80.05814992,81.24235616,77.95110176,79.00946592,23821988.0
2022-02-25,80.6357328,81.43595936,79.96780176,79.97102848,14601353.0
2022-02-28,79.6677168,80.72930768,79.377312,80.5389312,11829090.0
2022-03-01,82.28136,82.80086192,80.425996,81.24235616,17651958.0
2022-03-02,80.345328,80.46148992,78.71906112,80.2162592,12124247.0
2022-03-03,80.51311744,80.94549792,78.731968,79.12240112,9963340.0
2022-03-04,76.57329232,78.04144992,74.21456,75.4407136,29170634.0
2022-03-07,73.21105008,73.46918768,70.99429344,72.15268592,23612920.0
2022-03-08,71.33632576,72.75930928,67.76112,69.75845968,29149934.0
2022-03-09,70.019824,72.1494592,67.76112,72.14623248,25113522.0
2022-03-10,75.15353552,75.32132496,73.891888,73.9241552,24834283.0
2022-03-11,71.633184,74.79214288,70.99429344,74.1661592,18611604.0
2022-03-14,72.6012,72.6012,70.665168,70.665168,15084061.0
2022-03-15,68.12573936,71.633184,67.57719696,68.6646016,19820362.0
2022-03-16,71.310512,74.21456,69.1163424,74.03063696,33376627.0
2022-03-17,77.56389536,77.72523136,75.71821152,75.7956528,31584430.0
2022-03-18,75.7956528,77.07666064,74.8760376,75.666584,15054856.0
2022-03-21,77.44128,80.30338064,76.85079024,79.17725536,27917768.0
2022-03-22,79.05464,79.8290528,78.09307744,78.9901056,11507907.0
2022-03-23,80.668,80.990672,79.46443344,79.75483824,14850096.0
2022-03-24,78.6351664,80.668,78.2156928,79.72579776,11368127.0
2022-03-25,79.7322512,80.33242112,75.50847472,75.92794832,20802373.0
2022-03-28,75.7956528,75.7956528,73.85316736,74.3436288,14310354.0
2022-03-29,75.15676224,76.311928,73.8273536,74.537232,13858731.0
2022-03-30,73.246544,76.47971744,71.70417184,76.47971744,25125996.0
2022-03-31,75.57300912,75.82792,73.21105008,74.1500256,16173143.0
2022-04-01,73.17878288,77.29930432,73.1174752,76.13768512,18294805.0
2022-04-06,79.05464,79.377312,77.31543792,78.0543568,20529330.0
2022-04-07,77.44128,79.1514416,77.12183472,77.44128,12269953.0
2022-04-08,77.44450672,79.538648,77.1508752,78.72551456,17171897.0
2022-04-11,77.44128,77.91883456,74.053224,75.182576,19307007.0
2022-04-12,74.859904,76.97663232,74.6017664,76.84756352,12888867.0
2022-04-13,75.83437344,78.0704904,75.18580272,76.473264,10967251.0
2022-04-14,78.086624,79.05141328,77.72200464,77.85752688,13163750.0
2022-04-15,76.957272,77.44128,75.101908,76.2151264,12923931.0
2022-04-18,75.76015888,77.763952,74.21456,77.1508752,11059238.0
2022-04-19,78.46092352,80.9584048,78.45124336,79.00946592,20778154.0
2022-04-20,79.91294752,80.12913776,77.71877792,78.01563616,13078093.0
2022-04-21,76.72172144,77.68973744,74.8921712,75.51815488,15404876.0
2022-04-22,74.21778672,76.04088352,73.91124832,75.9569888,10816219.0
2022-04-25,74.21456,76.29256768,73.12392864,73.40788,16188917.0
2022-04-26,73.88866128,76.1021912,73.70796496,74.79859632,15817620.0
2022-04-27,73.12070192,76.08928432,70.60386032,75.83114672,25434167.0
2022-04-28,75.6988512,75.989256,74.21456,74.85345056,14637213.0
2022-04-29,75.4407136,78.67711376,74.456564,78.409296,24816310.0
2022-05-05,79.4418464,81.43918608,78.01240944,80.2807936,25325879.0
2022-05-06,77.77040544,79.377312,77.4735472,78.11243776,14548866.0
2022-05-09,74.537232,76.43777008,74.537232,75.09545456,17511635.0
2022-05-10,72.3107952,75.39553952,71.72353216,75.28905776,20969664.0
2022-05-11,74.859904,82.81699552,74.698568,81.5392144,45952571.0
2022-05-12,80.66477328,83.1525744,80.25175312,81.98772848,24115606.0
2022-05-13,83.8301856,87.605448,82.57499152,87.14725376,36712061.0
2022-05-16,87.47960592,88.089456,85.6048816,86.19214464,20236880.0
2022-05-17,86.79231456,91.96152,86.637432,91.15484,29348903.0
2022-05-18,91.15484,92.929536,90.025488,90.80635424,20530270.0
2022-05-19,88.83482832,92.0744552,88.5089296,91.80341072,17363651.0
2022-05-20,92.61009072,94.09438192,90.7353664,92.8327344,17868336.0
2022-05-23,94.4460944,96.156256,92.86822832,95.2527744,25558816.0
2022-05-24,93.57488,94.52998912,90.670832,90.670832,29049653.0
2022-05-25,90.75472672,93.1392728,89.71249616,92.6713984,23085773.0
2022-05-26,92.72625264,93.96853984,91.15484,92.49070208,14309499.0
2022-05-27,94.5267624,96.03041392,92.4939288,93.21348736,15318685.0
2022-05-30,94.220224,96.7047984,93.92336576,96.19497664,21852350.0
2022-05-31,96.8016,97.11136512,94.70745872,95.48187152,17701119.0
2022-06-01,96.156256,98.3504256,94.58161664,96.79514656,21691175.0
2022-06-02,95.510912,98.41496,95.25922784,97.13072544,17772777.0
2022-06-06,98.092288,103.40669584,97.6244136,102.68391056,29475729.0
2022-06-07,102.609696,103.21309264,100.38648592,101.60618608,20022089.0
2022-06-08,102.8032992,105.85577632,100.99956272,105.64603952,29051340.0
2022-06-09,107.78212816,108.0305856,103.577712,104.03267952,30754172.0
2022-06-10,103.739048,112.9352,103.59707232,112.5479936,43824900.0
2022-06-13,111.644512,115.79407392,109.9020832,112.5479936,36068132.0
2022-06-14,110.353824,111.25407888,105.58795856,110.86687248,40478934.0
2022-06-15,110.98948784,111.71872656,107.29489344,108.09512,30394787.0
2022-06-16,108.256456,110.5796944,107.58207152,108.417792,19017245.0
2022-06-17,106.5140272,110.0956864,105.53633104,109.063136,26214759.0
2022-06-20,109.08894976,112.50281952,108.10157344,110.41190496,24541557.0
2022-06-21,109.63103872,110.2892896,107.1916384,110.031152,19782739.0
2022-06-22,110.48934624,112.17046736,109.063136,109.66975936,18678783.0
2022-06-23,111.2250384,114.2420216,109.063136,114.064552,32314226.0
2022-06-24,113.89998928,114.96158016,111.64773872,113.2740056,23598355.0
2022-06-27,113.60313104,115.193904,112.39633776,112.83517168,21715524.0
2022-06-28,111.967184,115.7747136,110.58292112,113.8709488,26963471.0
2022-06-29,112.93197328,112.9352,106.96254128,107.00126192,36114602.0
2022-06-30,106.804432,109.4987432,106.48176,107.60788528,22014478.0
2022-07-01,107.18518496,107.449776,103.2873072,106.2236224,23411263.0
2022-07-04,107.127104,109.13089712,106.5462944,108.46941952,20951206.0
2022-07-05,108.740464,109.9020832,106.34946448,107.73695408,17375703.0
2022-07-06,107.7079136,109.9020832,107.12387728,108.4500592,18343420.0
2022-07-07,108.9663344,113.5644104,107.56916464,112.73514336,30464874.0
2022-07-08,112.73514336,113.54182336,109.063136,109.063136,19047757.0
2022-07-11,108.37907136,108.37907136,102.89364736,104.6425296,25431744.0
2022-07-12,103.25504,103.577712,96.82741376,99.705648,45051469.0
2022-07-13,99.705648,101.26738048,95.75936944,99.98959936,34106695.0
2022-07-14,99.67660752,104.223056,99.060304,104.223056,27248936.0
2022-07-15,108.09512,112.89970608,107.449776,109.12444368,44450784.0
2022-07-18,111.32184,111.644512,105.836416,108.7727312,23891156.0
2022-07-19,108.7727312,108.7727312,105.71380064,106.8366992,15818025.0
2022-07-20,107.44332256,107.72727392,106.18490176,107.0303024,10326348.0
2022-07-21,106.159088,106.804432,104.20369568,104.707064,13200328.0
2022-07-22,105.19429872,107.98541152,105.191072,106.35914464,14177374.0
2022-07-25,105.191072,105.513744,103.25504,104.2069224,11501710.0
2022-07-26,104.05526656,105.73316096,103.25504,104.8684,10765616.0
2022-07-27,104.545728,106.4172256,103.58093872,105.1265376,9105572.0
2022-07-28,106.16554144,106.9496344,104.545728,105.00714896,10906517.0
2022-07-29,104.255033,105.8043338,102.62826716,103.40291756,11485364.0
2022-08-01,102.63472258,107.18579368,102.09892272,106.68872634,18758376.0
2022-08-02,104.8682979,106.66936008,103.7063223,105.4170086,15664266.0
2022-08-03,105.4492857,108.07986935,102.92844419,103.92903429,18872311.0
2022-08-04,105.868888,106.98890337,103.9645391,105.4815628,18663677.0
2022-08-05,106.51443,107.12446719,102.73155388,104.73596179,15756385.0
2022-08-08,103.96776681,104.8682979,102.963949,103.72246085,12948786.0
2022-08-09,103.66758978,104.5132498,102.68959365,103.19634412,11610661.0
2022-08-10,103.1898887,103.1898887,98.445155,99.52643785,25849901.0
2022-08-11,100.52057253,101.96013119,98.6388176,101.67932042,16544481.0
2022-08-12,101.67932042,102.08601188,100.05901,100.68195803,10133763.0
2022-08-15,100.7691062,103.03818633,100.45279062,101.74064691,13511926.0
2022-08-16,101.9310818,103.89675719,101.8342505,102.93812732,15724331.0
2022-08-17,103.28349229,106.3853216,102.22803112,105.84629403,21087113.0
2022-08-18,105.546117,106.51443,104.52616064,105.23625684,14279044.0
2022-08-19,104.91025813,105.68813624,102.318407,103.08982969,12428923.0
2022-08-22,101.995636,105.25239539,100.77556162,104.28408239,14766765.0
2022-08-23,104.577804,105.07809905,102.95749358,103.80638131,9299975.0
2022-08-24,103.82897528,104.24212216,99.8330703,99.8976245,18678283.0
2022-08-25,99.91699076,100.40760268,97.68987086,99.92344618,14022073.0
2022-08-26,101.02409529,102.61858403,100.05901,101.90848783,12212655.0
2022-08-29,101.24357957,102.27644677,100.53993879,101.20484705,8591166.0
2022-08-30,101.8342505,102.8025635,100.05901,100.33336535,11024737.0
2022-08-31,93.926361,95.7338786,91.666964,92.95159258,40805974.0
2022-09-01,91.989735,95.0883366,91.67664713,92.5384457,19258233.0
2022-09-02,93.1839877,93.4744816,89.7626151,91.021422,16166192.0
2022-09-05,86.825399,87.43220848,84.2755081,86.74793396,35120827.0
2022-09-06,86.75116167,88.58450095,86.24763891,88.09711674,18990284.0
2022-09-07,87.793712,92.00587355,87.3418326,91.2473617,19087317.0
2022-09-08,91.344193,91.98650729,89.407567,89.81425846,11642911.0
2022-09-09,90.69542329,90.85680879,89.40433929,90.2790487,7609826.0
2022-09-13,91.021422,92.53521799,90.17253427,91.9251808,11152411.0
2022-09-14,91.021422,91.6024098,89.16871646,89.83685243,10515106.0
2022-09-15,90.37588,90.5372655,86.15080761,86.9867845,15239523.0
2022-09-16,86.502628,87.61618795,85.32774156,85.85063058,10447636.0
2022-09-19,86.502628,88.4069769,86.07657028,87.26113985,11094999.0
2022-09-20,88.3746998,89.56572479,87.79693971,88.50703591,11124502.0
2022-09-21,87.7291578,87.99060231,86.179857,87.14817,8375363.0
2022-09-22,86.33801479,86.94805198,84.3400623,86.68015205,9279950.0
2022-09-23,86.20890639,87.07393267,85.30191988,85.9861944,7964412.0
2022-09-26,85.9861944,89.084796,85.07598018,88.10034445,14360640.0
2022-09-27,88.10357216,88.70715393,87.16753626,88.42634316,8309593.0
2022-09-28,88.116483,88.116483,85.6957005,85.73443302,8562018.0
2022-09-29,87.14817,87.7291578,85.211544,85.39552347,8835668.0
2022-09-30,84.888773,85.06629705,80.369979,81.34151971,21403588.0
2022-10-10,81.42544017,82.7584844,80.51199824,81.0800752,11747850.0
2022-10-11,81.338292,83.07479998,80.47649343,82.30983271,13282039.0
2022-10-12,81.983834,84.96946575,80.67661145,84.67574414,14487143.0
2022-10-13,83.92046,84.888773,83.30073968,83.33301678,9618660.0
2022-10-14,84.59182368,86.8576761,83.90432145,85.38584034,14569451.0
2022-10-17,84.888773,84.888773,82.85208799,84.13348886,10967836.0
2022-10-18,90.053109,90.053109,87.9550975,88.33273957,24414179.0
2022-10-19,88.33273957,89.22681524,86.14112448,86.3412425,13400403.0
2022-10-20,85.211544,85.72152218,83.0812554,85.05338621,12841678.0
2022-10-21,85.05661392,87.43220848,84.56922971,85.9539173,10478554.0
2022-10-24,85.5020379,85.95714501,81.84504247,82.49058447,16741256.0
2022-10-25,81.661063,84.11089489,80.70243313,83.24586861,11324267.0
2022-10-26,83.92046,85.22445484,82.40020859,83.23295777,12641527.0
2022-10-27,83.59446129,84.15285512,82.306605,82.306605,9776582.0
2022-10-28,81.661063,81.661063,76.11262951,77.42953519,26316393.0
2022-10-31,76.6581125,81.015521,76.53223181,79.61792257,18794233.0
2022-11-01,79.75994181,84.6305562,79.724437,84.50790322,21928271.0
2022-11-02,84.243231,87.6646036,83.39111556,86.36060876,18731929.0
2022-11-03,85.54077042,87.71624696,85.2438211,86.49617258,10238397.0
2022-11-04,86.81894358,91.35064842,86.502628,90.4404342,22488689.0
2022-11-07,88.762025,91.03110513,88.11325529,90.01437648,13584206.0
2022-11-08,90.19835595,91.2150846,88.2778685,89.21713211,10563449.0
2022-11-09,89.77875365,90.01437648,86.70920144,87.02874473,11194636.0
2022-11-10,85.41488973,85.52463187,82.5648218,84.00438046,15549677.0
2022-11-11,87.3095555,88.10679987,85.58595836,86.7608448,16609959.0
2022-11-14,86.89963633,87.96800834,84.81130796,85.14376209,11523697.0
2022-11-15,85.20831629,86.5994593,83.9527371,86.179857,11284835.0
2022-11-16,85.78607638,86.0507486,83.9527371,84.26905268,10354941.0
2022-11-17,83.89141061,83.89141061,81.84827018,82.952147,11126057.0
2022-11-18,83.20068067,83.77844076,81.8224485,82.20331828,10118376.0
2022-11-21,81.60941964,82.1774966,80.21182121,82.0483882,8251507.0
2022-11-22,82.306605,82.38729775,80.69275,80.85090779,8014551.0
2022-11-23,80.85090779,81.1769065,79.7889912,81.1769065,8846881.0
2022-11-24,81.77403285,82.306605,80.13758388,80.49585969,8531406.0
2022-11-25,80.369979,80.369979,79.078895,79.09503355,8782164.0
2022-11-28,77.46504,79.12085523,76.56773662,79.11439981,9910928.0
2022-11-29,79.49204188,80.58946328,78.433353,80.1440393,12358078.0
2022-11-30,80.16340556,83.92046,79.55659608,83.76552992,21287338.0
2022-12-01,86.502628,87.45480245,85.50849332,86.07011486,25798585.0
2022-12-02,85.50849332,86.36383647,84.07539008,84.59182368,11607538.0
2022-12-05,85.84094745,86.37029189,84.5337249,85.00497056,10523309.0
2022-12-06,84.09798405,87.67428673,83.92368771,86.3735196,12300679.0
2022-12-07,86.38965815,89.82071388,86.38965815,88.35533354,19266593.0
2022-12-08,88.35856125,88.762025,87.42898077,88.53285759,9458065.0
2022-12-09,88.91695508,89.6335067,87.61618795,88.6651937,10099232.0
2022-12-12,87.78080116,88.26818537,86.502628,87.10943748,8012821.0
2022-12-13,87.793712,88.762025,86.9867845,87.0836158,6138433.0
2022-12-14,86.95773511,86.96741824,85.0824356,85.9861944,9436462.0
2022-12-15,85.96360043,87.88408788,85.05338621,87.61941566,9712345.0
2022-12-16,87.17076397,87.59036627,86.35738105,87.31278321,5619664.0
2022-12-19,86.82217129,88.762025,85.73120531,86.0184715,8403891.0
2022-12-20,85.8248089,85.8248089,83.49440228,84.4368936,8490821.0
2022-12-21,84.43043818,84.84035735,83.7913516,84.1786768,4196630.0
2022-12-22,84.888773,85.0501585,83.43953121,83.65901549,5920995.0
2022-12-23,82.6616531,82.7584844,80.8541355,81.39639078,9081868.0
2022-12-26,81.4028462,85.0501585,81.39961849,84.70156582,9354753.0
2022-12-27,85.03724766,85.20508858,83.8559058,84.60473452,5553654.0
2022-12-28,83.1135325,83.6622432,81.661063,82.18395202,10256378.0
2022-12-29,81.98060629,83.55250106,81.38025223,82.22913996,7225577.0
2022-12-30,83.4363035,84.03988527,82.79398921,82.94246387,7488973.0
2023-01-03,82.76171211,84.54018032,80.69275,84.07539008,12137430.0
2023-01-04,83.92046,84.07539008,82.7907615,83.6299661,7267459.0
2023-01-05,84.73384292,86.37029189,84.26259726,85.56013668,11893600.0
2023-01-06,86.47357861,87.5354952,85.5665921,85.9216402,13885523.0
2023-01-09,86.502628,86.502628,84.65960559,85.01142598,11416882.0
2023-01-10,84.58214055,87.01260618,83.05220601,86.04752089,17351254.0
2023-01-11,85.5020379,87.470941,84.37556711,86.82217129,12836375.0
2023-01-12,87.63555421,91.81221095,87.3741097,89.5043983,22347919.0
2023-01-13,89.53990311,90.35328603,88.762025,89.91754518,12841101.0
2023-01-16,89.91754518,89.97887167,87.793712,88.3746998,16499989.0
2023-01-17,88.37792751,88.6006395,86.80280503,87.14494229,11166571.0
2023-01-18,87.09975435,87.9550975,86.01524379,86.825399,8610817.0
2023-01-19,86.46389548,87.42252535,86.02492692,87.3095555,8123863.0
2023-01-20,87.470941,87.75497948,86.18631242,87.17076397,10464935.0
2023-01-30,91.989735,92.958048,90.698651,91.01819429,28185441.0
2023-01-31,91.989735,93.2162648,90.50176069,92.2479518,18711017.0
2023-02-01,92.95159258,98.22889843,92.35769394,98.22889843,27298697.0
2023-02-02,98.72596577,98.80988623,96.81838916,97.67696002,14802993.0
2023-02-03,96.81516145,96.81516145,94.5073488,95.217445,15294828.0
2023-02-06,94.14907299,94.14907299,92.83216731,93.59713458,10044660.0
2023-02-07,94.24590429,94.40406208,92.8289396,93.280819,7683474.0
2023-02-08,93.280819,93.280819,91.2796388,92.20276386,9290144.0
2023-02-09,91.666964,93.22272022,91.1182533,93.06456243,9064889.0
2023-02-10,92.27377348,92.2802289,90.37588,90.97623406,12970811.0
2023-02-13,90.05633671,91.43779659,89.42693326,91.12470872,9346144.0
2023-02-14,91.666964,91.8283495,90.0853861,91.01173887,7364368.0
2023-02-15,91.344193,91.6346869,89.91108976,90.053109,9083216.0
2023-02-16,90.37588,90.95364009,88.71360935,89.41402242,10334815.0
2023-02-17,89.24295379,89.7626151,87.56131688,87.68396986,10099650.0
2023-02-20,87.66137589,88.2133143,86.179857,88.0519288,13070148.0
2023-02-21,87.793712,89.26554776,87.23854588,88.68133225,11369006.0
2023-02-22,87.7614349,87.99383002,86.7931219,87.28373382,8508796.0
2023-02-23,87.1158929,87.68719757,86.6640135,87.29018924,10035821.0
2023-02-24,86.83185442,87.10943748,86.179857,86.36706418,6686761.0
2023-02-27,85.534315,85.82158119,83.274918,83.85913351,16970381.0
2023-02-28,84.243231,84.566002,83.13612647,84.1786768,12033003.0
2023-03-01,84.16253825,86.03138234,83.19745296,85.6957005,14365761.0
2023-03-02,85.89581852,86.54458823,84.566002,85.11794041,11490496.0
2023-03-03,85.53108729,85.60855233,84.59182368,85.14376209,6398161.0
2023-03-06,85.211544,85.41488973,83.274918,85.29869217,11212447.0
2023-03-07,85.26964278,86.17662929,84.0818455,84.13994428,10593288.0
2023-03-08,83.4363035,83.85267809,82.306605,82.94891929,12089760.0
2023-03-09,82.7907615,83.86558893,81.98706171,82.65196997,9673143.0
2023-03-10,81.338292,81.661063,78.2074133,78.47854094,28346408.0
2023-03-13,78.02020612,78.41721445,76.496727,77.62319779,16734341.0
2023-03-14,77.46504,78.2719675,75.21532613,77.45858458,19856816.0
2023-03-15,77.9491965,78.26551208,76.62906311,77.01961602,12071459.0
2023-03-16,75.851185,77.34238702,75.528414,75.78340309,11837025.0
2023-03-17,76.42571738,77.78135558,76.02225363,76.79044861,13500262.0
2023-03-20,76.79044861,77.25846656,75.7220766,76.03516447,8632333.0
2023-03-21,76.46122219,77.30688221,75.78340309,77.30688221,10887269.0
2023-03-22,78.1751362,79.91164418,78.13640368,78.4979072,15533932.0
2023-03-23,78.43012529,79.2402805,77.3036545,79.23705279,9746104.0
2023-03-24,79.2402805,79.92778273,78.59151079,79.40812142,8101826.0
2023-03-27,79.39843829,79.39843829,77.5618713,78.64315415,9249536.0
2023-03-28,78.9175095,79.29515157,78.2396904,79.08212271,8184504.0
2023-03-29,79.57919005,80.77344275,79.57919005,79.9503767,14430262.0
2023-03-30,80.69275,83.0167012,80.69275,83.0167012,20926722.0
2023-03-31,83.58800587,84.19804306,82.306605,82.63583142,16700761.0
2023-04-03,82.629376,83.35238304,81.42221246,82.60355432,13369125.0
2023-04-04,82.56804951,82.56804951,80.04398029,80.98969932,13774433.0
2023-04-06,80.047208,80.97678848,79.29837928,80.69275,8194227.0
2023-04-07,80.70888855,81.38025223,80.15372243,80.46035488,6872291.0
2023-04-10,80.46035488,81.0800752,79.401666,81.015521,9805791.0
2023-04-11,81.38670765,82.14199179,80.2408706,80.63787893,8745512.0
2023-04-12,80.3054248,80.3054248,78.53986743,78.5624614,11232970.0
2023-04-13,77.65224718,78.433353,76.74526067,78.37525422,8096464.0
2023-04-14,78.5624614,79.87613937,78.43012529,79.42103226,10550644.0
2023-04-17,79.078895,80.58946328,78.82390591,80.51199824,9039385.0
2023-04-18,80.8218584,81.39639078,80.18922724,80.369979,7843220.0
2023-04-19,80.369979,81.7256172,79.43071539,80.96710535,11192747.0
2023-04-20,80.67015603,80.67015603,79.078895,79.08535042,10030830.0
2023-04-21,78.9175095,80.35384045,78.433353,78.433353,10405248.0
2023-04-24,78.7884011,83.4685806,78.49145178,81.81922079,26701734.0
2023-04-25,81.015521,81.2737378,78.1751362,78.8529553,18741873.0
2023-04-26,78.433353,82.15813034,77.787811,81.015521,17449204.0
2023-04-27,80.69275,83.59446129,80.54750305,83.57186732,24246438.0
2023-04-28,84.39493337,84.87908987,81.983834,82.58418806,19194480.0
2023-05-04,82.306605,83.14903731,81.1446294,81.50613292,11812427.0
2023-05-05,81.51581605,81.9192798,80.03106945,80.71534397,10243959.0
2023-05-08,81.661063,83.6299661,81.50613292,81.99351713,12162620.0
2023-05-09,80.70566084,81.77726056,80.369979,80.72825481,8988483.0
2023-05-10,81.015521,84.62410078,80.4345332,83.85267809,25369089.0
2023-05-11,84.16899367,87.0836158,83.49440228,85.13085125,21423687.0
2023-05-12,85.857086,86.58332075,83.76552992,83.9527371,10457353.0
2023-05-15,83.9527371,86.03461005,83.5008577,85.5020379,13692627.0
2023-05-16,85.33742469,86.31542082,84.9533272,85.57627523,8163931.0
2023-05-17,85.53108729,85.7925318,83.60091671,84.243231,8955605.0
2023-05-18,84.6628333,85.17281148,82.81012776,83.62351068,10069665.0
2023-05-19,83.33301678,84.21740932,82.7262073,83.65578778,6010582.0
2023-05-22,84.21740932,85.857086,82.97796868,85.5665921,12016521.0
2023-05-23,85.54722584,86.14112448,84.86617903,84.86617903,9061940.0
2023-05-24,84.4368936,85.534315,83.76552992,84.53695261,6809295.0
2023-05-25,84.55309116,85.16312835,82.35179294,82.5002676,13207895.0
2023-05-26,81.661063,81.661063,78.3687988,79.72120929,18581340.0
2023-05-29,80.69275,80.87027405,78.110582,79.05630103,12472291.0
2023-05-30,79.38552745,82.306605,79.34679493,81.4028462,16688058.0
2023-05-31,81.4028462,82.2743279,80.57978015,81.87409186,11838117.0
2023-06-01,81.87409186,83.23618548,81.73530033,82.45185195,8673571.0
2023-06-02,83.23618548,83.78812389,82.5002676,83.61705526,11067975.0
2023-06-05,83.597689,83.61705526,81.23177757,83.37820472,10479452.0
2023-06-06,83.25877945,85.534315,82.68747478,84.20449848,12898111.0
2023-06-07,84.566002,85.03079224,82.4679905,82.80690005,10049028.0
2023-06-08,82.69070249,83.54604564,82.13553637,82.306605,6445426.0
2023-06-09,83.5331348,83.6299661,81.4996775,83.274918,10748401.0
2023-06-12,82.7907615,84.888773,82.4679905,84.08507321,10289121.0
2023-06-13,84.0818455,84.566002,82.99410723,84.31424062,8151147.0
2023-06-14,84.78548628,85.66019569,84.4046165,84.888773,12577600.0
2023-06-15,85.0501585,88.76525271,84.98237659,87.75497948,24396107.0
2023-06-16,88.39406606,89.03960806,87.14817,87.49676268,15229682.0
2023-06-19,87.49676268,88.75879729,86.46389548,86.89318091,12356475.0
2023-06-20,86.82862671,86.8899532,85.5020379,86.58332075,10236616.0
2023-06-21,86.18308471,88.20685888,85.93777875,86.43161838,10781176.0
2023-06-26,84.70479353,86.72533999,84.6628333,84.85326819,10151222.0
2023-06-27,84.57245742,85.16312835,82.97796868,83.93659855,9902865.0
2023-06-28,83.92046,84.7273875,83.3071951,84.00115275,5726951.0
2023-06-29,84.00115275,84.17222138,82.38084233,82.5325447,8348505.0
2023-06-30,82.02579423,83.92046,81.8870027,83.36206617,7572436.0
2023-07-03,83.55895648,86.91254717,83.55895648,86.33478708,16256506.0
2023-07-04,86.6640135,88.762025,86.02169921,87.6323265,15712002.0
2023-07-05,87.63555421,87.94864208,85.75702699,86.179857,9303313.0
2023-07-06,86.179857,87.793712,86.1153028,86.5349051,8371185.0
2023-07-07,86.179857,86.39288586,85.24704881,85.3406524,6219150.0
2023-07-10,86.179857,86.9867845,84.80808025,85.06629705,6887762.0
2023-07-11,85.534315,87.37088199,85.1469898,86.93191343,10240520.0
2023-07-12,87.3095555,87.51935665,85.42457286,85.73120531,8703195.0
2023-07-13,86.3412425,86.9867845,85.53754271,86.44775693,8275301.0
2023-07-14,86.4380738,86.4380738,85.0501585,85.34388011,10272203.0
2023-07-17,86.179857,86.179857,84.67897185,85.36970179,7892663.0
2023-07-18,85.61500775,86.36383647,84.0818455,85.68924508,9845648.0
2023-07-19,85.69247279,85.8248089,84.80485254,85.47944393,5025000.0
2023-07-20,85.6957005,86.9867845,85.211544,85.51817645,9127051.0
2023-07-21,85.211544,85.4697608,84.42075505,85.31483072,7528703.0
2023-07-24,84.24645871,84.81453567,83.11030479,83.1135325,9595037.0
2023-07-25,84.78548628,86.17662929,84.77580315,85.40197889,17388284.0
2023-07-26,85.13407896,85.13407896,84.1141226,84.59505139,6586488.0
2023-07-27,85.3729295,85.78284867,84.1786768,84.44657673,11265069.0
2023-07-28,84.28758,86.76757995,83.71053426,86.556861,17330825.0
2023-07-31,87.52941,89.66253414,87.49050804,88.177776,21506016.0
2023-08-01,88.09997208,88.42415508,86.3947695,87.0431355,12033993.0
2023-08-02,87.7563381,88.177776,86.34938388,86.881044,8739351.0
2023-08-03,86.64763224,87.03665184,86.07382833,86.95560609,6616988.0
2023-08-04,87.20198517,87.55210281,86.44339695,86.9782989,8805315.0
2023-08-07,86.85835119,86.85835119,85.97008977,86.55361917,6420380.0
2023-08-08,85.9733316,86.3947695,85.10127933,85.3573839,9171188.0
2023-08-09,84.935946,85.4222205,84.36214209,85.2277107,7249937.0
2023-08-10,85.260129,85.86635121,84.52747542,85.1628741,6001610.0
2023-08-11,85.15963227,85.1628741,83.96663883,84.04444275,8612528.0
2023-08-14,82.666665,83.31178917,78.93531867,79.69066506,25289035.0
2023-08-15,79.69066506,79.79116179,78.4198677,79.27571082,11502129.0
2023-08-16,78.86724024,79.5869265,78.52036443,79.1654886,7997936.0
2023-08-17,78.89641671,79.85924022,77.9335932,79.75225983,8683555.0
2023-08-18,79.60637748,79.60637748,77.80392,77.89793307,9846650.0
2023-08-21,77.7390834,77.76501804,75.87503115,75.99173703,12787920.0
2023-08-22,77.14582851,77.3176455,74.8538547,76.03388082,11211589.0
2023-08-23,76.03388082,76.03388082,74.57181549,74.59126647,8123755.0
2023-08-24,74.88951483,76.831371,74.88951483,76.1505867,10681059.0
2023-08-25,75.62541024,75.96580239,75.0483645,75.4049658,6677526.0
2023-08-28,80.397384,80.397384,75.93986775,76.35482199,13352736.0
2023-08-29,76.76977623,80.2352925,76.76977623,79.97918793,21322346.0
2023-08-30,80.82854739,81.52229901,80.34551472,80.9809134,15218735.0
2023-08-31,81.21108333,81.36669117,80.397384,80.8512402,8873396.0
2023-09-01,82.018299,82.49484801,80.397384,80.76046896,7777183.0
2023-09-04,81.5644428,82.018299,80.68266504,81.83999835,9651160.0
2023-09-05,81.7589526,81.7589526,80.62107027,80.73129249,7457050.0
2023-09-06,81.04575,81.7913709,80.8188219,81.19163235,6592856.0
2023-09-07,81.18190686,81.18190686,80.43304413,80.5270572,6091302.0
2023-09-08,80.07644283,80.07644283,78.67597227,79.11686115,6763440.0
2023-09-11,79.0033971,80.5594755,78.5171226,80.07644283,7651344.0
2023-09-12,80.6243121,82.13824671,80.1056193,81.69087417,11953240.0
2023-09-13,81.694116,82.43325324,81.1754232,81.54823365,9147897.0
2023-09-14,80.0083644,80.05699185,78.452286,78.98070429,15258025.0
2023-09-15,79.100652,80.02133172,78.29343633,79.19466507,8225595.0
2023-09-18,79.2627435,81.4347696,79.19466507,80.19639054,9640522.0
2023-09-19,79.749018,80.48815524,79.0358154,80.12831211,6239693.0
2023-09-20,79.424835,79.83978924,79.100652,79.100652,5449710.0
2023-09-21,78.776469,79.05850821,77.33385465,77.70018144,9296462.0
2023-09-22,77.64831216,79.63879578,77.3176455,79.44104415,9676396.0
2023-09-25,80.01808989,80.06671734,79.21411605,79.6841814,6478680.0
2023-09-26,79.424835,79.424835,77.2528089,77.3176455,11846263.0
2023-09-27,77.51539713,78.52360626,77.08747557,77.10044289,7573367.0
2023-09-28,77.4149004,77.6418285,76.52339715,76.7341161,8525768.0
2023-10-09,76.7341161,77.32088733,74.45186778,77.14582851,9179071.0
2023-10-10,77.14258668,77.81040366,76.831371,77.12637753,6393661.0
2023-10-11,78.43931868,78.6143775,77.155554,77.34682197,7668373.0
2023-10-12,77.9335932,79.5869265,77.479737,79.24653435,13934094.0
2023-10-13,78.4198677,78.70190691,77.7390834,77.92062588,6644523.0
2023-10-16,77.9335932,78.15403764,76.6692795,76.99670433,6602221.0
2023-10-17,76.99994616,77.80067817,76.6692795,77.155554,4916359.0
2023-10-18,79.6193448,81.369933,79.100652,80.74425981,30786284.0
2023-10-19,80.05699185,80.38765851,77.91414222,77.9984298,14775328.0
2023-10-20,77.80392,78.3874494,77.22363243,77.5445736,8565861.0
2023-10-23,77.80392,77.80392,76.5720246,77.36627295,7353683.0
2023-10-24,77.5769919,77.9660115,76.07602461,76.36130565,11077892.0
2023-10-25,77.14582851,77.80716183,76.57850826,76.9610442,8367573.0
2023-10-26,76.52663898,77.4149004,76.4099331,77.35330563,7319935.0
2023-10-27,77.155554,78.9385605,76.99994616,78.43607685,10320556.0
2023-10-30,77.64507033,79.42159317,77.3824821,79.2951618,11729547.0
2023-10-31,78.9385605,79.09741017,76.9934625,77.33061282,12720475.0
2023-11-01,77.155554,77.155554,76.31916186,76.5720246,9339042.0
2023-11-02,77.11016838,77.11665204,76.1181684,76.1181684,8541416.0
2023-11-03,76.34833833,77.52836445,76.14410304,77.36627295,9067942.0
2023-11-06,77.96925333,78.91586769,77.80392,78.7440507,14354786.0
2023-11-07,78.776469,79.1979069,77.96925333,78.11837751,9451293.0
2023-11-08,77.92062588,78.08271738,77.53808994,77.80392,8012814.0
2023-11-09,77.80392,78.04705725,77.26577622,77.5769919,7318274.0
2023-11-10,77.479737,77.479737,76.39696578,76.81840368,8190190.0
2023-11-13,77.11665204,77.21390694,76.2154233,76.87027296,6973846.0
2023-11-14,76.9286259,77.2203906,76.7016978,77.03560629,5521655.0
2023-11-15,77.7715017,77.80392,77.2528089,77.36303112,7869167.0
2023-11-16,77.7390834,77.7390834,76.90269126,77.2528089,6169007.0
2023-11-17,76.831371,77.34682197,76.507188,76.75356708,5946229.0
2023-11-20,76.4423514,76.6692795,76.04684814,76.183005,7677094.0
2023-11-21,76.40669127,76.72763244,75.74859978,75.9236586,8238634.0
2023-11-22,75.6967305,75.6967305,74.52318804,74.56209,10557108.0
2023-11-23,74.7241815,74.97704424,73.62844296,74.18279589,10576394.0
2023-11-24,74.1730704,74.1730704,69.8290182,70.29908355,28065948.0
2023-11-27,68.726796,68.726796,66.457515,67.7218287,21548087.0
2023-11-28,67.72831236,68.65223391,67.10912283,68.04925353,12221143.0
2023-11-29,68.03952804,68.0460117,65.28721437,65.47848234,21924630.0
2023-11-30,65.3552928,65.72161959,64.33411635,64.56104445,18724215.0
2023-12-01,64.99220784,65.10243006,62.50572423,63.88026015,19418985.0
2023-12-04,63.88026015,64.60643007,62.7618288,63.66629937,11761315.0
2023-12-05,63.864051,64.82363268,63.41343663,63.65009022,15237247.0
2023-12-06,63.65333205,65.23858692,63.539868,65.22237777,17634737.0
2023-12-07,65.22237777,65.2256196,63.9613059,64.65829935,10316924.0
2023-12-08,64.52214249,64.95330588,64.29197256,64.36653465,7770019.0
2023-12-11,63.78300525,64.70044314,63.09897912,64.57401177,10108635.0
2023-12-12,64.24658694,64.42488759,63.57876996,63.64684839,7979721.0
2023-12-13,63.48151506,63.48151506,62.15236476,62.1782994,11753492.0
2023-12-14,62.567319,63.59822094,61.95461313,61.97730594,9249670.0
2023-12-15,62.59325364,63.01793337,61.94488764,62.65809024,10184134.0
2023-12-18,61.93840398,62.4052275,61.04690073,61.29003798,10051147.0
2023-12-19,61.11822099,61.16684844,60.34990728,60.946404,7936972.0
2023-12-20,61.05338439,61.37756739,59.93171121,59.93495304,8492482.0
2023-12-21,59.43246939,61.58828634,59.27686155,61.49103144,13314943.0
2023-12-22,61.5623517,63.33887454,60.95937132,62.32418175,11799766.0
2023-12-25,62.567319,62.9563386,61.66284843,62.30148894,5376986.0
2023-12-26,62.29500528,62.29500528,61.59477,62.16209025,4138033.0
2023-12-27,62.567319,62.7294105,61.8216981,62.06483535,6136402.0
2023-12-28,61.92867849,64.40219478,61.80873078,64.20444315,13877780.0
2023-12-29,64.50269151,64.7717634,63.91267845,64.188234,8036729.0
2024-01-02,64.71016863,64.71341046,62.36308371,62.4376458,11392832.0
2024-01-03,62.4052275,62.84935821,61.8216981,62.62243011,8448596.0
2024-01-04,63.00172422,63.10222095,61.9513713,62.57380266,8987036.0
2024-01-05,62.39550201,64.0261425,61.96109679,62.46358044,11240188.0
2024-01-08,62.5024824,62.78127978,61.31921445,61.4002602,8107839.0
2024-01-09,61.918953,63.539868,61.6596066,62.52193338,11218651.0
2024-01-10,62.1458811,62.6645739,61.4650968,61.68878307,7141623.0
2024-01-11,61.6596066,64.4151621,61.20899223,63.79273074,15986174.0
2024-01-12,63.79273074,64.26927975,63.30969807,63.49772421,8702264.0
2024-01-15,63.12491376,63.864051,62.37929286,63.08925363,7021993.0
2024-01-16,62.8590837,63.71816865,62.59001181,63.3129399,8380860.0
2024-01-17,62.9563386,63.06980265,60.5573844,60.5573844,16079471.0
2024-01-18,60.18457395,61.918953,59.94467853,61.75037784,11459165.0
2024-01-19,61.42943667,62.55435168,61.1733321,61.38080922,8090516.0
2024-01-22,61.22844321,62.0162079,59.83121448,60.08407722,13223973.0
2024-01-23,59.973855,61.25761968,59.7469269,60.89777655,11072562.0
2024-01-24,61.36135824,61.54614255,59.67560664,61.1733321,9664121.0
2024-01-25,61.23168504,61.8865347,60.18781578,61.5623517,13076908.0
2024-01-26,61.270587,61.270587,60.1359465,60.25265238,11585464.0
2024-01-29,60.2656197,60.298038,57.80507073,57.84721452,14604252.0
2024-01-30,56.10959364,56.88763284,55.2083649,55.74975051,19076118.0
2024-01-31,55.46446947,56.82279624,55.21484856,55.34776359,12536841.0
2024-02-01,55.11111,56.083659,54.57944988,55.39963287,11665074.0
2024-02-02,55.42232568,55.72057404,52.84507083,54.138561,14799171.0
2024-02-05,53.490195,55.68815574,52.76726691,54.462744,18621620.0
2024-02-06,53.814378,57.09186813,53.6522865,57.01406421,17618975.0
2024-02-07,57.46143675,59.325489,57.0886263,58.21029948,16009370.0
2024-02-08,58.83597267,59.43895305,58.5798681,58.73223411,11924566.0
2024-02-19,59.61077004,60.08731905,58.94943672,59.4875805,11968707.0
2024-02-20,59.4875805,59.54593344,57.380391,58.03524066,11335736.0
2024-02-21,57.4128093,60.1683648,57.27016878,59.325489,14769298.0
2024-02-22,59.2930707,59.53296612,58.76141058,59.32224717,8090613.0
2024-02-23,59.32224717,59.64643017,58.62201189,59.22175044,9117490.0
2024-02-26,60.298038,61.63691379,60.15215565,60.298038,15546076.0
2024-02-27,60.76810335,62.86880919,60.6870576,62.7942471,20634265.0
2024-02-28,63.539868,63.70844316,60.946404,60.946404,16829153.0
2024-02-29,60.62546283,62.11670463,60.35963277,61.9837896,12236289.0
2024-03-01,61.8865347,62.56083534,61.19602491,62.30148894,12215828.0
2024-03-04,61.59477,62.1458811,60.9788223,61.35811641,12686510.0
2024-03-05,60.7843125,62.12967195,60.1359465,61.86060006,14962443.0
2024-03-06,61.59477,62.56083534,61.270587,62.12967195,10010040.0
2024-03-07,62.26258698,62.87853468,61.2057504,61.23492687,10132688.0
2024-03-08,61.0436589,61.64339745,60.70326675,60.97558047,6714968.0
2024-03-11,60.946404,64.8041817,60.946404,64.42812942,27808046.0
2024-03-12,65.160783,66.99565878,64.11367191,66.4899333,24502892.0
2024-03-13,67.07994636,68.2081032,66.72658689,66.89840388,17781291.0
2024-03-14,67.56622086,69.81605088,67.56622086,68.75273064,21135219.0
2024-03-15,68.07843,68.52580254,66.84005094,67.90661301,14662802.0
2024-03-18,68.67816855,70.75293975,68.60036463,70.68161949,19698182.0
2024-03-19,70.68161949,71.27163255,69.50159337,70.2828744,14697268.0
2024-03-20,70.35095283,71.57312274,70.35095283,70.82750184,9680523.0
2024-03-21,70.97014236,71.2554234,70.347711,70.97986785,8866709.0
2024-03-22,70.97986785,70.98635151,69.7641816,70.33150185,10467161.0
2024-03-25,70.14347571,70.60381557,69.00235155,69.4399986,9910940.0
2024-03-26,70.023528,71.31701817,69.78687441,71.1905868,13134627.0
2024-03-27,71.19382863,71.2230051,68.08167183,68.72031234,18884898.0
2024-03-28,68.02980255,68.67492672,66.78493983,67.55325354,15943531.0
2024-03-29,67.56946269,67.59863916,65.21589411,65.82859998,14138108.0
2024-04-01,65.82859998,69.04449534,65.82859998,68.73003783,14290927.0
2024-04-02,68.73003783,70.4449659,68.6619594,68.83701822,10758479.0
2024-04-03,68.2405215,68.43827313,67.28418165,67.48193328,8363379.0
2024-04-08,67.105881,69.699345,66.90812937,68.726796,12822718.0
2024-04-09,68.64575025,69.69610317,68.51607705,68.75273064,8420846.0
2024-04-10,69.4724169,69.5372535,68.07843,68.67492672,7241085.0
2024-04-11,67.754247,69.84198552,67.3652274,69.04449534,10085395.0
2024-04-12,68.726796,70.40930577,67.92930582,68.2729398,11491789.0
2024-04-15,68.07843,69.8614365,67.78342347,69.25197246,11333192.0
2024-04-16,68.8564692,69.81280905,68.30859993,68.60684829,9832304.0
2024-04-17,68.402613,69.10933194,67.9487568,69.050979,9692162.0
2024-04-18,68.726796,70.1856195,67.8839202,69.2454888,13399756.0
2024-04-19,68.78839077,69.00883521,67.12533198,68.12057379,11177043.0
2024-04-22,68.07843,68.57442999,67.4624823,67.61160648,6469478.0
2024-04-23,67.60836465,67.61160648,66.13009017,66.47048232,8729994.0
2024-04-24,67.07022087,67.6894104,66.2954235,67.24203786,7497892.0
2024-04-25,67.2355542,68.56794633,66.98269146,67.73479602,9468384.0
2024-04-26,68.07843,71.24245608,68.07843,71.11602471,25345378.0
2024-04-29,71.67037764,73.0708482,70.90854759,71.76763254,19167593.0
2024-04-30,72.4549005,72.74018154,70.8339855,70.8339855,11555966.0
2024-05-06,72.941175,74.04015537,72.4549005,73.3626129,18677887.0
2024-05-07,73.3626129,75.20721417,72.62995932,74.52318804,14419048.0
2024-05-08,74.08878282,74.19900504,73.265358,73.33992009,9113178.0
2024-05-09,73.3626129,74.0433972,73.31398545,73.96235145,7900735.0
2024-05-10,73.589541,74.40648216,73.265358,73.8488874,8061330.0
2024-05-13,73.0060116,73.70624688,72.15665214,73.1681031,8248116.0
2024-05-14,73.17134493,73.77432531,72.65265213,72.91199853,6261853.0
2024-05-15,72.7790835,73.265358,70.7691489,71.04146262,9973351.0
2024-05-16,71.04470445,71.30729268,70.22127963,70.77239073,8715722.0
2024-05-17,71.12250837,71.42724039,70.56167178,71.18734497,7148666.0
2024-05-20,70.82750184,72.616992,70.82750184,72.25066521,7595857.0
2024-05-21,71.96214234,71.96538417,70.48386786,70.92475674,8408043.0
2024-05-22,70.73348877,71.1581685,69.75121428,70.32177636,8839817.0
2024-05-23,69.97490055,69.97490055,69.21631233,69.68313585,6228723.0
2024-05-24,69.36867834,69.375162,67.6894104,67.8515019,10287552.0
2024-05-27,68.07843,68.3377764,66.9762078,67.54352805,7604551.0
2024-05-28,67.6894104,67.72507053,66.96972414,67.22907054,6094646.0
2024-05-29,68.402613,73.265358,68.39937117,72.8439201,30264777.0
2024-05-30,72.75314886,74.36109654,72.5845737,73.86833838,22379181.0
2024-05-31,74.1730704,75.0807828,73.58629917,74.24439066,18542984.0
2024-06-03,74.24114883,77.95952784,73.26211617,76.8637893,27014589.0
2024-06-04,76.7989527,77.7390834,76.49097885,77.20418145,15742916.0
2024-06-05,77.31116184,79.8462729,77.31116184,78.06002457,19443395.0
2024-06-06,78.1929396,79.0358154,76.9934625,77.3176455,17586542.0
2024-06-07,77.48946249,78.25453437,75.25259979,76.3450965,18259398.0
2024-06-11,76.06305729,79.749018,75.96580239,79.30488729,22159693.0
2024-06-12,78.33233829,80.25150165,78.33233829,78.7440507,18733197.0
2024-06-13,80.6567304,83.72998524,80.43304413,82.01505717,29251928.0
2024-06-14,81.52554084,82.31978919,79.92083499,82.03450815,20260976.0
2024-06-17,81.694116,84.24543621,81.32778921,83.38310943,20864880.0
2024-06-18,82.8611748,83.4122859,82.018299,82.87414212,12878911.0
2024-06-19,82.990848,83.639214,82.15121403,82.342482,9910811.0
2024-06-20,81.97939704,82.26791991,80.8188219,81.5320245,11619994.0
2024-06-21,81.69087417,82.46242971,80.33578923,81.26295261,11633012.0
2024-06-24,81.04575,82.33599834,80.32606374,81.02629902,10842302.0
2024-06-25,81.694116,83.87910942,81.16245588,82.34572383,19574643.0
2024-06-26,81.694116,82.4397369,80.84475654,81.92752776,11191676.0
2024-06-27,81.37641666,81.81082188,80.53354086,80.8836585,8291084.0
2024-06-28,80.397384,81.73625979,80.03429904,81.12679575,9298207.0
2024-07-01,81.12679575,81.64548855,78.6143775,80.0083644,12927332.0
2024-07-02,80.03105721,80.3001291,78.79267815,79.09092651,10262737.0
2024-07-03,79.08768468,79.54802454,77.80392,78.8088873,9657403.0
2024-07-04,79.424835,80.94525327,79.2627435,79.30488729,9919634.0
2024-07-05,78.83158011,79.2627435,77.44083504,78.46201149,9566478.0
2024-07-08,78.3874494,80.46870426,78.18645594,79.42159317,10537466.0
2024-07-09,79.4896716,82.18363233,78.29343633,81.8886258,14076255.0
2024-07-10,81.85296567,83.16266499,81.5320245,81.8562075,10928256.0
2024-07-11,82.666665,83.07513558,81.59037744,82.03774998,10035945.0
2024-07-12,82.18687416,85.584312,81.65845587,85.13693946,18886322.0
2024-07-15,85.0332009,85.8436584,84.48533163,84.84193293,9871552.0
2024-07-16,84.48533163,85.0007826,83.10431205,83.96015517,11758768.0
2024-07-17,83.963397,84.78033816,83.19184146,84.12873033,10519171.0
2024-07-18,83.6067957,85.2277107,83.48036433,84.75116169,9532204.0
2024-07-19,84.4496715,86.232678,84.20329242,85.60376298,13621379.0
2024-07-22,85.6167303,87.5618283,85.6167303,86.10624663,10074955.0
2024-07-23,85.90525317,86.04141003,82.018299,82.09286109,16741049.0
2024-07-24,82.09286109,82.71529245,80.55623367,81.04250817,11864005.0
2024-07-25,81.03602451,82.51754082,80.2352925,81.17218137,10110420.0
2024-07-26,82.00857351,83.51926629,81.41856045,82.65045585,12484165.0
2024-07-29,83.00504982,83.028022,80.92114492,81.7481434,7885932.0
2024-07-30,81.25260066,81.3215172,79.29340188,80.04492034,11039339.0
2024-07-31,79.61829414,81.39371548,79.60516718,81.0753867,8749003.0
2024-08-01,81.387152,81.63000076,78.76176,80.1400908,10363488.0
2024-08-02,79.41482626,79.50343324,76.9896204,77.04869172,14567117.0
2024-08-05,75.75568616,77.66894058,75.48330174,75.86726532,10526835.0
2024-08-06,76.792716,76.99618388,74.16076052,75.13215556,12910151.0
2024-08-07,75.16497296,75.808194,74.32156578,75.1354373,8202186.0
2024-08-08,74.7580372,74.7580372,73.346889,74.3150023,8535741.0
2024-08-09,74.84336244,77.40968312,74.83679896,76.01166188,11985218.0
2024-08-12,76.13964974,76.62534726,75.315933,75.6112896,5377901.0
2024-08-13,75.59816264,75.60800786,74.167324,75.06323902,6043650.0
2024-08-14,75.0205764,75.0205764,73.9047848,74.3642284,5632985.0
2024-08-15,74.35438318,76.300455,73.79976912,75.96899926,8854538.0
2024-08-16,76.17246714,78.21042768,75.644107,77.15698914,10221858.0
2024-08-19,77.2029335,78.42702252,77.12417174,77.25872308,7018242.0
2024-08-20,77.449064,77.88553542,76.60565682,77.60658752,6248422.0
2024-08-21,77.00931084,79.78894462,76.136368,79.089934,11104338.0
2024-08-22,79.089934,79.67080198,78.63705388,78.93241048,6248845.0
2024-08-23,78.6961252,79.1883862,78.1546381,78.54516516,4978602.0
2024-08-26,78.597673,79.746282,78.01024154,78.56813734,5651342.0
2024-08-27,77.94460674,79.18182272,77.613151,79.0242992,5092646.0
2024-08-28,78.85036698,78.85364872,76.3989072,77.7280119,8904070.0
2024-08-29,76.57283942,77.613151,75.9066462,77.0716639,7938487.0
2024-08-30,78.09884852,82.63093146,77.86256324,81.85315908,19302792.0
2024-09-02,81.39371548,82.18133308,79.089934,79.1227514,10113482.0
2024-09-03,78.8930296,81.2066563,78.8930296,81.08523192,10181990.0
2024-09-04,80.566717,82.6670306,80.54702656,82.14851568,10060596.0
2024-09-05,82.0435,83.8812744,81.9122304,82.9787959,10012555.0
2024-09-06,82.98207764,83.7171874,82.50950708,82.5685784,7814152.0
2024-09-09,81.87284952,83.34306904,81.57749292,82.03693652,7085126.0
2024-09-10,82.0435,82.9623872,81.59061988,81.9286391,6124829.0
2024-09-11,82.0435,85.5221444,81.85972256,84.7017094,15536148.0
2024-09-12,84.8986138,85.32524,84.340718,84.34399974,7725108.0
2024-09-13,84.4063528,84.668892,83.6351439,83.68108826,5699161.0
2024-09-18,83.69093348,85.10536342,83.3890134,84.81000682,6681981.0
2024-09-19,85.00034774,85.12177212,83.1264742,83.80251264,9104323.0
2024-09-20,83.80907612,84.9314312,82.98864112,84.0453614,8989793.0
2024-09-23,83.9961353,84.32759104,81.64640946,82.0435,10758273.0
2024-09-24,83.028022,83.848457,80.98021624,83.45136646,15649454.0
2024-09-25,84.668892,88.49540084,84.55731284,86.2441272,20571034.0
2024-09-26,86.637936,88.5085278,86.0144054,88.47899214,14906641.0
2024-09-27,89.591502,95.82352626,89.099241,93.19813426,30992240.0
2024-09-30,95.17046,101.10384592,95.17046,100.85115194,38880459.0
2024-10-08,110.93593896,110.93593896,100.85115194,107.43760412,44343939.0
2024-10-09,103.37481,105.24868354,98.616287,100.31951006,32591858.0
2024-10-10,101.73394,105.672028,101.72737652,103.66688486,25016687.0
2024-10-11,103.05319948,103.05319948,97.14278574,98.4686087,18641849.0
2024-10-14,98.77709226,101.72737652,98.5178348,100.749418,17236482.0
2024-10-15,100.257157,101.20229812,97.795852,97.795852,12214902.0
2024-10-16,96.154982,97.13294052,94.185938,95.10154346,15032187.0
2024-10-17,95.99417674,97.7466259,94.88166688,94.98011908,10245654.0
2024-10-18,94.9899643,100.4868788,94.54036592,98.5506522,19109242.0
2024-10-21,99.436722,101.2744964,98.7475566,100.5689223,15781602.0
2024-10-22,100.09307,101.77332088,99.436722,100.0110265,10373266.0
2024-10-23,100.0110265,102.3246532,99.33170632,101.36638512,12669500.0
2024-10-24,101.36638512,101.72409478,99.29888892,99.65988032,9688514.0
2024-10-25,99.764896,102.3246532,99.764896,101.12353636,13982037.0
2024-10-28,101.405766,101.405766,99.0265045,100.1258874,10932439.0
2024-10-29,101.405766,101.82582872,99.6992612,100.2243396,11854561.0
2024-10-30,99.436722,100.91678674,98.944461,100.2735657,10844820.0
2024-10-31,99.11182974,99.43344026,96.154982,96.21733506,24085199.0
2024-11-01,96.2206168,97.0082344,95.2032774,95.27219394,14304086.0
2024-11-04,97.139504,101.37951208,97.01151614,100.74285452,21731889.0
2024-11-05,99.78458644,101.22198856,98.616287,100.913505,16781998.0
2024-11-06,101.077592,101.6518965,97.795852,98.57034264,18486120.0
2024-11-07,96.82117522,99.06916712,96.483156,99.03634972,15067592.0
2024-11-08,100.78879888,100.92006848,97.467678,97.7630346,16671572.0
2024-11-11,96.81133,98.27826778,96.0237124,98.21919646,18085930.0
2024-11-12,98.5014261,101.73394,98.22575994,98.71802094,24655746.0
2024-11-13,97.795852,98.88867142,96.9097822,98.63925918,14511579.0
2024-11-14,98.4522,98.5506522,96.483156,96.7292865,12458290.0
2024-11-15,96.74241346,97.07058746,94.52067548,95.17046,15323594.0
2024-11-18,95.17374174,96.1385733,94.07435884,94.73727032,11620595.0
2024-11-19,94.73727032,95.65615752,92.55163148,94.51083026,13194669.0
2024-11-20,94.51739374,95.3017296,93.693677,94.66507204,10601693.0
2024-11-21,94.66835378,94.67491726,93.201416,93.857764,9553294.0
2024-11-22,93.693677,93.81181964,91.232372,91.39317726,12514178.0
2024-11-25,92.873242,94.96042864,92.18079486,92.873242,17453315.0
2024-11-26,91.88872,93.857764,91.19299112,92.22017574,9520645.0
2024-11-27,91.65243472,92.216894,90.904198,92.216894,11000281.0
2024-11-28,92.2825288,92.40067144,89.591502,90.11001692,15858922.0
2024-11-29,89.591502,91.19299112,89.2797367,90.19206042,12800460.0
2024-12-02,90.77621014,93.201416,89.94592992,92.6763376,15135721.0
2024-12-03,93.4639552,93.81838312,92.07906092,92.7583811,9144971.0
2024-12-04,92.32847316,92.98153942,91.4949112,91.88215652,8501286.0
2024-12-05,90.96655106,91.38989552,90.02140994,90.33317524,9026771.0
2024-12-06,90.46772658,92.53850452,89.92295774,91.98060872,12469840.0
2024-12-09,91.63602602,93.19813426,91.12735632,92.04952526,9215268.0
2024-12-10,96.154982,96.483156,92.545068,92.7255637,17592915.0
2024-12-11,92.55491322,93.15875338,91.6918156,92.14141398,9335988.0
2024-12-12,91.9215374,93.09640032,91.3636416,93.09640032,10013395.0
2024-12-13,92.32519142,92.42036188,90.71385708,90.74339274,11235863.0
2024-12-16,90.74667448,91.29144332,89.78184292,90.2314413,7149026.0
2024-12-17,90.22159608,93.74618484,89.91311252,92.8076072,17568207.0
2024-12-18,92.9552855,94.14655712,92.75181762,93.4147291,8410638.0
2024-12-19,92.48271494,94.16624756,91.88872,93.6608596,8672852.0
2024-12-20,93.53287174,94.1038945,91.9543548,91.9543548,9670711.0
2024-12-23,92.052807,92.96841246,91.52116512,92.1184418,8151596.0
2024-12-24,91.85262086,94.68148074,91.60320862,94.65194508,14228738.0
2024-12-25,94.75367902,95.61677664,93.7593118,93.83151008,8339103.0
2024-12-26,93.83151008,94.1203032,93.201416,93.48364564,6760455.0
2024-12-27,94.1203032,94.3664337,92.873242,93.94965272,7868319.0
2024-12-30,94.2515728,95.006373,92.98153942,93.52630826,8294681.0
2024-12-31,93.52959,94.021851,92.545068,92.76166284,7761976.0
2025-01-02,92.873242,92.89949592,88.41663908,88.9679714,16878404.0
2025-01-03,89.099241,90.11329866,88.02939376,88.84654702,9936476.0
2025-01-06,89.24363756,89.88357686,88.28865122,89.02704272,8244683.0
2025-01-07,89.02704272,91.14376502,87.786545,89.92952122,9572218.0
2025-01-08,89.58822026,89.91639426,87.23193094,88.33787732,10908247.0
2025-01-09,88.278806,89.1648758,87.51087884,88.40679386,6561288.0
2025-01-10,88.278806,88.73496786,86.89391172,87.30084748,8054821.0
2025-01-13,86.309762,88.10487378,86.05050454,87.294284,6721375.0
2025-01-14,87.40586316,90.9534241,87.29756574,90.6744762,12578973.0
2025-01-15,90.6416588,91.00593194,90.083763,90.14611606,6233583.0
2025-01-16,90.1493978,91.01249542,88.78091222,89.51274024,7257175.0
2025-01-17,89.76215248,91.6261808,89.42085152,90.7729284,8614153.0
2025-01-20,91.560546,93.99887882,91.53429208,93.34253082,13579709.0
2025-01-21,93.52959,94.32705282,92.873242,93.8741727,7644144.0
2025-01-22,93.52959,93.9562162,91.8230852,92.709155,8105689.0
2025-01-23,93.52302652,93.52959,90.904198,90.94029714,9617392.0
2025-01-24,90.74339274,92.052807,90.576024,91.58679992,6814367.0
2025-01-27,91.59008166,91.92810088,90.083763,90.083763,6340768.0
2025-02-05,92.78463502,94.1038945,92.4137984,92.8076072,14535090.0
2025-02-06,92.81088894,102.08836792,92.6927463,102.08836792,38145868.0
2025-02-07,105.01568,108.29742,103.046636,107.2800806,48707526.0
2025-02-10,107.28336234,108.953768,105.53419492,108.34008262,27271140.0
2025-02-11,111.3494382,111.6776122,106.98800574,108.2646026,28036356.0
2025-02-12,107.476985,113.85668756,105.8853411,113.2364387,27935722.0
2025-02-13,111.9729688,113.6630649,111.415073,112.0057862,19983985.0
2025-02-14,112.07798448,118.0113704,112.07798448,116.8463527,24364461.0
2025-02-17,116.8463527,117.7488312,113.055943,114.368639,23201509.0
2025-02-18,115.3203436,119.28468552,114.48021816,116.90214228,25179738.0
2025-02-19,116.01607248,118.14264,115.845422,117.650379,16191782.0
2025-02-20,119.28468552,120.65645284,117.5519268,119.05496372,15693717.0
2025-02-21,120.111684,126.839251,119.85899002,125.690642,23929245.0
2025-02-24,126.34699,127.54810684,122.56642552,123.48531272,19940747.0
2025-02-25,121.42438,124.70612,121.03385294,122.24153326,16110252.0
2025-02-26,122.24153326,123.3277892,119.78351,122.1135454,13852896.0
2025-02-27,125.362468,126.01553426,121.75583574,123.229337,16844614.0
2025-02-28,121.7853714,122.98976998,117.81774774,118.73991668,23930429.0
2025-03-03,121.096206,121.42438,117.41737546,118.21155654,15207822.0
2025-03-04,111.58900522,114.204552,110.93265722,113.16752216,26345330.0
2025-03-05,113.876378,116.56412306,113.876378,116.16046904,13906886.0
2025-03-06,118.20171132,118.85477758,117.158118,117.79149382,11460099.0
2025-03-07,117.7816486,118.470814,116.58053176,116.9612136,8758413.0
2025-03-10,116.7971266,117.28610586,114.532726,115.189074,9917660.0
2025-03-11,113.22003,115.44176798,113.18064912,114.98560612,9536997.0
2025-03-12,116.3212743,118.10325912,115.189074,115.189074,12951056.0
2025-03-13,115.47458538,117.27626064,115.23173662,116.337683,10221085.0
2025-03-14,117.158118,123.78066932,116.70523788,123.37373356,22469718.0
2025-03-17,125.46748368,125.690642,123.38029704,124.7881635,13306887.0
2025-03-18,127.5120077,127.98786,124.70940174,126.20587518,17333878.0
2025-03-19,126.19274822,130.941426,125.53968196,130.30805018,18835150.0
2025-03-20,131.2696,132.3853916,129.95362226,131.26631826,15941284.0
2025-03-21,128.97566374,129.07411594,121.42438,122.080728,28210676.0
2025-03-24,123.721598,124.213859,120.72208764,123.18339264,14789405.0
2025-03-25,124.04320852,124.5748504,121.08964252,121.28982866,12308536.0
2025-03-26,121.28982866,124.377946,120.768032,123.39670574,12020484.0
2025-03-27,123.4262414,128.40792272,123.42295966,126.839251,14439437.0
2025-03-28,126.839251,128.2503992,125.198381,125.526555,11493982.0
2025-03-31,124.70612,125.78253072,122.737076,123.0324326,11578391.0
2025-04-01,123.97429198,124.00710938,119.57347864,119.947597,15407199.0
2025-04-02,119.78351,120.00338658,117.77508512,118.306727,11710041.0
2025-04-03,116.665857,118.64474622,116.25892124,117.32548674,10102322.0
2025-04-07,109.39352116,110.8243598,105.59326624,105.59326624,27349840.0
2025-04-08,105.59326624,110.22708312,104.359332,107.48026674,27464351.0
2025-04-09,104.9500452,107.641072,102.93505684,106.5252804,21193856.0
2025-04-10,109.774203,113.89606844,109.610116,110.3977336,21089578.0
2025-04-11,110.594638,117.3386137,110.3977336,116.49520652,18994493.0
2025-04-14,119.1927968,119.3568838,116.6986744,117.814466,14206917.0
2025-04-15,119.6522404,119.78351,117.26641542,118.13279478,11651557.0
2025-04-16,117.03341188,117.158118,114.2373694,115.5664741,13182793.0
2025-04-17,114.84120956,115.9931003,113.76808058,114.75588432,8528864.0
2025-04-18,114.1717346,114.1717346,112.891856,113.548204,7386013.0
2025-04-21,113.548204,114.81823738,113.29879176,114.45396424,7495341.0
2025-04-22,114.45396424,117.13514582,113.80417972,116.44926216,11212206.0
2025-04-23,123.721598,124.049772,120.51533802,122.07744626,24792689.0
2025-04-24,122.23825152,122.9339804,119.2420229,120.111684,15089211.0
2025-04-25,121.42438,123.1637022,120.8008494,121.69676442,13386942.0
2025-04-28,120.48252062,120.48252062,117.01372144,118.14264,17978320.0
2025-04-29,117.8472834,118.34938962,115.845422,116.50177,11898307.0
2025-04-30,116.4689526,116.47879782,114.6311782,115.87495766,13047947.0
2025-05-06,118.14264,118.8974402,116.80369008,118.12951304,14829353.0
2025-05-07,119.78351,120.00666832,117.53223636,117.8801008,10883990.0
2025-05-08,117.00059448,118.79242452,116.7314918,117.90635472,8338169.0
2025-05-09,118.3887705,120.111684,117.9129182,119.19936028,14372616.0
2025-05-12,119.78351,121.51626872,118.33298092,121.51626872,16137017.0
2025-05-13,123.393424,123.58376492,120.12152922,120.275771,13177107.0
2025-05-14,120.275771,122.4417194,119.24530464,122.4417194,13569307.0
2025-05-15,122.408902,126.34699,121.18809472,123.6559632,20880137.0
2025-05-16,123.07509522,128.31275226,122.59924292,127.71547558,22932794.0
2025-05-19,127.331512,127.331512,123.721598,125.62828894,16137281.0
2025-05-20,125.854729,129.5630952,125.198381,129.5630952,17209991.0
2025-05-21,129.28086556,132.582296,128.31931574,131.2696,19947886.0
2025-05-22,131.26303652,133.09424744,130.613252,130.8757912,14636280.0
2025-05-23,130.941426,136.84199452,130.65591462,132.91047,23557418.0
2025-05-26,131.86359494,132.254122,124.70612,125.034294,30955063.0
2025-05-27,123.35404312,125.034294,121.05682512,122.21527934,23027544.0
2025-05-28,122.21527934,122.3924933,118.82196018,119.08778112,17775388.0
2025-05-29,118.00808866,120.111684,116.52802392,118.51347662,19206113.0
2025-05-30,117.16468148,117.7488312,115.2875262,115.6157002,19055991.0
2025-06-03,115.2711175,117.48301026,114.532726,116.829944,18189270.0
2025-06-04,359.5,364.32,358.15,360.52,14690410.0
2025-06-05,362.39,362.74,356.03,360.75,10861275.0
2025-06-06,361.0,362.38,357.5,359.96,8969768.0
2025-06-09,356.12,356.41,345.11,348.14,25509134.0
2025-06-10,349.6,355.0,348.23,353.13,17178588.0
2025-06-11,354.01,365.98,354.01,361.99,20310674.0
2025-06-12,359.89,359.89,353.01,353.24,14404696.0
2025-06-13,349.5,349.91,341.49,346.0,21023987.0
2025-06-16,345.99,347.04,340.8,344.43,10228405.0
2025-06-17,344.0,346.4,342.4,343.74,7004530.0
2025-06-18,342.82,349.2,341.97,346.95,10289697.0
2025-06-19,344.03,345.29,340.35,340.5,10038121.0
2025-06-20,340.03,342.97,339.8,340.25,7353816.0
2025-06-23,336.85,339.71,333.6,338.2,9459334.0
2025-06-24,341.23,346.2,341.23,343.38,14471259.0
2025-06-25,345.99,349.73,343.02,349.27,12573827.0
2025-06-26,344.31,344.31,336.83,337.44,20493214.0
2025-06-27,334.0,336.72,333.44,334.24,13861749.0
2025-06-30,334.24,334.24,328.59,331.91,14400344.0
2025-07-01,330.3,333.35,328.79,331.34,8851804.0
2025-07-02,332.0,333.86,328.93,330.66,9327011.0
2025-07-03,330.98,335.25,330.67,334.56,12349781.0
2025-07-04,332.55,334.99,329.77,331.0,10410355.0
2025-07-07,329.2,330.49,328.44,328.59,8820772.0
2025-07-08,327.0,329.78,325.72,326.88,11691814.0
2025-07-09,326.9,328.21,325.78,325.8,12163311.0
2025-07-10,325.81,326.09,318.85,321.23,21002206.0
2025-07-11,319.9,326.85,319.02,323.91,16826983.0
2025-07-14,323.91,323.91,317.56,318.49,17230914.0
2025-07-15,318.2,325.0,318.0,323.05,16279094.0
2025-07-16,323.06,325.91,323.06,323.72,11075835.0
2025-07-17,325.0,328.72,324.1,328.02,15689135.0
2025-07-18,329.13,329.5,325.25,329.11,13686649.0
2025-07-21,327.99,334.12,327.26,334.12,15394503.0
2025-07-22,335.0,342.01,333.21,341.69,21416417.0
2025-07-23,342.09,343.0,337.0,338.07,15890735.0
2025-07-24,338.08,346.54,337.63,342.72,18906327.0
2025-07-25,341.0,341.4,335.0,337.93,15704076.0
2025-07-28,337.93,339.1,335.53,337.0,11705670.0
2025-07-29,112.01,112.5,109.77,111.42,38735984.0
2025-07-30,108.05,111.16,107.12,108.7,52483427.0
2025-07-31,108.2,108.2,105.0,105.24,59949943.0
2025-08-01,104.95,106.24,104.36,105.8,36233692.0
2025-08-04,104.0,105.14,102.57,104.88,41293694.0
2025-08-05,104.88,105.21,103.78,104.86,33834986.0
2025-08-06,104.86,105.0,103.9,104.35,30561960.0
2025-08-07,104.27,106.43,104.16,105.33,42876298.0
2025-08-08,105.0,105.03,103.91,103.93,32661461.0
2025-08-11,103.88,105.66,103.23,105.52,35669790.0
2025-08-12,105.4,106.43,104.7,105.67,31219504.0
2025-08-13,106.29,107.65,105.84,106.83,45983014.0
2025-08-14,107.37,107.5,105.79,106.37,41954793.0
2025-08-15,105.85,106.64,105.32,106.07,36135346.0
2025-08-18,105.66,109.49,105.66,108.37,61925173.0
2025-08-19,108.67,108.92,107.18,107.63,38973519.0
2025-08-20,107.18,108.26,106.01,108.25,38505345.0
2025-08-21,107.8,108.83,107.0,107.1,44946378.0
2025-08-22,107.11,110.97,107.11,110.66,76312005.0
2025-08-25,111.31,112.49,110.31,111.61,61162758.0
2025-08-26,111.75,114.69,110.71,113.75,69291585.0
2025-08-27,113.96,114.06,110.66,110.68,68974693.0
2025-08-28,109.39,110.19,107.11,109.32,76252199.0
2025-08-29,108.88,116.59,108.12,114.06,114490194.0
2025-09-01,108.5,111.48,108.5,109.7,132986738.0
2025-09-02,108.79,111.1,108.6,110.02,77322410.0
2025-09-03,110.5,110.73,107.01,107.21,73522327.0
2025-09-04,106.59,107.09,103.71,104.0,81574074.0
2025-09-05,103.86,107.5,103.11,107.26,78752385.0
2025-09-08,106.15,107.13,105.51,106.25,55592345.0
2025-09-09,106.0,107.2,105.27,105.49,38163622.0
2025-09-10,105.52,106.45,105.02,105.2,32236895.0
2025-09-11,105.25,106.6,104.89,106.59,53778149.0
2025-09-12,106.6,107.58,105.9,105.91,45591018.0
2025-09-15,106.0,110.85,106.0,108.7,97480407.0
2025-09-16,109.0,109.0,107.22,107.8,53316021.0
2025-09-17,108.2,112.0,108.2,110.99,98123971.0
2025-09-18,110.99,112.8,108.56,109.71,93401380.0
2025-09-19,109.8,110.8,109.0,109.09,47297748.0
2025-09-22,108.87,108.91,107.15,107.99,49155923.0
2025-09-23,107.45,107.69,104.64,105.6,65096262.0
2025-09-24,105.0,105.83,104.0,105.71,54816227.0
2025-09-25,105.34,108.8,104.87,107.5,69348204.0
2025-09-26,107.45,111.23,107.0,107.29,75661207.0
2025-09-29,107.0,109.14,106.39,108.61,61398368.0
2025-09-30,108.19,109.98,107.76,109.21,56775550.0
2025-10-09,108.67,112.48,108.07,110.6,100872197.0
2025-10-10,110.55,110.55,107.58,107.79,59010253.0
2025-10-13,105.0,105.98,104.1,105.69,74442980.0
2025-10-14,106.68,109.36,105.62,105.99,76778627.0
2025-10-15,106.45,107.51,105.5,107.1,47579133.0
2025-10-16,107.0,109.3,106.51,106.96,52309638.0
2025-10-17,106.6,106.63,104.26,104.43,62572494.0
2025-10-20,105.22,105.63,104.08,104.52,35561452.0
2025-10-21,104.69,105.07,104.24,104.76,29907419.0
2025-10-22,104.1,104.32,103.37,103.78,35787419.0
2025-10-23,103.3,103.73,102.0,103.69,37860342.0
2025-10-24,103.98,104.37,103.61,103.76,30554268.0
2025-10-27,104.0,104.97,103.88,104.01,34598784.0
2025-10-28,104.02,104.32,103.5,103.72,26541583.0
2025-10-29,103.73,105.18,103.0,104.52,39734040.0
2025-10-30,104.0,104.86,103.5,103.61,35898945.0
2025-10-31,101.0,101.32,100.0,100.79,63705259.0
2025-11-03,100.79,100.99,98.5,99.6,55167021.0
2025-11-04,99.0,99.54,97.71,97.8,43501704.0
2025-11-05,96.66,96.66,94.73,95.8,58721510.0
2025-11-06,95.58,97.75,95.4,97.52,40200367.0
2025-11-07,97.0,98.15,96.83,97.2,32256073.0
2025-11-10,97.35,100.35,97.35,99.39,55487690.0
2025-11-11,99.5,99.78,98.14,98.71,31985788.0
2025-11-12,98.8,98.99,97.54,97.77,26064335.0
2025-11-13,97.01,100.5,97.01,99.83,57999022.0
2025-11-14,99.0,100.5,98.33,98.37,34298466.0
2025-11-17,97.8,98.59,97.25,98.08,20724759.0
2025-11-18,97.54,97.85,96.02,96.49,30475645.0
2025-11-19,96.4,96.66,95.01,95.17,34829235.0
2025-11-20,95.17,95.5,93.5,93.61,39181087.0
2025-11-21,92.49,94.39,91.7,92.7,45171313.0
2025-11-24,93.1,94.41,92.2,93.93,32730213.0
2025-11-25,94.0,95.38,93.7,93.91,27748887.0
2025-11-26,94.75,95.44,94.45,95.09,30657697.0
2025-11-27,94.6,95.16,94.22,94.29,20227996.0
2025-11-28,94.6,95.23,94.2,95.17,21935062.0
2025-12-01,95.39,96.3,95.14,95.77,23371272.0
2025-12-02,96.42,97.8,96.25,96.62,35921746.0
2025-12-03,96.64,96.65,94.89,95.05,23157284.0
2025-12-04,94.92,95.29,94.2,95.24,16614164.0
2025-12-05,95.29,96.22,94.71,95.98,21161847.0
2025-12-08,96.21,97.15,96.21,96.53,24780498.0
2025-12-09,96.21,96.66,95.7,96.03,16322702.0
2025-12-10,95.6,96.65,94.9,96.47,19840224.0
2025-12-11,96.98,97.12,95.85,96.23,25090767.0
2025-12-12,96.2,97.7,95.65,97.0,55462088.0
2025-12-15,96.55,97.16,95.53,95.53,29330099.0
2025-12-16,95.5,95.7,94.14,94.25,25876771.0
2025-12-17,94.5,95.7,93.68,95.21,27282500.0
2025-12-18,94.39,94.6,93.5,93.53,25279734.0
2025-12-19,94.0,95.27,93.73,94.23,27206794.0
2025-12-22,94.7,95.36,94.25,94.37,20623482.0
2025-12-23,94.5,95.5,94.5,94.81,23661741.0
2025-12-24,94.8,94.8,94.05,94.42,19280995.0
2025-12-25,94.43,95.23,94.12,94.84,18220163.0
2025-12-26,95.28,101.45,95.25,100.01,102095895.0
2025-12-29,100.5,101.3,99.6,100.21,51916696.0
2025-12-30,99.26,100.15,98.74,99.75,31875638.0
2025-12-31,99.98,100.2,97.38,97.72,40285887.0
2026-01-05,98.4,99.48,97.9,98.11,38262521.0
2026-01-06,98.22,100.5,98.12,99.99,52178486.0
2026-01-07,99.96,99.96,97.06,97.6,56084881.0
2026-01-08,97.2,97.2,96.33,96.88,30065475.0
2026-01-09,97.05,97.95,96.9,97.01,35034058.0
2026-01-12,97.01,98.0,96.3,97.47,42525719.0
2026-01-13,99.0,99.6,96.88,97.19,49872272.0
2026-01-14,96.81,97.74,95.51,96.1,51474973.0
2026-01-15,96.08,96.64,95.6,95.67,29563546.0
2026-01-16,96.7,97.44,95.6,95.86,38458802.0
2026-01-19,96.81,97.3,95.77,96.19,33492715.0
2026-01-20,96.22,96.26,94.68,94.74,38914947.0
2026-01-21,94.01,94.94,94.0,94.1,30833393.0
2026-01-22,94.72,95.13,93.89,94.12,29101425.0
2026-01-23,94.24,94.36,93.51,93.65,38330272.0
2026-01-26,93.65,93.66,92.5,92.63,37545961.0
2026-01-27,92.67,92.99,91.8,91.81,36298092.0
2026-01-28,91.8,93.5,90.01,93.34,71556618.0
2026-01-29,92.66,92.92,91.61,92.31,37182481.0
2026-01-30,92.27,92.27,90.7,90.89,32917560.0
2026-02-02,88.0,89.09,86.97,87.05,64697385.0
2026-02-03,87.2,87.4,85.88,87.37,37782685.0
2026-02-04,86.99,89.33,86.45,89.14,37650471.0
2026-02-05,88.5,91.23,88.33,90.11,35424031.0
2026-02-06,89.39,90.66,89.0,89.82,24708779.0
2026-02-09,90.5,90.65,89.83,90.06,20817951.0
2026-02-10,90.0,91.57,89.84,90.81,26760481.0
2026-02-11,90.88,92.95,90.88,92.28,39694959.0
2026-02-12,92.29,92.35,91.08,91.16,23031332.0
2026-02-13,90.05,91.09,89.88,90.27,21733887.0
2026-02-24,91.98,91.99,90.61,90.87,20644458.0
2026-02-25,90.89,92.79,90.89,91.45,32478010.0
2026-02-26,91.4,91.4,89.61,89.85,29101894.0
2026-02-27,89.4,89.94,89.1,89.32,21934083.0
2026-03-02,88.0,97.25,87.72,96.79,143513688.0
2026-03-03,96.39,96.99,93.99,95.21,86574145.0
2026-03-04,95.2,96.8,93.7,95.99,70096892.0
2026-03-05,96.8,96.82,93.89,94.47,55243997.0
2026-03-06,96.0,96.0,93.25,93.62,50354037.0
2026-03-09,93.62,98.0,93.0,97.52,109340899.0
2026-03-10,97.18,97.49,96.08,96.6,50746243.0
2026-03-11,96.75,100.34,95.67,99.22,90374375.0
2026-03-12,99.23,100.69,98.7,99.1,50252357.0
2026-03-13,99.0,100.79,98.3,99.67,51976482.0
2026-03-16,99.67,105.0,98.79,104.62,108781426.0
2026-03-17,104.63,106.66,102.71,102.87,84138860.0
2026-03-18,102.82,102.82,100.05,101.69,61799648.0
2026-03-19,100.99,103.88,100.47,102.31,53105939.0
2026-03-20,102.0,104.45,101.56,103.03,62878324.0
2026-03-23,103.87,111.82,103.18,107.63,178244551.0
2026-03-24,108.4,108.4,104.93,106.64,92144617.0
2026-03-25,106.72,107.66,105.28,106.6,66266489.0
2026-03-26,106.62,107.68,102.7,103.14,82812067.0
2026-03-27,103.99,105.89,102.75,105.3,65845464.0
2026-03-30,103.51,108.0,103.25,106.05,72755723.0
2026-03-31,107.0,108.49,105.1,105.25,58865901.0
2026-04-01,105.9,106.5,102.37,102.65,71519811.0
2026-04-02,102.49,103.48,100.5,101.65,60434947.0
2026-04-03,101.8,102.3,99.0,99.01,49174516.0
2026-04-07,99.5,99.77,97.45,97.98,37969746.0
2026-04-08,98.5,101.28,98.11,101.22,56281840.0
2026-04-09,100.21,100.21,98.81,99.03,37906293.0
2026-04-10,99.39,102.2,99.03,101.67,60573135.0
2026-04-13,101.57,104.99,100.81,104.25,66313598.0
2026-04-14,103.0,104.19,102.5,103.82,54334283.0
2026-04-15,103.82,104.77,102.5,103.03,42871917.0
2026-04-16,103.28,105.97,103.28,105.54,64366146.0
2026-04-17,104.99,105.46,103.12,103.78,44204763.0
2026-04-20,103.78,103.95,102.62,102.91,38367696.0
2026-04-21,102.91,103.19,101.33,101.53,43225769.0
2026-04-22,101.11,102.38,100.6,101.62,34373337.0
2026-04-23,101.57,101.59,99.01,99.98,49216375.0
2026-04-24,99.91,99.91,98.7,99.46,33773878.0
2026-04-27,100.0,104.0,99.88,102.34,60167020.0
2026-04-28,101.85,103.3,101.34,101.48,36155004.0
2026-04-29,101.47,105.64,101.0,105.4,105655781.0
2026-04-30,104.54,105.45,102.37,102.98,60097853.0
2026-05-06,101.7,101.89,100.2,100.75,67048711.0
2026-05-07,101.05,101.26,100.01,100.46,46884596.0
2026-05-08,100.47,101.0,99.8,100.02,38215750.0
2026-05-11,100.02,100.73,99.0,100.44,48281004.0
2026-05-12,99.97,100.1,99.1,99.23,35344129.0
2026-05-13,99.23,99.25,97.81,98.6,45619352.0
2026-05-14,99.0,100.0,98.45,98.73,33917988.0
2026-05-15,98.0,98.03,96.26,96.3,46621723.0
2026-05-18,95.34,95.94,94.3,94.51,35461317.0
2026-05-19,94.51,96.08,93.8,96.0,29618439.0
2026-05-20,95.3,95.49,93.3,93.36,41500993.0
2026-05-21,93.41,96.2,93.41,93.51,37394974.0
2026-05-22,93.55,94.19,92.61,93.75,26859177.0
2026-05-25,95.0,97.21,95.0,95.96,40599516.0
2026-05-26,95.8,96.92,94.51,96.55,38652435.0
2026-05-27,96.0,97.27,94.66,95.22,36237356.0
2026-05-28,95.22,95.99,94.03,95.88,31458976.0
2026-05-29,98.9,99.5,96.13,96.18,60629393.0
2026-06-01,96.18,96.22,93.6,93.65,44598076.0
2026-06-02,96.0,96.88,94.31,96.76,55496417.0
2026-06-03,96.0,96.0,94.5,94.82,37043374.0
2026-06-04,93.6,94.39,93.1,93.44,31871174.0
2026-06-05,93.52,94.0,92.3,93.01,33996897.0
2026-06-08,91.0,92.02,90.3,91.19,31684395.0
2026-06-09,91.22,91.92,90.03,91.89,28192695.0
2026-06-10,91.0,91.0,90.1,90.31,24128660.0
2026-06-11,90.1,90.8,88.88,89.8,31508734.0
2026-06-12,89.9,91.78,89.25,91.6,38535178.0
2026-06-15,91.61,91.9,90.4,90.82,31297908.0
2026-06-16,90.35,90.5,89.5,89.64,33601868.0
2026-06-17,89.0,89.3,87.0,87.47,49526711.0
2026-06-18,87.0,89.33,86.08,88.13,43578976.0
2026-06-22,87.0,87.9,84.6,87.59,63724220.0
2026-06-23,86.91,88.32,84.75,85.0,46621668.0
2026-06-24,84.5,84.7,82.78,83.3,45573530.0
2026-06-25,82.8,83.81,81.34,82.2,55643208.0
2026-06-26,81.51,81.8,78.2,78.2,66320802.0
2026-06-29,78.2,80.95,77.6,79.64,52370729.0
2026-06-30,79.58,80.55,78.58,79.7,38204309.0
2026-07-01,79.9,81.65,78.55,80.66,50317661.0
2026-07-02,81.9,85.67,81.9,83.57,82504621.0
2026-07-03,83.73,88.88,83.6,88.47,83898162.0
2026-07-06,88.52,88.95,86.61,87.54,48582828.0
2026-07-07,87.66,88.81,85.87,86.26,38946958.0
2026-07-08,86.01,88.34,85.28,87.8,40380908.0
2026-07-09,86.5,87.77,85.8,86.87,37739280.0
2026-07-10,86.84,90.83,84.88,90.0,70933247.0
2026-07-13,89.0,89.0,86.78,86.98,42458495.0
2026-07-14,86.89,90.68,86.5,90.18,54707491.0
2026-07-15,89.65,93.48,89.45,91.76,51415427.0
2026-07-16,91.74,94.76,91.15,94.14,60720397.0
2026-07-17,94.14,95.95,91.9,93.47,68734582.0
2026-07-20,93.49,95.28,92.77,93.92,43989030.0
2026-07-21,93.93,96.8,93.35,94.3,67159285.0
2026-07-22,92.63,93.0,90.51,91.57,60354971.0
2026-07-23,90.77,92.87,90.01,92.65,33801437.0
2026-07-24,91.53,93.08,91.31,91.89,24303385.0
2026-07-27,92.32,93.2,91.53,92.4,26533222.0
2026-07-28,92.02,94.61,92.02,93.35,36401500.0
2026-07-29,93.55,96.27,93.1,94.85,51445729.0
2026-07-30,94.92,96.66,94.75,96.2,48036113.0
2026-07-31,93.72,95.86,93.13,95.77,43613050.0
2026-08-03,96.03,96.59,94.1,94.45,36389711.0
2026-08-04,94.45,94.49,90.8,91.15,66771530.0
2026-08-05,91.08,91.18,89.15,90.82,51559762.0
2026-08-06,90.5,91.15,89.23,89.45,36737226.0
2026-08-07,89.77,90.28,88.55,90.04,40701576.0
2026-08-10,90.04,91.8,89.4,91.15,38573716.0
2026-08-11,91.18,91.66,89.93,90.12,24222760.0
2026-08-12,90.0,91.14,89.4,90.41,20818762.0
2026-08-13,90.37,90.7,89.7,89.71,22665355.0
2026-08-14,89.3,89.68,88.69,88.9,20585614.0
2026-08-17,88.9,90.44,88.61,89.88,24625494.0
2026-08-18,89.88,90.38,89.23,89.53,20636902.0
2026-08-19,89.53,89.53,88.44,88.66,21960557.0
2026-08-20,89.05,91.0,88.89,90.48,35807372.0
2026-08-21,90.35,91.08,89.72,90.47,17886205.0
2026-08-24,90.01,91.49,89.4,90.66,27364741.0
2026-08-25,90.49,91.5,89.91,91.36,27450227.0
2026-08-26,91.2,93.23,91.06,92.09,28282255.0
2026-08-27,91.7,92.18,91.17,91.49,17701439.0
