date,open,high,low,close,volume
2020-01-02,7.6019531,7.63972678,7.47446693,7.5075189,301604400.0
2020-01-03,7.50279719,7.63028336,7.47446693,7.554736,189272368.0
2020-01-06,7.48863206,7.76721295,7.47446693,7.62556165,268910960.0
2020-01-07,7.62556165,7.67277875,7.48863206,7.62083994,202008749.0
2020-01-08,7.55001429,7.55001429,7.33281563,7.33753734,209282573.0
2020-01-09,7.50279719,7.6019531,7.48863206,7.55945771,206553355.0
2020-01-10,7.6963873,7.72471756,7.56417942,7.60667481,258124464.0
2020-01-13,7.47446693,7.64444849,7.40364128,7.64444849,220402627.0
2020-01-14,7.65861362,7.6963873,7.47918864,7.49335377,161749517.0
2020-01-15,7.46974522,7.53584916,7.4130847,7.43669325,122733448.0
2020-01-16,7.4603018,7.47446693,7.40364128,7.4130847,93187454.0
2020-01-17,7.45558009,7.554736,7.42252812,7.43669325,113591048.0
2020-01-20,7.43197154,7.57834455,7.43197154,7.56890113,149242651.0
2020-01-21,7.51696232,7.53112745,7.33281563,7.3658676,172231107.0
2020-01-22,7.3186505,7.53112745,7.24782485,7.49335377,188897552.0
2020-01-23,7.3658676,7.44613667,7.0353479,7.12033868,244497237.0
2020-02-03,6.40736047,6.40736047,6.40736047,6.40736047,36120300.0
2020-02-04,6.138223,6.50179467,6.138223,6.39791705,316330112.0
2020-02-05,6.44513415,6.7048282,6.37903021,6.54429006,251047446.0
2020-02-06,6.5159598,6.97396567,6.47346441,6.90314002,360474320.0
2020-02-07,6.82287095,6.94563541,6.79454069,6.90314002,226748198.0
2020-02-10,6.87480976,7.0353479,6.83231437,6.9409137,175224031.0
2020-02-11,7.00229593,7.04951303,6.87008805,6.87480976,146576448.0
2020-02-12,6.82759266,7.12033868,6.82759266,7.07784329,231596328.0
2020-02-13,7.0353479,7.11089526,6.88897489,6.91258344,179353029.0
2020-02-14,6.9409137,7.48863206,6.90786173,7.2242163,427573360.0
2020-02-17,7.4603018,7.56890113,7.33753734,7.51224061,411400720.0
2020-02-18,7.46974522,7.554736,7.35642418,7.43197154,252014055.0
2020-02-19,7.4130847,7.64444849,7.38947615,7.44141496,283920384.0
2020-02-20,7.49335377,8.18744514,7.43669325,8.18744514,479410544.0
2020-02-21,8.62184246,8.99957926,8.45658261,8.7351635,796652320.0
2020-02-24,8.60295562,9.04679636,8.53212997,8.81071086,527528960.0
2020-02-25,8.62656417,9.51424565,8.4046438,9.41981145,637979568.0
2020-02-26,9.2073345,9.5378542,8.77765889,8.84376283,587358432.0
2020-02-27,8.95236216,9.19316937,8.74932863,8.96180558,413449792.0
2020-02-28,8.5935122,8.74932863,8.06468068,8.19216685,571187936.0
2020-03-02,8.39992209,8.76349376,8.24882737,8.58406878,460452272.0
2020-03-03,8.8295977,9.13650885,8.5935122,8.71155495,429830704.0
2020-03-04,8.70211153,9.12234372,8.58879049,9.12234372,419961472.0
2020-03-05,9.19316937,9.76449628,8.94291874,9.52368907,602990640.0
2020-03-06,9.2545516,9.36315093,9.04679636,9.05151807,357778256.0
2020-03-09,8.73044179,8.93347532,8.32909644,8.49435629,476315600.0
2020-03-10,8.6407293,9.0656832,8.41408722,8.971249,438322896.0
2020-03-11,8.90514506,8.93819703,8.52268655,8.57934707,327486000.0
2020-03-12,8.47546945,8.66905956,8.39520038,8.55101681,283313104.0
2020-03-13,8.15911488,8.6407293,8.11189778,8.46602603,401504208.0
2020-03-16,8.3574267,8.46130432,7.70110901,7.77665637,425299120.0
2020-03-17,8.026907,8.08828923,7.66333533,7.92302938,321065920.0
2020-03-18,7.9796899,8.14022804,7.6019531,7.63028336,328901920.0
2020-03-19,7.72471756,7.99857674,7.58306626,7.89942083,348306688.0
2020-03-20,7.9796899,8.026907,7.76249124,7.97024648,250325389.0
2020-03-23,7.69166559,7.81443005,7.554736,7.56890113,228745240.0
2020-03-24,7.75776953,7.90414254,7.52640574,7.87581228,275846864.0
2020-03-25,8.026907,8.14022804,7.90886425,7.97024648,316492400.0
2020-03-26,7.8852557,7.98913332,7.81443005,7.83331689,166837540.0
2020-03-27,7.94663793,8.0741241,7.83331689,7.85692544,207462593.0
2020-03-30,7.6491702,7.79554321,7.56417942,7.71527414,180025348.0
2020-03-31,7.81443005,7.81443005,7.56890113,7.57834455,160957628.0
2020-04-01,7.53584916,7.7436044,7.5075189,7.58778797,158255750.0
2020-04-02,7.59250968,7.85692544,7.58778797,7.84748202,193467685.0
2020-04-03,7.76721295,7.7908215,7.63972678,7.66333533,155248680.0
2020-04-07,7.85692544,7.9796899,7.82387347,7.91830767,236024042.0
2020-04-08,7.84276031,7.96080306,7.8380386,7.90414254,137152496.0
2020-04-09,8.08356752,8.40936551,8.08356752,8.23938395,349022672.0
2020-04-10,8.4046438,8.4046438,8.05051555,8.08828923,304429360.0
2020-04-13,8.026907,8.34798328,7.98441161,8.34798328,236483687.0
2020-04-14,8.33853986,8.58406878,8.25354908,8.4518609,306878992.0
2020-04-15,8.38103525,8.45658261,8.16383659,8.17800172,242773271.0
2020-04-16,8.14494975,8.38103525,8.12606291,8.29604447,206886623.0
2020-04-17,8.39520038,8.50852142,8.3102096,8.32909644,267849349.0
2020-04-20,8.33381815,8.47546945,8.28660105,8.3574267,168554720.0
2020-04-21,8.29132276,8.29604447,8.0741241,8.20633198,188007524.0
2020-04-22,8.1213412,8.2629925,8.10717607,8.22521882,155775204.0
2020-04-23,8.22521882,8.23466224,8.08356752,8.09301094,127106547.0
2020-04-24,8.09301094,8.15439317,7.90886425,7.94191622,158192701.0
2020-04-27,7.97024648,8.05051555,7.87581228,7.88997741,135646255.0
2020-04-28,8.02218529,8.2629925,7.95608135,8.13550633,274011952.0
2020-04-29,8.09301094,8.34798328,8.0741241,8.25354908,195326612.0
2020-04-30,8.33853986,8.6407293,8.30076618,8.61239904,290697808.0
2020-05-06,8.47546945,8.70683324,8.44241748,8.69738982,249994913.0
2020-05-07,8.65017272,8.72099837,8.52268655,8.56518194,171202399.0
2020-05-08,8.65489443,8.89097993,8.60295562,8.6879464,264739210.0
2020-05-11,8.66433785,8.7823806,8.54157339,8.61712075,186845853.0
2020-05-12,8.63128588,8.68322469,8.46602603,8.5935122,128866074.0
2020-05-13,8.55101681,8.65961614,8.51796484,8.61712075,117442802.0
2020-05-14,8.55573852,8.5935122,8.44241748,8.44713919,125542924.0
2020-05-15,8.51796484,8.56990365,8.4518609,8.45658261,108682521.0
2020-05-18,8.4518609,8.63128588,8.36687012,8.51324313,161424061.0
2020-05-19,8.65017272,8.73044179,8.60767733,8.62184246,159131574.0
2020-05-20,8.5935122,8.61712075,8.43297406,8.47546945,125891634.0
2020-05-21,8.53224543,8.54927586,8.29381941,8.33355708,153381458.0
2020-05-22,8.31652665,8.35058751,8.03836296,8.05539339,173669408.0
2020-05-25,8.0610702,8.10648468,7.97024124,8.02133253,111019781.0
2020-05-26,8.07242382,8.22569769,8.06674701,8.18028321,149186129.0
2020-05-27,8.16892959,8.16892959,8.01565572,8.07810063,109826527.0
2020-05-28,8.10080787,8.31084984,8.04971658,8.1746064,192988720.0
2020-05-29,8.08945425,8.15757597,8.03836296,8.08945425,124135082.0
2020-06-01,8.3449107,8.8558236,8.3449107,8.76499464,405140880.0
2020-06-02,8.6855193,8.81608593,8.61172077,8.71390335,234854005.0
2020-06-03,8.78770188,8.88420765,8.61739758,8.65713525,257460913.0
2020-06-04,8.73661059,8.78770188,8.6287512,8.65713525,154510415.0
2020-06-05,8.6855193,8.7422874,8.52089181,8.72525697,212877593.0
2020-06-08,8.71958016,8.76499464,8.58901353,8.60604396,160470548.0
2020-06-09,8.6287512,9.15101772,8.62307439,8.92394532,399562416.0
2020-06-10,8.89556127,8.99774385,8.83311636,8.97503661,200283575.0
2020-06-11,8.91826851,9.33267564,8.89556127,8.97503661,378416464.0
2020-06-12,8.77067145,9.24184668,8.71390335,9.15669453,395594272.0
2020-06-15,9.24184668,9.62786976,9.15101772,9.21346263,469622496.0
2020-06-16,9.35538288,9.50865675,9.23049306,9.3667365,295886272.0
2020-06-17,9.36105969,9.39512055,9.17940177,9.32132202,216559494.0
2020-06-18,9.32132202,9.74708277,9.28726116,9.62219295,341324768.0
2020-06-19,9.57110166,10.54751298,9.56542485,10.30341015,503326992.0
2020-06-22,10.39423911,11.09248674,10.3317942,10.75187814,515088464.0
2020-06-23,10.70646366,11.13222441,10.64401875,11.13222441,410550976.0
2020-06-24,11.19466932,11.22305337,10.73484771,10.88812158,397244992.0
2020-06-29,10.73484771,10.8427071,10.46236083,10.5020985,407077184.0
2020-06-30,10.62131151,11.55230835,10.59292746,11.4671562,503416832.0
2020-07-01,11.35362,11.55230835,11.17196208,11.48986344,377769600.0
2020-07-02,11.51257068,12.58548777,11.33658957,12.4322139,555844944.0
2020-07-03,12.44356752,13.31211945,12.27894003,12.9431268,647753136.0
2020-07-06,13.1134311,14.16364095,13.01124852,14.0784888,706535632.0
2020-07-07,14.15796414,14.18067138,13.28941221,13.38591798,618642336.0
2020-07-08,13.59595995,14.72564514,13.57892952,14.72564514,540681072.0
2020-07-09,14.61210894,15.99725058,14.2487931,15.41821596,645810192.0
2020-07-10,14.84485815,15.1003146,14.52127998,14.54966403,537205808.0
2020-07-13,14.33394525,15.95751291,14.18634819,15.28197252,558433408.0
2020-07-14,15.15140589,16.56493158,14.8732422,16.45707219,609802608.0
2020-07-15,16.45139538,16.82038803,15.70205646,15.90642162,511636912.0
2020-07-16,15.63961155,16.33785918,14.31691482,14.35097568,635393200.0
2020-07-17,14.56669446,14.78809005,13.4540397,13.98765984,599857312.0
2020-07-20,14.4758655,14.91865668,14.0784888,14.6461698,495514800.0
2020-07-21,14.6461698,15.07193055,14.49289593,14.68023066,333740992.0
2020-07-22,14.69158428,15.80991585,14.69158428,15.15140589,476817920.0
2020-07-23,14.9867784,15.63961155,14.8164741,15.62825793,494659776.0
2020-07-24,15.37847829,15.42956958,14.17499457,14.19770181,602718480.0
2020-07-27,14.22040905,14.48154231,13.82870916,14.10119604,380488672.0
2020-07-28,14.52695679,14.53831041,13.91386131,14.12958009,328456704.0
2020-07-29,14.01604389,15.18546675,13.93656855,15.1570827,481425696.0
2020-07-30,15.14572908,15.14572908,14.76538281,14.82215091,313147872.0
2020-07-31,14.90730306,15.53175216,14.86188858,15.14005227,390943536.0
2020-08-03,15.42956958,15.81559266,15.07760736,15.74747094,423986608.0
2020-08-04,15.71341008,15.81559266,15.35577105,15.44660001,317922832.0
2020-08-05,15.327387,16.04834187,15.2138508,15.70773327,344029408.0
2020-08-06,15.77585499,16.65008373,15.37847829,16.27541427,426531360.0
2020-08-07,15.6112275,16.0086042,14.97542478,15.28764933,470586064.0
2020-08-10,14.87891901,15.53175216,14.69158428,15.0435465,370322768.0
2020-08-11,15.0435465,15.26494209,14.22040905,14.29988439,388831344.0
2020-08-12,14.29988439,14.49289593,13.624344,14.01036708,392241472.0
2020-08-13,14.192025,14.4758655,14.06145837,14.14093371,269075920.0
2020-08-14,14.0784888,14.45315826,14.05010475,14.37935973,213091202.0
2020-08-17,14.69726109,15.23088123,14.4190974,14.86188858,448335008.0
2020-08-18,14.759706,15.11734503,14.71996833,14.86756539,253994698.0
2020-08-19,14.8164741,14.94704073,14.20337862,14.28285396,308031040.0
2020-08-20,14.192025,14.56101765,14.1352569,14.29420758,234848007.0
2020-08-21,14.50424955,14.8732422,14.45883507,14.84485815,327959920.0
2020-08-24,15.0435465,15.09463779,14.27150034,14.71996833,334669200.0
2020-08-25,14.69158428,15.6112275,14.69158428,15.01516245,459340144.0
2020-08-26,14.8732422,14.95839435,14.27717715,14.35097568,380241248.0
2020-08-27,14.34529887,14.62913937,14.27150034,14.48721912,218920608.0
2020-08-28,14.33962206,15.11734503,14.19770181,14.94704073,393677504.0
2020-08-31,15.09463779,15.42956958,14.82782772,14.85053496,401051280.0
2020-09-01,14.84485815,14.97542478,14.60643213,14.92433349,222147595.0
2020-09-02,14.9300103,15.36144786,14.78809005,15.23655804,427234752.0
2020-09-03,15.2138508,15.43524639,14.83918134,14.94704073,364395056.0
2020-09-04,14.53831041,14.79944367,14.48154231,14.70861471,214825432.0
2020-09-07,14.61778575,14.71429152,13.85709321,13.9649526,391703024.0
2020-09-08,14.05578156,14.3623293,13.77194106,14.19770181,298392912.0
2020-09-09,14.0217207,14.1352569,13.51648461,13.60163676,294545056.0
2020-09-10,13.74355701,13.88547726,13.11910791,13.1701992,268015506.0
2020-09-11,13.1134311,13.37456436,13.056663,13.31779626,197256053.0
2020-09-14,13.41997884,13.53351504,13.2269673,13.40294841,174830108.0
2020-09-15,13.40294841,13.49945418,13.25535135,13.45971651,161093723.0
2020-09-16,13.3972716,13.53351504,13.13613834,13.23832092,180795285.0
2020-09-17,13.14181515,13.49945418,12.95448042,13.32347307,216230993.0
2020-09-18,13.32914988,14.4758655,13.22129049,14.192025,498463520.0
2020-09-21,14.4758655,14.56101765,13.87412364,13.87980045,328010640.0
2020-09-22,13.74355701,14.27150034,13.70381934,13.80032511,248634066.0
2020-09-23,13.80600192,13.88547726,13.60163676,13.69814253,159615463.0
2020-09-24,13.63002081,13.84006278,13.4540397,13.48242375,171193734.0
2020-09-25,13.55054547,13.78897149,13.49377737,13.63569762,167375526.0
2020-09-28,13.55054547,13.66408167,13.46539332,13.55054547,115411676.0
2020-09-29,13.65272805,13.89683088,13.63002081,13.74355701,166321160.0
2020-09-30,13.82870916,13.88547726,13.53351504,13.61866719,133242595.0
2020-10-09,13.90250769,14.12958009,13.84006278,13.97630622,185005686.0
2020-10-12,14.11254966,14.8732422,14.03307432,14.81079729,362616784.0
2020-10-13,14.5894017,14.8732422,14.54398722,14.82782772,234342218.0
2020-10-14,14.74835238,14.80512048,14.56101765,14.69726109,155679661.0
2020-10-15,14.70861471,14.98110159,14.5894017,14.60075532,164318494.0
2020-10-16,14.56669446,14.82782772,14.56669446,14.74835238,157849115.0
2020-10-19,15.31603338,15.327387,14.73132195,14.74267557,266270021.0
2020-10-20,14.75402919,15.25358847,14.74267557,15.18546675,264967843.0
2020-10-21,15.20817399,15.2138508,14.83350453,14.95839435,180202500.0
2020-10-22,14.8164741,15.03219288,14.56101765,14.81079729,193448836.0
2020-10-23,14.82782772,14.89027263,14.29988439,14.29988439,160870151.0
2020-10-26,14.26014672,14.27150034,13.5675759,13.81167873,248332107.0
2020-10-27,13.70949615,13.88547726,13.68678891,13.81167873,130490678.0
2020-10-28,13.77194106,13.92521493,13.64137443,13.81735554,165080997.0
2020-10-29,13.6811121,13.98198303,13.624344,13.83438597,187313844.0
2020-10-30,13.78329468,13.87980045,13.23264411,13.27238178,221671841.0
2020-11-02,13.30076583,13.59028314,13.19858325,13.35185712,162004532.0
2020-11-03,13.40294841,14.05010475,13.40294841,13.7946483,250510016.0
2020-11-04,13.7946483,13.85709321,13.54486866,13.74923382,148974891.0
2020-11-05,14.05010475,14.27717715,13.9649526,14.18067138,256840652.0
2020-11-06,14.16364095,14.37368292,14.02739751,14.3055612,256659606.0
2020-11-09,14.4190974,15.65664198,14.33394525,15.28197252,497659344.0
2020-11-10,15.327387,15.52039854,15.04922331,15.14005227,335161600.0
2020-11-11,15.07193055,15.14005227,14.3623293,14.40206697,319219664.0
2020-11-12,14.45883507,14.60643213,14.31123801,14.44748145,152510778.0
2020-11-13,14.26582353,14.27150034,13.9649526,14.16931776,184681180.0
2020-11-16,14.33962206,14.34529887,14.03307432,14.29420758,135263616.0
2020-11-17,14.22040905,14.28285396,13.87980045,14.28285396,164276601.0
2020-11-18,14.29420758,14.54398722,14.2487931,14.36800611,194035673.0
2020-11-19,14.19770181,14.80512048,14.04442794,14.66320023,229372007.0
2020-11-20,14.5894017,14.74835238,14.47018869,14.60643213,147507576.0
2020-11-23,14.50424955,15.28197252,14.40206697,14.95271754,353762848.0
2020-11-24,14.90162625,15.03786969,14.73699876,14.82215091,186973171.0
2020-11-25,14.93568711,15.14572908,14.57237127,14.57237127,197044118.0
2020-11-26,14.62913937,14.89594944,14.57804808,14.71429152,160302863.0
2020-11-27,14.759706,15.15140589,14.68023066,15.15140589,235784854.0
2020-11-30,15.327387,16.5762852,15.2706189,15.6112275,704893872.0
2020-12-01,15.5544594,16.79200398,15.50904492,16.70117502,593411776.0
2020-12-02,16.6330533,16.78632717,16.10510997,16.27541427,456237792.0
2020-12-03,16.18458531,16.71820545,16.1221404,16.5762852,328012720.0
2020-12-04,16.34353599,16.36624323,15.88371438,16.09943316,298510752.0
2020-12-07,16.28676789,16.28676789,15.73044051,15.75314775,214465825.0
2020-12-08,15.84397671,16.15052445,15.75314775,15.92345205,203288594.0
2020-12-09,15.92345205,16.03131144,15.1570827,15.1570827,352675232.0
2020-12-10,15.16275951,15.36712467,15.06057693,15.17411313,213143426.0
2020-12-11,15.26494209,15.30467976,14.77105962,15.02651607,224526796.0
2020-12-14,15.0435465,15.17978994,14.8164741,15.09463779,167387828.0
2020-12-15,14.99813202,15.29900295,14.88459582,15.1570827,165495334.0
2020-12-16,15.15140589,15.15140589,14.82782772,14.84485815,153909549.0
2020-12-17,14.83918134,15.59987388,14.82782772,15.50336811,317190080.0
2020-12-18,15.37847829,15.45795363,15.16843632,15.2706189,167206428.0
2020-12-21,15.1570827,15.74179413,14.94136392,15.66231879,249119609.0
2020-12-22,15.4976913,15.60555069,14.93568711,14.94136392,240111017.0
2020-12-23,14.94704073,15.3841551,14.94136392,15.12302184,207059346.0
2020-12-24,15.07760736,15.35009424,14.99245521,15.06057693,136058199.0
2020-12-25,14.97542478,15.41253915,14.78241324,15.23088123,207657292.0
2020-12-28,15.20817399,15.895068,14.9867784,15.56581302,272173824.0
2020-12-29,15.67934922,16.15052445,15.60555069,15.66231879,265611289.0
2020-12-30,15.73044051,16.44571857,15.56581302,16.42301133,365498064.0
2020-12-31,16.67846778,18.04090218,16.66711416,17.598111,512471168.0
2021-01-04,18.00684132,18.59722956,17.41645308,18.2793282,475336320.0
2021-01-05,17.98413408,18.733473,17.7684153,18.40989483,434368352.0
2021-01-06,18.53478465,19.26141633,18.4496325,18.7902411,345176352.0
2021-01-07,18.74482662,19.70420751,18.55749189,19.6985307,380011920.0
2021-01-08,19.72691475,19.84612776,18.98892945,19.2443859,357447728.0
2021-01-11,19.46010468,19.48848873,18.5064006,18.75050343,326014128.0
2021-01-12,18.77888748,21.67406058,18.77888748,21.67406058,547589168.0
2021-01-13,21.4015737,22.38933864,21.1745013,22.06008366,486127552.0
2021-01-14,21.6286461,21.6286461,20.64655797,20.73171012,375219552.0
2021-01-15,20.7203565,21.27668388,19.868835,20.45922324,343278176.0
2021-01-18,20.3797479,22.06576047,20.34001023,21.44698818,334752656.0
2021-01-19,21.4015737,21.94087065,20.82253908,21.02690424,296131040.0
2021-01-20,21.4583418,21.98628513,21.08367234,21.25965345,275728048.0
2021-01-21,21.39022008,23.01946455,21.33345198,22.52558208,387440528.0
2021-01-22,22.29850968,22.56531975,21.82733445,22.33824735,313326912.0
2021-01-25,22.70724,23.03081817,22.0260228,22.45746036,341528400.0
2021-01-26,22.139559,22.139559,20.7771246,20.78847822,413462336.0
2021-01-27,21.06664191,21.4583418,20.81686227,21.1177332,256939589.0
2021-01-28,20.78847822,21.16314768,20.52166815,20.5500522,275271104.0
2021-01-29,20.82821589,21.07231872,19.1308497,19.9823712,396024304.0
2021-02-01,20.25485808,20.87363037,20.0959074,20.36839428,245138459.0
2021-02-02,20.54437539,20.97581295,20.18673636,20.91904485,249644689.0
2021-02-03,20.72603331,20.82821589,19.91424948,20.06184654,264230947.0
2021-02-04,19.78935966,20.39110152,19.53390321,20.09023059,218955410.0
2021-02-05,20.3229798,20.65223478,19.95398715,20.07887697,191460894.0
2021-02-08,20.22647403,20.57843625,19.47713511,20.34568704,210516467.0
2021-02-09,20.35136385,21.78759678,20.16402912,21.66270696,350762000.0
2021-02-10,21.7421823,21.9692547,21.35615922,21.85004169,245529649.0
2021-02-18,22.6504719,22.80374577,21.29371431,21.35615922,304172192.0
2021-02-19,21.004197,21.28236069,20.35136385,20.90201442,277189216.0
2021-02-22,20.90201442,20.90201442,19.03434393,19.09111203,446594880.0
2021-02-23,19.05137436,19.48281192,18.82430196,19.04569755,219885018.0
2021-02-24,19.04569755,19.20464823,18.33041949,18.53478465,265741430.0
2021-02-25,18.733473,18.7902411,17.9387196,17.97845727,254264170.0
2021-02-26,17.3142705,17.72300082,17.20641111,17.24614878,266623150.0
2021-03-01,17.47889799,17.85356745,17.36536179,17.78544573,215368144.0
2021-03-02,17.84221383,17.97845727,17.2575024,17.44483713,199630989.0
2021-03-03,17.5413429,18.06928623,17.41077627,18.0522558,207402197.0
2021-03-04,17.7684153,17.7684153,16.94527785,17.09855172,291788064.0
2021-03-05,16.73523588,17.70029358,16.67846778,17.42212989,273195968.0
2021-03-08,17.5413429,17.67190953,16.35488961,16.35488961,297650416.0
2021-03-09,16.28109108,16.49680986,15.57716664,15.62825793,327894832.0
2021-03-10,16.02563463,16.13917083,15.76450137,15.78720861,195250936.0
2021-03-11,15.87803757,16.50816348,15.78720861,16.2356766,217198970.0
2021-03-12,16.2924447,16.40030409,15.84965352,15.98589696,205780247.0
2021-03-15,15.88939119,15.895068,15.36144786,15.51472173,180811997.0
2021-03-16,15.77017818,15.77017818,15.21952761,15.44660001,154958860.0
2021-03-17,15.3841551,15.71908689,15.25926528,15.53742897,153535787.0
2021-03-18,15.62825793,16.25838384,15.56013621,16.03131144,259650026.0
2021-03-19,15.71341008,15.75314775,15.30467976,15.41253915,192209952.0
2021-03-22,15.54310578,15.9518361,15.37280148,15.67367241,183863585.0
2021-03-23,15.6679956,15.77017818,15.16843632,15.41253915,192328984.0
2021-03-24,15.27629571,15.79856223,15.24791166,15.36712467,204952173.0
2021-03-25,15.18546675,15.62258112,15.00948564,15.45795363,169596781.0
2021-03-26,15.58284345,16.11078678,15.56581302,15.9518361,266689562.0
2021-03-29,15.94615929,16.22432298,15.73044051,15.76450137,180624214.0
2021-03-30,15.69637965,15.98022015,15.5544594,15.86668395,137213552.0
2021-03-31,15.80991585,15.81559266,15.36712467,15.47498406,138686340.0
2021-04-01,15.61690431,16.04834187,15.48066087,16.0086042,184918145.0
2021-04-02,16.26973746,16.55925477,16.2356766,16.38895047,238635944.0
2021-04-06,16.52519391,16.66143735,16.0653723,16.24135341,151726172.0
2021-04-07,16.0086042,16.05401868,15.7247637,15.82694628,158070359.0
2021-04-08,15.7247637,16.13917083,15.62258112,15.9518361,141861394.0
2021-04-09,15.895068,15.99157377,15.63393474,15.71341008,107304317.0
2021-04-12,15.73044051,15.91209843,15.17411313,15.24223485,160549589.0
2021-04-13,15.29332614,15.56581302,15.24223485,15.35009424,129641252.0
2021-04-14,15.45227682,16.12781721,15.41821596,16.11078678,205763074.0
2021-04-15,15.90074481,16.20729255,15.87236076,16.20161574,138111145.0
2021-04-16,16.2356766,16.36056642,15.92345205,16.21864617,139928095.0
2021-04-19,16.09375635,17.17235025,15.96886653,17.09855172,287740320.0
2021-04-20,16.89986337,17.22911835,16.86580251,16.90554018,186842016.0
2021-04-21,16.72388226,17.19505749,16.70117502,16.99069233,126948017.0
2021-04-22,17.22344154,17.55837333,17.03043,17.31994731,163334006.0
2021-04-23,17.2575024,18.18849924,17.20641111,17.93304279,252103513.0
2021-04-26,18.165792,18.2793282,17.51295885,17.60946462,256758446.0
2021-04-27,17.0871981,17.5413429,16.66143735,17.14964301,305949344.0
2021-04-28,17.03610681,18.21120648,17.00772276,18.02387175,231761573.0
2021-04-29,17.98413408,18.59155275,17.9387196,18.16011519,226160032.0
2021-04-30,18.1090239,18.55749189,18.04090218,18.30203544,172781143.0
2021-05-06,18.23391372,18.3360963,17.47322118,17.7684153,195178451.0
2021-05-07,17.93304279,17.97278046,17.03610681,17.13828939,161468638.0
2021-05-10,17.11558215,17.2007343,16.75794312,17.02475319,137623518.0
2021-05-11,16.86580251,17.59243419,16.6898214,17.40509946,171375031.0
2021-05-12,17.1439662,17.33130093,17.03043,17.29156326,113511007.0
2021-05-13,17.03043,17.56972695,16.98501552,17.3142705,114002875.0
2021-05-14,17.5413429,19.80639009,17.51863566,19.5282264,453381456.0
2021-05-17,19.2443859,19.72691475,19.1876178,19.48281192,316358096.0
2021-05-18,19.4714583,20.16402912,19.4146902,19.53390321,218217563.0
2021-05-19,19.43172063,20.4932841,19.4146902,19.99372482,229721021.0
2021-05-20,20.0959074,20.70332607,19.9823712,20.27756532,230202481.0
2021-05-21,20.3229798,20.3229798,19.51687278,19.57931769,227752639.0
2021-05-24,20.0959074,20.48193048,19.9256031,20.06752335,229317151.0
2021-05-25,20.0959074,21.73650549,20.06184654,21.56052438,368103520.0
2021-05-26,21.7421823,21.86707212,21.21423897,21.35615922,242414408.0
2021-05-27,21.3697926,21.697299,20.8512408,21.4380231,231073657.0
2021-05-28,21.3561465,22.106682,21.04910925,21.36296955,278433568.0
2021-05-31,21.1787472,21.697299,20.8921791,21.697299,232828956.0
2021-06-01,21.4926075,21.6154224,20.9877018,21.3970848,213190108.0
2021-06-02,21.4380231,21.6017763,20.76254115,20.9058252,210402833.0
2021-06-03,20.9877018,21.7928217,20.9877018,21.0559323,266602422.0
2021-06-04,20.878533,21.81329085,20.7557181,21.1651011,299496048.0
2021-06-07,21.151455,21.560838,20.8103025,21.287916,224338804.0
2021-06-08,21.151455,21.5881302,20.9604096,21.06275535,213861482.0
2021-06-09,21.00817095,21.2196855,20.4145656,20.742072,213757255.0
2021-06-10,20.80347945,21.83376,20.7966564,21.34932345,316801552.0
2021-06-11,21.49943055,21.69047595,21.22650855,21.40390785,253999050.0
2021-06-15,21.40390785,21.5062536,20.742072,21.04910925,191080110.0
2021-06-16,20.95358655,21.1923933,19.650384,19.67085315,383079520.0
2021-06-17,19.7049684,20.4418578,19.7049684,20.24398935,235938004.0
2021-06-18,20.4009195,20.9331174,20.23034325,20.6329032,213217128.0
2021-06-21,20.8648869,21.2060394,20.7284259,20.8921791,202475303.0
2021-06-22,21.0013479,21.07640145,20.54420355,20.85806385,146261680.0
2021-06-23,20.9194713,21.3152082,20.68066455,21.1241628,198009476.0
2021-06-24,21.151455,21.2742699,20.742072,20.8103025,164818655.0
2021-06-25,20.9467635,22.652526,20.7557181,22.3113735,487187616.0
2021-06-28,22.379604,22.45465755,21.96339795,22.3659579,264954426.0
2021-06-29,22.34548875,22.34548875,21.5335458,21.66318375,242087586.0
2021-06-30,21.79964475,22.57747245,21.6836529,22.37278095,258229732.0
2021-07-01,23.02779375,23.1164934,21.24015465,21.2606238,353182816.0
2021-07-02,21.1651011,21.1651011,20.1143514,20.2781046,328294400.0
2021-07-05,20.2098741,20.4555039,19.9369521,20.33951205,195073387.0
2021-07-06,20.35315815,20.5373805,19.93012905,20.50326525,213020212.0
2021-07-07,20.1279975,20.99452485,20.1143514,20.7966564,228947521.0
2021-07-08,21.014994,21.9156366,21.014994,21.287916,339963296.0
2021-07-09,21.0832245,21.62224545,20.91264825,21.48578445,209619728.0
2021-07-12,21.93610575,22.91862495,21.49943055,22.50924195,450854992.0
2021-07-13,22.31819655,22.55018025,21.8883444,22.0520976,216741154.0
2021-07-14,21.93610575,22.41371925,21.7518834,21.93610575,194469809.0
2021-07-15,21.83376,22.7753409,21.7518834,22.57747245,262881617.0
2021-07-16,22.74122565,22.83674835,22.0384515,22.1749125,236598844.0
2021-07-19,21.99069015,22.37278095,21.86787525,22.2294969,151134021.0
2021-07-20,21.9838671,22.45465755,21.92245965,22.15444335,120485295.0
2021-07-21,22.3659579,23.7305679,22.27725825,23.32800795,370694240.0
2021-07-22,23.46446895,24.017136,23.1574317,23.94208245,306114016.0
2021-07-23,23.9489055,24.62438745,23.1301395,23.2802466,370432432.0
2021-07-26,23.46446895,23.51905335,22.1749125,22.3932501,346932256.0
2021-07-27,22.8572175,22.93227105,20.95358655,21.1378089,326221664.0
2021-07-28,20.98087875,21.3425004,20.0461209,20.80347945,297661136.0
2021-07-29,21.4926075,22.14079725,21.30838515,21.89516745,328842480.0
2021-07-30,21.63589155,21.7928217,21.0286401,21.18557025,217174735.0
2021-08-02,21.2196855,23.1028473,20.9467635,22.53653415,362073056.0
2021-08-03,22.4478345,23.36894625,22.34548875,22.67299515,299164496.0
2021-08-04,22.5842955,23.1164934,22.31819655,22.90497885,221857259.0
2021-08-05,22.925448,22.925448,22.0930359,22.30455045,204156746.0
2021-08-06,22.2840813,22.86404055,22.2840813,22.46830365,164706320.0
2021-08-09,22.30455045,23.0482629,22.2294969,22.6934643,224218707.0
2021-08-10,22.516065,23.0073246,22.1749125,22.9936785,252380608.0
2021-08-11,23.02779375,23.1847239,22.38642705,22.4887728,195150603.0
2021-08-12,22.379604,22.516065,21.7655295,21.8746983,192275775.0
2021-08-13,21.697299,22.2840813,21.63589155,21.9429288,127196002.0
2021-08-16,21.94975185,22.516065,21.88152135,21.96339795,177036172.0
2021-08-17,21.8201139,22.5024189,21.09004755,21.1378089,285972400.0
2021-08-18,21.34932345,23.061909,21.02181705,22.65934905,455916112.0
2021-08-19,22.65934905,22.788987,21.69047595,21.8883444,323906912.0
2021-08-20,21.78599865,22.20902775,21.11733975,21.43120005,254079467.0
2021-08-23,21.49943055,21.8064678,21.22650855,21.51307665,165420342.0
2021-08-24,21.51307665,22.4341884,21.2606238,21.94975185,263451763.0
2021-08-25,21.83376,21.84058305,21.3015621,21.5198997,171289730.0
2021-08-26,21.45849225,21.73141425,21.1241628,21.1378089,178243955.0
2021-08-27,21.04910925,21.4107309,20.95358655,21.151455,134090869.0
2021-08-30,21.29473905,21.34932345,20.42138865,20.8239486,226827963.0
2021-08-31,20.6738415,21.32203125,20.46915,21.11733975,243394528.0
2021-09-01,21.0013479,22.3113735,20.7147798,21.6563607,374678512.0
2021-09-02,21.4926075,22.03162845,21.3970848,21.6563607,217563484.0
2021-09-03,22.41371925,22.5433572,21.33567735,21.3425004,293977264.0
2021-09-06,21.0968706,22.8572175,21.0286401,22.50924195,464616832.0
2021-09-07,22.3523118,23.73739095,22.243143,23.334831,424676960.0
2021-09-08,23.2666005,25.07470875,23.19837,24.07854345,413562816.0
2021-09-09,24.017136,24.3446424,23.607753,24.0580743,198784225.0
2021-09-10,24.11948175,24.8904864,24.05125125,24.18771225,261917278.0
2021-09-13,24.290058,25.108824,24.26958885,24.6721488,253000300.0
2021-09-14,24.8222559,24.9996552,23.880675,24.153597,258182324.0
2021-09-15,24.426519,24.426519,23.6759835,24.09218955,170694183.0
2021-09-16,24.1945353,24.22865055,22.89133275,23.2529544,219566488.0
2021-09-17,23.2529544,23.8533828,23.05508595,23.6759835,139944117.0
2021-09-22,23.19837,23.73739095,23.1028473,23.43717675,105815919.0
2021-09-23,23.81926755,24.2218275,23.2529544,23.42353065,173017230.0
2021-09-24,23.3211849,23.90114415,23.2666005,23.40988455,123202203.0
2021-09-27,23.50540725,23.9352594,22.34548875,22.4751267,275894096.0
2021-09-28,22.6934643,23.72374485,22.50924195,23.4030615,222197892.0
2021-09-29,23.31436185,23.32800795,22.652526,22.9800324,146715494.0
2021-09-30,23.16425475,23.64186825,22.8026331,23.45082285,139295438.0
2021-10-08,23.77832925,24.14677395,23.2666005,23.60092995,150977933.0
2021-10-11,23.58728385,24.0580743,23.4030615,23.47811505,119223563.0
2021-10-12,23.19837,23.2256622,21.93610575,22.3659579,241365251.0
2021-10-13,22.26361215,22.8162792,21.99069015,22.652526,114832016.0
2021-10-14,22.64570295,22.7616948,22.38642705,22.5842955,80756960.0
2021-10-15,22.1749125,23.23248525,22.1203281,23.10967035,147994593.0
2021-10-18,23.19837,23.3757693,22.68664125,22.93227105,159133246.0
2021-10-19,22.925448,23.2666005,22.67299515,22.80945615,135396740.0
2021-10-20,22.925448,23.23248525,22.74122565,22.8299253,110671622.0
2021-10-21,22.8435714,23.061909,22.45465755,22.90497885,126139328.0
2021-10-22,22.97320935,23.02779375,22.65934905,22.6798182,96658922.0
2021-10-25,22.6934643,23.2666005,22.4887728,23.1574317,159907159.0
2021-10-26,23.0482629,23.36894625,22.9936785,23.13696255,132336945.0
2021-10-27,23.061909,23.1301395,22.243143,22.4478345,183164658.0
2021-10-28,22.31819655,22.53653415,21.9429288,22.0384515,139121469.0
2021-10-29,21.970221,22.5842955,21.9156366,22.4478345,132186323.0
2021-11-01,22.24996605,22.516065,22.1749125,22.24996605,103283478.0
2021-11-02,22.20902775,22.30455045,21.39026175,21.83376,167341720.0
2021-11-03,21.970221,22.33184265,21.88152135,22.14079725,111760725.0
2021-11-04,22.34548875,22.6388799,22.1612664,22.22267385,107033715.0
2021-11-05,22.11350505,22.50924195,22.0657437,22.33184265,96914201.0
2021-11-08,22.3659579,23.0209707,22.3386657,22.7344026,157491605.0
2021-11-09,22.75487175,22.90497885,22.5433572,22.85039445,103231614.0
2021-11-10,22.71393345,23.00050155,22.5842955,22.9390941,109727114.0
2021-11-11,22.9936785,24.25594275,22.98685545,24.11948175,317994576.0
2021-11-12,24.02395905,24.4947495,23.99666685,24.17406615,154694654.0
2021-11-15,24.17406615,24.5356878,24.01031295,24.10583565,124053006.0
2021-11-16,24.13312785,24.3037041,23.6623374,23.73739095,131884725.0
2021-11-17,24.0307821,24.25594275,23.8260906,23.98302075,89084360.0
2021-11-18,23.9489055,24.03760515,23.4985842,23.66916045,83949063.0
2021-11-19,23.60092995,24.3446424,23.53269945,24.0307821,142830423.0
2021-11-22,24.0853665,24.6312105,23.98302075,24.4674573,167894201.0
2021-11-23,24.4538112,24.81543285,24.29688105,24.35146545,136305305.0
2021-11-24,24.31052715,24.51521865,23.99666685,24.07854345,107664623.0
2021-11-25,24.153597,24.2081814,23.72374485,23.8124445,89567244.0
2021-11-26,23.744214,23.8943211,23.49176115,23.69645265,88316986.0
2021-11-29,23.47811505,23.77832925,23.4439998,23.75103705,100104492.0
2021-11-30,23.84655975,24.1263048,23.4849381,23.6350452,91861894.0
2021-12-01,23.607753,23.87385195,23.36894625,23.7032757,92211984.0
2021-12-02,23.61457605,23.9216133,23.54634555,23.86020585,92524622.0
2021-12-03,23.92843635,23.98302075,23.19837,23.79197535,133109837.0
2021-12-06,23.7578601,24.972363,23.75103705,24.07854345,264752895.0
2021-12-07,24.4947495,24.52886475,23.91479025,24.18771225,136679534.0
2021-12-08,24.46063425,24.7540254,24.17406615,24.65167965,139395557.0
2021-12-09,24.70626405,25.92759,24.51521865,25.40221515,264642143.0
2021-12-10,25.21116975,25.34763075,25.0133013,25.1770545,151027103.0
2021-12-13,25.8047751,26.84870175,25.64784495,26.01628965,264181307.0
2021-12-14,26.01628965,26.45296485,25.9139439,26.13910455,127681447.0
2021-12-15,26.13910455,26.8145865,26.064051,26.38473435,137602542.0
2021-12-16,26.609895,26.6781255,26.04358185,26.4597879,97713565.0
2021-12-17,26.3779113,26.6371872,25.87982865,25.87982865,148174985.0
2021-12-20,25.92076695,26.3779113,25.518207,25.63419885,151229103.0
2021-12-21,25.63419885,25.82524425,25.2043467,25.71607545,106682347.0
2021-12-22,25.5864375,25.791129,25.42950735,25.48409175,66978869.0
2021-12-23,25.52503005,25.654668,25.22481585,25.56596835,81369421.0
2021-12-24,25.56596835,26.01628965,25.3680999,25.45679955,76291574.0
2021-12-27,25.77065985,25.77065985,25.11564705,25.22481585,78846379.0
2021-12-28,25.3680999,25.70242935,25.22481585,25.6956063,98658745.0
2021-12-29,25.67513715,25.6819602,24.73355625,24.77449455,127431304.0
2021-12-30,24.7676715,25.518207,24.50157255,25.2725772,132751583.0
2021-12-31,25.4363304,25.4772687,25.1224701,25.32033855,79377929.0
2022-01-04,25.41586125,25.4363304,24.39240375,24.4674573,138863404.0
2022-01-05,24.52886475,24.699441,23.62822215,23.92843635,191721915.0
2022-01-06,23.68280655,23.69645265,23.1164934,23.1710778,199863892.0
2022-01-07,23.32800795,23.3621232,22.9800324,23.02779375,121573654.0
2022-01-10,22.86404055,23.15060865,22.75487175,22.87768665,108833838.0
2022-01-11,22.78216395,23.0209707,22.7207565,22.788987,89345976.0
2022-01-12,22.925448,23.061909,22.5842955,22.9663863,121372865.0
2022-01-13,22.9936785,23.10967035,22.1749125,22.19538165,161075969.0
2022-01-14,21.89516745,22.3113735,21.84058305,21.9838671,125140528.0
2022-01-17,22.00433625,22.61841075,21.9975132,22.4478345,122540136.0
2022-01-18,22.49559585,22.8162792,22.3113735,22.5706494,113341427.0
2022-01-19,22.9663863,23.1574317,22.37278095,22.61841075,148343789.0
2022-01-20,22.516065,23.19837,22.27725825,23.01414765,171507304.0
2022-01-21,22.94591715,23.04143985,22.5024189,22.6798182,102577618.0
2022-01-24,22.49559585,22.8026331,22.1339742,22.23631995,107811804.0
2022-01-25,21.9019905,22.18173555,21.6017763,21.6427146,140418758.0
2022-01-26,21.96339795,22.2977274,21.60859935,22.2977274,134578986.0
2022-01-27,22.106682,22.37278095,21.6836529,21.70412205,116334950.0
2022-01-28,22.0520976,22.09985895,21.3834387,21.3970848,111206034.0
2022-02-07,21.97704405,22.19538165,21.7655295,21.9838671,122936826.0
2022-02-08,21.9838671,22.08621285,21.3152082,21.92245965,126410491.0
2022-02-09,21.94975185,22.3386657,21.7791756,22.29090435,119271848.0
2022-02-10,22.35913485,22.44101145,21.73141425,21.9292827,131255888.0
2022-02-11,21.85422915,22.1476203,21.5744841,21.64953765,122463856.0
2022-02-14,21.3561465,21.5062536,18.3540045,18.75656445,548867536.0
2022-02-15,18.3540045,18.7497414,18.2038974,18.6678648,274954912.0
2022-02-16,18.8725563,19.1454783,18.6678648,18.74291835,207472072.0
2022-02-17,18.5723421,19.00219425,18.51093465,18.78385665,142035976.0
2022-02-18,18.6405726,18.67468785,18.31988925,18.4768194,177174797.0
2022-02-21,18.41541195,18.4904655,17.74675305,17.84227575,363319344.0
2022-02-22,17.56935375,17.6580534,17.21455515,17.3169009,250225872.0
2022-02-23,17.5215924,18.04696725,17.3169009,18.012852,267688374.0
2022-02-24,17.74675305,18.16978215,17.50112325,17.8081605,233831571.0
2022-02-25,18.11519775,18.48364245,17.9446215,18.0264981,235037171.0
2022-02-28,17.8900371,18.3130662,17.8081605,18.2448357,188473338.0
2022-03-01,18.3540045,18.79750275,18.23801265,18.7224492,272867792.0
2022-03-02,18.52458075,18.57916515,18.38811975,18.5041116,112337062.0
2022-03-03,18.56551905,18.695157,18.12884385,18.2448357,145512320.0
2022-03-04,18.04696725,18.3267123,17.6171151,17.73993,192069755.0
2022-03-07,17.5079463,17.5215924,16.8392874,16.9757484,249421012.0
2022-03-08,17.0712711,17.3032548,16.648242,16.9621023,222940028.0
2022-03-09,17.057625,17.11903245,15.78171465,16.5527193,321484880.0
2022-03-10,17.03715585,17.28278565,16.7301186,16.75058775,271964256.0
2022-03-11,16.4299044,17.09174025,15.7339533,16.784703,406266144.0
2022-03-14,16.37532,16.54589625,16.0341675,16.0341675,241817698.0
2022-03-15,15.693015,16.38214305,15.556554,15.57702315,335790192.0
2022-03-16,15.829476,17.3987775,15.4337391,17.20090905,546648784.0
2022-03-17,17.603469,18.0674364,17.29643175,17.6307612,561721712.0
2022-03-18,17.5352385,17.8081605,17.194086,17.73310695,278082496.0
2022-03-21,17.66487645,17.66487645,16.99621755,17.09174025,288317904.0
2022-03-22,16.9893945,17.43289275,16.85975655,17.1395016,176995630.0
2022-03-23,17.22820125,17.39195445,17.0985633,17.22820125,147234979.0
2022-03-24,17.11903245,17.5079463,16.921164,17.29643175,184042124.0
2022-03-25,17.2486704,17.3578392,16.77787995,16.784703,174865204.0
2022-03-28,16.39578915,16.921164,16.2661512,16.70964945,154113219.0
2022-03-29,16.7710569,16.9075179,16.45037355,16.50495795,103394059.0
2022-03-30,16.70964945,17.7945144,16.65506505,17.7945144,352001744.0
2022-03-31,17.6171151,17.6171151,17.22820125,17.2896087,210891106.0
2022-04-01,17.20090905,18.00602895,17.1531477,17.80133745,279116784.0
2022-04-06,17.5898229,17.78769135,17.4124236,17.7126378,170440372.0
2022-04-07,17.5898229,18.0401442,17.39195445,17.3987775,193474728.0
2022-04-08,17.3987775,17.97873675,17.3032548,17.80133745,215981668.0
2022-04-11,17.56935375,17.5761768,16.8529335,16.85975655,249140856.0
2022-04-12,16.83246435,18.06061335,16.81881825,17.876391,307692320.0
2022-04-13,17.603469,18.149313,17.5079463,17.6989917,234952634.0
2022-04-14,17.97873675,18.558696,17.8218066,18.2994201,298975248.0
2022-04-15,18.07425945,18.6405726,18.012852,18.3540045,210391750.0
2022-04-18,17.9446215,18.11519775,17.5079463,17.89686015,190758294.0
2022-04-19,17.8081605,18.12884385,17.63758425,17.6989917,141202021.0
2022-04-20,17.73184541,17.86325325,16.82020352,16.92697239,273416496.0
2022-04-21,16.71343465,17.45260375,16.68879568,16.99267631,240323468.0
2022-04-22,16.85305548,17.46081674,16.80377754,17.12408415,205064988.0
2022-04-25,16.5081099,17.41975179,16.30278515,16.97625033,337401536.0
2022-04-26,16.95161136,17.54294664,16.57381382,17.04195425,338601744.0
2022-04-27,16.89412043,17.94538315,16.8366295,17.78112335,382727744.0
2022-04-28,17.51830767,17.64971551,17.10765817,17.28834395,241865110.0
2022-04-29,17.78112335,18.92272896,17.3294089,18.70919122,504452576.0
2022-05-05,18.32318069,18.6434873,18.16713388,18.3970976,251956658.0
2022-05-06,17.9043182,18.13428192,17.6579285,17.68256747,217916566.0
2022-05-09,17.42796478,17.94538315,17.41975179,17.6579285,133986069.0
2022-05-10,17.46081674,18.12606893,17.38689983,18.01930006,225388625.0
2022-05-11,18.01930006,18.93094195,17.92895717,18.32318069,379493648.0
2022-05-12,18.15892089,18.85702504,18.12606893,18.46280152,219496621.0
2022-05-13,18.65991328,18.71740421,18.24926378,18.50386647,152095983.0
2022-05-16,18.70919122,18.84059906,18.17534687,18.28211574,151800737.0
2022-05-17,18.28211574,18.54493142,18.13428192,18.47101451,138718655.0
2022-05-18,18.59420936,18.6434873,18.19177285,18.29032873,169859928.0
2022-05-19,17.9864481,18.26568976,17.91253119,18.20819883,153877544.0
2022-05-20,18.36424564,18.94736793,18.36424564,18.76668215,335010720.0
2022-05-23,18.66812627,18.82417308,18.41352358,18.70919122,173890443.0
2022-05-24,18.6434873,18.77489514,18.08500398,18.13428192,204700878.0
2022-05-25,18.20819883,18.27390275,17.97823511,18.27390275,138843800.0
2022-05-26,18.25747677,18.68455225,17.95359614,18.43816255,196413410.0
2022-05-27,18.57778338,18.68455225,18.10964295,18.20819883,163203486.0
2022-05-30,18.27390275,18.33960667,18.04393903,18.10142996,130575358.0
2022-05-31,18.09321697,18.71740421,17.97823511,18.59420936,273279952.0
2022-06-01,18.57778338,18.92272896,18.43816255,18.67633926,214255348.0
2022-06-02,18.52029245,18.84059906,18.36424564,18.75025617,174841264.0
2022-06-06,18.81596009,19.711176,18.56957039,19.67011105,397207040.0
2022-06-07,19.48942527,20.07254756,19.48121228,19.59619414,322804512.0
2022-06-08,19.711176,19.91650075,19.20197062,19.67011105,262980351.0
2022-06-09,19.75224095,20.17931643,19.53049022,19.58798115,304984784.0
2022-06-10,19.39086939,19.99863065,19.24303557,19.90828776,305190144.0
2022-06-13,19.53049022,19.85900982,19.22660959,19.44836032,258391661.0
2022-06-14,19.1362667,20.49962304,18.56957039,20.15467746,439758064.0
2022-06-15,20.24502035,21.8465534,20.18752942,20.7788647,789001888.0
2022-06-16,20.73779975,20.74601274,19.84258384,19.86722281,417937632.0
2022-06-17,19.67011105,20.26965932,19.49763826,20.06433457,312409552.0
2022-06-20,19.98220467,20.4503451,19.91650075,20.13003849,199802362.0
2022-06-21,20.23680736,20.27787231,19.711176,19.86722281,181342801.0
2022-06-22,19.93292673,20.07254756,19.5469162,19.5469162,179210263.0
2022-06-23,19.57155517,20.54890098,19.53049022,20.43391912,328372544.0
2022-06-24,20.49962304,20.81992965,20.2039554,20.65566985,249695091.0
2022-06-27,20.96776347,21.34556101,20.81171666,21.03346739,279591856.0
2022-06-28,21.03346739,21.45232988,20.67209583,21.1895142,194455584.0
2022-06-29,21.0252544,21.32913503,20.38464118,20.41749314,253596204.0
2022-06-30,20.63924387,21.15666224,20.49141005,20.8609946,231730410.0
2022-07-01,20.89384656,21.14023626,20.532475,20.70494779,149566443.0
2022-07-04,20.70494779,21.06631935,20.29429829,21.06631935,197440640.0
2022-07-05,21.08274533,21.23879214,20.45855809,20.72137377,224458124.0
2022-07-06,20.68030882,20.68852181,20.00684364,20.26144633,198474605.0
2022-07-07,20.2039554,20.40928015,20.04790859,20.21216839,121448614.0
2022-07-08,20.32715025,20.36000221,19.33337846,19.40729537,302368325.0
2022-07-11,19.28410052,19.33337846,19.01307185,19.12805371,168279592.0
2022-07-12,19.24303557,19.37444341,18.86523803,19.00485886,181832134.0
2022-07-13,18.93915494,19.12805371,18.79953411,18.88166401,154827763.0
2022-07-14,18.79132112,18.98843288,18.65170029,18.70097823,147784259.0
2022-07-15,18.65991328,18.96379391,18.38067162,18.3970976,168150024.0
2022-07-18,18.7256172,19.3005265,18.7256172,19.09520175,210136302.0
2022-07-19,19.0541368,19.25946155,18.889877,19.1362667,133081236.0
2022-07-20,19.21018361,19.25946155,18.98021989,19.07056278,108183888.0
2022-07-21,18.9720069,19.10341474,18.84881205,18.85702504,108657617.0
2022-07-22,18.90630298,19.12805371,18.77489514,18.9720069,113047161.0
2022-07-25,18.9720069,18.98021989,18.41352358,18.48744049,139805732.0
2022-07-26,18.56957039,18.73383019,18.37245863,18.56957039,88978225.0
2022-07-27,18.48744049,18.56957039,18.37245863,18.42994956,102512581.0
2022-07-28,18.57778338,19.00485886,18.57778338,18.65991328,160864295.0
2022-07-29,18.68455225,18.76668215,18.24105079,18.27390275,129989957.0
2022-08-01,18.2328378,18.2328378,17.67435448,17.9043182,191979441.0
2022-08-02,17.6579285,17.83861428,17.18978807,17.44439076,201991017.0
2022-08-03,17.44439076,17.7400584,17.21442704,17.247279,169592746.0
2022-08-04,17.35404787,17.54294664,17.27191797,17.43617777,138185635.0
2022-08-05,17.52652066,17.94538315,17.37047385,17.88789222,178954953.0
2022-08-08,17.71541943,17.87967923,17.67435448,17.79754933,104837789.0
2022-08-09,17.80576232,17.89610521,17.68256747,17.74827139,103253276.0
2022-08-10,17.7400584,17.87967923,17.41975179,17.51009468,133939293.0
2022-08-11,17.69899345,18.93094195,17.62507654,18.88166401,454345839.0
2022-08-12,18.6434873,18.96379391,18.50386647,18.84881205,219101180.0
2022-08-15,18.60242235,19.11162773,18.56957039,18.81596009,138122152.0
2022-08-16,18.889877,18.95558092,18.76668215,18.79953411,95778993.0
2022-08-17,18.79953411,19.33337846,18.61063534,19.20197062,231151277.0
2022-08-18,19.06234979,19.19375763,18.96379391,18.96379391,118209333.0
2022-08-19,18.98843288,19.1362667,18.79953411,18.8077471,107695761.0
2022-08-22,18.76668215,18.87345102,18.5613574,18.61884833,125446355.0
2022-08-23,18.60242235,19.03771082,18.48744049,18.67633926,142089739.0
2022-08-24,18.61884833,19.17733165,18.35603265,18.41352358,194377926.0
2022-08-25,18.4792275,18.81596009,18.33139368,18.73383019,150468175.0
2022-08-26,18.71740421,18.71740421,18.29854172,18.38888461,132415531.0
2022-08-29,18.068578,18.27390275,17.99466109,18.18355986,102663954.0
2022-08-30,18.19998584,18.29854172,17.80576232,18.03572604,135064101.0
2022-08-31,17.9043182,18.54493142,17.87967923,18.2328378,166769419.0
2022-09-01,18.10964295,18.24926378,17.92895717,17.97002212,93796593.0
2022-09-02,18.10964295,18.19177285,17.77291036,17.9864481,89283814.0
2022-09-05,17.85504026,18.02751305,17.78112335,18.00287408,72866908.0
2022-09-06,18.068578,18.41352358,18.03572604,18.37245863,141498978.0
2022-09-07,18.25747677,18.33139368,18.13428192,18.20819883,86964639.0
2022-09-08,18.3149677,18.47101451,18.24105079,18.24926378,104326197.0
2022-09-09,18.29854172,18.8077471,18.2328378,18.61063534,186647570.0
2022-09-13,18.7256172,18.91451597,18.60242235,18.61884833,114080255.0
2022-09-14,18.34781966,18.52850544,18.2328378,18.37245863,105133275.0
2022-09-15,18.52029245,18.76668215,18.18355986,18.35603265,139409909.0
2022-09-16,18.2328378,18.35603265,15.81000575,16.37670206,688252937.0
2022-09-19,16.02354349,16.07282143,15.66217193,15.71966286,280639847.0
2022-09-20,15.80179276,16.03996947,15.64574595,15.84285771,178954551.0
2022-09-21,15.65395894,15.67038492,15.26794841,15.5225511,234038876.0
2022-09-22,15.24330944,15.48969914,15.16117954,15.24330944,200226266.0
2022-09-23,15.20224449,15.41578223,14.98870675,15.12011459,168112950.0
2022-09-26,14.90657685,15.18581851,14.81623396,14.89836386,164391648.0
2022-09-27,14.98870675,15.16117954,14.87372489,15.15296655,146116376.0
2022-09-28,15.01334572,15.14475356,14.66018715,14.67661313,182995852.0
2022-09-29,14.84908592,14.92300283,14.56984426,14.62733519,155708567.0
2022-09-30,14.7012521,14.85729891,14.46307539,14.47128838,128150947.0
2022-10-10,14.47128838,14.56163127,14.14276878,14.2084727,128796484.0
2022-10-11,14.29881559,14.5369923,14.10991682,14.28238961,131506530.0
2022-10-12,14.23311167,14.72589107,14.10991682,14.71767808,171649445.0
2022-10-13,14.49592735,14.73410406,14.46307539,14.54520529,125600431.0
2022-10-14,14.74231705,15.15296655,14.66840014,14.89015087,236215014.0
2022-10-17,14.77516901,15.09547562,14.70946509,15.02155871,145223908.0
2022-10-18,15.14475356,15.17760552,14.84908592,14.93121582,125558069.0
2022-10-19,14.89836386,14.97228077,14.56984426,14.56984426,149176777.0
2022-10-20,14.46307539,14.96406778,14.39737147,14.63554818,166369414.0
2022-10-21,15.0297717,15.09547562,14.64376117,14.68482612,187283123.0
2022-10-24,14.66018715,15.07083665,13.97029599,14.03599991,324299419.0
2022-10-25,13.8799531,13.962083,12.7301345,12.76298646,544645922.0
2022-10-26,12.82047739,13.23933988,12.65621759,12.93545925,385298355.0
2022-10-27,12.93545925,13.59249845,12.90260729,13.18184895,343585090.0
2022-10-28,13.00116317,13.17363596,12.52480975,12.62336563,264898209.0
2022-10-31,12.53302274,13.01758915,12.50017078,12.82047739,195769221.0
2022-11-01,12.82047739,13.3050438,12.7301345,13.3050438,333480054.0
2022-11-02,13.16542297,13.56785948,13.07508008,13.34610875,316545971.0
2022-11-03,13.140784,13.33789576,13.11614503,13.23112689,165182367.0
2022-11-04,13.18184895,14.34809353,13.18184895,14.11812981,472507167.0
2022-11-07,13.98672197,14.28238961,13.93744403,14.17562074,221853598.0
2022-11-08,14.18383373,14.24953765,13.97850898,14.10991682,138817047.0
2022-11-09,14.08527785,14.2084727,13.97029599,13.98672197,139352997.0
2022-11-10,13.82246217,14.11812981,13.7156933,14.01957393,183172407.0
2022-11-11,14.64376117,15.14475356,14.34809353,14.76695602,527641137.0
2022-11-14,14.95585479,15.26794841,14.783382,14.85729891,385574957.0
2022-11-15,14.82444695,15.82643173,14.71767808,15.65395894,436249598.0
2022-11-16,15.56361605,15.69502389,15.1940315,15.25152243,293229289.0
2022-11-17,15.15296655,15.2761614,14.9476418,15.2761614,191338789.0
2022-11-18,15.26794841,15.33365233,14.93121582,14.9476418,175609969.0
2022-11-21,14.783382,14.79159499,14.38094549,14.6191222,204994808.0
2022-11-22,14.66018715,14.98870675,14.61090921,14.72589107,180904103.0
2022-11-23,14.66840014,14.89836386,14.56163127,14.67661313,118201449.0
2022-11-24,14.98870675,15.01334572,14.59448323,14.6191222,110246939.0
2022-11-25,14.58627024,14.95585479,14.56984426,14.71767808,132964482.0
2022-11-28,14.2906026,14.3727325,14.06885187,14.33988054,188011046.0
2022-11-29,14.4548624,15.5225511,14.43022343,15.29258738,402830408.0
2022-11-30,15.1940315,15.37471728,15.08726263,15.1940315,199514457.0
2022-12-01,15.64574595,16.22065525,15.62931997,15.62931997,365999169.0
2022-12-02,15.63753296,15.83464472,15.3582913,15.54719007,185320607.0
2022-12-05,15.8510707,16.33563711,15.78536678,16.31921113,355604871.0
2022-12-06,16.1795903,16.82020352,16.15495133,16.40134103,255297980.0
2022-12-07,16.3438501,16.66415671,16.12209937,16.35206309,181978045.0
2022-12-08,16.40955402,16.49168392,16.2617202,16.42598,149588642.0
2022-12-09,16.42598,17.03374126,16.28635917,16.90233342,280355480.0
2022-12-12,16.7544996,16.79556455,16.23708123,16.24529422,190292504.0
2022-12-13,16.25350721,16.44240598,16.22886824,16.26993319,92432295.0
2022-12-14,16.3438501,16.63130475,16.2617202,16.53274887,128929017.0
2022-12-15,16.36848907,16.46704495,16.12209937,16.17137731,124540572.0
2022-12-16,16.08103442,16.23708123,15.99069153,16.0974604,126552433.0
2022-12-19,16.15495133,16.37670206,15.39114326,15.56361605,226936687.0
2022-12-20,15.56361605,15.63753296,15.22688346,15.3582913,128291791.0
2022-12-21,15.39935625,15.67859791,15.37471728,15.48148615,108079816.0
2022-12-22,15.64574595,15.88392266,15.4404212,15.56361605,125925799.0
2022-12-23,15.40756924,15.81000575,15.36650429,15.62931997,96372504.0
2022-12-26,15.67038492,15.71966286,15.33365233,15.62931997,108447219.0
2022-12-27,15.81821874,16.07282143,15.62931997,15.97426555,175940827.0
2022-12-28,15.86749668,16.05639545,15.81000575,15.86749668,108766137.0
2022-12-29,15.74430183,15.96605256,15.53897708,15.90856163,105244554.0
2022-12-30,15.95783957,16.13031236,15.91677462,15.9332006,99614876.0
2023-01-03,15.76072781,15.88392266,15.1119016,15.82643173,225173858.0
2023-01-04,15.76072781,16.13852535,15.72787585,15.89213565,130090748.0
2023-01-05,16.0974604,16.76271259,16.07282143,16.72986063,315321609.0
2023-01-06,16.6723697,16.9187594,16.5902398,16.72986063,166926155.0
2023-01-09,16.86948146,17.52652066,16.8366295,17.30476993,248979205.0
2023-01-10,17.28013096,17.6579285,17.1651491,17.247279,182127044.0
2023-01-11,17.36226086,17.69899345,17.13229714,17.17336209,153363775.0
2023-01-12,17.28013096,17.40332581,17.09123219,17.3294089,112517829.0
2023-01-13,17.4115388,17.86325325,17.28834395,17.86325325,211786015.0
2023-01-16,17.92895717,19.22660959,17.9043182,18.49565348,438562778.0
2023-01-17,18.40531059,18.79132112,18.35603265,18.7256172,182777335.0
2023-01-18,18.48744049,18.95558092,18.48744049,18.61884833,136711725.0
2023-01-19,18.60242235,19.17733165,18.48744049,19.16911866,189905352.0
2023-01-20,19.11984072,19.1362667,18.8077471,19.07877577,150401141.0
2023-01-30,19.67832404,19.77687992,18.65170029,18.8077471,252445647.0
2023-01-31,18.82417308,18.98021989,18.33960667,18.47101451,200123333.0
2023-02-01,18.58599637,19.18554464,18.40531059,19.18554464,200013172.0
2023-02-02,19.28410052,19.35801743,18.6434873,18.6434873,267014881.0
2023-02-03,18.52850544,18.76668215,18.34781966,18.54493142,146197312.0
2023-02-06,18.2328378,18.33139368,17.61686355,18.00287408,209138414.0
2023-02-07,18.10964295,18.19998584,17.9864481,18.1507079,108097616.0
2023-02-08,18.1507079,18.19177285,17.8221883,17.84682727,112294314.0
2023-02-09,17.8221883,18.33139368,17.78933634,18.27390275,153503361.0
2023-02-10,18.20819883,18.30675471,17.93717016,18.04393903,107333075.0
2023-02-13,17.94538315,18.24926378,17.86325325,18.21641182,115585286.0
2023-02-14,18.25747677,18.29032873,17.91253119,18.10142996,93797170.0
2023-02-15,18.068578,18.14249491,17.77291036,17.78933634,119810217.0
2023-02-16,17.8221883,18.29032873,17.4936687,17.69899345,225633571.0
2023-02-17,17.58401159,17.7400584,17.18157508,17.20621405,156346414.0
2023-02-20,17.37047385,18.14249491,17.31298292,18.06036501,219690756.0
2023-02-21,17.97002212,18.30675471,17.96180913,18.17534687,138765006.0
2023-02-22,18.04393903,18.1507079,17.75648438,17.86325325,117901044.0
2023-02-23,17.84682727,18.24926378,17.84682727,17.9043182,131990098.0
2023-02-24,17.94538315,17.97002212,17.09123219,17.1651491,276427745.0
2023-02-27,16.92697239,17.11587116,16.7544996,16.94339837,122063238.0
2023-02-28,17.06659322,17.21442704,16.89412043,17.18157508,107121955.0
2023-03-01,17.18157508,17.5757986,17.0830192,17.47724272,175512286.0
2023-03-02,17.38689983,17.46081674,17.25549199,17.30476993,91819232.0
2023-03-03,17.41975179,17.61686355,17.20621405,17.53473365,123057458.0
2023-03-06,17.51830767,17.51830767,17.12408415,17.21442704,119619993.0
2023-03-07,17.14051013,17.247279,16.46704495,16.47525794,241469781.0
2023-03-08,16.46704495,16.58202681,16.35206309,16.54096186,114390915.0
2023-03-09,16.56560083,16.60666578,16.31099814,16.42598,118775960.0
2023-03-10,16.27814618,16.56560083,16.2617202,16.32742412,120369748.0
2023-03-13,16.22886824,16.54096186,16.22886824,16.5081099,102844711.0
2023-03-14,16.44240598,16.5081099,16.0974604,16.40134103,112004103.0
2023-03-15,16.54917485,16.71343465,16.43419299,16.43419299,110588342.0
2023-03-16,16.3438501,16.45061897,16.14673834,16.19601628,119696198.0
2023-03-17,16.42598,16.87769445,16.42598,16.68058269,225259382.0
2023-03-20,16.62309176,16.78735156,16.36027608,16.40955402,159308459.0
2023-03-21,16.5081099,16.6723697,16.39312804,16.57381382,133735769.0
2023-03-22,16.54917485,16.61487877,15.39935625,15.604681,515951290.0
2023-03-23,15.39935625,16.08103442,15.37471728,16.05639545,283333796.0
2023-03-24,16.32742412,16.6723697,16.26993319,16.62309176,329376976.0
2023-03-27,16.48347093,17.3294089,16.48347093,16.93518538,366121151.0
2023-03-28,16.78735156,16.88590744,16.24529422,16.36848907,217811109.0
2023-03-29,16.42598,16.54917485,16.27814618,16.40134103,134456433.0
2023-03-30,16.39312804,16.54917485,16.12209937,16.45883196,153114318.0
2023-03-31,16.42598,16.54096186,16.22886824,16.45061897,168031680.0
2023-04-03,16.46704495,18.93094195,16.45061897,18.79953411,934010729.0
2023-04-04,18.889877,19.57976816,18.42994956,18.6434873,634257221.0
2023-04-06,18.24105079,18.41352358,17.8221883,18.09321697,370087979.0
2023-04-07,18.19177285,18.77489514,17.96180913,18.43816255,333392983.0
2023-04-10,18.66812627,18.83238607,17.80576232,17.88789222,312882385.0
2023-04-11,18.02751305,18.3149677,17.6579285,17.87146624,266373225.0
2023-04-12,18.06036501,18.60242235,17.86325325,18.20819883,313666049.0
2023-04-13,17.99466109,18.07679099,17.62507654,17.71541943,227256833.0
2023-04-14,17.72363242,17.86325325,17.48545571,17.73184541,188056014.0
2023-04-17,17.58401159,18.12606893,17.58401159,17.92895717,299230122.0
2023-04-18,17.91906732,18.16629507,17.74106334,17.83006533,258280158.0
2023-04-19,17.69161779,17.75095245,17.46416826,17.49383559,236216928.0
2023-04-20,17.48394648,17.78061978,17.27627517,17.77073067,246629995.0
2023-04-21,17.65206135,17.7015069,16.82137611,16.84115433,333818880.0
2023-04-24,16.36647705,16.46536815,15.65446113,15.822576,472887914.0
2023-04-25,15.822576,16.04013642,15.58523736,15.90168888,274246469.0
2023-04-26,15.77313045,15.85224333,15.51601359,15.68412846,208221279.0
2023-04-27,15.6247938,15.67423935,15.17978385,15.50612448,283709762.0
2023-04-28,15.57534825,16.16869485,15.53579181,15.91157799,270129765.0
2023-05-04,15.76324134,15.95113443,15.55557003,15.79290867,214845034.0
2023-05-05,15.81268689,16.2181404,15.73357401,15.822576,305566185.0
2023-05-08,15.77313045,16.16869485,15.48634626,15.94124532,360394305.0
2023-05-09,15.99069087,17.22682962,15.78301956,16.38625527,720610426.0
2023-05-10,16.1192493,16.26758595,15.77313045,15.94124532,337576212.0
2023-05-11,15.9214671,16.05991464,15.84235422,15.88191066,183405641.0
2023-05-12,15.822576,15.88191066,15.4270116,15.44678982,235948764.0
2023-05-15,15.37756605,15.9214671,15.24900762,15.90168888,246920039.0
2023-05-16,15.87202155,15.99069087,15.67423935,15.71379579,169014454.0
2023-05-17,15.63468291,15.78301956,15.54568092,15.64457202,136613552.0
2023-05-18,15.64457202,15.75335223,15.48634626,15.55557003,153261356.0
2023-05-19,15.47645715,15.65446113,15.36767694,15.51601359,129083858.0
2023-05-22,15.5259027,15.65446113,15.44678982,15.60501558,118470766.0
2023-05-23,15.61490469,15.6247938,15.4270116,15.43690071,110384436.0
2023-05-24,15.34789872,15.4270116,15.16000563,15.16000563,179813866.0
2023-05-25,15.09078186,15.23911851,14.7347739,14.9325561,256867814.0
2023-05-26,14.9325561,15.06111453,14.81388678,14.97211254,125259724.0
2023-05-29,14.9325561,15.01166898,14.35898772,14.44798971,326433893.0
2023-05-30,14.41832238,14.46776793,13.95353421,14.26998573,358664680.0
2023-05-31,14.21065107,14.26009662,13.85464311,13.86453222,293624709.0
2023-06-01,13.86453222,14.23042929,13.82497578,14.0425362,261468765.0
2023-06-02,14.0425362,14.39854416,14.02275798,14.35898772,237238545.0
2023-06-05,14.30954217,14.36887683,14.19087285,14.26998573,149133823.0
2023-06-06,14.2403184,14.35898772,13.98320154,14.00297976,195685023.0
2023-06-07,14.03264709,14.31943128,14.03264709,14.13153819,173620460.0
2023-06-08,14.07220353,14.41832238,13.97331243,14.29965306,199305468.0
2023-06-09,14.25020751,14.26009662,13.97331243,14.07220353,229053072.0
2023-06-12,14.00297976,14.09198175,13.844754,14.00297976,212600209.0
2023-06-13,13.95353421,14.28976395,13.95353421,14.21065107,234151505.0
2023-06-14,14.2403184,14.41832238,14.07220353,14.10187086,243237170.0
2023-06-15,14.1414273,14.51721348,14.11175997,14.48754615,393111999.0
2023-06-16,14.5369917,14.7347739,14.37876594,14.69521746,339475285.0
2023-06-19,14.68532835,14.74466301,14.48754615,14.56665903,260470050.0
2023-06-20,14.51721348,14.78421945,14.48754615,14.57654814,233280022.0
2023-06-21,14.5369917,14.60621547,14.1414273,14.1414273,245388298.0
2023-06-26,13.93375599,14.07220353,13.82497578,13.85464311,212466854.0
2023-06-27,13.85464311,14.06231442,13.844754,14.00297976,140216979.0
2023-06-28,13.99309065,14.02275798,13.76564112,13.9436451,149322047.0
2023-06-29,13.89419955,13.97331243,13.82497578,13.85464311,137950687.0
2023-06-30,13.82497578,14.18098374,13.80519756,14.0425362,204964988.0
2023-07-03,14.10187086,14.36887683,14.03264709,14.28976395,193752041.0
2023-07-04,14.2403184,14.32932039,14.1414273,14.28976395,154301262.0
2023-07-05,14.25020751,14.25020751,14.07220353,14.08209264,120902123.0
2023-07-06,14.0425362,14.1414273,13.93375599,13.9436451,132650595.0
2023-07-07,13.89419955,14.0425362,13.82497578,13.86453222,174080083.0
2023-07-10,13.93375599,14.09198175,13.89419955,13.93375599,139599927.0
2023-07-11,13.96342332,14.03264709,13.90408866,14.02275798,124016039.0
2023-07-12,14.01286887,14.09198175,13.81508667,13.844754,174909719.0
2023-07-13,13.92386688,14.35898772,13.91397777,14.32932039,404904115.0
2023-07-14,14.26998573,14.37876594,14.23042929,14.25020751,170032983.0
2023-07-17,14.20076196,14.20076196,14.00297976,14.08209264,134523488.0
2023-07-18,14.10187086,14.23042929,14.06231442,14.15131641,115691799.0
2023-07-19,14.09198175,14.23042929,14.07220353,14.21065107,120150935.0
2023-07-20,14.28976395,14.32932039,14.05242531,14.06231442,144658362.0
2023-07-21,14.00297976,14.17109463,13.97331243,14.05242531,126264881.0
2023-07-24,13.95353421,14.05242531,13.91397777,13.93375599,124344166.0
2023-07-25,14.64577191,15.10067097,14.45787882,14.9325561,826586541.0
2023-07-26,14.81388678,14.86333233,14.54688081,14.67543924,346821109.0
2023-07-27,14.75455212,14.81388678,14.47765704,14.50732437,221556222.0
2023-07-28,14.44798971,16.16869485,14.39854416,15.96102354,1051291549.0
2023-07-31,16.2181404,16.52470281,15.86213244,15.90168888,887807000.0
2023-08-01,15.70390668,16.14891663,15.61490469,15.73357401,461194272.0
2023-08-02,15.67423935,16.45547904,15.64457202,15.99069087,515766102.0
2023-08-03,16.18847307,16.77193056,15.90168888,16.73237412,682401725.0
2023-08-04,17.3059425,17.7015069,16.76204145,16.77193056,1155285164.0
2023-08-07,16.34669883,16.68292857,16.23791862,16.54448103,519036785.0
2023-08-08,16.37636616,16.86093255,15.97091265,16.43570082,523544528.0
2023-08-09,16.32692061,16.74226323,16.32692061,16.38625527,297226074.0
2023-08-10,16.34669883,16.811487,16.34669883,16.78181967,433525709.0
2023-08-11,16.52470281,16.53459192,15.91157799,15.94124532,583331895.0
2023-08-14,15.5259027,15.91157799,15.45667893,15.71379579,345346460.0
2023-08-15,15.6247938,16.38625527,15.6247938,16.32692061,480257513.0
2023-08-16,16.01046909,16.6137048,15.90168888,16.07969286,410708512.0
2023-08-17,15.96102354,16.16869485,15.66435024,16.05002553,367417483.0
2023-08-18,16.06980375,16.4159226,15.87202155,15.89179977,305541398.0
2023-08-21,15.60501558,15.7236849,15.15011652,15.18967296,427209893.0
2023-08-22,15.3281205,15.69401757,15.15011652,15.48634626,326728009.0
2023-08-23,15.3281205,15.40723338,15.16989474,15.16989474,200123230.0
2023-08-24,15.30834228,15.74346312,15.25889673,15.44678982,304933543.0
2023-08-25,15.5259027,15.78301956,15.48634626,15.61490469,279498726.0
2023-08-28,18.1959624,18.1959624,16.13902752,16.2181404,1196964925.0
2023-08-29,15.97091265,16.78181967,15.78301956,16.47525726,678841268.0
2023-08-30,16.28736417,16.35658794,16.00057998,16.04013642,405400085.0
2023-08-31,16.0203582,16.14891663,15.69401757,15.69401757,278144140.0
2023-09-01,15.81268689,16.0203582,15.71379579,15.80279778,227033800.0
2023-09-04,15.87202155,16.00057998,15.66435024,15.9214671,231335551.0
2023-09-05,15.81268689,15.822576,15.66435024,15.71379579,172533410.0
2023-09-06,15.63468291,15.64457202,15.39734427,15.55557003,200897226.0
2023-09-07,15.5259027,15.68412846,15.4270116,15.46656804,178204717.0
2023-09-08,15.4270116,15.57534825,15.30834228,15.50612448,147461883.0
2023-09-11,15.50612448,15.77313045,15.35778783,15.64457202,228521048.0
2023-09-12,15.57534825,15.58523736,15.41712249,15.4270116,148952701.0
2023-09-13,15.39734427,15.47645715,15.14022741,15.20945118,162843746.0
2023-09-14,15.25889673,15.29845317,15.14022741,15.23911851,117350774.0
2023-09-15,15.28856406,15.36767694,15.16000563,15.21934029,136236537.0
2023-09-18,15.14022741,15.34789872,15.01166898,15.2292294,129522663.0
2023-09-19,15.19956207,15.24900762,15.05122542,15.14022741,122151229.0
2023-09-20,15.10067097,15.19956207,15.04133631,15.08089275,97049126.0
2023-09-21,15.04133631,15.16989474,14.75455212,14.78421945,173289267.0
2023-09-22,14.72488479,15.4270116,14.72488479,15.38745516,285832002.0
2023-09-25,15.2292294,15.2292294,14.98200165,15.0314472,173681881.0
2023-09-26,15.02155809,15.10067097,14.97211254,15.00177987,110122596.0
2023-09-27,14.98200165,15.11056008,14.96222343,15.01166898,120406428.0
2023-09-28,15.08089275,15.12044919,14.98200165,15.0314472,102050020.0
2023-10-09,14.91277788,15.04133631,14.7347739,14.95233432,133921320.0
2023-10-10,15.04133631,15.16000563,14.95233432,14.96222343,114152803.0
2023-10-11,15.05122542,15.17978385,14.96222343,15.06111453,138174667.0
2023-10-12,15.37756605,15.41712249,15.14022741,15.19956207,166300396.0
2023-10-13,15.04133631,15.10067097,14.91277788,14.96222343,119236597.0
2023-10-16,14.97211254,14.99189076,14.74466301,14.79410856,129050214.0
2023-10-17,14.82377589,15.11056008,14.76444123,14.96222343,151568023.0
2023-10-18,14.833665,14.98200165,14.79410856,14.85344322,107402973.0
2023-10-19,14.78421945,15.06111453,14.78421945,14.80399767,174128832.0
2023-10-20,14.6358828,14.91277788,14.58643725,14.79410856,130416362.0
2023-10-23,14.69521746,14.75455212,14.22054018,14.37876594,196102122.0
2023-10-24,14.44798971,14.94244521,14.39854416,14.82377589,241038300.0
2023-10-25,14.95233432,14.96222343,14.71499568,14.74466301,172781218.0
2023-10-26,14.64577191,14.72488479,14.52710259,14.67543924,132706736.0
2023-10-27,14.55676992,14.97211254,14.52710259,14.89299966,182365536.0
2023-10-30,14.79410856,15.07100364,14.76444123,15.02155809,192407268.0
2023-10-31,14.97211254,15.20945118,14.9325561,15.10067097,177375474.0
2023-11-01,15.17978385,15.31823139,15.00177987,15.02155809,121471053.0
2023-11-02,15.06111453,15.14022741,14.88311055,14.88311055,115927032.0
2023-11-03,14.94244521,15.24900762,14.92266699,15.18967296,185726244.0
2023-11-06,15.47645715,15.75335223,15.34789872,15.61490469,342630340.0
2023-11-07,15.50612448,15.61490469,15.43690071,15.49623537,213517851.0
2023-11-08,15.48634626,15.55557003,15.28856406,15.39734427,168778692.0
2023-11-09,15.39734427,15.49623537,15.34789872,15.36767694,113365180.0
2023-11-10,15.29845317,15.41712249,15.20945118,15.25889673,119958933.0
2023-11-13,15.27867495,15.31823139,15.18967296,15.26878584,114486587.0
2023-11-14,15.29845317,15.58523736,15.25889673,15.37756605,209439288.0
2023-11-15,15.54568092,15.60501558,15.33800961,15.36767694,167661059.0
2023-11-16,15.3281205,15.38745516,15.11056008,15.12044919,139387371.0
2023-11-17,15.11056008,15.17978385,15.0314472,15.1303383,107542893.0
2023-11-20,15.12044919,15.1303383,14.88311055,15.08089275,131432543.0
2023-11-21,15.14022741,15.28856406,15.0314472,15.0314472,157949660.0
2023-11-22,14.98200165,15.06111453,14.833665,14.833665,125426051.0
2023-11-23,14.833665,14.89299966,14.74466301,14.88311055,99012497.0
2023-11-24,14.86333233,14.86333233,14.68532835,14.71499568,104854014.0
2023-11-27,14.64577191,14.70510657,14.5369917,14.65566102,103522785.0
2023-11-28,14.6358828,14.71499568,14.55676992,14.64577191,91477809.0
2023-11-29,14.66555013,14.69521746,14.4381006,14.46776793,99134243.0
2023-11-30,14.50732437,14.59632636,14.42821149,14.47765704,95727878.0
2023-12-01,14.47765704,14.60621547,14.32932039,14.55676992,128162001.0
2023-12-04,14.5369917,14.70510657,14.45787882,14.55676992,118350260.0
2023-12-05,14.52710259,14.52710259,14.30954217,14.31943128,118925626.0
2023-12-06,14.28976395,14.37876594,14.21065107,14.25020751,114414507.0
2023-12-07,14.20076196,14.36887683,14.16120552,14.29965306,108657457.0
2023-12-08,14.28976395,14.35898772,14.19087285,14.21065107,114609542.0
2023-12-11,14.1414273,14.48754615,13.97331243,14.41832238,202599439.0
2023-12-12,14.3392095,14.42821149,14.28976395,14.34909861,101397421.0
2023-12-13,14.32932039,14.32932039,14.02275798,14.02275798,124517266.0
2023-12-14,14.11175997,14.19087285,13.97331243,13.99309065,95040272.0
2023-12-15,14.0425362,14.18098374,13.97331243,14.02275798,106013081.0
2023-12-18,13.97331243,14.13153819,13.95353421,14.00297976,106394036.0
2023-12-19,13.99309065,14.08209264,13.90408866,14.01286887,108158253.0
2023-12-20,14.01286887,14.0425362,13.69641735,13.70630646,138624398.0
2023-12-21,13.6469718,13.87442133,13.5480807,13.76564112,126029417.0
2023-12-22,13.73597379,13.85464311,13.60741536,13.73597379,116280621.0
2023-12-25,13.70630646,13.76564112,13.65686091,13.70630646,67899896.0
2023-12-26,13.70630646,13.73597379,13.49863515,13.53819159,85958197.0
2023-12-27,13.53819159,13.58763714,12.86573211,13.27118562,234297521.0
2023-12-28,13.20196185,13.9436451,13.17229452,13.80519756,252341185.0
2023-12-29,13.75575201,13.95353421,13.7458629,13.88431044,152028539.0
2024-01-02,13.88431044,13.89419955,13.63708269,13.6469718,106437644.0
2024-01-03,13.65686091,13.70630646,13.40963316,13.55796981,121363468.0
2024-01-04,13.5480807,13.55796981,13.2514074,13.31074206,137469188.0
2024-01-05,13.29096384,13.45907871,13.07340342,13.13273808,143309889.0
2024-01-08,13.06351431,13.19207274,12.88551033,12.92506677,141988774.0
2024-01-09,12.92506677,13.08329253,12.82617567,12.9547341,118809455.0
2024-01-10,12.88551033,13.04373609,12.76684101,12.83606478,111993298.0
2024-01-11,12.81628656,13.11295986,12.73717368,13.02395787,159051441.0
2024-01-12,12.9547341,13.02395787,12.80639745,12.80639745,127701139.0
2024-01-15,12.73717368,12.93495588,12.66794991,12.68772813,118966291.0
2024-01-16,12.64817169,12.81628656,12.4602786,12.78661923,181337554.0
2024-01-17,12.67783902,12.69761724,12.29216373,12.29216373,187431893.0
2024-01-18,12.18338352,12.73717368,12.14382708,12.67783902,279432567.0
2024-01-19,12.56905881,12.6580608,12.48994593,12.5591697,144892970.0
2024-01-22,12.52950237,12.63828258,12.1636053,12.27238551,203477019.0
2024-01-23,12.28227462,12.69761724,12.22293996,12.56905881,217321407.0
2024-01-24,12.6580608,13.23162918,12.41083305,13.12284897,356773143.0
2024-01-25,12.9547341,13.37007672,12.88551033,13.20196185,320199835.0
2024-01-26,13.10307075,13.21185096,12.94484499,12.97451232,239587775.0
2024-01-29,12.97451232,13.06351431,12.67783902,12.67783902,170918979.0
2024-01-30,12.57894792,12.7569519,12.40094394,12.42072216,159230428.0
2024-01-31,12.38116572,12.54928059,12.30205284,12.34160928,158344503.0
2024-02-01,12.28227462,12.74706279,12.27238551,12.54928059,200894405.0
2024-02-02,12.51961326,12.61850436,11.95593399,12.31194195,243575541.0
2024-02-05,12.1636053,12.48994593,11.69881713,12.19327263,286260917.0
2024-02-06,12.05482509,13.13273808,11.98560132,13.0536252,337673139.0
2024-02-07,12.89539944,13.12284897,12.87562122,12.98440143,287225732.0
2024-02-08,13.1525163,13.32063117,13.08329253,13.12284897,274802459.0
2024-02-19,13.20196185,13.20196185,12.88551033,13.08329253,199151377.0
2024-02-20,13.03384698,13.31074206,12.97451232,13.19207274,216507593.0
2024-02-21,13.08329253,13.93375599,13.02395787,13.46896782,418501187.0
2024-02-22,13.3502985,13.66675002,13.32063117,13.57774803,253511650.0
2024-02-23,13.59752625,13.66675002,13.49863515,13.57774803,205378453.0
2024-02-26,13.57774803,13.60741536,13.38985494,13.39974405,203403800.0
2024-02-27,13.59752625,13.87442133,13.5480807,13.86453222,346102241.0
2024-02-28,14.03264709,14.20076196,13.47885693,13.48874604,424843348.0
2024-02-29,13.47885693,13.91397777,13.4491896,13.88431044,314581900.0
2024-03-01,13.83486489,14.01286887,13.67663913,13.844754,285350772.0
2024-03-04,13.79530845,13.81508667,13.59752625,13.67663913,194381703.0
2024-03-05,13.61730447,13.71619557,13.55796981,13.58763714,168396901.0
2024-03-06,13.57774803,13.82497578,13.5480807,13.63708269,185842483.0
2024-03-07,13.59752625,13.72608468,13.39974405,13.41952227,197533393.0
2024-03-08,13.42941138,13.50852426,13.31074206,13.40963316,134455091.0
2024-03-11,13.43930049,13.63708269,13.37007672,13.63708269,208220462.0
2024-03-12,13.69641735,13.92386688,13.62719358,13.80519756,288710622.0
2024-03-13,13.78541934,13.79530845,13.55796981,13.61730447,195319813.0
2024-03-14,13.56785892,13.71619557,13.38985494,13.47885693,164036544.0
2024-03-15,13.47885693,13.55796981,13.33052028,13.50852426,165730113.0
2024-03-18,13.5480807,13.91397777,13.51841337,13.81508667,322580447.0
2024-03-19,13.7458629,13.7458629,13.55796981,13.55796981,205284929.0
2024-03-20,13.53819159,13.62719358,13.46896782,13.56785892,154507937.0
2024-03-21,13.60741536,13.90408866,13.60741536,13.68652824,293243805.0
2024-03-22,13.63708269,13.6469718,13.39974405,13.39974405,214347985.0
2024-03-25,13.24151829,13.37007672,13.00417965,13.02395787,207016296.0
2024-03-26,13.00417965,13.10307075,12.87562122,12.99429054,144290207.0
2024-03-27,12.9547341,12.96462321,12.64817169,12.64817169,156438143.0
2024-03-28,12.61850436,12.91517766,12.61850436,12.73717368,150782604.0
2024-03-29,12.68772813,12.7569519,12.61850436,12.74706279,114230578.0
2024-04-01,12.89539944,12.99429054,12.88551033,12.94484499,143497906.0
2024-04-02,12.94484499,12.96462321,12.76684101,12.80639745,119735175.0
2024-04-03,12.77673012,12.81628656,12.6580608,12.66794991,108790726.0
2024-04-08,12.5591697,12.56905881,12.37127661,12.39105483,143606176.0
2024-04-09,12.40094394,12.50972415,12.37127661,12.47016771,89731377.0
2024-04-10,12.47016771,12.48005682,12.20316174,12.28227462,123337942.0
2024-04-11,12.19327263,12.34160928,12.14382708,12.18338352,119030024.0
2024-04-12,12.20316174,12.23282907,11.93615577,11.9658231,138502680.0
2024-04-15,11.97571221,12.54928059,11.95593399,12.31194195,256621475.0
2024-04-16,12.21305085,12.38116572,12.05482509,12.10427064,173926719.0
2024-04-17,12.15371619,12.42072216,12.10427064,12.39105483,197684865.0
2024-04-18,12.34160928,12.60861525,12.2624964,12.33172017,221806404.0
2024-04-19,12.25260729,12.3613875,12.17349441,12.19327263,126170412.0
2024-04-22,12.21305085,12.39105483,12.18338352,12.24271818,104147961.0
2024-04-23,12.27247492,12.40145,12.26255376,12.34192304,108151491.0
2024-04-24,12.33200188,12.37168652,12.23279028,12.3518442,114904600.0
2024-04-25,12.3022384,12.38160768,12.16334216,12.2526326,120056111.0
2024-04-26,12.5502674,13.0959312,12.41137116,13.01656192,487706420.0
2024-04-29,12.9471138,13.27451208,12.87766568,13.145537,418187884.0
2024-04-30,13.0463254,13.18522164,12.93719264,12.9471138,203435900.0
2024-05-06,13.17530048,13.46301412,13.10585236,13.145537,297269658.0
2024-05-07,13.10585236,13.16537932,13.02648308,13.07608888,162353619.0
2024-05-08,13.05624656,13.07608888,12.81813872,12.85782336,143114777.0
2024-05-09,12.86774452,13.06616772,12.86774452,12.97687728,140817115.0
2024-05-10,12.98679844,13.08601004,12.88758684,13.00664076,159360790.0
2024-05-13,12.93719264,13.03640424,12.7486906,12.90742916,162257556.0
2024-05-14,12.90742916,12.9967196,12.82805988,12.9471138,142315389.0
2024-05-15,12.9967196,13.00664076,12.58995204,12.60979436,198598196.0
2024-05-16,12.66932132,12.92727148,12.5998732,12.71892712,196721829.0
2024-05-17,12.66932132,12.98679844,12.65940016,12.96695612,184224526.0
2024-05-20,12.90742916,13.18522164,12.88758684,12.9967196,215801141.0
2024-05-21,12.9471138,13.08601004,12.88758684,12.93719264,135867388.0
2024-05-22,12.90742916,13.00664076,12.86774452,12.9471138,114987796.0
2024-05-23,12.88758684,12.897508,12.60979436,12.65940016,162119055.0
2024-05-24,12.61971552,12.67924248,12.40145,12.43121348,137305516.0
2024-05-27,12.42129232,12.58995204,12.38160768,12.57010972,112394997.0
2024-05-28,12.51058276,12.60979436,12.42129232,12.43121348,89224969.0
2024-05-29,12.43121348,12.53042508,12.34192304,12.39152884,82795221.0
2024-05-30,12.33200188,12.40145,12.29231724,12.34192304,87185728.0
2024-05-31,12.40145,12.49074044,12.31215956,12.31215956,101552119.0
2024-06-03,12.23279028,12.3022384,12.12365752,12.2030268,127931287.0
2024-06-04,12.19310564,12.32208072,12.16334216,12.29231724,117531593.0
2024-06-05,12.27247492,12.37168652,12.21294796,12.26255376,98150719.0
2024-06-06,12.27247492,12.33200188,12.14349984,12.16334216,122525269.0
2024-06-07,12.2030268,12.26255376,11.86570736,12.06413056,150035499.0
2024-06-11,11.99468244,12.12365752,11.9549978,12.02444592,102717244.0
2024-06-12,12.01452476,12.21294796,11.98476128,12.08397288,112141838.0
2024-06-13,12.08397288,12.16334216,12.04428824,12.07405172,92701225.0
2024-06-14,12.04428824,12.31215956,11.93515548,12.24271144,233772054.0
2024-06-17,12.12365752,12.27247492,12.09389404,12.24271144,126578143.0
2024-06-18,12.2526326,12.34192304,12.22286912,12.28239608,126535212.0
2024-06-19,12.29231724,12.29231724,12.06413056,12.09389404,104177218.0
2024-06-20,12.08397288,12.09389404,11.84586504,11.84586504,147766602.0
2024-06-21,11.8557862,11.9549978,11.7565746,11.84586504,117419432.0
2024-06-24,11.7565746,11.87562852,11.7069688,11.7069688,111382582.0
2024-06-25,11.68712648,11.74665344,11.41925516,11.44901864,152340175.0
2024-06-26,11.41925516,11.63752068,11.34980704,11.59783604,119378951.0
2024-06-27,11.52838792,11.53830908,11.25059544,11.25059544,128432293.0
2024-06-28,11.23075312,11.34980704,10.2684006,10.47674496,416615242.0
2024-07-01,10.39737568,10.64540468,10.24855828,10.38745452,240874112.0
2024-07-02,10.40729684,10.48666612,10.14934668,10.18903132,221449769.0
2024-07-03,10.19895248,10.29816408,9.92116,10.17911016,271951736.0
2024-07-04,10.14934668,10.27832176,10.05013508,10.05013508,150604348.0
2024-07-05,10.03029276,10.19895248,9.98068696,10.12950436,145882601.0
2024-07-08,10.0699774,10.10966204,9.85171188,9.88147536,164410473.0
2024-07-09,9.90131768,10.12950436,9.79218492,10.05013508,213894289.0
2024-07-10,9.98068696,10.2187948,9.95092348,10.04021392,152460812.0
2024-07-11,10.2187948,10.50650844,10.14934668,10.34776988,254023709.0
2024-07-12,10.32792756,10.38745452,10.23863712,10.27832176,127622228.0
2024-07-15,10.22871596,10.3180064,10.18903132,10.24855828,98832405.0
2024-07-16,10.25847944,10.39737568,10.20887364,10.3676122,133959312.0
2024-07-17,10.3676122,10.50650844,10.33784872,10.417218,150744592.0
2024-07-18,10.38745452,10.50650844,10.28824292,10.45690264,148456244.0
2024-07-19,10.39737568,10.665247,10.39737568,10.6156412,179107957.0
2024-07-22,10.77437976,10.8140644,10.48666612,10.60572004,193913248.0
2024-07-23,10.53627192,10.58587772,10.25847944,10.2684006,158970908.0
2024-07-24,10.24855828,10.28824292,10.03029276,10.06005624,161838454.0
2024-07-25,10.03029276,10.24855828,10.00052928,10.18903132,146404112.0
2024-07-26,10.19895248,10.5660354,10.17911016,10.43706032,162767038.0
2024-07-29,10.38745452,10.43706032,10.30808524,10.3180064,91129382.0
2024-07-30,10.27832176,10.35769104,10.2187948,10.29816408,104810665.0
2024-07-31,10.3180064,11.30020124,10.29816408,11.05217224,484467739.0
2024-08-01,10.913276,11.03232992,10.85374904,10.89343368,245532816.0
2024-08-02,10.84382788,10.99264528,10.64540468,10.69501048,178998637.0
2024-08-05,10.6156412,10.9628818,10.60572004,10.64540468,209520229.0
2024-08-06,10.78430092,10.83390672,10.53627192,10.665247,158894952.0
2024-08-07,10.62556236,10.74461628,10.53627192,10.59579888,121432187.0
2024-08-08,10.55611424,10.79422208,10.48666612,10.58587772,159341957.0
2024-08-09,10.64540468,10.67516816,10.37753336,10.37753336,155336287.0
2024-08-12,10.44698148,10.60572004,10.39737568,10.4668238,140113837.0
2024-08-13,10.47674496,10.64540468,10.38745452,10.63548352,142803350.0
2024-08-14,10.5660354,10.665247,10.55611424,10.5660354,124239216.0
2024-08-15,10.53627192,10.74461628,10.52635076,10.58587772,233521248.0
2024-08-16,10.52635076,10.5660354,10.43706032,10.48666612,132805795.0
2024-08-19,10.4668238,10.62556236,10.44698148,10.52635076,113254353.0
2024-08-20,10.52635076,10.57595656,10.417218,10.43706032,121642933.0
2024-08-21,10.38745452,10.47674496,10.34776988,10.42713916,78295481.0
2024-08-22,10.4668238,10.49658728,10.09974088,10.10966204,169111353.0
2024-08-23,10.1195832,10.29816408,10.10966204,10.2187948,135524243.0
2024-08-26,10.2187948,10.33784872,10.18903132,10.24855828,94520078.0
2024-08-27,10.2187948,10.23863712,10.08981972,10.12950436,82431277.0
2024-08-28,10.09974088,10.17911016,10.03029276,10.13942552,83913547.0
2024-08-29,10.10966204,10.35769104,10.09974088,10.30808524,135346910.0
2024-08-30,10.30808524,10.87359136,10.2684006,10.7148528,345266631.0
2024-09-02,10.65532584,10.69501048,10.30808524,10.3180064,201612990.0
2024-09-03,10.2684006,10.44698148,10.25847944,10.37753336,130893474.0
2024-09-04,10.27832176,10.48666612,10.2684006,10.37753336,112502852.0
2024-09-05,10.38745452,10.6156412,10.38745452,10.5660354,148853063.0
2024-09-06,10.7148528,10.79422208,10.45690264,10.47674496,216513222.0
2024-09-09,10.39737568,10.5660354,10.33784872,10.4668238,130910352.0
2024-09-10,10.47674496,10.5164296,10.2684006,10.43706032,122540688.0
2024-09-11,10.39737568,10.48666612,10.37753336,10.44698148,94012358.0
2024-09-12,10.44698148,10.50650844,10.34776988,10.3676122,96841591.0
2024-09-13,10.3676122,10.45690264,10.29816408,10.29816408,96829121.0
2024-09-18,10.3180064,10.38745452,10.22871596,10.34776988,92858043.0
2024-09-19,10.42713916,10.97280296,10.37753336,10.67516816,345416895.0
2024-09-20,10.57595656,10.69501048,10.54619308,10.67516816,171976133.0
2024-09-23,10.68508932,10.74461628,10.59579888,10.64540468,109417714.0
2024-09-24,10.85374904,11.87562852,10.65532584,11.86570736,821280567.0
2024-09-25,12.22286912,12.6990848,12.06413056,12.32208072,916973399.0
2024-09-26,12.16334216,14.17733764,12.153421,13.9888356,1093387279.0
2024-09-27,14.64363216,16.78660272,14.41544548,16.78660272,1802654190.0
2024-09-30,19.33634084,20.1399548,19.00894256,20.1399548,1536951582.0
2024-10-08,24.16794576,24.16794576,22.59048132,24.16794576,1366767757.0
2024-10-09,23.810784,28.771364,22.43174276,24.7036884,3462350597.0
2024-10-10,23.9099956,24.36636896,19.76295072,20.3879838,2386326668.0
2024-10-11,19.35618316,21.330494,19.35618316,20.6856186,1458306562.0
2024-10-14,20.4871954,21.4297056,18.74107124,20.90388412,1653643915.0
2024-10-15,20.1399548,21.09238616,19.97129508,20.00105856,1143795124.0
2024-10-16,19.48515824,20.90388412,19.48515824,20.21932408,1128769776.0
2024-10-17,20.35822032,20.76498788,19.70342376,19.7431084,1025068599.0
2024-10-18,19.68358144,23.69173008,19.40578896,22.7690622,2487402450.0
2024-10-21,21.73726156,22.7194564,21.6777346,22.074581,1684305657.0
2024-10-22,21.9257636,23.08653932,21.826552,22.45158508,1270958229.0
2024-10-23,22.69961408,23.53299152,22.10434448,22.34245232,1399865760.0
2024-10-24,22.0249752,22.6202448,21.7273404,22.01505404,883548429.0
2024-10-25,22.074581,23.17582976,21.826552,22.5210332,1150308955.0
2024-10-28,22.30276768,22.75914104,22.2233984,22.48134856,761852126.0
2024-10-29,22.64008712,22.95756424,21.9257636,22.00513288,905429795.0
2024-10-30,21.7273404,22.04481752,21.15191312,21.39994212,845314051.0
2024-10-31,21.40986328,24.306842,21.22136124,23.00717004,1947877643.0
2024-11-01,22.6202448,24.04889184,22.56071784,22.818668,1583191583.0
2024-11-04,22.818668,24.8029,22.59048132,24.58463448,1490958079.0
2024-11-05,24.81282116,28.38443876,23.91991676,27.1343726,2084815730.0
2024-11-06,27.41216508,29.267422,25.795016,26.23154704,2055370609.0
2024-11-07,25.546987,29.76348,25.546987,29.76348,2138876929.0
2024-11-08,30.755596,30.755596,27.79909032,28.01735584,1825695257.0
2024-11-11,27.3824016,28.95986604,27.3824016,28.4737292,1056684731.0
2024-11-12,28.48365036,28.89041792,27.3824016,28.1264886,1100986464.0
2024-11-13,27.78916916,28.45388688,27.20382072,27.95782888,839893149.0
2024-11-14,27.779248,28.19593672,27.1839784,27.19389956,742885660.0
2024-11-15,27.12445144,27.3327958,25.38824844,25.42793308,1139645601.0
2024-11-18,25.3981696,26.291074,24.61439796,25.62635628,968699694.0
2024-11-19,25.72556788,26.90618592,25.4477754,26.75736852,1004814255.0
2024-11-20,26.3406798,26.90618592,26.1918624,26.45973372,715601925.0
2024-11-21,26.291074,27.7296422,26.25138936,27.17405724,963501559.0
2024-11-22,26.9359494,27.44192856,25.52714468,25.6958044,924516873.0
2024-11-25,25.55690816,25.88430644,24.62431912,25.16998292,711715962.0
2024-11-26,25.16998292,25.77517368,24.9021116,24.94179624,532103545.0
2024-11-27,24.8029,26.291074,24.66400376,26.20178356,860307516.0
2024-11-28,26.20178356,26.33075864,25.53706584,25.57675048,617766214.0
2024-11-29,25.57675048,28.65231008,25.57675048,27.04508216,1325222027.0
2024-12-02,26.5887088,27.57090364,26.4894972,27.24350536,827717629.0
2024-12-03,27.1343726,27.7296422,26.69784156,27.14429376,714162322.0
2024-12-04,26.8863436,27.44192856,26.59862996,26.71768388,576357366.0
2024-12-05,26.61847228,27.55106132,26.57878764,27.26334768,631150682.0
2024-12-06,27.1839784,28.21577904,26.9359494,27.62050944,899956045.0
2024-12-09,27.35263812,27.91814424,26.9855552,27.32287464,574058500.0
2024-12-10,29.76348,29.76348,27.57090364,27.779248,1389798910.0
2024-12-11,27.6304306,28.06696164,27.15421492,27.4320074,647546909.0
2024-12-12,27.3824016,28.0768828,27.16413608,27.68995756,657822981.0
2024-12-13,27.36255928,27.36255928,26.13233544,26.20178356,901220543.0
2024-12-16,25.9934392,26.02320268,25.3485638,25.546987,565812890.0
2024-12-17,25.51722352,26.07280848,25.4477754,25.67596208,471075989.0
2024-12-18,25.795016,25.9438334,25.4973812,25.60651396,327352193.0
2024-12-19,25.17990408,25.8446218,25.06085016,25.6461986,350831067.0
2024-12-20,25.65611976,26.28115284,25.56682932,25.90414876,439027859.0
2024-12-23,25.68588324,26.18194124,25.53706584,25.6958044,352317590.0
2024-12-24,25.71564672,26.12241428,25.55690816,26.08272964,393573944.0
2024-12-25,26.12241428,26.16209892,25.63627744,25.8942276,321091251.0
2024-12-26,25.88430644,26.05296616,25.71564672,25.86446412,282609321.0
2024-12-27,25.87438528,26.96571288,25.75533136,26.3406798,676687249.0
2024-12-30,26.1918624,26.94587056,26.12241428,26.94587056,583746158.0
2024-12-31,26.79705316,26.97563404,25.5965928,25.61643512,653932571.0
2025-01-02,25.37832728,25.45769656,23.33456832,23.80086284,893769667.0
2025-01-03,23.73141472,23.80086284,22.67977176,22.67977176,662108794.0
2025-01-06,22.41190044,22.818668,22.2233984,22.36229464,423374737.0
2025-01-07,22.44166392,22.8682738,22.23331956,22.82858916,421549396.0
2025-01-08,22.61032364,22.8682738,21.78686736,22.38213696,577817795.0
2025-01-09,22.30276768,22.68969292,22.15395028,22.31268884,299200313.0
2025-01-10,22.31268884,22.51111204,21.70749808,21.70749808,335247067.0
2025-01-13,21.29080936,22.16387144,21.29080936,21.94560592,336840638.0
2025-01-14,22.24324072,23.70165124,22.04481752,23.67188776,879873982.0
2025-01-15,23.3643318,23.47346456,23.04685468,23.13614512,448905385.0
2025-01-16,23.3643318,23.78102052,22.88811612,23.20559324,447302508.0
2025-01-17,23.066697,23.55283384,22.99724888,23.25519904,363527638.0
2025-01-20,23.59251848,23.77109936,23.14606628,23.32464716,414318310.0
2025-01-21,23.6123608,23.79094168,23.07661816,23.6619666,436691087.0
2025-01-22,23.43377992,23.60243964,23.18575092,23.48338572,359664738.0
2025-01-23,24.2076304,25.0013232,23.54291268,23.54291268,853089870.0
2025-01-24,23.38417412,24.0092072,23.37425296,23.90007444,472939666.0
2025-01-27,23.90007444,23.9596014,22.74921988,22.75914104,461455692.0
2025-02-05,23.1163028,23.1659086,22.7194564,22.80874684,313468223.0
2025-02-06,22.70953524,23.68180892,22.60040248,23.50322804,478346582.0
2025-02-07,23.35441064,24.88226928,23.32464716,24.08857648,933607183.0
2025-02-10,24.08857648,24.31676316,23.84054748,24.14810344,493714253.0
2025-02-11,24.09849764,24.09849764,23.59251848,23.75125704,406732156.0
2025-02-12,23.6619666,24.49534404,23.65204544,24.34652664,504645180.0
2025-02-13,24.1084188,24.59455564,23.91991676,23.96952256,550843014.0
2025-02-14,23.84054748,24.16794576,23.7115724,24.02904952,396225606.0
2025-02-17,24.36636896,24.53502868,23.96952256,24.17786692,479336670.0
2025-02-18,24.0092072,24.07865532,23.09646048,23.14606628,513812250.0
2025-02-19,23.1163028,23.77109936,23.07661816,23.63220312,420993742.0
2025-02-20,23.53299152,23.64212428,23.30480484,23.38417412,295836022.0
2025-02-21,23.4635434,24.32668432,23.15598744,24.1580246,755270873.0
2025-02-24,24.03897068,24.33660548,23.69173008,23.92983792,487393422.0
2025-02-25,23.562755,23.8603898,23.44370108,23.5131492,345957501.0
2025-02-26,23.6123608,24.29692084,23.42385876,24.2076304,622889685.0
2025-02-27,24.0092072,24.18778808,23.48338572,23.93975908,576351136.0
2025-02-28,23.74133588,24.04889184,22.99724888,23.04685468,467747359.0
2025-03-03,23.04685468,23.2651202,22.60040248,22.7690622,347331363.0
2025-03-04,22.60040248,22.90795844,22.53095436,22.79882568,221929134.0
2025-03-05,22.7690622,22.99724888,22.59048132,22.79882568,267756672.0
2025-03-06,23.02701236,23.98936488,23.0170912,23.74133588,712048671.0
2025-03-07,23.49330688,23.562755,23.14606628,23.22543556,388868347.0
2025-03-10,23.17582976,23.24527788,22.89803728,23.08653932,223974908.0
2025-03-11,22.7690622,23.20559324,22.72937756,23.19567208,237556148.0
2025-03-12,23.27504136,23.8603898,23.17582976,23.42385876,416768061.0
2025-03-13,23.314726,23.55283384,22.98732772,23.1659086,287650143.0
2025-03-14,23.28496252,24.93187508,23.23535672,24.23739388,1079620355.0
2025-03-17,23.99928604,24.1580246,23.77109936,23.89015328,469248423.0
2025-03-18,24.11833996,24.17786692,23.82070516,23.93975908,268255912.0
2025-03-19,23.92983792,24.058813,23.7611782,23.84054748,281360274.0
2025-03-20,23.87031096,23.88023212,23.50322804,23.62228196,250670660.0
2025-03-21,23.52307036,23.72149356,23.04685468,23.08653932,330899299.0
2025-03-24,23.07661816,23.13614512,22.74921988,23.08653932,262662819.0
2025-03-25,23.1163028,23.13614512,22.7194564,22.74921988,207091605.0
2025-03-26,22.79882568,23.04685468,22.77898336,22.78890452,165600548.0
2025-03-27,22.7194564,23.066697,22.60040248,22.79882568,204742493.0
2025-03-28,22.85835264,22.99724888,22.7194564,22.818668,179140484.0
2025-03-31,22.64008712,22.79882568,22.21347724,22.40197928,263144559.0
2025-04-01,22.50119088,22.60040248,21.9753694,22.0249752,297950453.0
2025-04-02,22.0249752,22.4714274,21.9753694,22.26308304,223695421.0
2025-04-03,22.01505404,22.4714274,21.99521172,22.2730042,194445587.0
2025-04-07,20.834436,21.2808882,18.03666888,19.17760228,846804585.0
2025-04-08,19.50500056,19.9911374,19.28673504,19.5446852,520569024.0
2025-04-09,19.30657736,20.586407,18.87004632,20.338378,615175279.0
2025-04-10,20.834436,21.01301688,20.31853568,20.338378,520410596.0
2025-04-11,20.1895606,20.70546092,20.16971828,20.41774728,318184441.0
2025-04-14,20.54672236,20.66577628,20.39790496,20.4375896,236368019.0
2025-04-15,20.37806264,20.37806264,20.14987596,20.27885104,168724846.0
2025-04-16,20.18930073,20.30870517,19.88083926,20.21915184,198269660.0
2025-04-17,20.0997474,20.33855628,20.05994592,20.14949925,155637612.0
2025-04-18,20.0997474,20.46791109,20.05994592,20.37835776,195442715.0
2025-04-21,20.1992511,20.66691849,20.16939999,20.52761331,194843914.0
2025-04-22,20.43805998,20.63706738,20.38830813,20.44801035,168116580.0
2025-04-23,20.5972659,20.73657108,20.45796072,20.51766294,218504554.0
2025-04-24,20.4977622,20.61716664,20.28880443,20.37835776,179659742.0
2025-04-25,20.47786146,20.72662071,20.3982585,20.5972659,266296641.0
2025-04-28,20.54751405,20.60721627,20.38830813,20.45796072,156821680.0
2025-04-29,20.45796072,20.54751405,20.34850665,20.38830813,136357564.0
2025-04-30,20.42810961,20.6967696,20.32860591,20.46791109,191305112.0
2025-05-06,20.5972659,20.97537996,20.50771257,20.88582663,328160124.0
2025-05-07,21.890814,22.46793546,20.9952807,21.14453625,651292094.0
2025-05-08,20.98533033,21.28384143,20.93557848,21.11468514,267746495.0
2025-05-09,21.10473477,21.16443699,20.66691849,20.72662071,220375703.0
2025-05-12,20.95547922,21.86096289,20.78632293,21.61220364,524864624.0
2025-05-13,21.7913103,21.7913103,21.31369254,21.34354365,320648475.0
2025-05-14,21.31369254,23.16446136,21.10473477,22.41818361,884020944.0
2025-05-15,22.05001992,22.1893251,21.6918066,21.71170734,415805780.0
2025-05-16,21.65200512,21.86096289,21.40324587,21.42314661,229994175.0
2025-05-19,21.38334513,21.54255105,21.16443699,21.3932955,171971442.0
2025-05-20,21.47289846,21.60225327,21.34354365,21.41319624,197781176.0
2025-05-21,21.35349402,21.53260068,21.24403995,21.27389106,196240548.0
2025-05-22,21.1942881,21.33359328,21.07488366,21.12463551,161566646.0
2025-05-23,21.05498292,21.27389106,20.65696812,20.67686886,270666662.0
2025-05-26,20.60721627,20.75647182,20.56741479,20.6967696,159237200.0
2025-05-27,20.6967696,20.74652145,20.52761331,20.58731553,128345978.0
2025-05-28,20.64701775,20.67686886,20.36840739,20.3982585,132052665.0
2025-05-29,20.43805998,20.86592589,20.3982585,20.74652145,217962633.0
2025-05-30,20.63706738,20.64701775,20.41815924,20.51766294,155846615.0
2025-06-03,20.37835776,20.77637256,20.33855628,20.55746442,168136376.0
2025-06-04,20.65,21.13,20.57,20.94,247088370.0
2025-06-05,20.97,21.26,20.86,21.13,238302387.0
2025-06-06,21.13,21.19,20.87,20.89,170707833.0
2025-06-09,21.01,21.58,21.0,21.46,394252543.0
2025-06-10,21.39,21.49,20.77,20.97,295659608.0
2025-06-11,21.05,21.9,20.99,21.49,464789661.0
2025-06-12,21.31,22.08,21.3,21.65,402799229.0
2025-06-13,21.48,21.64,21.27,21.33,308920138.0
2025-06-16,21.33,21.77,21.33,21.73,269492794.0
2025-06-17,21.75,21.78,21.58,21.71,199992738.0
2025-06-18,21.63,21.68,21.3,21.5,199072084.0
2025-06-19,21.45,21.46,20.86,20.93,262645506.0
2025-06-20,21.0,21.05,20.69,20.71,163936699.0
2025-06-23,20.6,21.02,20.52,20.93,199778062.0
2025-06-24,21.0,22.1,20.93,21.81,609134035.0
2025-06-25,21.89,24.44,21.81,24.0,1442646828.0
2025-06-26,23.52,23.78,23.05,23.13,953058387.0
2025-06-27,23.16,24.15,23.0,23.04,826358430.0
2025-06-30,23.05,23.2,22.73,23.13,443466100.0
2025-07-01,23.1,23.12,22.68,22.88,310407377.0
2025-07-02,22.89,23.03,22.61,22.71,253828394.0
2025-07-03,22.74,22.99,22.71,22.88,287265774.0
2025-07-04,22.8,23.46,22.62,22.8,520331195.0
2025-07-07,22.66,22.92,22.65,22.75,249661731.0
2025-07-08,22.73,23.27,22.71,23.15,417884881.0
2025-07-09,23.16,23.35,22.86,22.93,339484921.0
2025-07-10,22.85,23.34,22.8,23.15,390710344.0
2025-07-11,23.29,24.59,23.06,23.86,1098863085.0
2025-07-14,23.97,23.97,23.53,23.62,419157084.0
2025-07-15,23.62,23.94,23.38,23.53,365249651.0
2025-07-16,23.6,23.71,23.26,23.42,261453222.0
2025-07-17,23.4,23.65,23.36,23.6,281614983.0
2025-07-18,23.6,23.7,23.39,23.52,263052035.0
2025-07-21,23.18,23.5,22.85,23.35,479639123.0
2025-07-22,23.45,23.77,23.26,23.54,457095424.0
2025-07-23,23.75,24.32,23.64,23.71,803889338.0
2025-07-24,23.6,24.45,23.54,24.32,712859889.0
2025-07-25,24.55,24.68,23.92,23.99,471001961.0
2025-07-28,24.02,24.45,23.92,24.12,394633190.0
2025-07-29,23.95,24.18,23.58,24.18,411059624.0
2025-07-30,24.11,24.25,23.6,23.81,398559938.0
2025-07-31,23.67,24.04,23.1,23.23,443464864.0
2025-08-01,23.2,23.47,23.06,23.17,266616387.0
2025-08-04,23.01,23.36,23.0,23.35,206018455.0
2025-08-05,23.46,23.64,23.31,23.63,278641186.0
2025-08-06,23.58,23.69,23.45,23.63,209950920.0
2025-08-07,23.69,23.85,23.43,23.54,277197497.0
2025-08-08,23.46,23.47,23.2,23.2,235608668.0
2025-08-11,23.17,23.97,23.17,23.8,464960776.0
2025-08-12,23.78,24.08,23.66,23.99,365765430.0
2025-08-13,24.15,24.8,23.86,24.58,835773375.0
2025-08-14,24.58,25.09,24.35,24.36,756790060.0
2025-08-15,24.31,27.2,24.29,26.76,1697079842.0
2025-08-18,26.98,28.97,26.25,27.85,1638248391.0
2025-08-19,27.39,27.86,26.83,26.9,902257820.0
2025-08-20,26.64,27.08,26.32,27.08,665432246.0
2025-08-21,27.36,27.45,26.62,26.8,507135070.0
2025-08-22,26.7,28.0,26.7,27.85,907063960.0
2025-08-25,28.28,28.92,27.77,28.23,1019254519.0
2025-08-26,27.97,28.41,27.83,27.93,531556952.0
2025-08-27,27.94,28.45,27.19,27.21,791027495.0
2025-08-28,27.15,27.96,26.85,27.96,742437357.0
2025-08-29,28.1,29.36,27.73,28.91,1132470411.0
2025-09-01,28.79,29.05,28.24,28.69,650352102.0
2025-09-02,28.56,28.59,27.62,27.85,775071979.0
2025-09-03,28.08,28.38,26.33,26.63,800115658.0
2025-09-04,26.55,26.97,25.9,26.21,740416751.0
2025-09-05,26.32,26.69,25.9,26.6,500565200.0
2025-09-08,26.4,26.72,26.24,26.42,397224927.0
2025-09-09,26.42,26.66,26.12,26.19,391738158.0
2025-09-10,26.24,26.57,26.12,26.19,313055469.0
2025-09-11,26.05,27.58,25.93,27.27,704454177.0
2025-09-12,27.17,27.64,26.91,26.95,484818765.0
2025-09-15,26.95,27.56,26.86,27.21,453857852.0
2025-09-16,27.26,27.95,26.96,27.71,560141567.0
2025-09-17,27.61,28.5,27.5,28.21,680560849.0
2025-09-18,27.9,27.9,26.6,26.87,917831786.0
2025-09-19,26.77,27.03,26.55,26.55,429082754.0
2025-09-22,26.55,26.97,26.55,26.89,324342278.0
2025-09-23,26.57,26.59,25.7,26.12,537885585.0
2025-09-24,26.0,26.73,25.89,26.45,444335769.0
2025-09-25,26.4,26.79,26.35,26.47,358772768.0
2025-09-26,26.37,26.53,26.05,26.06,303421146.0
2025-09-29,26.04,28.45,25.99,27.58,1108684127.0
2025-09-30,27.31,27.56,27.01,27.12,572184675.0
2025-10-09,26.52,27.08,26.19,26.76,609947241.0
2025-10-10,26.63,27.0,26.01,26.09,602985545.0
2025-10-13,25.17,25.8,25.12,25.62,411921427.0
2025-10-14,25.7,26.15,25.12,25.16,415799790.0
2025-10-15,25.35,25.62,25.14,25.54,302139824.0
2025-10-16,25.42,25.63,25.31,25.42,237781407.0
2025-10-17,25.4,25.62,24.81,24.86,309566627.0
2025-10-20,25.25,25.34,24.86,25.02,228260562.0
2025-10-21,25.12,25.55,25.04,25.36,297415998.0
2025-10-22,25.21,25.25,24.99,25.12,177622378.0
2025-10-23,25.16,25.48,24.92,25.47,250384534.0
2025-10-24,25.54,25.9,25.43,25.9,357851764.0
2025-10-27,26.35,26.45,25.93,26.04,475197468.0
2025-10-28,25.85,26.4,25.81,26.0,350368404.0
2025-10-29,25.91,26.79,25.88,26.49,544258296.0
2025-10-30,26.29,26.33,25.61,25.63,467608310.0
2025-10-31,25.78,25.87,25.5,25.5,249902897.0
2025-11-03,25.49,25.59,25.15,25.56,220117438.0
2025-11-04,25.41,25.48,25.2,25.26,189508997.0
2025-11-05,25.09,25.37,25.01,25.26,166593299.0
2025-11-06,25.27,25.68,25.27,25.51,239845604.0
2025-11-07,25.28,25.32,25.1,25.14,202422801.0
2025-11-10,25.12,25.52,25.11,25.4,213742554.0
2025-11-11,25.39,25.44,24.92,24.93,249958217.0
2025-11-12,24.93,25.02,24.5,24.69,209423734.0
2025-11-13,24.59,25.14,24.59,25.13,229532021.0
2025-11-14,24.9,24.98,24.52,24.54,202810528.0
2025-11-17,24.51,24.66,24.44,24.51,148618452.0
2025-11-18,24.5,24.69,24.46,24.49,150722250.0
2025-11-19,24.48,24.61,24.16,24.33,175068953.0
2025-11-20,24.71,24.8,24.06,24.07,218813990.0
2025-11-21,23.88,24.08,23.26,23.3,303657646.0
2025-11-24,23.4,23.62,23.26,23.43,173326796.0
2025-11-25,23.49,23.63,23.38,23.42,194443515.0
2025-11-26,23.42,23.53,23.31,23.34,168890808.0
2025-11-27,23.33,23.63,23.26,23.3,193737802.0
2025-11-28,23.29,23.41,23.06,23.4,179086945.0
2025-12-01,23.22,23.34,22.85,23.09,307525087.0
2025-12-02,23.03,23.05,22.59,22.61,234266666.0
2025-12-03,22.67,22.8,22.18,22.23,224382774.0
2025-12-04,22.25,22.59,22.17,22.39,180008722.0
2025-12-05,22.35,23.72,22.31,23.31,548068578.0
2025-12-08,23.8,24.22,23.54,23.64,577238800.0
2025-12-09,23.4,23.63,23.16,23.28,269716787.0
2025-12-10,23.21,23.45,22.96,23.29,224914879.0
2025-12-11,23.35,23.36,22.84,22.84,193809629.0
2025-12-12,22.89,23.3,22.86,23.02,226127208.0
2025-12-15,22.81,23.24,22.71,22.85,186663144.0
2025-12-16,22.75,22.93,22.57,22.61,187502453.0
2025-12-17,22.61,23.42,22.46,23.09,341817761.0
2025-12-18,23.0,23.15,22.84,22.86,189319984.0
2025-12-19,22.87,23.3,22.83,23.0,193665416.0
2025-12-22,22.98,23.19,22.94,23.08,160098857.0
2025-12-23,23.06,23.24,22.93,23.02,184964950.0
2025-12-24,22.95,23.33,22.92,23.2,216164536.0
2025-12-25,23.15,23.43,23.1,23.34,217205303.0
2025-12-26,23.34,24.05,23.23,23.61,431928171.0
2025-12-29,23.58,23.6,23.3,23.35,221402724.0
2025-12-30,23.29,23.63,23.21,23.43,224793876.0
2025-12-31,23.43,23.61,23.18,23.18,199239488.0
2026-01-05,23.22,23.75,23.21,23.75,356523390.0
2026-01-06,23.68,25.37,23.65,25.11,906092075.0
2026-01-07,24.88,24.97,24.26,24.53,519386047.0
2026-01-08,24.29,24.29,23.87,24.0,401345353.0
2026-01-09,24.0,24.36,23.99,24.13,340988370.0
2026-01-12,24.06,25.05,24.01,25.05,700622732.0
2026-01-13,25.3,25.48,24.41,24.49,573442369.0
2026-01-14,24.36,25.71,24.36,24.72,937107931.0
2026-01-15,24.21,24.52,23.91,24.06,496353353.0
2026-01-16,24.29,24.43,23.83,23.89,325169233.0
2026-01-19,23.8,23.82,23.45,23.5,299735468.0
2026-01-20,23.49,23.66,23.32,23.44,258570356.0
2026-01-21,23.43,23.53,23.25,23.31,230701802.0
2026-01-22,23.31,23.52,23.24,23.31,215739815.0
2026-01-23,23.36,23.45,23.25,23.3,258945663.0
2026-01-26,23.25,23.73,23.13,23.31,425535001.0
2026-01-27,23.28,23.3,22.73,22.9,316475831.0
2026-01-28,22.9,23.02,22.77,22.78,255135330.0
2026-01-29,22.66,23.3,22.39,23.14,417787468.0
2026-01-30,23.1,23.1,22.68,22.7,269854953.0
2026-02-02,22.61,23.05,22.45,22.53,239788114.0
2026-02-03,22.68,22.73,22.48,22.7,179950400.0
2026-02-04,22.6,23.12,22.52,22.89,297568413.0
2026-02-05,22.75,23.13,22.71,22.93,272039202.0
2026-02-06,22.78,22.91,22.65,22.66,197822887.0
2026-02-09,22.81,22.95,22.72,22.95,208806438.0
2026-02-10,22.92,23.09,22.85,22.89,152251626.0
2026-02-11,22.85,22.94,22.73,22.77,149466066.0
2026-02-12,22.75,22.77,22.65,22.66,153362029.0
2026-02-13,22.7,22.82,22.36,22.37,205468499.0
2026-02-24,22.49,22.57,22.33,22.41,141213770.0
2026-02-25,22.47,22.89,22.43,22.74,255964372.0
2026-02-26,22.69,22.7,22.43,22.5,189153249.0
2026-02-27,22.46,22.67,22.37,22.52,176681173.0
2026-03-02,22.26,22.32,21.9,21.95,282677152.0
2026-03-03,21.93,22.33,21.62,21.64,290761929.0
2026-03-04,21.43,21.55,20.95,21.02,288548913.0
2026-03-05,21.33,21.35,20.99,21.09,212806778.0
2026-03-06,21.0,21.64,20.96,21.56,233819564.0
2026-03-09,21.15,21.34,21.02,21.23,197301365.0
2026-03-10,21.42,21.56,21.26,21.36,161120963.0
2026-03-11,21.35,21.59,21.25,21.47,180302504.0
2026-03-12,21.38,21.53,21.25,21.36,151737148.0
2026-03-13,21.3,21.46,21.06,21.1,176613501.0
2026-03-16,21.09,21.23,20.94,21.21,144707074.0
2026-03-17,21.3,22.07,21.26,21.56,420042174.0
2026-03-18,21.45,21.55,21.31,21.51,185757857.0
2026-03-19,21.34,21.6,21.25,21.33,217463822.0
2026-03-20,21.2,21.22,20.21,20.21,477462400.0
2026-03-23,19.78,20.05,19.56,19.61,314124997.0
2026-03-24,19.87,19.96,19.55,19.77,208891179.0
2026-03-25,19.75,20.15,19.73,19.9,225141838.0
2026-03-26,19.81,19.82,19.1,19.12,279438966.0
2026-03-27,18.93,19.39,18.89,19.21,181479953.0
2026-03-30,18.92,19.15,18.83,19.07,158457278.0
2026-03-31,19.07,19.37,18.85,18.89,169290727.0
2026-04-01,19.2,19.29,19.08,19.19,172978686.0
2026-04-02,19.11,19.12,18.68,18.75,179744808.0
2026-04-03,18.82,18.87,18.48,18.48,138392367.0
2026-04-07,18.51,18.61,18.35,18.45,123364783.0
2026-04-08,18.9,19.59,18.8,19.49,391137215.0
2026-04-09,19.15,19.16,18.91,18.95,210410757.0
2026-04-10,19.22,20.46,19.22,19.76,597010643.0
2026-04-13,19.52,20.25,19.5,20.01,345985159.0
2026-04-14,20.19,20.28,19.84,20.15,268921754.0
2026-04-15,20.29,20.34,19.8,19.85,218163162.0
2026-04-16,19.94,20.25,19.86,20.06,236166833.0
2026-04-17,19.95,20.15,19.8,20.04,215749128.0
2026-04-20,20.05,20.24,19.92,20.15,215567925.0
2026-04-21,20.04,20.13,19.82,19.94,172947768.0
2026-04-22,19.86,20.36,19.82,20.18,283982382.0
2026-04-23,20.1,20.23,19.79,19.89,233984157.0
2026-04-24,19.85,19.85,19.55,19.7,178752302.0
2026-04-27,19.84,20.2,19.78,19.98,222289561.0
2026-04-28,19.9,20.46,19.9,20.16,349478513.0
2026-04-29,20.02,20.32,20.0,20.26,247966630.0
2026-04-30,20.25,20.95,20.19,20.36,362636973.0
2026-05-06,20.4,21.03,20.4,20.85,427476398.0
2026-05-07,21.0,21.05,20.55,20.73,337885228.0
2026-05-08,20.6,20.74,20.39,20.49,232082955.0
2026-05-11,20.45,21.35,20.44,21.28,581192067.0
2026-05-12,21.14,21.6,21.01,21.27,409923087.0
2026-05-13,21.12,21.24,20.81,21.08,375009748.0
2026-05-14,21.09,21.2,20.17,20.18,386428337.0
2026-05-15,20.17,20.33,19.67,19.73,369544548.0
2026-05-18,19.6,20.01,19.56,19.77,221113523.0
2026-05-19,19.78,19.95,19.38,19.9,267989389.0
2026-05-20,19.78,19.91,19.61,19.67,185749687.0
2026-05-21,19.85,21.03,19.83,19.98,722172144.0
2026-05-22,19.96,20.09,19.36,19.5,429594528.0
2026-05-25,19.72,20.25,19.58,19.87,335793512.0
2026-05-26,19.68,20.28,19.58,20.05,422181872.0
2026-05-27,19.8,20.19,19.58,19.61,326043329.0
2026-05-28,19.51,19.55,18.96,19.19,341490910.0
2026-05-29,19.2,19.73,19.16,19.16,371959024.0
2026-06-01,19.05,19.27,18.85,18.97,244598976.0
2026-06-02,18.91,19.09,18.65,18.91,266846177.0
2026-06-03,18.8,19.21,18.65,18.91,294030542.0
2026-06-04,18.79,19.07,18.55,18.74,224392582.0
2026-06-05,18.76,18.95,18.5,18.52,255301296.0
2026-06-08,18.28,18.63,17.7,17.72,348444993.0
2026-06-09,17.73,17.93,17.5,17.88,225858978.0
2026-06-10,17.77,17.95,17.55,17.78,232814739.0
2026-06-11,17.65,17.88,17.22,17.36,257070415.0
2026-06-12,17.49,18.23,17.37,18.0,473692838.0
2026-06-15,18.0,19.48,17.95,18.89,625621860.0
2026-06-16,18.7,19.46,18.69,19.12,458080240.0
2026-06-17,19.04,19.25,18.86,19.04,274920909.0
2026-06-18,18.95,19.12,18.53,18.6,329684950.0
2026-06-22,18.45,20.97,18.45,20.97,1103946996.0
2026-06-23,20.66,21.88,20.54,20.9,1103242012.0
2026-06-24,20.9,21.24,20.1,20.18,708747476.0
2026-06-25,20.04,21.57,20.04,21.11,904000751.0
2026-06-26,20.93,21.17,20.02,20.07,622800848.0
2026-06-29,20.27,20.59,19.93,20.1,503798455.0
2026-06-30,19.95,20.57,19.74,20.38,430348289.0
2026-07-01,20.32,21.96,20.21,21.45,949760037.0
2026-07-02,21.28,21.5,20.7,20.73,575507544.0
2026-07-03,20.95,21.25,20.7,21.06,430136567.0
2026-07-06,21.39,21.49,20.9,21.18,393655246.0
2026-07-07,21.02,21.05,20.16,20.29,403739047.0
2026-07-08,20.21,20.75,20.06,20.13,288191605.0
2026-07-09,20.07,20.65,20.01,20.59,344210055.0
2026-07-10,20.4,20.5,20.1,20.19,328290460.0
2026-07-13,20.03,20.32,19.62,19.84,328386783.0
2026-07-14,19.89,19.98,19.19,19.6,327256503.0
2026-07-15,19.53,20.38,19.43,20.14,383955844.0
2026-07-16,19.95,20.1,19.71,19.82,261353383.0
2026-07-17,19.79,20.44,19.67,19.7,451533945.0
2026-07-20,19.8,20.43,19.8,20.18,383137770.0
2026-07-21,20.22,20.46,19.9,20.29,426949124.0
2026-07-22,20.1,20.18,19.9,20.08,257183916.0
2026-07-23,20.05,20.45,19.92,20.28,282620349.0
2026-07-24,20.08,20.08,19.4,19.4,309037092.0
2026-07-27,19.32,19.68,19.26,19.65,194525396.0
2026-07-28,19.43,19.62,19.38,19.42,167720021.0
2026-07-29,19.39,20.1,19.3,19.9,308289722.0
2026-07-30,19.8,20.29,19.76,19.99,300638833.0
2026-07-31,19.98,20.52,19.91,20.17,342484008.0
2026-08-03,20.0,20.08,19.83,20.01,200451188.0
2026-08-04,20.09,20.14,19.9,20.05,207750326.0
2026-08-05,20.07,20.49,19.98,20.36,347069222.0
2026-08-06,20.2,20.35,19.9,20.01,271228390.0
2026-08-07,19.95,19.99,19.73,19.98,252320432.0
2026-08-10,19.99,20.15,19.91,20.03,194980837.0
2026-08-11,19.94,20.08,19.83,19.84,179645350.0
2026-08-12,19.8,19.89,19.72,19.83,183647487.0
2026-08-13,19.83,20.2,19.76,19.78,278178242.0
2026-08-14,19.73,19.81,19.45,19.47,246046617.0
2026-08-17,19.42,19.6,19.27,19.58,170855258.0
2026-08-18,19.48,19.5,19.18,19.23,212960143.0
2026-08-19,19.17,19.34,18.72,18.73,230475759.0
2026-08-20,18.78,18.92,18.65,18.8,145143350.0
2026-08-21,18.74,18.99,18.63,18.91,158647946.0
2026-08-24,18.86,19.17,18.73,18.92,185175606.0
2026-08-25,18.92,18.97,18.76,18.93,130122071.0
2026-08-26,18.89,19.61,18.87,19.36,330666122.0
2026-08-27,19.25,19.65,19.22,19.62,324199894.0
