date,open,high,low,close,volume
2020-01-02,54.89505793,55.73479205,54.1218881,55.05378816,20611589.0
2020-01-03,55.05378816,56.42091627,54.26013701,56.09321515,18084178.0
2020-01-06,56.9892729,58.6277785,55.1971574,55.85767997,26500200.0
2020-01-07,55.81671733,56.13929812,54.99746453,55.5555805,13507544.0
2020-01-08,55.81671733,57.0916795,54.8387343,56.1188168,19224068.0
2020-01-09,57.347696,59.1398115,56.32875033,58.883795,20164351.0
2020-01-10,58.4741686,58.4741686,57.18384544,58.01845923,14428007.0
2020-01-13,59.395828,60.66566984,58.4741686,59.8566577,21597445.0
2020-01-14,61.19306383,61.82798475,58.97596094,59.2422181,21768473.0
2020-01-15,59.2422181,60.20484014,57.45522293,59.0374049,17758720.0
2020-01-16,59.395828,59.6518445,58.29495705,59.6006412,12934158.0
2020-01-17,59.58015988,60.19459948,58.371762,58.92475764,14662407.0
2020-01-20,58.87867467,64.04508764,57.8085257,63.0824656,24892200.0
2020-01-21,62.72916283,62.980059,61.67949518,62.28881445,14267108.0
2020-01-22,62.28881445,68.52025606,61.12649954,68.52025606,34991561.0
2020-01-23,67.8443725,70.148521,64.0553283,66.85614881,35986224.0
2020-02-03,64.80289648,73.46649484,64.7721745,69.30878688,52634602.0
2020-02-04,74.63905041,76.2417137,71.68974033,76.2417137,35913583.0
2020-02-05,80.98825961,83.86588507,80.0307579,83.86588507,53082382.0
2020-02-06,79.37023533,86.98928637,78.33592867,86.98928637,57918993.0
2020-02-07,84.997478,86.70254789,81.38764535,82.0276866,45499480.0
2020-02-10,82.437313,86.31852314,81.92528,84.61857358,37540921.0
2020-02-11,85.6119176,86.021544,80.6964008,81.1060272,33994559.0
2020-02-12,78.62266715,82.86742072,77.84437699,81.74606845,32586206.0
2020-02-13,79.87202767,81.60781954,78.69435177,80.05123922,31360960.0
2020-02-14,81.3620437,81.8740767,76.22123238,76.7537467,43961853.0
2020-02-17,76.292917,79.95907328,76.23147304,78.9042853,34447133.0
2020-02-18,78.9042853,81.413247,78.26424405,80.19460846,28230513.0
2020-02-19,84.485445,84.5366483,78.28472537,78.4434556,41816783.0
2020-02-20,80.1331645,84.485445,78.341049,81.92528,51844020.0
2020-02-21,80.7988074,83.2053625,79.47776226,81.8740767,33805137.0
2020-02-24,80.389181,81.84847505,78.07479184,79.06301553,36523081.0
2020-02-25,76.67182142,84.7414615,76.21099172,82.87254105,51602630.0
2020-02-26,81.2596371,82.36050805,77.1633731,78.26936438,33827986.0
2020-02-27,79.4163183,80.21508978,76.1905104,76.53869284,33200245.0
2020-02-28,71.67949967,74.244785,69.38559183,69.46751711,50844719.0
2020-03-02,71.0701804,72.68308435,69.09885335,71.67949967,31815002.0
2020-03-03,74.756818,76.64621977,73.6815487,74.64417074,29691061.0
2020-03-04,73.72763167,74.69537404,71.57197274,73.5791421,20594614.0
2020-03-05,75.03331582,75.69383839,72.708686,74.35743226,22463328.0
2020-03-06,72.71380633,75.4224609,72.4526695,73.48697616,15980869.0
2020-03-09,71.16746667,72.1454497,68.100389,68.33080385,29425285.0
2020-03-10,68.41272913,72.54995577,68.10550933,71.95599749,29274470.0
2020-03-11,73.220719,76.07786314,71.0701804,72.08400574,33923207.0
2020-03-12,69.7388946,70.03075341,67.24017356,68.7148286,33385759.0
2020-03-13,64.5673613,68.5100154,64.52127833,67.6395593,27455284.0
2020-03-16,65.540224,65.99081304,60.87560337,60.96264898,49048485.0
2020-03-17,61.955993,62.94421669,56.96367125,60.39429235,39220328.0
2020-03-18,60.8807237,63.2360755,59.395828,60.08707255,31338376.0
2020-03-19,60.931927,61.1879435,57.18896577,58.90427632,33156307.0
2020-03-20,60.419894,61.2903501,57.97237626,59.32414338,22514220.0
2020-03-23,56.7332564,57.12752181,53.76858533,55.03330684,30761809.0
2020-03-24,56.6308498,57.79828504,54.787531,57.12752181,29116996.0
2020-03-25,59.4982346,62.56019194,59.395828,61.955993,38592846.0
2020-03-26,60.93704733,62.64723755,60.5735039,61.25450779,19437090.0
2020-03-27,62.57555293,63.14902989,60.09219288,60.78343743,17499077.0
2020-03-30,59.395828,61.77166112,56.6820531,61.09065723,26165539.0
2020-03-31,61.58220891,63.04662329,60.34820938,61.64365287,19485192.0
2020-04-01,63.0312623,64.29086348,60.97288964,61.6487732,29895088.0
2020-04-02,60.1638775,63.2872788,59.75937143,63.2872788,20958836.0
2020-04-03,63.82491345,64.004125,61.3415534,61.955993,18220415.0
2020-04-07,63.2872788,64.56224097,62.99029966,63.8505151,18372889.0
2020-04-08,63.4408887,64.25502117,62.7752458,62.980059,11946973.0
2020-04-09,63.48185134,63.73786784,61.34667373,61.55148693,16052778.0
2020-04-10,62.03279795,63.01590131,60.38405169,60.65542918,14569554.0
2020-04-13,58.8325917,59.90274067,57.90069164,58.72506477,12458136.0
2020-04-14,60.419894,64.59808328,60.1638775,64.59808328,38893873.0
2020-04-15,66.4618834,67.53203237,65.14595859,65.540224,32564492.0
2020-04-16,65.67847291,68.46393243,64.93602506,68.07478735,21638110.0
2020-04-17,69.67745064,71.98159914,69.1756583,70.12291935,29252182.0
2020-04-20,69.8413012,70.02051275,67.52691204,68.87355883,18700233.0
2020-04-21,67.58323567,68.02870438,65.028191,66.83054716,19391746.0
2020-04-22,65.19716189,67.7419659,65.1818009,66.99951805,14686885.0
2020-04-23,68.0491857,68.0491857,65.8474438,66.5130867,12537857.0
2020-04-24,66.56429,69.636488,66.56429,67.42962577,16991648.0
2020-04-27,68.11062966,69.636488,67.62931864,68.56633903,14365453.0
2020-04-28,70.148521,71.7358233,67.39378346,70.8141639,22691656.0
2020-04-29,69.70305229,71.78190627,69.64160833,71.02921776,11954408.0
2020-04-30,73.732752,76.04202083,73.732752,73.92732454,23338521.0
2020-05-06,71.172587,75.1664444,71.04457875,74.64929107,19146391.0
2020-05-07,74.9104279,75.3712576,72.196653,73.3231256,16078680.0
2020-05-08,73.220719,74.35743226,72.14032937,73.77371464,14133880.0
2020-05-11,73.8351586,74.74657734,69.15517698,70.46598146,28536431.0
2020-05-12,71.20330898,71.62317604,69.49823909,71.172587,16027660.0
2020-05-13,70.31749189,71.50540845,70.08707704,70.79368258,12154242.0
2020-05-14,70.58374905,70.78856225,69.3804715,69.4316748,11433488.0
2020-05-15,71.65389802,75.62215377,71.15210568,74.49056084,32212118.0
2020-05-18,74.244785,74.244785,71.52588977,72.61139973,16088936.0
2020-05-19,73.3231256,74.6544114,72.97494316,73.35384758,10425183.0
2020-05-20,76.80495,79.5699282,76.29803733,76.4465269,32969279.0
2020-05-21,77.73172973,78.62266715,75.05379714,75.50438618,15487607.0
2020-05-22,75.07427846,75.19716638,72.196653,73.12343273,14817295.0
2020-05-25,73.05686844,73.94268553,71.96623815,73.8863619,10378205.0
2020-05-26,74.63905041,77.01488353,74.3471916,76.82031099,17486531.0
2020-05-27,76.78446868,79.365115,76.7537467,77.5729995,18104917.0
2020-05-28,76.79982967,77.2657797,73.4767355,75.69895872,17424709.0
2020-05-29,75.268851,75.69383839,73.9887685,74.51616249,14142791.0
2020-06-01,75.50950651,78.35640999,74.94114988,77.29138135,15176562.0
2020-06-02,78.853082,79.30879137,75.25861034,76.52845218,13703028.0
2020-06-03,76.80495,77.37842696,75.68359773,76.0369005,11363532.0
2020-06-04,76.8162416,79.03663096,76.2008912,76.9188,13757396.0
2020-06-05,76.6880436,77.6110692,75.51374992,77.5341504,9862700.0
2020-06-08,78.83664208,79.2520036,77.15468432,77.6367088,10560379.0
2020-06-09,79.226364,79.98016824,78.5084552,78.94945632,15069925.0
2020-06-10,81.9954408,81.9954408,78.713572,80.34425056,19821016.0
2020-06-11,82.04672,87.21566336,81.08779896,84.08763216,36817709.0
2020-06-12,82.13902256,83.3287,81.47239296,81.6877656,25244551.0
2020-06-15,80.11349416,82.69283792,79.74428392,80.8672984,15945246.0
2020-06-16,82.559512,83.72867776,81.02626392,82.04672,13129741.0
2020-06-17,81.55443968,82.303116,80.00067992,80.9185776,12529134.0
2020-06-18,80.9185776,81.82621944,79.995552,81.5082884,9656214.0
2020-06-19,82.03646416,86.5592896,81.6108468,85.0721928,25019327.0
2020-06-22,84.995274,87.8412696,84.354284,84.61068,19041226.0
2020-06-23,85.123472,86.72851096,83.85174784,86.60544088,15947506.0
2020-06-24,87.44129184,89.01043536,86.8156856,87.943828,14660407.0
2020-06-29,87.431036,88.45662,86.66697592,87.70794368,11604049.0
2020-06-30,88.713016,92.03078024,88.713016,89.41041312,16251433.0
2020-07-01,91.533372,93.2768648,86.08752096,86.8669648,28657478.0
2020-07-02,88.200224,88.29252656,84.35941192,85.7388224,27047963.0
2020-07-03,87.17464,87.55410608,85.65164776,85.9439392,24026447.0
2020-07-06,86.2516144,92.30256,85.93881128,91.1744176,30715268.0
2020-07-07,96.404896,100.29185936,96.1485,100.29185936,25360423.0
2020-07-08,101.52768808,101.95330544,97.42022416,101.31231544,28889036.0
2020-07-09,101.020024,106.03000184,100.507232,105.13261584,27903552.0
2020-07-10,104.08652016,106.22999072,102.8660752,104.5582888,16829333.0
2020-07-13,108.5067872,115.01411768,108.5067872,114.92181512,30326879.0
2020-07-14,109.737488,113.1731944,107.10173712,110.7374324,33329626.0
2020-07-15,112.301448,113.10653144,103.64039112,106.16332776,27435061.0
2020-07-16,106.660736,109.16316096,100.7123488,100.90208184,27254968.0
2020-07-17,101.02515192,103.16349456,96.44591936,100.3533944,30378591.0
2020-07-20,104.65571928,108.25551912,102.09175928,105.2761976,28999908.0
2020-07-21,107.68119208,107.68119208,104.096776,106.147944,18656592.0
2020-07-22,105.12236,108.29654248,104.11215976,106.60432888,19165779.0
2020-07-23,106.147944,110.51180392,105.635152,109.481092,25589954.0
2020-07-24,107.173528,107.6350408,100.4303132,101.88151456,34398314.0
2020-07-27,101.532816,103.06093616,97.42535208,98.0971096,25155581.0
2020-07-28,100.5328716,102.814796,100.25596392,101.28667584,20148990.0
2020-07-29,101.28667584,105.12236,100.13289384,104.70187056,18998583.0
2020-07-30,105.12236,106.13768816,103.7891008,105.3018372,14353072.0
2020-07-31,105.635152,110.4041176,105.378756,108.79907864,20704980.0
2020-08-03,109.67595296,110.6605136,107.7119596,110.5579552,15106133.0
2020-08-04,109.8913256,114.34236016,107.85041344,108.04014648,19958062.0
2020-08-05,108.06578608,109.1221376,105.9171876,107.8657972,12730060.0
2020-08-06,111.21432896,111.72712096,106.660736,108.455508,14565688.0
2020-08-07,107.173528,109.8913256,103.64039112,104.75827768,18055246.0
2020-08-10,104.7121264,105.2761976,101.57383936,102.90709856,13078744.0
2020-08-11,102.942994,104.9172432,101.59947896,101.74818864,12233213.0
2020-08-12,102.5071208,102.69172592,96.5074544,100.36877816,25272741.0
2020-08-13,102.9686336,103.57372816,99.72266024,100.50210408,13061210.0
2020-08-14,101.3789784,102.7891564,100.50210408,102.74813304,11970002.0
2020-08-17,102.5584,102.74813304,99.5842064,100.82516304,19707410.0
2020-08-18,102.3532832,105.12236,100.44569696,102.18918976,22122398.0
2020-08-19,101.4302576,101.4302576,97.43048,97.52791048,18714680.0
2020-08-20,95.892104,97.943272,94.86652,96.62026864,13020138.0
2020-08-21,98.12787712,99.45088048,97.43048,98.57400616,14655272.0
2020-08-24,99.5842064,106.660736,98.57913408,103.58911192,25806984.0
2020-08-25,103.58911192,105.635152,102.02509632,102.51737664,14549072.0
2020-08-26,102.05073592,102.54814416,98.93808848,99.6867648,15240258.0
2020-08-27,103.84038,106.917132,102.045608,105.0967204,28397772.0
2020-08-28,105.79924544,107.429924,104.44547456,106.8145736,16967122.0
2020-08-31,107.51197072,108.07604192,105.12748792,105.8146292,13514481.0
2020-09-01,105.891548,110.25028,105.12748792,109.865686,19716189.0
2020-09-02,109.40930112,109.80415096,106.660736,108.35807752,14608611.0
2020-09-03,107.68632,108.199112,105.57874488,107.6350408,12452889.0
2020-09-04,103.69679824,105.46080272,102.85581936,104.74289392,14773663.0
2020-09-07,104.0454968,105.0454412,92.30256,95.5844288,44789699.0
2020-09-08,94.86652,96.404896,92.05129192,95.8408248,22073272.0
2020-09-09,91.789768,96.1485,91.27184808,94.51782144,18934368.0
2020-09-10,94.86652,97.174084,94.610124,94.84600832,14826421.0
2020-09-11,95.379312,97.0715256,94.0204132,96.0459416,11765001.0
2020-09-14,97.686876,99.98418416,97.43048,98.85604176,14289637.0
2020-09-15,100.250836,101.020024,98.87655344,99.8406024,11703665.0
2020-09-16,100.91233768,100.9687448,97.686876,98.58938992,11837864.0
2020-09-17,98.57913408,103.5583444,97.943272,101.7379328,18130771.0
2020-09-18,101.99945672,102.5584,100.11238216,101.54819976,10548691.0
2020-09-21,103.5327048,106.660736,100.94823312,101.49692056,16068319.0
2020-09-22,102.5584,104.7121264,101.49692056,102.814796,12339378.0
2020-09-23,102.3532832,102.46609744,97.9945512,101.020024,15719429.0
2020-09-24,99.3021708,100.4046736,97.48688712,97.85096944,10668028.0
2020-09-25,99.2765312,99.8406024,97.73302728,98.199668,6801208.0
2020-09-28,99.1996124,100.9943844,98.35863352,98.92270472,8233195.0
2020-09-29,100.24570808,105.76335,100.21494056,105.11723208,20243551.0
2020-09-30,105.2761976,108.20423992,104.5070096,107.2760864,15990837.0
2020-10-09,112.80911208,117.36783296,112.69629784,115.31153704,23959241.0
2020-10-12,116.916576,120.50612,116.5576216,120.39330576,18938222.0
2020-10-13,120.44458496,122.34191536,117.429368,120.84969064,10746666.0
2020-10-14,121.531704,125.121248,120.4035616,121.6855416,13770183.0
2020-10-15,123.63927912,125.1725272,121.531704,122.3521712,9953526.0
2020-10-16,122.813684,123.07008,115.02437352,116.9678552,20304062.0
2020-10-19,118.62417336,121.0701912,116.916576,117.63961272,13002499.0
2020-10-20,118.26521896,123.8905472,117.39860048,123.8905472,13596634.0
2020-10-21,123.10084752,123.39313896,116.75248256,119.13696536,16167925.0
2020-10-22,118.0447184,119.8907696,116.403784,118.90620896,9055157.0
2020-10-23,119.22926792,122.43421792,115.0961644,115.3782,11593811.0
2020-10-26,115.87560824,119.80359496,112.47066936,119.5574548,10802773.0
2020-10-27,120.50612,122.4034504,118.967744,121.63939032,9101539.0
2020-10-28,116.7370988,125.87505224,116.22943472,123.20340592,22415826.0
2020-10-29,121.54195984,125.13150384,119.13183744,123.07008,17435230.0
2020-10-30,123.59312784,131.5824272,122.1983336,126.74679864,22958747.0
2020-11-02,126.659624,136.146276,125.38277192,133.39771088,18946131.0
2020-11-03,133.32592,133.32592,126.75192656,131.28500784,18456665.0
2020-11-04,130.76196,133.32592,128.198,131.0439956,11061672.0
2020-11-05,133.838712,137.684652,133.81820032,137.684652,15795924.0
2020-11-06,139.16149296,141.13574216,133.32592,135.120692,15658385.0
2020-11-09,137.428256,139.9409368,133.8899912,136.62317256,13228570.0
2020-11-10,136.05397344,139.41788896,131.0439956,136.36164864,14417544.0
2020-11-11,135.43349512,137.16160416,128.62874528,128.62874528,15758398.0
2020-11-12,133.32592,133.32592,129.52100336,130.377366,9716864.0
2020-11-13,132.36187104,133.72076984,129.736376,129.84406232,11377678.0
2020-11-16,130.19276088,132.1464984,126.88012456,130.7106808,12312065.0
2020-11-17,131.9413816,133.32592,126.403228,128.54669856,13674853.0
2020-11-18,128.25953504,129.25435152,121.43940144,123.326476,19283321.0
2020-11-19,123.58799992,124.8904916,121.58811112,124.1469432,9758010.0
2020-11-20,125.37251608,130.0440512,125.36738816,129.26460736,12303462.0
2020-11-23,129.26460736,133.1720824,128.2492792,129.736376,12091293.0
2020-11-24,132.300336,132.8644072,128.20312792,130.6081224,9791966.0
2020-11-25,131.5824272,131.72600896,125.3263648,126.25964624,11709894.0
2020-11-26,126.4545072,126.4545072,122.6598464,125.80838928,8629485.0
2020-11-27,125.84941264,127.56726584,122.044496,124.095664,8433221.0
2020-11-30,125.121248,125.121248,120.00358384,124.5058976,12666236.0
2020-12-01,122.4547296,126.4801468,122.044496,126.23400664,9491971.0
2020-12-02,126.146832,126.146832,121.3265872,124.96228248,11965310.0
2020-12-03,124.96228248,126.64424024,122.23422904,126.14170408,10688561.0
2020-12-04,125.66480752,128.8646296,125.3007252,128.05441824,9233784.0
2020-12-07,128.6595128,135.80270536,128.6595128,134.07459632,17112954.0
2020-12-08,136.146276,138.39743288,135.633484,136.41805576,11636158.0
2020-12-09,137.80259416,139.7870992,134.39252736,136.402672,15363649.0
2020-12-10,134.9412148,137.17186,132.813128,135.79757744,9985664.0
2020-12-11,135.02326152,137.18211584,134.1976664,136.68983552,12893673.0
2020-12-14,136.69496344,137.80259416,134.4027832,136.402672,10724116.0
2020-12-15,137.428256,143.25870104,135.6078444,142.812572,17781261.0
2020-12-16,143.6843184,146.8123496,142.043384,146.68927952,14288803.0
2020-12-17,145.7354864,147.5815376,144.61247192,146.04828952,8812326.0
2020-12-18,146.402116,150.2224164,145.23295024,148.70455208,9512618.0
2020-12-21,152.171026,166.6574,150.4018936,166.6574,19810397.0
2020-12-22,164.08831208,169.39058136,159.8372664,160.83208288,16874400.0
2020-12-23,160.84746664,168.8624056,157.51944656,163.067856,17390320.0
2020-12-24,162.555064,163.40629872,158.196332,159.478312,9478596.0
2020-12-25,158.452728,161.6320384,156.91947992,160.39620968,9539934.0
2020-12-28,161.6320384,164.09344,159.478312,162.44224976,11973062.0
2020-12-29,162.44737768,163.4780896,155.57083696,157.939936,12174791.0
2020-12-30,164.09344,178.42084848,164.09344,174.34928,22881682.0
2020-12-31,176.90298416,181.4770888,175.22615432,180.04639912,15200521.0
2021-01-04,183.6308152,210.81391912,183.6308152,207.2192472,22480807.0
2021-01-05,202.55284,207.0654096,197.94283992,206.142384,22745201.0
2021-01-06,209.219136,213.321472,200.50679992,208.58840184,18668114.0
2021-01-07,205.62446408,212.80868,203.51688896,211.90103816,17389487.0
2021-01-08,214.859848,217.93147208,203.7835408,207.424364,21006685.0
2021-01-11,210.18318496,210.18318496,197.937712,199.98888,23005038.0
2021-01-12,197.681316,207.3730848,194.86096,205.71676664,16559671.0
2021-01-13,205.1168,210.501116,191.26116016,197.42492,27261967.0
2021-01-14,192.3995584,196.912128,188.71771184,189.22537592,19606569.0
2021-01-15,188.70232808,196.90187216,187.16908,195.1429956,19822928.0
2021-01-18,193.18925808,200.9119056,192.69184984,196.8608488,14201178.0
2021-01-19,196.912128,197.937712,186.9383236,187.73827912,16286661.0
2021-01-20,191.6816496,201.72211696,190.19968072,200.7067888,21341613.0
2021-01-21,198.450504,204.604008,194.86096,200.6555096,17479166.0
2021-01-22,200.758068,210.38830176,200.758068,209.219136,19044156.0
2021-01-25,208.3473896,214.52140528,201.18881328,203.5527844,21741425.0
2021-01-26,203.48099352,203.48099352,196.78905792,197.681316,15104374.0
2021-01-27,201.014464,201.6298144,190.758624,200.25553184,14838511.0
2021-01-28,194.86096,196.40446392,188.707456,189.6817608,18182027.0
2021-01-29,192.81491992,193.322584,175.66202752,181.58477512,27601326.0
2021-02-01,181.015576,183.0154648,177.5285904,179.64642136,17525081.0
2021-02-02,180.50791192,189.72791208,173.00063704,188.6048976,25086475.0
2021-02-03,194.348168,198.73766752,192.3226396,195.36349616,21107294.0
2021-02-04,197.37876872,201.9374896,194.604564,199.219692,21630174.0
2021-02-05,202.55284,203.57329608,191.1944972,191.5021724,18411695.0
2021-02-08,192.297,207.5782016,191.27654392,207.167968,24402658.0
2021-02-09,210.8600704,212.80868,205.5270336,210.3472784,16203746.0
2021-02-10,212.29076008,213.6291472,208.193552,211.60874672,16282957.0
2021-02-18,216.398224,216.398224,198.38896896,203.578424,23824929.0
2021-02-19,199.98888,203.065632,191.8867664,198.7069,18690354.0
2021-02-22,198.7069,202.9630736,192.2457208,192.297,16720351.0
2021-02-23,189.73304,193.08669968,185.05637696,193.08669968,13604746.0
2021-02-24,192.297,193.835376,174.0416048,177.938824,30272084.0
2021-02-25,181.4514492,181.4514492,171.78532,172.8621832,24575702.0
2021-02-26,165.631816,170.759736,162.96016968,165.23696616,22950635.0
2021-03-01,169.99567592,177.23117104,168.33935776,176.7081232,20539402.0
2021-03-02,181.015576,181.1181344,174.89283952,179.2720832,15281131.0
2021-03-03,177.4516716,179.28746696,174.53388512,179.28746696,10464433.0
2021-03-04,176.91324,176.91324,165.58566472,166.94969144,18103403.0
2021-03-05,160.50902392,167.62144896,158.10915736,164.09344,17307341.0
2021-03-08,165.631816,171.64173824,154.28885696,156.40156,21295514.0
2021-03-09,153.8376,159.221916,148.196888,153.8376,27357719.0
2021-03-10,162.042272,165.26260576,160.503896,161.273084,23763768.0
2021-03-11,162.042272,171.00587616,159.6321496,169.87773376,20964281.0
2021-03-12,172.76475272,176.91324,169.8879896,175.09795632,18952041.0
2021-03-15,174.34928,174.34928,157.427144,160.1449416,23040352.0
2021-03-16,162.555064,166.65227208,160.760292,165.631816,13712397.0
2021-03-17,163.00632096,172.4006704,160.5551752,170.759736,14672578.0
2021-03-18,171.272528,175.94406312,171.02125992,172.1955536,11366956.0
2021-03-19,166.6574,170.75460808,159.478312,162.298668,18971590.0
2021-03-22,163.580648,164.606232,153.26840088,157.8373776,23171883.0
2021-03-23,156.40156,159.29370688,153.89913504,155.84261672,15116923.0
2021-03-24,156.40156,156.4528392,146.14572,148.08920168,25208186.0
2021-03-25,143.84328392,150.4275332,143.6073996,149.5045076,18439889.0
2021-03-26,151.27364,161.0423276,150.248056,160.82182704,23710285.0
2021-03-29,160.760292,163.97549784,156.40668792,159.7859872,15563243.0
2021-03-30,159.79111512,164.59597616,157.939936,163.57039216,12640386.0
2021-03-31,163.52424088,167.25223872,160.503896,165.20619864,16054553.0
2021-04-01,166.0420496,172.03658808,165.7856536,169.21623208,11333813.0
2021-04-02,170.7340964,172.39041456,167.62144896,170.4520608,9262891.0
2021-04-06,171.78532,173.323696,163.62679928,167.0676336,10463817.0
2021-04-07,170.71358472,170.71358472,160.0680228,164.09344,13393147.0
2021-04-08,161.016688,164.94467472,159.478312,164.0165212,7870973.0
2021-04-09,166.14973592,166.14973592,158.96552,159.991104,9323686.0
2021-04-12,163.20118192,166.67791168,160.5551752,161.53460792,14059546.0
2021-04-13,160.6577336,170.759736,160.5551752,166.53432992,14021091.0
2021-04-14,169.86747792,178.19009208,168.54447456,177.426032,18504345.0
2021-04-15,174.32876832,175.118468,170.84691064,172.810904,12474137.0
2021-04-16,174.34928,174.5543968,166.4522832,171.19048128,11536269.0
2021-04-19,171.78532,186.912684,169.9136292,186.656288,20547682.0
2021-04-20,183.56928016,189.11256168,181.271972,184.092328,14283434.0
2021-04-21,180.07203872,183.5282568,178.3490576,182.39498648,12399643.0
2021-04-22,187.681872,187.9895472,181.33863496,185.81530912,10791346.0
2021-04-23,185.81530912,191.271416,184.61024792,190.502228,11536538.0
2021-04-26,191.5790912,194.86096,178.0413824,178.964408,25623665.0
2021-04-27,179.4772,179.8874336,174.48260592,178.7592912,15180979.0
2021-04-28,181.02070392,192.297,180.502784,188.21004776,23632614.0
2021-04-29,190.14840152,195.8352648,188.64079304,194.85583208,18086320.0
2021-04-30,191.271416,201.014464,188.66643264,199.05047064,25865106.0
2021-05-06,199.98888,199.98888,188.963852,196.912128,18968026.0
2021-05-07,196.912128,198.7325396,187.74853496,188.33824576,15138529.0
2021-05-10,187.0665216,191.77908008,184.60512,188.81514232,12455280.0
2021-05-11,185.630704,189.6817608,181.015576,187.9895472,11412084.0
2021-05-12,188.194664,189.25614344,182.34370728,185.374308,13360160.0
2021-05-13,181.6822056,183.97951376,179.3233624,180.0412712,11347605.0
2021-05-14,181.28222784,184.861516,175.97483064,184.092328,17657660.0
2021-05-17,184.60512,192.74825696,184.59999208,191.36371856,19330918.0
2021-05-18,190.758624,194.4507264,187.91775632,189.2715272,8962010.0
2021-05-19,187.938268,194.86096,186.143496,192.3226396,11746435.0
2021-05-20,193.7328176,196.85572088,189.7843192,193.70205008,12843969.0
2021-05-21,196.28139384,198.59408576,189.20486424,192.58929144,14056597.0
2021-05-24,194.86096,199.2453316,192.90209456,198.94278432,16961148.0
2021-05-25,199.70171648,203.065632,197.7838744,202.82461976,14957705.0
2021-05-26,202.55284,205.10654416,197.25057072,197.64029264,12698850.0
2021-05-27,198.71202792,199.98888,195.8096252,196.912128,7959838.0
2021-05-28,199.98888,216.141828,199.98888,210.0396032,27715051.0
2021-05-31,213.321472,223.35681144,212.295888,222.6030072,20006312.0
2021-06-01,215.37264,221.013352,213.58812384,218.11094928,15875357.0
2021-06-02,220.0390472,222.39276248,214.99830184,217.680204,11571216.0
2021-06-03,218.449392,219.61855776,210.24472,212.69586576,12375991.0
2021-06-04,214.859848,225.372084,212.89072672,221.63383032,18010150.0
2021-06-07,217.3468892,217.41868008,205.1168,208.96274,21529447.0
2021-06-08,207.167968,217.8596812,207.167968,210.03447528,16631690.0
2021-06-09,209.731928,213.321472,206.655176,209.92166104,9358239.0
2021-06-10,210.29087128,228.01809072,210.29087128,222.87478696,19350231.0
2021-06-11,227.166856,234.77668928,220.53132752,231.77172816,19796063.0
2021-06-15,232.294776,233.7818728,223.320916,228.19244,10252153.0
2021-06-16,226.09512072,227.5770896,213.83939192,215.46494256,13969365.0
2021-06-17,217.552006,224.46957008,217.552006,222.81325192,10272398.0
2021-06-18,224.18753448,233.4229184,224.18753448,230.7564,15600042.0
2021-06-21,231.6794256,233.7818728,225.74129424,232.1922176,12082314.0
2021-06-22,230.84870256,232.80244008,225.74129424,230.87434216,8847005.0
2021-06-23,232.84859136,242.04295192,231.525588,240.2174124,12445699.0
2021-06-24,242.61727896,243.51466496,236.91503192,239.6277016,9213246.0
2021-06-25,242.550616,244.601784,235.371528,244.20693416,9955534.0
2021-06-28,244.20180624,257.92412016,240.14562152,253.2679688,14643927.0
2021-06-29,263.3956108,266.4467232,258.55998224,260.75985992,15340180.0
2021-06-30,261.01625592,277.933264,255.370416,274.2411616,14455682.0
2021-07-01,275.2667456,276.90768,265.63138392,271.523364,11324700.0
2021-07-02,268.76967096,274.42576672,261.34957072,266.44159528,13871718.0
2021-07-05,264.209935,271.22817172,260.65464403,266.40056883,14351499.0
2021-07-06,266.77508,277.53329813,257.49438539,264.32793167,18055540.0
2021-07-07,266.77508,278.3182325,260.17239677,278.3182325,18145691.0
2021-07-08,282.67384871,293.1960735,278.39005656,286.86529564,15879012.0
2021-07-09,286.77808071,286.77808071,274.23965195,280.05227052,15660730.0
2021-07-12,285.30055719,296.017733,285.30055719,290.26667791,15476312.0
2021-07-13,287.29624,297.3516084,283.192008,288.84045729,13637065.0
2021-07-14,284.731095,288.26073452,277.548689,282.86879973,12587871.0
2021-07-15,279.600805,291.85193752,277.57434045,291.400472,13733347.0
2021-07-16,290.887443,290.887443,270.94600577,272.418399,17849493.0
2021-07-19,277.03566,277.89754872,264.722964,268.5706815,18012945.0
2021-07-20,264.209935,276.66114883,264.209935,270.89983316,13000547.0
2021-07-21,271.91563058,285.28516632,269.85838429,285.13125762,18204911.0
2021-07-22,285.5519414,289.18931701,279.95479501,285.79819532,10883599.0
2021-07-23,284.731095,289.34322571,280.113834,280.63199329,9332873.0
2021-07-26,279.087776,283.66912497,268.0576525,276.92279362,12728980.0
2021-07-27,278.58500758,286.88068651,253.949355,253.949355,17846033.0
2021-07-28,254.462384,273.5983657,254.462384,269.36587645,21724743.0
2021-07-29,280.113834,286.13679446,271.392341,285.6545472,18620249.0
2021-07-30,289.861385,298.6854838,277.03566,282.3711616,20181013.0
2021-08-02,285.757153,294.98654471,273.38289352,283.192008,18297279.0
2021-08-03,284.731095,285.244124,268.314167,272.418399,12238308.0
2021-08-04,273.957486,292.93442871,269.340225,291.913501,17400431.0
2021-08-05,290.374414,290.374414,280.38573937,285.757153,12979233.0
2021-08-06,289.75364891,290.887443,276.522631,279.02621252,14371245.0
2021-08-09,272.931428,273.1879425,258.04845671,264.722964,18583111.0
2021-08-10,262.16294929,266.35952651,256.001471,261.9013045,18016853.0
2021-08-11,261.64479,268.314167,259.01808152,265.36425025,11236434.0
2021-08-12,262.67597829,263.17874671,253.436326,257.540558,17116184.0
2021-08-13,246.25392,271.8540671,246.25392,257.56620945,27725763.0
2021-08-16,253.436326,258.51018281,241.06206652,244.714833,22043980.0
2021-08-17,248.819065,253.8467492,244.83795996,246.25392,15610638.0
2021-08-18,249.60912966,258.0022841,244.92517489,253.949355,15957481.0
2021-08-19,257.540558,261.50627217,248.306036,258.053587,14453518.0
2021-08-20,256.001471,256.1040768,247.5364925,253.49275919,12527606.0
2021-08-23,259.079645,268.42703338,257.54568829,267.7498351,16224431.0
2021-08-24,264.9281756,277.0869629,264.27149848,268.314167,13313712.0
2021-08-25,268.827196,273.0340338,262.2604248,272.02849696,9530347.0
2021-08-26,277.02539942,286.75242926,267.23167581,267.288109,16798255.0
2021-08-27,266.77508,268.827196,257.540558,260.3622175,11958157.0
2021-08-30,260.33656605,269.7506482,255.92964694,259.20277196,15714333.0
2021-08-31,262.64006626,262.64006626,249.25513965,253.88266123,14762087.0
2021-09-01,252.410268,253.436326,241.8931735,250.72240259,14462675.0
2021-09-02,252.410268,254.51881719,249.21922762,253.1798115,11464887.0
2021-09-03,255.488442,258.50505252,246.70538552,249.5886085,11282023.0
2021-09-06,252.923297,265.749022,247.793007,264.7742669,14791957.0
2021-09-07,264.209935,270.19185314,261.64479,263.70203629,9422232.0
2021-09-08,266.262051,268.61172382,256.5145,258.053587,9739395.0
2021-09-09,261.3882755,266.25179042,251.7946332,260.2083088,11016209.0
2021-09-10,253.14902976,258.45374962,251.73306972,257.5918609,11296936.0
2021-09-13,257.5918609,262.7221509,254.462384,257.9509812,8968966.0
2021-09-14,260.16726648,277.548689,258.01254468,271.8540671,23383657.0
2021-09-15,271.90537,272.92629771,262.57337249,269.51978515,10501454.0
2021-09-16,268.314167,268.314167,255.488442,255.488442,11260408.0
2021-09-17,254.975413,261.131761,252.47696177,258.053587,8193837.0
2021-09-22,253.7441434,257.027529,250.4094549,253.08233599,6423920.0
2021-09-23,259.00782094,259.00782094,252.3076622,252.91816671,7971421.0
2021-09-24,253.88266123,262.93249279,251.6407245,256.50423942,10262492.0
2021-09-27,259.079645,266.6724742,256.40676391,263.4403915,14496264.0
2021-09-28,262.670848,265.72337055,255.5910478,256.73510247,9222505.0
2021-09-29,254.462384,262.5682422,253.436326,257.80220279,9395464.0
2021-09-30,259.079645,273.1879425,257.54568829,269.71473617,16714235.0
2021-10-08,273.957486,282.20186203,268.2628641,273.957486,12516925.0
2021-10-11,274.470515,275.8043904,265.77980374,267.288109,7830888.0
2021-10-12,267.58566582,268.11921598,255.93990752,259.079645,9590683.0
2021-10-13,259.079645,268.0576525,258.566616,267.93452554,7652244.0
2021-10-14,269.340225,274.40895152,269.340225,273.0853367,7841554.0
2021-10-15,272.931428,296.97709723,270.9306149,291.913501,22951299.0
2021-10-18,298.069849,305.37538196,292.42653,305.26251558,18670216.0
2021-10-19,309.869516,315.50257442,300.121965,302.9949274,15088955.0
2021-10-20,305.252255,314.68172802,301.148023,302.4305955,12466583.0
2021-10-21,302.68711,307.304371,297.55682,305.765284,10142297.0
2021-10-22,310.88531342,310.88531342,302.85640957,308.5356406,11021603.0
2021-10-25,313.973748,320.72520964,309.52578657,313.34272233,14052090.0
2021-10-26,326.16331704,327.55875592,305.72937197,306.78621171,14827692.0
2021-10-27,306.78621171,315.53335616,304.31341193,315.53335616,13548574.0
2021-10-28,320.643125,325.773415,309.32057497,311.5112088,17282868.0
2021-10-29,315.66161341,331.15508921,307.27358926,327.93839738,20268702.0
2021-11-01,328.851589,348.346691,323.78799277,333.46885,22179659.0
2021-11-02,336.033995,341.55418704,332.442792,337.573082,13140789.0
2021-11-03,333.981879,336.55728458,322.182212,328.33856,12760630.0
2021-11-04,332.442792,336.033995,326.31209545,331.85280865,9201009.0
2021-11-05,327.825531,333.35598362,325.25525571,325.30655861,8555085.0
2021-11-08,326.799473,341.15402442,323.721299,339.0095632,12269565.0
2021-11-09,342.56998446,342.703372,335.07463077,340.28187512,6674583.0
2021-11-10,334.04857277,336.78814763,325.773415,332.442792,12739826.0
2021-11-11,333.981879,341.23097877,333.5201529,336.47006965,7701413.0
2021-11-12,337.060053,339.55337394,325.21934368,328.851589,11420150.0
2021-11-15,328.84645871,328.84645871,311.90111084,318.07798,14007599.0
2021-11-16,318.07798,320.70468848,311.408603,315.49744413,8433513.0
2021-11-17,319.617067,323.42887247,316.82618924,321.09459052,7561643.0
2021-11-18,321.09459052,326.62504314,314.78946411,321.156154,7527274.0
2021-11-19,323.721299,327.825531,318.10363145,327.825531,8456790.0
2021-11-22,330.89857471,349.372749,329.42105119,349.372749,15308991.0
2021-11-23,349.01875899,349.01875899,341.677314,344.755488,9931174.0
2021-11-24,343.81664493,346.7049982,333.64327986,337.9835052,8550354.0
2021-11-25,335.007937,337.8295965,331.05248341,335.520966,5822028.0
2021-11-26,333.981879,343.1137952,333.981879,337.573082,5850222.0
2021-11-29,335.520966,351.1683505,335.007937,348.7571142,11465261.0
2021-11-30,351.30173804,351.76346414,345.43781657,348.85972,7188131.0
2021-12-01,348.85972,351.41973471,340.70768919,344.755488,6984571.0
2021-12-02,344.74522742,353.5795868,343.216401,352.963952,9178956.0
2021-12-03,353.45645984,355.016068,344.242459,352.450923,8078164.0
2021-12-06,346.8589069,348.9623258,336.547024,337.20370112,11261215.0
2021-12-07,339.625198,340.138227,314.0763538,322.695241,22139147.0
2021-12-08,325.66567891,330.79083862,321.28441125,327.825531,11886602.0
2021-12-09,327.825531,328.33856,319.5657641,325.1577802,13427209.0
2021-12-10,319.21690438,335.19262744,318.68335422,328.31290855,21384418.0
2021-12-13,328.2872571,338.93773914,323.24931232,337.75777244,16082778.0
2021-12-14,337.23448286,337.23448286,330.38041542,333.98700929,8781080.0
2021-12-15,333.17642347,339.112169,331.90411155,332.955821,7048016.0
2021-12-16,337.2139617,337.2139617,331.97080532,336.06477674,6150222.0
2021-12-17,333.98700929,335.51583571,328.1846513,334.07935451,13649081.0
2021-12-20,332.955821,332.955821,311.75746272,313.05542609,15511352.0
2021-12-21,310.895574,315.35379601,304.78026832,309.90542803,12565780.0
2021-12-22,312.3320552,316.538893,309.356487,313.07081696,8361840.0
2021-12-23,317.55469042,323.6186932,314.01479032,319.13995003,7971819.0
2021-12-24,320.130096,320.77138225,288.835327,295.9151272,24608084.0
2021-12-27,294.5812518,301.65592171,294.2221315,296.8385794,10183543.0
2021-12-28,296.530762,301.29167112,292.38035739,300.121965,9659574.0
2021-12-29,300.121965,300.62986371,292.31366362,295.27384095,9963963.0
2021-12-30,296.017733,305.91406241,295.28410153,302.68711,12420946.0
2021-12-31,306.9452507,310.89044371,298.582878,301.661052,9371117.0
2022-01-04,310.895574,311.408603,287.809269,291.85193752,17456845.0
2022-01-05,290.5796256,290.82587952,277.03566,280.8833775,16657881.0
2022-01-06,276.27124679,280.626863,272.82369191,277.78981263,13882602.0
2022-01-07,282.16595,285.244124,270.879312,276.9843571,13169468.0
2022-01-10,274.46025442,281.652921,268.95032296,276.2148136,14862906.0
2022-01-11,277.60512219,282.1146471,275.19388589,275.3426643,8472277.0
2022-01-12,282.678979,292.40600884,282.6276761,289.88190616,19164163.0
2022-01-13,292.939559,298.582878,284.59770746,289.861385,13899742.0
2022-01-14,285.78793474,297.9672432,285.244124,296.2229446,11612818.0
2022-01-17,302.10225694,312.1781465,296.9411852,311.33164865,14352844.0
2022-01-18,311.33164865,311.80363533,300.634994,301.0454172,10701672.0
2022-01-19,302.4305955,305.252255,286.5266965,292.42139971,14487439.0
2022-01-20,290.374414,296.530762,289.01488715,291.98019477,8065361.0
2022-01-21,288.835327,297.3516084,283.192008,292.16488521,9917398.0
2022-01-24,289.348356,303.84655554,286.78834129,298.06471871,11562129.0
2022-01-25,294.07335309,299.26520657,289.861385,290.1692024,7199229.0
2022-01-26,293.3499822,302.9949274,290.6309285,301.4045375,11603676.0
2022-01-27,300.121965,305.24712471,292.42653,294.98654471,12948188.0
2022-01-28,305.0470434,309.869516,292.65226276,304.0209854,24331734.0
2022-02-07,310.895574,312.93742942,294.57099122,297.26952376,14528859.0
2022-02-08,297.26952376,297.26952376,267.70879278,277.47686494,20650297.0
2022-02-09,276.522631,282.6276761,270.366283,280.7294688,11494712.0
2022-02-10,283.0894022,283.192008,256.45806681,265.8003249,29233587.0
2022-02-11,259.592674,263.48143382,250.871181,251.37907971,23979847.0
2022-02-14,249.332094,263.12744381,248.84984674,260.618732,19628564.0
2022-02-15,266.262051,272.07466957,262.157819,270.366283,15150828.0
2022-02-16,270.879312,278.28232047,268.82206571,272.3157932,12706794.0
2022-02-17,271.89510942,278.8312615,269.63778182,274.470515,10747219.0
2022-02-18,271.90537,274.470515,268.30390642,270.6227975,11384779.0
2022-02-21,270.1097685,270.1097685,259.32076863,261.64479,15630631.0
2022-02-22,259.92614285,260.618732,252.60008873,258.566616,13632851.0
2022-02-23,259.592674,266.28770245,257.78681192,266.262051,15433230.0
2022-02-24,260.618732,267.58566582,257.027529,260.4648233,16160023.0
2022-02-25,267.288109,274.470515,267.23167581,271.2897352,16967238.0
2022-02-28,268.827196,275.2400585,268.827196,273.62914744,9965701.0
2022-03-01,276.6252368,281.18093432,271.90537,275.07588922,9749032.0
2022-03-02,272.418399,272.82369191,261.07019752,263.61482136,13412932.0
2022-03-03,265.3385988,266.1594452,260.09031213,263.17874671,8698927.0
2022-03-04,259.079645,261.131761,250.358152,252.30253191,16283350.0
2022-03-07,243.688775,248.819065,232.92029629,233.37176181,24599264.0
2022-03-08,238.03519542,239.30750734,227.27697729,233.65905805,22754060.0
2022-03-09,233.941224,243.175746,229.836992,242.90384063,23457419.0
2022-03-10,251.38421,259.36181095,248.97810399,251.79976349,23961693.0
2022-03-11,246.67973407,253.949355,243.2270489,253.20546295,17102172.0
2022-03-14,247.793007,249.96311967,237.532427,237.532427,16291014.0
2022-03-15,236.506369,246.91572741,231.1708674,237.6350328,21268688.0
2022-03-16,244.3044098,258.29471063,240.34895621,258.1048899,28223653.0
2022-03-17,265.4925075,274.470515,264.2612379,269.0837105,27630079.0
2022-03-18,266.262051,269.06831963,258.566616,261.9013045,16391807.0
2022-03-21,266.77508,274.0600918,265.5438104,266.77508,13634076.0
2022-03-22,266.77508,266.77508,260.105703,263.183877,10228257.0
2022-03-23,266.77508,268.30390642,261.5934871,264.35871341,8410966.0
2022-03-24,261.61913855,265.58485272,255.68339302,263.696906,8480580.0
2022-03-25,262.62980568,265.84136722,257.540558,257.57647003,9283639.0
2022-03-28,261.07019752,261.07019752,245.26890432,249.845123,14946512.0
2022-03-29,249.845123,256.5145,247.279978,249.7938201,11235947.0
2022-03-30,252.410268,266.262051,252.410268,266.262051,16216979.0
2022-03-31,264.28688935,265.749022,258.13054135,262.8247567,9623922.0
2022-04-01,260.618732,269.0837105,259.14633877,266.2107481,9518241.0
2022-04-06,264.98973908,265.749022,258.053587,260.70594693,8542810.0
2022-04-07,256.79666595,259.079645,249.87077445,254.06222138,11958082.0
2022-04-08,252.7693883,259.01295123,250.871181,253.949355,9357130.0
2022-04-11,243.82729283,245.227862,231.9404109,235.480311,20738205.0
2022-04-12,236.38837233,242.54985062,236.2498545,242.149688,12498201.0
2022-04-13,239.01508081,247.1773722,237.019398,239.071514,9523122.0
2022-04-14,243.688775,244.201804,232.915166,235.8907342,13752370.0
2022-04-15,231.44790306,234.44912271,222.02356033,231.30425494,19989104.0
2022-04-18,226.758818,231.87884742,223.3215237,231.376079,11957617.0
2022-04-19,231.09904334,235.77786782,224.93756505,225.86614754,14382133.0
2022-04-20,225.22486129,227.271847,208.17690762,208.802803,31199615.0
2022-04-21,211.30638452,214.1896075,204.6472681,209.88529419,21116568.0
2022-04-22,209.315832,217.10361222,207.776745,213.08146486,20136651.0
2022-04-25,204.0829362,208.3410769,200.08131,200.1326129,21316508.0
2022-04-26,198.08562719,201.107368,193.411933,193.411933,18510510.0
2022-04-27,188.281643,209.70573404,188.14825546,208.82845445,31612406.0
2022-04-28,205.20133942,206.4941725,195.977078,198.7987375,25917727.0
2022-04-29,202.133426,210.33162942,192.39613558,210.00842115,33647657.0
2022-05-05,187.255585,197.65981312,181.099237,192.898904,60277207.0
2022-05-06,185.716498,198.40370517,185.62415278,192.89377371,24080095.0
2022-05-09,191.872846,193.39141184,186.59377759,189.0511865,16668032.0
2022-05-10,184.3313197,197.516165,183.22317706,194.52520593,24437791.0
2022-05-11,194.93562913,214.84628462,194.6945055,210.21363275,31753974.0
2022-05-12,207.4689276,209.9314668,204.12397852,207.01233179,13420805.0
2022-05-13,208.802803,214.67698505,205.47324479,212.8044292,14854635.0
2022-05-16,213.92796271,219.4738062,208.80793329,208.80793329,14387809.0
2022-05-17,210.33162942,217.82185282,209.44408925,216.78553424,13889853.0
2022-05-18,217.75002876,218.550354,212.61973876,214.959151,10712014.0
2022-05-19,212.62486905,216.4469351,209.65443114,214.959151,12632956.0
2022-05-20,219.576412,221.628528,214.1896075,219.0120801,15826754.0
2022-05-23,219.0120801,219.0120801,210.34189,213.7791843,13791772.0
2022-05-24,212.21957614,212.22470643,206.15044307,206.25817916,15012680.0
2022-05-25,207.5202305,208.32055574,202.3899405,204.68831042,13934882.0
2022-05-26,204.43692621,206.15044307,199.50671752,200.08644029,14059810.0
2022-05-27,203.159484,209.90068506,201.17406177,202.3386376,18780191.0
2022-05-30,206.38643641,208.9054088,204.5959652,206.1350522,12529544.0
2022-05-31,205.1602971,211.36281771,201.8769115,209.315832,17799522.0
2022-06-01,210.3931929,221.115499,208.289774,218.05271587,19178459.0
2022-06-02,216.89840062,227.67200962,215.99033929,224.0910672,17447774.0
2022-06-06,224.193673,240.61573129,224.193673,239.06638371,19037806.0
2022-06-07,238.65596051,239.57941271,231.2734732,235.480311,12759509.0
2022-06-08,233.941224,235.99334,218.54522371,235.99334,40541428.0
2022-06-09,228.30303529,229.836992,220.8589845,221.29505915,20255738.0
2022-06-10,219.56102113,233.8386182,219.56102113,232.915166,24766336.0
2022-06-13,227.79000629,233.00751122,224.84008954,227.28723787,18621582.0
2022-06-14,224.81956838,227.0666354,219.9355323,226.66647278,17481068.0
2022-06-15,231.889108,245.227862,228.86736719,238.89708414,37861947.0
2022-06-16,239.071514,243.23217919,233.17681079,236.1472487,24020226.0
2022-06-17,232.0430167,251.73306972,231.48894538,249.36287574,28293869.0
2022-06-20,253.34911107,264.77939719,253.34911107,259.85944908,25114285.0
2022-06-21,258.566616,263.12231352,254.51881719,260.54177765,14566608.0
2022-06-22,263.696906,267.92939525,260.0544001,260.105703,14663173.0
2022-06-23,264.209935,275.48118213,262.60928452,275.48118213,17713862.0
2022-06-24,281.139892,289.0918415,271.79763391,289.0918415,19301235.0
2022-06-27,289.34322571,289.84599413,279.59567471,281.652921,16623983.0
2022-06-28,279.600805,281.83761144,269.3915279,279.087776,18643267.0
2022-06-29,273.43932671,278.3182325,269.84812371,273.20846366,14582986.0
2022-06-30,273.19820308,276.9330542,270.19698343,273.957486,13076119.0
2022-07-01,273.43419642,274.983544,265.5951133,268.12947656,12292780.0
2022-07-04,261.64992029,269.68395443,261.64479,267.801138,12193209.0
2022-07-05,269.0837105,275.07075893,263.01970772,268.76050223,15459404.0
2022-07-06,270.42271619,273.69071092,263.99446282,267.801138,13081352.0
2022-07-07,272.85447365,284.50023195,272.418399,282.16595,24601436.0
2022-07-08,284.731095,289.84599413,274.58851167,277.548689,16577009.0
2022-07-11,274.08061296,274.7270295,264.8768727,266.0055365,13807042.0
2022-07-12,266.262051,269.4941337,256.31954898,258.40757701,15130247.0
2022-07-13,260.7726407,278.69274367,257.42256133,276.522631,24564472.0
2022-07-14,274.7270295,288.322298,272.03362725,285.24925429,19955644.0
2022-07-15,281.9094355,289.06619005,273.444457,273.444457,15862819.0
2022-07-18,278.061718,283.21765945,272.08493015,283.01757814,14371055.0
2022-07-19,282.45324624,282.45324624,268.827196,269.14014369,16308711.0
2022-07-20,271.89510942,274.54233906,268.24234294,269.853254,7835906.0
2022-07-21,268.314167,276.03525345,265.86188838,267.288109,8807088.0
2022-07-22,275.86595388,279.08264571,269.87377516,272.931428,14281747.0
2022-07-25,272.931428,273.93183455,266.262051,267.67288075,8648858.0
2022-07-26,267.68827162,270.879312,264.33819225,267.801138,7969269.0
2022-07-27,267.5446235,267.8524409,262.2604248,264.3125408,9335528.0
2022-07-28,266.0055365,270.2123743,263.19413758,264.5177524,9267516.0
2022-07-29,268.80154455,268.827196,258.11002019,260.9265494,11912482.0
2022-08-01,260.55203823,274.8809382,258.8744334,274.42947268,16299226.0
2022-08-02,267.94478612,273.15716076,266.49291405,268.76050223,12143004.0
2022-08-03,268.827196,273.89592252,255.8988652,258.566616,17025569.0
2022-08-04,260.105703,261.17793361,254.0006579,256.9762261,11365073.0
2022-08-05,256.5145,263.6456031,253.949355,259.41311385,12183074.0
2022-08-08,254.462384,259.68501922,250.871181,257.2840435,8964693.0
2022-08-09,257.027529,266.0568394,255.2319275,262.44511524,11307870.0
2022-08-10,261.6960929,263.0812712,256.5145,258.55635542,8049083.0
2022-08-11,258.63844006,263.19413758,253.436326,261.64479,9800710.0
2022-08-12,261.7473958,262.670848,255.44739968,257.540558,7383805.0
2022-08-15,259.02321181,268.314167,257.99202352,264.7742669,13757541.0
2022-08-16,266.7237771,276.009602,265.84136722,268.7245902,16097367.0
2022-08-17,270.61253692,282.15055913,268.81693542,280.626863,18350657.0
2022-08-18,280.626863,287.29624,278.29258105,279.4981992,14280044.0
2022-08-19,281.652921,282.00691101,271.91563058,272.931428,10769608.0
2022-08-22,273.957486,285.06969414,270.4688888,282.95088437,14305361.0
2022-08-23,282.15568942,289.68695514,279.83166805,285.70071981,13156177.0
2022-08-24,293.98100787,294.991675,267.801138,268.827196,30068394.0
2022-08-25,269.340225,270.12515937,259.12581761,263.696906,18017523.0
2022-08-26,263.183877,266.25179042,258.053587,259.99283662,12216984.0
2022-08-29,258.04845671,259.99283662,254.62655328,257.540558,11260993.0
2022-08-30,257.540558,257.540558,249.2294882,252.1537535,15616079.0
2022-08-31,247.12093901,251.2816042,243.44252108,247.793007,17450158.0
2022-09-01,246.25392,248.819065,239.41011314,239.86157866,15476559.0
2022-09-02,243.62721152,244.201804,236.90653162,239.20490154,11560877.0
2022-09-05,237.02452829,242.149688,235.48544129,240.28226244,9110009.0
2022-09-06,240.097572,240.28226244,227.72331252,233.5308008,27524567.0
2022-09-07,231.62746321,244.45318821,230.86305,243.13470368,21677712.0
2022-09-08,240.27713215,241.636659,230.0935065,230.6065355,21552631.0
2022-09-09,232.1969254,233.13576847,229.0674485,232.00197438,12246752.0
2022-09-13,235.480311,236.0959458,229.24700865,234.40808039,10202890.0
2022-09-14,230.86305,232.402137,219.72006012,222.8084947,25893786.0
2022-09-15,222.8084947,223.167615,210.9575248,212.57356615,25383594.0
2022-09-16,212.5479147,214.6000307,209.828861,210.34189,14963208.0
2022-09-19,210.15206927,216.2930264,209.84938216,212.22470643,13964359.0
2022-09-20,214.446122,220.60247,212.907035,215.99033929,16569030.0
2022-09-21,213.933093,217.24726034,212.07079773,215.6260887,8809861.0
2022-09-22,213.0609437,215.47218,208.289774,212.90190471,9642094.0
2022-09-23,213.39954284,217.9347192,210.36754145,214.10752286,12018488.0
2022-09-26,211.90149816,223.167615,211.90149816,219.91501114,18835151.0
2022-09-27,222.59815281,223.33691457,217.01639729,220.3459555,11561928.0
2022-09-28,219.395589,220.33585581,212.09439153,214.14961953,10697441.0
2022-09-29,217.96720554,218.6248785,213.27100956,215.285133,8894778.0
2022-09-30,215.42899896,215.9017014,205.7797035,205.98008823,11814011.0
2022-10-10,206.550414,207.8349315,201.01671261,201.85421802,11465353.0
2022-10-11,207.578028,213.8978541,207.00770223,213.8978541,18444138.0
2022-10-12,213.743712,225.19133196,212.45405643,224.96011881,18514747.0
2022-10-13,222.992238,225.19133196,220.42834107,221.964624,10443411.0
2022-10-14,225.047466,227.27738838,220.20740406,224.48741637,13565344.0
2022-10-17,222.478431,222.478431,216.18429525,220.60303545,10537258.0
2022-10-18,222.49384521,225.49961616,220.13547108,220.70065878,9101920.0
2022-10-19,220.94728614,227.102694,220.77259176,221.62551138,12333044.0
2022-10-20,215.94280596,217.68461169,207.578028,213.229905,17120183.0
2022-10-21,209.633256,214.23696672,209.2222104,212.202291,8259882.0
2022-10-24,208.92420234,212.716098,205.01413107,207.58830414,14532727.0
2022-10-25,207.064221,209.66922249,201.40206786,206.3962719,14039050.0
2022-10-26,208.091835,209.92098792,204.53629056,206.06743542,14072386.0
2022-10-27,204.495186,206.58638049,200.38473,200.5388721,15281736.0
2022-10-28,197.9698371,199.1002125,187.539555,187.7964585,24071225.0
2022-10-31,184.97052,195.35969754,183.21330006,191.58835416,16554600.0
2022-11-01,193.4483355,199.80926616,189.14263284,198.4322634,19916486.0
2022-11-02,197.815695,203.66795673,195.25179807,201.1554405,14266969.0
2022-11-03,200.38473,202.439958,195.77588121,197.36354484,14717451.0
2022-11-04,198.2267406,209.79253617,197.301888,207.7835508,20971141.0
2022-11-07,209.633256,212.99355378,208.091835,210.9177735,14778112.0
2022-11-08,210.9177735,217.2375996,207.3211245,210.5581086,12080878.0
2022-11-09,208.605642,209.41745706,202.953765,204.01220742,10941091.0
2022-11-10,201.926151,202.439958,197.301888,197.9698371,12924178.0
2022-11-11,206.036607,208.44636183,202.55299554,206.79704136,19481969.0
2022-11-14,207.6294087,209.633256,198.09828885,198.93579426,18481701.0
2022-11-15,199.43932512,204.22800636,194.219046,203.56005726,17273987.0
2022-11-16,201.93128907,202.53244326,196.93194696,197.33785449,13603663.0
2022-11-17,196.07902734,196.26913593,190.11372807,192.73928184,14217164.0
2022-11-18,194.219046,198.843309,190.622397,195.65256753,16407334.0
2022-11-21,192.73928184,198.25243095,192.3179601,196.4797968,8038709.0
2022-11-22,195.24666,196.72128609,191.650011,192.677625,9836241.0
2022-11-23,192.677625,196.73156223,191.9069145,195.00003264,8829427.0
2022-11-24,196.84973784,196.90111854,192.68276307,193.50999234,8546530.0
2022-11-25,191.68083942,192.677625,190.622397,191.2389654,6138945.0
2022-11-28,187.539555,191.29548417,184.98079614,190.26787017,11114051.0
2022-11-29,191.14134207,195.9659898,188.8240725,194.1676653,11717222.0
2022-11-30,194.732853,197.815695,191.22355119,197.815695,14041956.0
2022-12-01,204.05845005,206.62748505,202.91266044,203.08221675,20937498.0
2022-12-02,203.981379,205.15799703,201.3095826,201.35068716,8292566.0
2022-12-05,201.35068716,203.91458409,199.357116,201.57162417,12098474.0
2022-12-06,199.93257984,207.59858028,199.870923,205.53307614,13661164.0
2022-12-07,205.5228,216.66213576,205.008993,214.93060617,24410839.0
2022-12-08,214.93574424,218.367975,212.72123607,216.04042929,10433749.0
2022-12-09,216.61075506,218.7276399,216.0558435,218.1624522,9353940.0
2022-12-12,216.3641277,217.61267871,212.78803098,212.89593045,8789953.0
2022-12-13,213.229905,213.6923313,206.57610435,208.30249587,11270707.0
2022-12-14,210.66087,211.66279365,205.15285896,206.7045561,9197282.0
2022-12-15,206.60693277,217.94151519,206.036607,217.7514066,17298775.0
2022-12-16,215.03336757,217.2375996,212.65444116,214.77646407,8942249.0
2022-12-19,215.285133,220.9883907,214.80215442,216.0044628,10105860.0
2022-12-20,215.79894,216.1072242,210.147063,210.41424264,8120795.0
2022-12-21,210.66087,211.92997329,207.84006957,209.02696374,5403052.0
2022-12-22,211.16953893,211.16953893,205.5228,206.550414,7390460.0
2022-12-23,203.9299983,206.97687381,202.4913387,204.74181336,7385760.0
2022-12-26,204.74181336,209.24790075,200.9499177,207.53692344,11512345.0
2022-12-27,206.66858961,208.60050393,203.80668462,207.35709099,8139710.0
2022-12-28,204.52601442,204.6493281,195.39052596,202.439958,18529322.0
2022-12-29,200.898537,204.3924246,200.5902528,202.41940572,9897472.0
2022-12-30,204.7520895,206.550414,201.926151,202.14194994,7405249.0
2023-01-03,201.412344,201.70521399,196.13040804,200.19975948,10482036.0
2023-01-04,198.5864055,198.843309,196.29996435,197.30702607,19602262.0
2023-01-05,199.357116,210.74821719,197.82083307,209.38149057,26043260.0
2023-01-06,208.605642,218.35769886,207.60885642,214.08282462,18392495.0
2023-01-09,217.27870416,217.27870416,212.716098,214.0519962,12840302.0
2023-01-10,214.59663162,223.506045,212.3564331,221.964624,18260652.0
2023-01-11,221.1939135,224.019852,217.854168,219.83746302,12241806.0
2023-01-12,221.964624,225.44823546,220.77259176,222.7353345,11136798.0
2023-01-13,228.130308,232.50794364,220.93701,225.8181765,20757496.0
2023-01-16,225.3043695,230.9562465,223.56256377,229.48162041,16809099.0
2023-01-17,229.63576251,232.17396909,227.92992327,228.95753727,9895801.0
2023-01-18,230.44757757,231.66530016,227.67301977,230.4424395,7344325.0
2023-01-19,228.81367131,231.9838605,227.20031733,229.55355339,7309990.0
2023-01-20,229.55355339,232.3435254,228.26389782,232.240764,10765650.0
2023-01-30,246.30366159,252.05316192,240.18935829,241.82326455,21174307.0
2023-01-31,241.42763316,245.3428425,237.60490908,239.0230164,13954034.0
2023-02-01,241.99795893,246.29852352,241.73591736,244.9831776,11502167.0
2023-02-02,246.04675809,246.4732179,238.85859816,239.4854427,13455712.0
2023-02-03,238.406448,239.5368234,231.92220366,234.3987534,12020001.0
2023-02-06,232.240764,233.02175064,226.63512963,231.5214342,10752918.0
2023-02-07,231.46491543,233.1656166,228.46942062,230.2369167,7211237.0
2023-02-08,231.0076272,232.98578415,228.644115,229.77962847,7329853.0
2023-02-09,229.77962847,234.29085393,226.8457905,232.74943293,8031440.0
2023-02-10,232.754571,234.13157376,228.64925307,229.13223165,8397790.0
2023-02-13,231.71668086,237.15789699,229.67686707,236.35122,13418543.0
2023-02-14,240.975483,241.1296251,229.05002253,231.75264735,12812190.0
2023-02-15,232.8059517,234.809799,230.185536,230.4938202,7773387.0
2023-02-16,232.23562593,233.5252815,225.047466,227.7192624,10091069.0
2023-02-17,227.102694,227.102694,215.79894,215.89656333,21469551.0
2023-02-20,213.743712,216.76489716,208.77519831,216.04042929,16829872.0
2023-02-21,214.50414636,217.07831943,211.688484,213.23504307,13184596.0
2023-02-22,210.147063,212.7674787,208.94989269,210.38855229,12363920.0
2023-02-23,210.66087,213.29669991,209.3249718,212.32046661,9537265.0
2023-02-24,211.174677,211.5857226,207.58830414,208.2973578,9989388.0
2023-02-27,206.92549311,208.33846236,205.5741807,206.0879877,9220633.0
2023-02-28,207.57288993,209.7873981,206.2935105,207.5266473,9323092.0
2023-03-01,207.1156017,212.80858326,207.07963521,211.57544646,12602005.0
2023-03-02,210.4039665,211.174677,203.5703334,205.9338456,16145270.0
2023-03-03,206.7045561,208.45663797,205.5228,206.71483224,8203090.0
2023-03-06,206.63776119,210.08026809,201.41748207,209.84905494,16626662.0
2023-03-07,207.578028,210.14192493,206.46306681,206.6531754,9918350.0
2023-03-08,205.52793807,207.02825451,203.01028377,204.35645811,8129373.0
2023-03-09,203.5703334,206.18047296,199.48042968,203.98651707,8136684.0
2023-03-10,206.39113383,210.62490351,203.4161913,208.49774253,19142596.0
2023-03-13,207.07963521,208.94475462,200.38473,201.412344,18833197.0
2023-03-14,200.83688016,200.898537,194.219046,198.96148461,18484663.0
2023-03-15,201.926151,203.33398218,197.10664134,199.357116,12968291.0
2023-03-16,197.301888,200.33848737,197.0449845,197.87221377,10113155.0
2023-03-17,199.870923,200.37959193,192.9345285,193.18115586,20144747.0
2023-03-20,192.44127378,197.6101722,189.080976,195.22096965,15836974.0
2023-03-21,196.3770354,202.53244326,194.5787109,202.32692046,17292373.0
2023-03-22,204.87540318,209.97236862,203.99165514,205.1117544,17687241.0
2023-03-23,204.495186,206.50930944,202.66089501,204.69043266,10028867.0
2023-03-24,204.7007088,206.68400382,200.38473,202.22415906,11765252.0
2023-03-27,200.95505577,204.8034702,197.51768694,203.7244755,16115721.0
2023-03-28,202.439958,203.56005726,200.4874914,201.7206282,7590561.0
2023-03-29,203.06166447,207.72189396,201.94156521,205.61528526,13754611.0
2023-03-30,206.03146893,206.550414,204.16121145,205.57931877,8681922.0
2023-03-31,207.8349315,213.21962886,207.8349315,208.63133235,19607572.0
2023-04-03,208.66216077,209.0166876,203.467572,204.85998897,16763218.0
2023-04-04,205.51766193,205.51766193,196.17665067,199.357116,20089701.0
2023-04-06,197.301888,200.15351685,195.32373105,199.36739214,10581589.0
2023-04-07,198.40657305,202.439958,197.48685852,200.64677157,10058114.0
2023-04-10,202.38343923,206.60693277,199.357116,206.55555207,17237941.0
2023-04-11,205.52793807,210.59407509,204.495186,205.49710965,14366294.0
2023-04-12,205.5228,205.5228,201.412344,201.41748207,8736733.0
2023-04-13,200.38473,201.08350752,197.815695,199.49070582,10046445.0
2023-04-14,199.3057353,206.74052259,199.1002125,204.13038303,15923654.0
2023-04-17,203.63712831,210.66087,203.3648106,209.57159916,17663158.0
2023-04-18,209.57673723,214.771326,209.26845303,210.147063,14060517.0
2023-04-19,212.9730015,213.14769588,208.605642,210.85097859,11622355.0
2023-04-20,210.8150121,210.8150121,203.467572,203.467572,15843790.0
2023-04-21,207.8349315,213.18880044,205.008993,208.08669693,25275978.0
2023-04-24,208.1432157,208.605642,201.86449416,203.91972216,17377384.0
2023-04-25,204.495186,204.495186,195.24666,198.2781213,16898929.0
2023-04-26,198.287451,212.20480965,195.50397927,208.9931115,39707529.0
2023-04-27,208.527648,216.42190896,206.95438137,215.044137,33969078.0
2023-04-28,217.836918,220.93690491,211.21802703,214.90449795,27104800.0
2023-05-04,215.044137,216.4405275,209.03965785,209.94265704,19409080.0
2023-05-05,209.458575,214.11321,208.26698844,211.320429,16740879.0
2023-05-08,214.11321,217.64142333,210.44535762,214.86726087,22753135.0
2023-05-09,214.46696226,214.46696226,208.57419435,210.23124441,19653772.0
2023-05-10,210.2033166,218.06964975,205.93036167,216.45914604,28956810.0
2023-05-11,216.48707385,226.19664246,215.2303224,223.7948508,34747371.0
2023-05-12,225.27502473,227.66750712,221.54200746,221.54200746,22309979.0
2023-05-15,224.36271627,227.146188,218.8609377,221.83059483,26706471.0
2023-05-16,221.9329968,224.32547919,220.41558579,222.491553,13973953.0
2023-05-17,222.491553,224.98643736,219.75462762,223.42248,18246432.0
2023-05-18,224.6326851,224.69784999,215.08137408,216.3474348,24123880.0
2023-05-19,215.74233225,218.00448486,214.11321,214.11321,19472168.0
2023-05-22,213.182283,216.4405275,211.320429,214.3924881,14679114.0
2023-05-23,214.93242576,215.70509517,209.59821405,209.84956434,19613196.0
2023-05-24,209.2723896,212.72612877,208.26698844,209.69130675,14785735.0
2023-05-25,209.31893595,211.95345936,207.12194823,208.61143143,13753272.0
2023-05-26,208.7138334,208.9931115,202.4766225,204.80394,18211695.0
2023-05-29,206.8519794,206.87059794,200.7078612,202.06701462,16537161.0
2023-05-30,202.011159,209.44926573,201.08954127,209.44926573,26467083.0
2023-05-31,209.50512135,211.21802703,204.95288832,205.89312459,18869744.0
2023-06-01,207.26158728,212.251356,206.20963977,207.5036283,15941049.0
2023-06-02,209.3654823,214.10390073,208.527648,212.66096388,23181483.0
2023-06-05,210.2964093,210.2964093,201.44329353,204.6177546,33595114.0
2023-06-06,202.95139527,206.9450721,201.99254046,204.13367256,17242526.0
2023-06-07,201.43398426,201.5456955,190.32802515,192.9811671,50093939.0
2023-06-08,198.05471925,198.5667291,192.701889,193.64212527,23857940.0
2023-06-09,194.14482585,198.40847151,194.14482585,197.39376108,24261728.0
2023-06-12,197.30997765,199.218378,194.4706503,197.30997765,18131632.0
2023-06-13,196.43490627,199.15321311,196.12770036,198.3805437,13243699.0
2023-06-14,202.15079805,202.59764301,198.287451,198.6598218,16362927.0
2023-06-15,200.13999573,214.93242576,200.04690303,214.93242576,50495682.0
2023-06-16,215.975064,217.99517559,212.5306341,215.1372297,29639828.0
2023-06-19,216.89668173,216.89668173,210.389502,212.13964476,18707081.0
2023-06-20,212.13033549,215.33272437,210.17538879,212.251356,17960501.0
2023-06-21,213.00540687,214.5786735,209.3654823,209.37479157,17118438.0
2023-06-26,204.72015657,211.27388265,204.50604336,209.61683259,15910609.0
2023-06-27,208.50902946,210.6687801,205.90243386,208.03425669,13420648.0
2023-06-28,206.87059794,210.8549655,206.665794,208.9931115,13558644.0
2023-06-29,208.07149377,211.23664557,207.1312575,207.1312575,9930233.0
2023-06-30,208.51833873,214.10390073,205.12976445,212.98678833,21551522.0
2023-07-03,215.92851765,217.79037165,212.76336585,214.00149876,15554352.0
2023-07-04,212.7168195,214.15975635,211.95345936,213.41501475,10155673.0
2023-07-05,213.42432402,214.49489007,209.9240385,211.79520177,8636414.0
2023-07-06,211.320429,212.69820096,208.49972019,209.31893595,10283568.0
2023-07-07,209.2723896,209.31893595,206.2934232,206.89852575,9808377.0
2023-07-10,207.596721,214.11321,207.596721,212.9960976,16093831.0
2023-07-11,213.78738555,214.10390073,210.92943966,213.26606643,9158787.0
2023-07-12,212.7168195,213.5546538,210.8549655,211.31111973,8693260.0
2023-07-13,212.44685067,218.767845,212.44685067,214.11321,22257672.0
2023-07-14,214.25284905,214.97897211,210.90151185,212.51201556,13004091.0
2023-07-17,211.32973827,212.251356,208.1552772,210.06367755,10452522.0
2023-07-18,212.0651706,212.13964476,208.9931115,209.9240385,8575776.0
2023-07-19,208.527648,209.41202865,203.48202366,204.3384765,17600182.0
2023-07-20,203.873013,211.03184163,203.873013,205.78141335,14441648.0
2023-07-21,205.59522795,207.57810246,204.58051752,206.28411393,8393526.0
2023-07-24,202.15079805,205.62315576,199.34870778,203.85439446,13719339.0
2023-07-25,209.3654823,211.91622228,205.75348554,210.71532645,19286245.0
2023-07-26,209.57028624,211.320429,208.21113282,211.00391382,15456786.0
2023-07-27,215.044137,216.79427976,211.20871776,211.30181046,20859235.0
2023-07-28,211.30181046,215.044137,209.50512135,214.15975635,18803095.0
2023-07-31,217.836918,222.9570165,216.9990837,221.32789425,29902754.0
2023-08-01,221.0020698,222.5846457,218.3023815,219.2333085,15615168.0
2023-08-02,220.629699,222.94770723,219.2333085,220.1642355,14147185.0
2023-08-03,219.698772,223.39455219,219.26123631,222.62188278,16180526.0
2023-08-04,228.077115,232.69451292,224.45580897,228.55188777,31569675.0
2023-08-07,227.6116515,229.88311338,226.50384837,229.46419623,14927749.0
2023-08-08,228.98942346,232.10802891,227.96540376,230.06929878,15066676.0
2023-08-09,228.5425785,230.57199936,226.34559078,229.938969,11684661.0
2023-08-10,230.7768033,233.96988291,227.25789924,229.4735055,14040964.0
2023-08-11,231.75427665,231.75427665,224.8188705,224.8188705,17204064.0
2023-08-14,222.6777384,223.40386146,214.30870467,216.8128983,25693218.0
2023-08-15,216.79427976,218.3954742,213.5546538,215.3234151,14610073.0
2023-08-16,215.52821904,218.19067026,214.21561197,216.5336202,14009045.0
2023-08-17,218.75853573,220.1642355,213.07057176,219.00057675,20442773.0
2023-08-18,219.03781383,222.60326424,218.22790734,219.57775149,16769998.0
2023-08-21,217.82760873,219.57775149,216.1612494,216.86875392,10780439.0
2023-08-22,218.5816596,218.93541186,211.79520177,214.81140525,15188941.0
2023-08-23,214.7648589,215.8819713,211.320429,211.7858925,11874911.0
2023-08-24,213.07057176,215.54683758,210.8549655,213.13573665,14157716.0
2023-08-25,212.18619111,214.08528219,210.21262587,212.56787118,11185129.0
2023-08-28,224.8188705,227.10895092,213.6477465,214.5786735,22311515.0
2023-08-29,215.2303224,226.215261,214.96966284,222.0260895,29174995.0
2023-08-30,222.8639238,225.284334,221.0951625,221.0951625,14591637.0
2023-08-31,220.7227917,222.0260895,219.81979251,220.21078185,9671527.0
2023-09-01,220.2573282,222.96632577,218.3954742,220.0711428,9101132.0
2023-09-04,221.75612067,222.26813052,217.2783618,221.23480155,14052387.0
2023-09-05,220.629699,222.9570165,219.84772032,220.46213214,11581665.0
2023-09-06,219.74531835,220.78795659,216.7198056,218.22790734,12474783.0
2023-09-07,216.905991,217.60418625,210.86427477,210.86427477,19266090.0
2023-09-08,209.458575,211.5066144,205.2694035,207.54086538,16499443.0
2023-09-11,207.5036283,208.10873085,204.50604336,206.22825831,17060897.0
2023-09-12,206.665794,207.04747407,202.51385958,202.87692111,18231209.0
2023-09-13,202.011159,204.01265205,200.17723281,201.6387882,15135693.0
2023-09-14,198.92048136,201.3595101,198.31537881,200.08414011,18294104.0
2023-09-15,197.356524,199.218378,192.3295182,193.40939352,33679992.0
2023-09-18,191.770962,199.86071763,191.770962,198.34330662,26593485.0
2023-09-19,198.34330662,198.73429596,196.0532262,197.65442064,15024395.0
2023-09-20,198.287451,198.59465691,194.26584636,195.4015773,13087485.0
2023-09-21,195.50397927,196.37905065,192.39468309,192.45053871,16214929.0
2023-09-22,191.3054985,196.84451415,191.3054985,196.36043211,22509065.0
2023-09-25,198.30606954,198.86462574,194.29377417,194.82440256,13605355.0
2023-09-26,192.39468309,193.02771345,189.4436445,190.3745715,20253782.0
2023-09-27,192.0502401,194.08897023,188.46617115,189.59259282,21848959.0
2023-09-28,189.909108,192.2364255,188.58719166,189.00610881,15809524.0
2023-10-09,187.116327,187.37698656,179.668911,181.9962285,33742826.0
2023-10-10,184.21183476,184.323546,181.27010544,181.27010544,19865460.0
2023-10-11,184.20252549,184.8821022,180.6929307,181.31665179,20248245.0
2023-10-12,181.54007427,184.1373606,180.599838,182.40583638,24205912.0
2023-10-13,180.46019895,181.37250741,176.5037592,177.4346862,28422238.0
2023-10-16,177.19264518,177.36952131,171.20678457,171.99807252,24683649.0
2023-10-17,172.69626777,176.2244811,171.82119639,172.63110288,21558300.0
2023-10-18,172.3145877,175.24700775,170.9181972,173.4317001,17651925.0
2023-10-19,171.67224807,172.85452536,169.68937356,170.0803629,17454160.0
2023-10-20,166.635933,174.72568863,166.635933,168.497787,30026893.0
2023-10-23,167.8461381,167.8461381,163.6569666,165.01612002,20223321.0
2023-10-24,165.705006,166.8221184,163.1915031,164.23414134,24379459.0
2023-10-25,165.8911914,167.1013965,163.54525536,163.82453346,21534181.0
2023-10-26,161.981298,165.9842841,157.14978687,165.77017089,41420567.0
2023-10-27,165.56536695,173.04071076,163.86177054,171.96083544,47795283.0
2023-10-30,174.083349,176.76441876,172.0353096,175.03289454,32259492.0
2023-10-31,173.78545236,174.28815294,171.8491242,172.7800512,18152535.0
2023-11-01,172.95692733,177.1554081,171.7560315,174.58604958,19727265.0
2023-11-02,175.4797395,176.76441876,172.75212339,172.75212339,13762677.0
2023-11-03,173.152422,175.64730636,171.8491242,174.49295688,14365450.0
2023-11-06,175.54490439,183.4857117,175.43319315,183.46709316,34968430.0
2023-11-07,182.45238273,182.56409397,176.98784124,178.03047948,26080293.0
2023-11-08,177.04369686,179.61305538,176.87613,178.58903568,14652166.0
2023-11-09,177.46261401,179.27792166,177.36952131,178.22597415,10997097.0
2023-11-10,175.945203,176.84820219,175.06082235,175.97313081,11609956.0
2023-11-13,178.737984,178.9241694,174.10196754,174.87463695,12519595.0
2023-11-14,174.87463695,175.7590176,170.359641,170.99267136,23488284.0
2023-11-15,173.98094703,175.56352293,170.89957866,171.73741296,23807191.0
2023-11-16,172.66833996,172.67764923,167.6599527,168.63742605,17466200.0
2023-11-17,167.42722095,168.73051875,167.09208723,168.24643671,11084035.0
2023-11-20,168.25574598,169.2425286,166.64524227,167.8461381,12408719.0
2023-11-21,169.428714,171.290568,167.57616927,168.13472547,19766221.0
2023-11-22,167.14794285,168.7770651,164.774079,164.774079,18688569.0
2023-11-23,163.85246127,165.4257279,162.80982303,165.4257279,15720253.0
2023-11-24,164.80200681,165.8911914,162.4467615,162.912225,16621248.0
2023-11-27,162.25126683,162.4467615,158.8161462,158.9092389,18422007.0
2023-11-28,158.28551781,160.09151619,157.20564249,160.04496984,20210730.0
2023-11-29,159.188517,159.54226926,154.87832499,155.32516995,25188527.0
2023-11-30,153.80775894,157.01014782,153.12818223,155.464809,23027161.0
2023-12-01,155.73477783,156.1164579,153.07232661,154.0684185,16962209.0
2023-12-04,152.2065645,153.08163588,150.10266948,150.48434955,23930401.0
2023-12-05,149.08795905,151.15461699,147.69156855,147.84051687,24807739.0
2023-12-06,147.69156855,155.33447922,147.29126994,151.62938976,36769276.0
2023-12-07,150.810174,154.86901572,150.4378032,153.12818223,26908427.0
2023-12-08,153.602955,154.84108791,151.85281224,152.29034793,24502047.0
2023-12-11,150.81948327,154.24529463,149.09726832,153.92877945,21489569.0
2023-12-12,152.672028,153.80775894,151.72248246,152.32758501,14733877.0
2023-12-13,151.32218385,152.29034793,147.74742417,148.34321745,25259399.0
2023-12-14,149.76753576,150.33540123,145.63421988,145.81109601,22751400.0
2023-12-15,146.3417244,147.71949636,143.9213142,144.293685,20204635.0
2023-12-18,142.53423297,143.07417063,136.17600156,136.81834119,42912920.0
2023-12-19,136.20392937,139.62043146,136.16669229,138.708123,25185181.0
2023-12-20,138.8943084,140.7561624,138.07509264,138.19611315,21249368.0
2023-12-21,137.37689739,144.60089091,137.37689739,143.72581953,42131501.0
2023-12-22,142.8972945,147.46814607,141.6870894,145.49458083,28032127.0
2023-12-25,144.7591485,146.97475476,144.1074996,146.65823958,13005608.0
2023-12-26,146.12761119,146.6210025,144.05164398,145.34563251,12767252.0
2023-12-27,146.64893031,147.086466,143.24173749,143.66996391,17356460.0
2023-12-28,143.56756194,151.89004932,142.96245939,151.73179173,37850179.0
2023-12-29,152.65340946,153.602955,150.810174,151.98314202,22683782.0
2024-01-02,151.01497794,151.30356531,145.80178674,145.99728141,21403268.0
2024-01-03,145.3177047,146.41619856,143.7351288,145.0384266,19757581.0
2024-01-04,144.7591485,144.96395244,139.42493679,140.7561624,27241762.0
2024-01-05,140.56066773,144.04233471,139.16427723,140.4768843,21035318.0
2024-01-08,139.8252354,142.79489253,138.78259716,139.63905,19385405.0
2024-01-09,139.60181292,140.91441999,135.68261025,138.4288449,23391625.0
2024-01-10,136.79041338,142.53423297,136.42735185,140.25346182,23211960.0
2024-01-11,140.25346182,146.87235279,138.25196877,144.12611814,32801802.0
2024-01-12,143.362758,146.46274491,141.6870894,143.94924201,25462228.0
2024-01-15,142.8972945,143.0834799,139.03394745,141.2216259,17272193.0
2024-01-16,141.18438882,146.38827075,140.16036912,146.10899265,28469270.0
2024-01-17,146.02520922,146.02520922,141.26817225,141.72432648,21761525.0
2024-01-18,139.7321427,144.4798704,139.64835927,143.93062347,30778779.0
2024-01-19,143.1765726,146.98406403,142.8042018,144.2005923,26594908.0
2024-01-22,142.8972945,148.90177365,140.24415255,144.90809682,40488810.0
2024-01-23,144.293685,147.8312076,142.60870713,143.27897457,32305895.0
2024-01-24,143.8282215,144.28437573,139.18289577,142.87867596,24870983.0
2024-01-25,141.500904,144.3867777,139.36908117,144.293685,29479609.0
2024-01-26,141.9663675,143.80960296,139.63905,139.63905,27181270.0
2024-01-29,139.11773088,140.36517306,136.86488754,136.86488754,21767500.0
2024-01-30,135.4498785,137.25587688,130.7021508,131.02797525,32727425.0
2024-01-31,134.984415,142.39459392,134.053488,141.11922393,59522108.0
2024-02-01,141.10991466,141.98498604,138.31713366,138.72674154,27968844.0
2024-02-02,137.777196,138.708123,133.46700399,135.915342,30706037.0
2024-02-05,132.75949947,143.8282215,132.4709121,141.44504838,47132613.0
2024-02-06,140.74685313,148.25943402,140.40241014,147.39367191,43745926.0
2024-02-07,147.086466,148.75282533,145.224612,148.5759492,36607040.0
2024-02-08,148.4828565,153.602955,147.90568176,151.59215268,30901156.0
2024-02-19,153.56571792,153.56571792,148.10117643,149.03210343,27092476.0
2024-02-20,150.69846276,150.69846276,145.28977689,147.39367191,22194791.0
2024-02-21,146.50929126,152.0203791,145.54112718,150.0654324,25782663.0
2024-02-22,150.18645291,150.18645291,147.90568176,149.27414445,20955947.0
2024-02-23,150.78224619,150.810174,148.07324862,149.4137835,21017639.0
2024-02-26,148.23150621,148.93901073,144.0144069,145.224612,36066425.0
2024-02-27,144.36815916,146.94682695,143.86545858,146.92820841,29040075.0
2024-02-28,147.25403286,152.0203791,146.16484827,146.16484827,40091711.0
2024-02-29,145.3177047,152.45791479,144.90809682,152.21587377,39167504.0
2024-03-01,152.23449231,154.12427412,151.1825448,153.18403785,28101336.0
2024-03-04,153.602955,156.26540622,151.52698779,152.5789353,26808577.0
2024-03-05,150.9032667,153.7891404,148.94832,153.27713055,27549599.0
2024-03-06,151.35011166,155.3717163,150.5308959,152.33689428,18718009.0
2024-03-07,151.741101,152.83028559,148.46423796,149.08795905,22145021.0
2024-03-08,148.13841351,149.6930616,145.82971455,147.086466,20217023.0
2024-03-11,153.602955,169.10288955,152.7651207,168.35814795,76335047.0
2024-03-12,170.67615618,173.55272061,167.56686,173.00347368,62164900.0
2024-03-13,174.083349,174.72568863,170.6389191,172.38906186,34795798.0
2024-03-14,172.11909303,174.97703892,170.32240392,171.11369187,30535646.0
2024-03-15,170.94612501,171.1974753,164.63443995,168.497787,35483644.0
2024-03-18,176.91336708,180.37641552,175.89865665,177.76981992,48305173.0
2024-03-19,177.33228423,179.0172621,173.7109782,174.31608075,26957576.0
2024-03-20,172.69626777,178.03047948,172.69626777,176.39204796,21031584.0
2024-03-21,176.41997577,178.62627276,176.01967716,176.01967716,18756720.0
2024-03-22,176.02898643,176.79234657,172.21218573,173.62719477,19103367.0
2024-03-25,172.75212339,175.2004614,171.73741296,172.0353096,16413365.0
2024-03-26,172.8731439,179.78993151,172.86383463,178.5517986,30247308.0
2024-03-27,178.49594298,178.50525225,175.014276,175.014276,20645704.0
2024-03-28,175.07944089,178.4587059,173.7109782,175.74039906,20036725.0
2024-03-29,177.1554081,181.530765,176.29895526,177.02507832,16464806.0
2024-04-01,180.599838,186.02714241,180.0412818,184.17459768,27513187.0
2024-04-02,184.4166387,187.64695539,182.9271555,185.9061219,24038110.0
2024-04-03,185.19861738,185.20792665,181.1583942,183.99772155,23489041.0
2024-04-08,183.99772155,186.0923073,181.1583942,181.1583942,18957556.0
2024-04-09,180.599838,182.9271555,180.32986917,182.461692,14570001.0
2024-04-10,180.70223997,181.530765,178.30044831,179.42686998,17961495.0
2024-04-11,177.63018087,180.8791161,174.083349,179.2965402,19295444.0
2024-04-12,177.807057,178.71936546,175.02358527,175.37733753,16625645.0
2024-04-15,180.46019895,183.52294878,178.60765422,183.52294878,30548250.0
2024-04-16,185.254473,185.5337511,181.45629084,183.53225805,27623120.0
2024-04-17,181.85658945,183.32745411,179.68752954,182.45238273,21619164.0
2024-04-18,180.57191019,183.81153615,178.17011853,182.05208412,19539576.0
2024-04-19,179.72476662,181.02806442,176.41997577,177.6208716,18491472.0
2024-04-22,179.4827256,181.42836303,177.40675839,177.4346862,15098743.0
2024-04-23,177.92807751,179.2034475,174.90256476,176.81096511,11113796.0
2024-04-24,178.737984,179.1103548,173.5247928,176.5037592,15154279.0
2024-04-25,175.54490439,180.92566245,174.91187403,179.8550964,16418323.0
2024-04-26,178.74729327,185.14276176,178.74729327,184.77039096,22488071.0
2024-04-29,186.71602839,198.7529145,186.1854,195.15022701,43863035.0
2024-04-30,196.2374272,196.2374272,192.65144,193.223672,21433024.0
2024-05-06,201.23492,201.902524,196.4949316,197.4009656,27099899.0
2024-05-07,196.6379896,198.2593136,195.655658,197.3055936,13179902.0
2024-05-08,197.42004,198.183016,193.7100692,193.8245156,12432997.0
2024-05-09,196.7238244,200.7675972,196.657064,199.708968,21921628.0
2024-05-10,199.708968,199.708968,193.60516,194.08202,22801132.0
2024-05-13,187.215236,192.4320844,186.4617972,190.124082,22196723.0
2024-05-14,191.316232,191.888464,188.9510064,189.7998172,10694712.0
2024-05-15,189.7998172,193.9198876,188.3597,188.7316508,13074116.0
2024-05-16,189.599536,192.3081008,187.8637656,190.4292724,15378204.0
2024-05-17,190.457884,193.60516,189.3897176,193.60516,18496201.0
2024-05-20,197.610784,198.2593136,193.6146972,194.034334,19917171.0
2024-05-21,194.2441524,195.1120376,191.2780832,192.2318032,12296358.0
2024-05-22,193.1283,197.42004,192.269952,195.4076908,25236561.0
2024-05-23,194.749624,196.132518,193.7291436,194.8831448,17654820.0
2024-05-24,193.414416,195.3790792,191.4974388,191.6786456,15510693.0
2024-05-27,192.460696,192.460696,189.31342,190.7535372,16361785.0
2024-05-28,190.2289912,191.2971576,188.455072,188.645816,12689994.0
2024-05-29,188.8460972,193.1283,188.645816,189.5899988,13338755.0
2024-05-30,189.837966,191.5832736,188.5122952,190.124082,12784004.0
2024-05-31,190.124082,192.88987,188.6076672,188.6076672,13808627.0
2024-06-03,188.6076672,194.177392,186.738376,193.1283,18718068.0
2024-06-04,192.6419028,197.6489328,191.69772,196.4377084,17714939.0
2024-06-05,196.180204,198.230702,194.5684172,194.6733264,11777390.0
2024-06-06,194.5398056,197.3055936,192.842184,195.3123188,12412570.0
2024-06-07,189.6567592,193.080614,178.9083348,184.258704,51686760.0
2024-06-11,180.25308,183.11424,176.0662492,180.0337244,42072363.0
2024-06-12,177.39192,180.9779072,176.8959856,177.010432,20310392.0
2024-06-13,178.34564,181.2163372,176.5526464,176.6098696,22117637.0
2024-06-14,177.487292,177.9450776,170.3153176,176.3332908,37184949.0
2024-06-17,174.101586,181.68366,173.8726932,179.490104,26929318.0
2024-06-18,179.442418,181.6550484,178.3647144,181.5215276,15652909.0
2024-06-19,181.779032,181.874404,178.9941696,180.2626172,10753975.0
2024-06-20,181.1972628,181.3117092,178.441012,179.2898228,11562370.0
2024-06-21,179.5950132,180.2149312,173.9299164,176.5907952,18467717.0
2024-06-24,174.53076,179.2898228,174.53076,178.3265656,18035490.0
2024-06-25,178.34564,180.443824,177.010432,177.6971104,14414412.0
2024-06-26,176.5526464,177.9927636,174.721504,176.9245972,10481398.0
2024-06-27,176.9245972,177.2774736,174.5402972,176.4382,12653577.0
2024-06-28,175.293736,176.8959856,171.5170048,171.6982116,19420506.0
2024-07-01,170.8970868,170.9829216,163.2482524,167.9214804,26995744.0
2024-07-02,165.804222,168.7702912,164.1447492,167.9310176,14415586.0
2024-07-03,168.80844,174.0539,168.1503732,171.19274,16205321.0
2024-07-04,172.0415508,174.5212228,170.906624,171.288112,11834646.0
2024-07-05,172.62332,174.0443628,168.33158,169.3997464,13524707.0
2024-07-08,167.8642572,170.1150364,166.9105372,167.7688852,10806397.0
2024-07-09,167.187116,169.094556,165.0793948,167.6353644,16443915.0
2024-07-10,166.9105372,171.7554348,165.041246,165.041246,17772919.0
2024-07-11,166.901,170.6968056,165.4608828,168.8179772,20811148.0
2024-07-12,169.619102,173.3576844,168.80844,171.478856,19550460.0
2024-07-15,170.048276,171.621914,168.9133492,169.8766064,11469696.0
2024-07-16,169.2853,172.14646,169.094556,171.001996,15148737.0
2024-07-17,169.76216,174.2064952,167.7974968,172.5184108,18590141.0
2024-07-18,171.6696,180.348452,171.3644096,179.633162,31994401.0
2024-07-19,177.725722,181.2926348,177.582664,180.6727168,20847631.0
2024-07-22,182.3417268,185.1933496,178.727128,180.7490144,17168252.0
2024-07-23,180.2626172,180.920684,177.582664,177.582664,11903104.0
2024-07-24,177.39192,180.3389148,176.8101508,177.6971104,14468136.0
2024-07-25,177.5063664,181.9030156,176.4954232,179.0418556,20595888.0
2024-07-26,181.2068,184.354076,179.347046,180.586882,23347718.0
2024-07-29,178.34564,178.34564,171.6696,175.9899516,21362366.0
2024-07-30,174.7405784,176.7529276,174.7405784,176.3332908,12725163.0
2024-07-31,173.57704,178.2311936,173.57704,177.6875732,19896940.0
2024-08-01,176.4382,177.39192,171.764972,171.955716,23012659.0
2024-08-02,170.71588,171.6696,168.5604728,168.8942748,15493685.0
2024-08-05,166.9105372,171.8508068,166.901,168.80844,19347659.0
2024-08-06,170.1531852,171.0878308,165.6707012,166.853314,15768703.0
2024-08-07,166.853314,168.0740756,165.6325524,165.6325524,12753959.0
2024-08-08,165.0030972,165.565792,162.2468464,164.421328,14658996.0
2024-08-09,165.565792,166.7770164,162.1324,162.1324,15412989.0
2024-08-12,162.6760204,163.2005664,159.080496,161.17868,17415581.0
2024-08-13,161.0737708,166.8628512,160.5873736,165.7374616,19389256.0
2024-08-14,164.9840228,166.376454,163.7727984,164.2401212,9966285.0
2024-08-15,164.03984,166.519512,163.3626988,165.375048,14481202.0
2024-08-16,165.375048,167.85472,164.8791136,165.5848664,11150641.0
2024-08-19,165.327362,169.7049368,165.136618,167.473232,14035843.0
2024-08-20,166.901,167.85472,165.6230152,166.7770164,8436955.0
2024-08-21,165.94728,167.2920252,164.03984,165.9568172,11147405.0
2024-08-22,166.8819256,171.6409884,166.233396,170.525136,19901136.0
2024-08-23,168.80844,174.0729744,168.80844,173.386296,18415176.0
2024-08-26,173.481668,176.0185632,172.62332,175.4081824,14838749.0
2024-08-27,174.0729744,175.9518028,173.10018,175.00762,9976992.0
2024-08-28,174.340016,175.1888268,172.8903616,174.3590904,10639015.0
2024-08-29,170.8780124,174.5212228,170.8780124,172.432576,15670242.0
2024-08-30,172.432576,177.3537712,172.432576,175.8087448,25429171.0
2024-09-02,175.9041168,177.0008948,172.62332,172.8045268,12985176.0
2024-09-03,171.955716,178.059524,171.6886744,177.058118,18196886.0
2024-09-04,176.7433904,180.25308,176.295142,178.488698,16564524.0
2024-09-05,178.488698,180.777626,177.201176,178.154896,12318215.0
2024-09-06,177.5063664,179.77622,176.819688,177.344234,7525486.0
2024-09-09,176.5431092,179.9288152,174.9790084,176.581258,13475355.0
2024-09-10,176.91506,176.91506,172.671006,172.7759152,15424413.0
2024-09-11,173.958528,179.0895416,172.7759152,177.9260032,21197083.0
2024-09-12,179.29936,183.2668352,178.0690612,180.586882,20709986.0
2024-09-13,180.1386336,180.1386336,175.00762,175.00762,17287288.0
2024-09-18,175.102992,178.7557396,174.8073388,177.773408,11377895.0
2024-09-19,178.34564,179.5091784,175.102992,178.250268,15769409.0
2024-09-20,178.250268,179.203988,175.1792896,177.010432,15502703.0
2024-09-23,178.0213752,180.6631796,176.91506,179.490104,15792549.0
2024-09-24,183.0760912,188.9986924,180.1481708,188.3787744,35451735.0
2024-09-25,197.7919908,197.801528,193.2141348,193.700532,42010119.0
2024-09-26,194.272764,197.7347676,189.7235196,195.9989972,35489346.0
2024-09-27,202.18864,220.9578496,201.8739124,216.3132332,70181326.0
2024-09-30,222.2358344,243.1986,221.26304,240.2325308,91361145.0
2024-10-08,282.30112,287.54658,255.2726952,285.16228,137646479.0
2024-10-09,266.946228,267.0320628,243.1986,243.1986,108691594.0
2024-10-10,243.1986,253.6799828,238.5825952,246.05976,60833833.0
2024-10-11,243.67546,243.67546,226.9185996,230.5999588,47640230.0
2024-10-14,238.4204628,241.100416,233.6041768,238.1629584,46759863.0
2024-10-15,238.2487932,239.2311248,229.9705036,230.0563384,32765334.0
2024-10-16,227.7674104,227.7674104,222.5314876,223.027422,33585954.0
2024-10-17,223.17048,227.8246336,220.1757992,220.78618,26164672.0
2024-10-18,219.3556,246.8990336,218.974112,238.3250908,68013787.0
2024-10-21,247.01348,250.3801116,240.09901,241.6344992,58455809.0
2024-10-22,242.24488,242.7789632,235.8168072,238.954546,27876033.0
2024-10-23,236.3413532,243.1413768,235.4353192,237.762396,32154122.0
2024-10-24,238.2106444,239.86058,233.6614,234.7677152,21465790.0
2024-10-25,240.6617048,252.7358,234.901236,246.8990336,57898551.0
2024-10-28,244.2763036,246.6415292,241.29116,244.3812128,27601935.0
2024-10-29,244.3812128,245.7831812,239.6126128,240.1276216,26994808.0
2024-10-30,238.43,240.623556,233.18454,236.5511716,27134374.0
2024-10-31,235.5593028,238.90686,232.70768,234.5960456,25500279.0
2024-11-01,235.1205916,238.2583304,233.8330696,234.805864,25915829.0
2024-11-04,232.70768,242.530996,232.70768,239.574464,24247222.0
2024-11-05,238.9831576,250.6566904,237.6002636,249.2928708,48482094.0
2024-11-06,247.0039428,257.02754,241.76802,244.62918,45239310.0
2024-11-07,246.05976,250.637616,242.1304336,250.637616,33571027.0
2024-11-08,257.1801352,259.41184,245.201412,245.5829,40294127.0
2024-11-11,240.671242,256.5411428,239.3932572,255.1201,49153907.0
2024-11-12,265.4012016,272.000944,258.4390456,260.3846344,74403008.0
2024-11-13,256.55068,274.862104,254.4238844,268.94904,55773688.0
2024-11-14,269.90276,271.8006628,261.9487352,262.273,42657210.0
2024-11-15,257.02754,262.273,253.2698832,253.2698832,35198317.0
2024-11-18,253.2698832,258.410434,248.92092,250.7520624,30650010.0
2024-11-19,249.8937144,259.41184,246.05976,256.2836384,34812887.0
2024-11-20,254.595554,257.409028,252.354312,255.167786,22708778.0
2024-11-21,253.3652552,258.8682196,251.4578152,255.8449272,20550827.0
2024-11-22,255.5301996,256.55068,246.8990336,247.108852,22555101.0
2024-11-25,250.8855832,254.2236032,249.0925896,251.877452,26239071.0
2024-11-26,249.4645404,251.7534684,243.8280552,244.8389984,27360405.0
2024-11-27,242.912484,248.825548,239.8319684,247.871828,27400665.0
2024-11-28,247.204224,247.5189516,241.76802,242.912484,22355598.0
2024-11-29,239.6030756,255.5874228,239.6030756,249.1498128,31366272.0
2024-12-02,246.6701408,251.352906,245.3063212,250.0558468,20647547.0
2024-12-03,248.92092,250.8188228,247.01348,249.7220448,17310789.0
2024-12-04,247.9672,249.87464,245.5829,246.9848684,16181395.0
2024-12-05,246.0502228,246.965794,243.2081372,244.15232,16021580.0
2024-12-06,244.15232,257.409028,243.1986,254.214066,33038136.0
2024-12-09,254.6337028,257.1801352,252.1731052,255.644646,22456090.0
2024-12-10,268.2623616,268.47218,256.8654076,258.0480204,32904436.0
2024-12-11,261.2811312,266.56474,254.1854544,254.738612,19400821.0
2024-12-12,253.594148,262.6354136,252.926544,261.0427012,22329514.0
2024-12-13,257.3899536,259.41184,253.68952,254.6718516,28316441.0
2024-12-16,253.8993384,257.02754,251.829766,254.833984,16257508.0
2024-12-17,254.64324,265.13416,254.2045288,261.128536,28214610.0
2024-12-18,261.6149332,262.0154956,257.8000532,258.8491452,15085329.0
2024-12-19,256.7986472,259.745642,254.2808264,257.3041188,15346018.0
2024-12-20,257.3041188,258.267376,248.2723904,250.5517812,27740098.0
2024-12-23,250.5517812,256.4362336,250.5517812,251.30522,20639383.0
2024-12-24,250.82836,255.83539,250.82836,255.8163156,19615352.0
2024-12-25,256.4648452,258.3722852,253.9374872,255.5683484,11413810.0
2024-12-26,254.833984,254.833984,248.92092,249.15935,22443762.0
2024-12-27,248.5108204,251.2289224,243.1986,249.87464,24351918.0
2024-12-30,248.8064736,255.1201,248.4535972,254.2426776,22631352.0
2024-12-31,252.8216348,257.98126,252.8216348,253.68952,24933952.0
2025-01-02,253.92795,253.975636,245.10604,246.8036616,23354576.0
2025-01-03,246.8036616,250.82836,245.3063212,245.7068836,18523758.0
2025-01-06,246.05976,247.9672,241.29116,244.86761,17289077.0
2025-01-07,231.75396,240.33744,229.9228176,237.905454,40103599.0
2025-01-08,234.6055828,236.8182132,232.0591504,233.9856648,27185752.0
2025-01-09,230.180322,238.66843,229.9991152,235.8835676,16932878.0
2025-01-10,235.09198,238.382314,233.3562096,234.61512,14729433.0
2025-01-13,232.23082,238.43,230.80024,235.4830052,18092226.0
2025-01-14,236.2459812,245.10604,233.8616812,244.343064,20246734.0
2025-01-15,244.343064,244.533808,238.1152724,239.2597364,15062665.0
2025-01-16,240.33744,242.817112,236.7705272,238.3632396,16188378.0
2025-01-17,236.99942,241.76802,236.5988576,239.86058,11106600.0
2025-01-20,244.62918,255.2250092,244.4479732,253.2317344,34283497.0
2025-01-21,256.07382,256.3217872,251.0381784,251.9537496,13893306.0
2025-01-22,249.87464,252.640428,242.4451612,246.05976,25040737.0
2025-01-23,247.824142,250.3515,245.0869656,245.5829,16553688.0
2025-01-24,245.33387098,253.73814444,245.33387098,249.75162476,22439796.0
2025-01-27,249.76120774,252.00362506,246.282586,246.282586,17102637.0
2025-02-05,249.15748,251.074076,240.5807129,241.60609176,24048140.0
2025-02-06,240.532798,242.91896002,238.8078616,242.5452238,24896101.0
2025-02-07,246.282586,251.61072288,241.12694276,250.38410144,34441254.0
2025-02-10,250.38410144,250.56617806,244.53848364,247.6721181,22926710.0
2025-02-11,249.57913112,249.636629,240.59029588,241.2994364,24791980.0
2025-02-12,239.58408298,245.324288,236.77626984,244.6534794,27382214.0
2025-02-13,245.31470502,252.98108902,244.4618198,250.48951422,37534967.0
2025-02-14,250.62367594,261.615354,250.62367594,258.46255358,38780030.0
2025-02-17,263.4361202,263.4361202,254.92643396,258.1654812,24182960.0
2025-02-18,261.57702208,264.011099,257.782162,259.47834946,23845755.0
2025-02-19,257.37009386,264.490248,257.3509279,262.1424179,20445539.0
2025-02-20,261.4236944,261.4236944,255.865566,258.9321196,19589001.0
2025-02-21,257.37967684,265.33355024,256.61303844,264.0590139,30951906.0
2025-02-24,261.62493698,263.2444606,256.97719168,260.177907,27753762.0
2025-02-25,256.32554904,262.573652,253.47940398,258.24214504,23209375.0
2025-02-26,260.1299921,261.50035824,256.03805964,257.41800876,21173074.0
2025-02-27,258.99920046,260.3695666,256.50762566,258.74046,23185110.0
2025-02-28,258.3571408,259.99583038,252.61693578,253.2781614,22265458.0
2025-03-03,253.94897,267.6526314,251.30406752,262.12325194,38736403.0
2025-03-04,258.74046,259.698758,251.77363354,252.032374,26836542.0
2025-03-05,252.032374,252.88525922,247.720033,250.10619502,20869610.0
2025-03-06,251.3136505,254.45686794,250.115778,253.28774438,25027321.0
2025-03-07,251.99404208,252.58818684,247.89252664,249.88578648,22287108.0
2025-03-10,250.8824164,250.93991428,243.03395578,245.803437,28675074.0
2025-03-11,242.51647486,244.845139,242.4973089,244.5576496,17135077.0
2025-03-12,245.33387098,245.91843276,241.00236402,243.886841,19914690.0
2025-03-13,243.407692,248.3908416,242.449394,242.66021956,16885150.0
2025-03-14,242.449394,253.8052253,242.1139897,251.074076,35108935.0
2025-03-17,252.1282038,254.39937006,245.07513052,245.324288,33515486.0
2025-03-18,247.240884,249.90495244,244.845139,246.282586,22576732.0
2025-03-19,246.4742456,255.83681706,246.07176044,254.32270622,36954120.0
2025-03-20,254.32270622,255.386417,250.13494396,251.2178207,14424653.0
2025-03-21,251.72571864,253.49856994,245.00804966,245.324288,19432006.0
2025-03-24,246.9533946,248.18001604,245.59261144,247.39421168,16730217.0
2025-03-25,246.96297758,249.15748,244.64389642,248.65916504,12785778.0
2025-03-26,248.5825012,251.7448846,245.9950966,246.20592216,12904626.0
2025-03-27,245.50636462,251.8407144,243.6472665,248.08418624,14179206.0
2025-03-28,245.42970078,248.08418624,245.1326284,246.0909264,11242068.0
2025-03-31,245.38178588,247.22171804,241.60609176,242.39189612,19463355.0
2025-04-01,242.39189612,243.886841,238.21371684,238.67369988,19416208.0
2025-04-02,239.7661596,241.93191308,237.23625288,238.75036372,13732112.0
2025-04-03,234.78301,237.3704146,232.4351799,232.94307784,23281639.0
2025-04-07,216.66159482,220.40854,200.38969478,206.24489556,72364582.0
2025-04-08,210.7776451,215.61705,207.3756872,209.9151769,47659421.0
2025-04-09,204.04081016,209.6276875,201.32882682,202.57461422,53602339.0
2025-04-10,211.783858,213.49921142,206.47488708,208.88979804,37274119.0
2025-04-11,206.992368,216.1441139,205.7465806,214.658752,30299115.0
2025-04-14,217.6773907,218.491944,213.39379864,214.658752,20696504.0
2025-04-15,216.575348,220.8397741,215.73204576,218.6356887,26686542.0
2025-04-16,217.533646,217.70613964,212.3109219,215.51163722,21655096.0
2025-04-17,213.700454,217.84988434,212.95298156,216.575348,15737659.0
2025-04-18,215.81829258,217.054497,214.33293068,216.05786708,11512794.0
2025-04-21,216.05786708,225.20003,214.83124564,221.71182528,22008191.0
2025-04-22,224.82017,225.95404564,222.0832288,225.49463051,16935423.0
2025-04-23,229.707565,233.37311125,227.752607,228.09472465,19197980.0
2025-04-24,229.2188255,233.28513814,227.01949775,231.53545073,18155439.0
2025-04-25,231.8580188,232.56180368,229.79553811,231.2715314,12761989.0
2025-04-28,232.88437175,232.89414654,227.9481028,229.56094315,14312432.0
2025-04-29,228.730086,229.5120692,225.52395488,226.80445237,16742435.0
2025-04-30,227.80148095,229.10152802,226.2863885,226.2863885,15632835.0
2025-05-06,228.64211289,230.9782877,225.9931448,226.41346077,19687679.0
2025-05-07,231.12490955,235.45514152,230.76324232,233.23626419,31280985.0
2025-05-08,234.09644571,243.07947772,232.62045242,239.06203903,31285640.0
2025-05-09,240.52825753,244.14492983,239.14023735,242.67871133,23693317.0
2025-05-12,249.257145,252.17980721,247.302187,251.212103,30231506.0
2025-05-13,256.099498,256.099498,249.27669458,252.94224083,20480591.0
2025-05-14,252.94224083,258.50409634,250.24439879,256.6859854,23146307.0
2025-05-15,256.70553498,256.94990473,253.7535484,254.32048622,14111893.0
2025-05-16,253.30390806,255.83557867,251.92566267,253.51895344,18900058.0
2025-05-19,254.6332795,254.67237866,251.47602233,254.14454,16974017.0
2025-05-20,258.48454676,259.5206745,249.4526408,257.076977,34642364.0
2025-05-21,260.97711821,273.68434521,259.8139182,267.90744432,56524517.0
2025-05-22,271.5436662,271.68051326,262.22829133,264.28099723,27608118.0
2025-05-23,264.90658379,267.829246,260.93801905,260.97711821,23000352.0
2025-05-26,259.031935,260.38085602,247.2044391,250.1368761,33012215.0
2025-05-27,250.12710131,251.41737359,246.70592481,248.26989121,17667995.0
2025-05-28,249.85340719,252.45350133,247.61498028,247.8886744,15456265.0
2025-05-29,247.302187,248.26011642,243.392271,246.17808615,21788285.0
2025-05-30,245.2494811,246.96006935,241.89672813,244.36975,20433747.0
2025-06-03,246.324708,248.1819181,244.79984076,245.49385085,15841166.0
2025-06-04,252.5,253.6,250.7,251.05,13040195.0
2025-06-05,251.36,252.44,248.27,251.5,13525851.0
2025-06-06,252.0,253.33,248.5,248.88,16551474.0
2025-06-09,248.88,250.88,245.5,245.58,18549757.0
2025-06-10,245.0,246.86,242.22,243.14,13932459.0
2025-06-11,246.09,252.44,244.8,250.5,27993404.0
2025-06-12,252.0,252.5,248.77,249.81,17569617.0
2025-06-13,248.1,250.41,246.37,248.2,17403245.0
2025-06-16,248.0,248.7,245.8,246.66,12217571.0
2025-06-17,246.96,248.43,245.22,246.26,9765024.0
2025-06-18,246.98,249.58,245.57,245.57,10460561.0
2025-06-19,245.3,246.16,241.6,242.1,14798456.0
2025-06-20,241.06,243.12,239.5,240.26,13688340.0
2025-06-23,239.3,240.6,238.03,239.61,12709927.0
2025-06-24,240.58,248.08,240.58,245.92,23501081.0
2025-06-25,246.5,255.88,246.0,254.9,31537723.0
2025-06-26,255.88,256.29,252.36,252.79,19914530.0
2025-06-27,256.5,257.45,250.11,250.99,23620067.0
2025-06-30,251.5,253.5,249.7,252.22,17623370.0
2025-07-01,252.5,252.74,249.88,251.5,9532258.0
2025-07-02,251.5,252.01,249.19,250.45,11571374.0
2025-07-03,251.47,263.21,250.59,262.59,33803747.0
2025-07-04,265.01,269.98,260.98,265.8,27206013.0
2025-07-07,265.8,268.88,258.88,260.89,17466498.0
2025-07-08,260.7,265.9,259.82,263.31,15592292.0
2025-07-09,262.2,274.46,262.1,270.8,29388371.0
2025-07-10,274.99,274.99,268.5,272.0,24239349.0
2025-07-11,271.5,274.0,270.1,271.5,21328153.0
2025-07-14,271.0,271.32,266.1,268.5,14978884.0
2025-07-15,268.5,272.5,266.0,267.75,16952649.0
2025-07-16,268.5,268.7,263.04,264.4,15626479.0
2025-07-17,265.37,267.75,264.36,265.5,14511017.0
2025-07-18,268.7,272.45,265.8,271.2,22186558.0
2025-07-21,277.0,282.0,273.55,279.66,32486275.0
2025-07-22,280.0,290.0,279.18,286.66,33309029.0
2025-07-23,288.16,290.75,286.59,287.02,20018974.0
2025-07-24,289.0,289.2,282.91,285.2,22389114.0
2025-07-25,285.2,285.2,281.75,282.8,13432601.0
2025-07-28,283.02,289.09,281.3,286.3,23897336.0
2025-07-29,286.7,292.0,286.68,291.82,23394555.0
2025-07-30,292.2,292.2,276.36,277.09,41594301.0
2025-07-31,280.8,281.98,264.62,264.62,44710355.0
2025-08-01,264.8,266.6,262.75,263.07,25250002.0
2025-08-04,263.0,268.0,261.7,266.48,23768168.0
2025-08-05,267.5,269.0,263.5,265.7,21976040.0
2025-08-06,265.22,266.9,263.23,265.0,15323311.0
2025-08-07,265.0,266.49,262.2,263.05,16548104.0
2025-08-08,264.0,266.16,262.01,263.48,17428216.0
2025-08-11,263.48,266.15,262.5,263.66,21330876.0
2025-08-12,263.5,265.18,257.72,263.25,22240739.0
2025-08-13,264.77,275.0,264.51,273.6,39466769.0
2025-08-14,276.89,282.0,274.48,279.89,37170757.0
2025-08-15,278.38,282.3,276.1,280.67,24109169.0
2025-08-18,280.67,285.48,278.02,283.0,28528793.0
2025-08-19,283.0,284.0,276.22,277.8,24428585.0
2025-08-20,277.5,279.99,272.05,279.2,23353492.0
2025-08-21,279.27,281.8,278.0,279.0,18269814.0
2025-08-22,278.93,289.35,278.6,287.18,26421851.0
2025-08-25,290.0,293.88,286.78,290.28,31229720.0
2025-08-26,287.02,290.99,285.58,289.5,23024462.0
2025-08-27,289.0,289.54,278.19,278.3,38258429.0
2025-08-28,276.06,278.99,272.72,277.41,30466401.0
2025-08-29,278.31,316.66,277.95,306.18,78013892.0
2025-09-01,306.5,306.9,299.3,304.0,42996421.0
2025-09-02,304.03,311.1,299.03,302.87,37116889.0
2025-09-03,303.5,311.65,303.03,309.0,50897473.0
2025-09-04,313.47,323.33,300.63,304.03,65754754.0
2025-09-05,299.9,325.11,299.82,325.11,70819779.0
2025-09-08,334.0,337.65,323.5,325.37,58834578.0
2025-09-09,322.8,334.58,317.16,320.0,43402397.0
2025-09-10,317.99,322.0,313.0,316.04,36752683.0
2025-09-11,315.55,322.98,309.04,322.55,38034460.0
2025-09-12,325.9,329.9,322.2,325.0,33871316.0
2025-09-15,346.01,371.52,344.02,354.7,71841023.0
2025-09-16,356.11,359.0,348.5,353.42,37744465.0
2025-09-17,356.8,381.88,354.0,377.1,54377100.0
2025-09-18,374.59,380.0,360.8,366.89,51889690.0
2025-09-19,365.0,375.71,361.72,368.49,33914886.0
2025-09-22,370.5,372.72,362.78,370.05,28527763.0
2025-09-23,368.0,376.96,360.0,368.15,34849315.0
2025-09-24,371.0,380.0,366.06,379.93,38314548.0
2025-09-25,376.6,402.59,376.47,392.85,46639338.0
2025-09-26,392.02,399.99,380.0,380.4,36263326.0
2025-09-29,386.34,399.89,386.01,397.37,38964745.0
2025-09-30,396.0,408.88,396.0,402.0,33031310.0
2025-10-09,399.98,424.36,399.74,409.89,41208823.0
2025-10-10,401.0,403.8,379.01,381.95,53311798.0
2025-10-13,362.86,384.6,362.86,374.5,47150998.0
2025-10-14,381.0,385.8,355.77,358.0,49639939.0
2025-10-15,358.5,369.71,354.76,369.3,36993355.0
2025-10-16,367.5,373.9,364.5,368.5,27629467.0
2025-10-17,367.5,375.0,356.99,358.14,31905761.0
2025-10-20,365.0,368.89,359.53,366.5,28432420.0
2025-10-21,373.0,381.35,363.1,375.9,44632870.0
2025-10-22,375.9,378.88,368.2,372.86,21945879.0
2025-10-23,373.8,378.8,369.0,376.45,23998098.0
2025-10-24,379.97,387.8,378.0,385.77,32041578.0
2025-10-27,393.0,393.0,376.57,386.18,40451018.0
2025-10-28,386.16,393.8,383.02,386.48,28708295.0
2025-10-29,386.0,400.04,384.7,400.0,34474046.0
2025-10-30,405.98,409.08,396.83,398.29,34306088.0
2025-10-31,398.0,406.8,388.2,388.77,34048350.0
2025-11-03,387.0,391.91,375.77,386.86,26368177.0
2025-11-04,383.06,386.5,374.0,378.95,23939074.0
2025-11-05,372.85,393.0,372.0,388.7,31142532.0
2025-11-06,390.0,399.49,388.7,394.68,23447477.0
2025-11-07,393.5,397.51,388.88,395.37,16554892.0
2025-11-10,398.4,400.31,383.32,384.51,23895991.0
2025-11-11,386.0,394.77,384.5,385.6,19303175.0
2025-11-12,390.78,392.99,383.98,386.38,21299825.0
2025-11-13,385.05,421.3,385.05,415.6,56265449.0
2025-11-14,407.0,414.6,403.88,404.12,24172120.0
2025-11-17,388.0,392.4,382.5,390.78,47685503.0
2025-11-18,389.0,398.63,381.0,385.0,39565814.0
2025-11-19,385.5,398.44,384.96,391.1,29266686.0
2025-11-20,394.9,395.0,377.01,379.39,33674285.0
2025-11-21,375.0,383.0,370.0,370.0,31631335.0
2025-11-24,373.8,374.9,367.18,370.55,22845819.0
2025-11-25,375.0,379.66,370.59,372.36,20633246.0
2025-11-26,375.5,375.5,370.07,372.82,18910660.0
2025-11-27,373.0,378.88,370.0,371.2,22200259.0
2025-11-28,370.5,375.48,366.16,373.2,20340263.0
2025-12-01,374.76,382.97,374.03,382.97,26751013.0
2025-12-02,383.5,384.98,377.4,380.08,16348461.0
2025-12-03,380.09,383.37,375.0,376.08,13991135.0
2025-12-04,379.19,383.6,375.15,383.35,19165809.0
2025-12-05,387.2,389.31,382.0,389.09,23291559.0
2025-12-08,390.43,395.38,385.5,392.5,21659758.0
2025-12-09,391.5,392.26,386.0,387.59,18691773.0
2025-12-10,385.05,388.0,377.26,382.38,19433405.0
2025-12-11,384.9,398.86,383.38,388.99,28215378.0
2025-12-12,392.0,393.39,385.5,391.8,24002022.0
2025-12-15,391.5,394.97,385.21,385.5,18274993.0
2025-12-16,386.0,389.08,378.03,378.41,19121676.0
2025-12-17,376.45,384.5,375.06,383.42,22257408.0
2025-12-18,379.57,380.95,370.01,372.0,29639283.0
2025-12-19,374.08,377.68,370.8,374.0,17559945.0
2025-12-22,376.0,377.99,368.1,371.84,25493538.0
2025-12-23,372.0,380.5,371.6,378.1,23604086.0
2025-12-24,378.08,378.08,372.0,375.6,21088387.0
2025-12-25,374.21,374.21,369.12,373.01,20343144.0
2025-12-26,372.96,378.0,370.1,374.43,25723689.0
2025-12-29,374.0,374.43,368.0,369.31,24124072.0
2025-12-30,367.1,371.0,366.56,369.2,19030821.0
2025-12-31,369.79,372.0,367.15,367.26,16026597.0
2026-01-05,370.0,378.0,368.19,377.5,33688135.0
2026-01-06,380.0,380.5,369.04,373.99,34147710.0
2026-01-07,372.95,375.48,368.49,371.01,26228535.0
2026-01-08,368.0,373.33,367.0,369.21,26959035.0
2026-01-09,369.17,377.63,367.01,369.23,31477187.0
2026-01-12,368.0,368.0,351.66,361.68,48830739.0
2026-01-13,366.25,367.77,357.0,359.0,29670920.0
2026-01-14,360.03,361.22,351.71,353.98,38083365.0
2026-01-15,352.75,358.28,351.8,353.75,32370912.0
2026-01-16,357.99,361.72,351.51,352.32,31981842.0
2026-01-19,351.47,355.34,345.33,348.9,33864284.0
2026-01-20,350.0,356.91,347.9,349.6,35440589.0
2026-01-21,351.94,357.69,349.0,349.81,39393573.0
2026-01-22,351.03,353.73,339.5,345.8,45994818.0
2026-01-23,348.01,350.0,343.25,347.0,33976127.0
2026-01-26,352.02,352.55,341.21,342.05,33291386.0
2026-01-27,344.89,344.9,334.02,339.4,32294885.0
2026-01-28,337.88,344.0,333.01,339.99,46308171.0
2026-01-29,340.5,345.16,338.16,341.89,33844419.0
2026-01-30,348.4,353.76,344.1,350.0,48650115.0
2026-02-02,357.0,357.99,344.13,348.98,39191747.0
2026-02-03,349.0,352.8,343.5,347.91,26516325.0
2026-02-04,350.96,366.65,347.51,365.03,48531685.0
2026-02-05,365.77,366.75,356.02,362.94,28427157.0
2026-02-06,359.32,372.88,358.01,369.11,39372618.0
2026-02-09,370.5,372.5,362.6,368.82,27448630.0
2026-02-10,365.17,370.8,364.0,364.97,18563499.0
2026-02-11,366.9,370.99,364.5,368.0,19653459.0
2026-02-12,370.0,377.88,368.03,375.87,27754580.0
2026-02-13,375.61,377.0,365.01,365.34,22314532.0
2026-02-24,372.64,373.5,361.95,361.95,22695131.0
2026-02-25,363.69,366.6,360.1,362.18,18716639.0
2026-02-26,356.05,358.2,343.5,346.0,43541381.0
2026-02-27,347.12,348.94,342.01,342.01,25446620.0
2026-03-02,341.0,344.9,336.68,340.22,28351326.0
2026-03-03,346.33,354.35,344.03,344.07,40007479.0
2026-03-04,341.1,342.02,334.2,338.9,25080441.0
2026-03-05,344.58,353.85,342.66,350.25,31006068.0
2026-03-06,349.0,357.02,344.66,354.77,20963113.0
2026-03-09,348.84,359.85,345.06,357.5,31797613.0
2026-03-10,375.0,379.77,366.5,376.3,50741728.0
2026-03-11,379.58,403.55,378.98,396.8,57598685.0
2026-03-12,400.0,400.9,392.7,395.5,29150375.0
2026-03-13,393.88,403.99,393.8,397.0,35582639.0
2026-03-16,401.77,413.17,398.0,408.4,37352104.0
2026-03-17,415.78,420.0,404.56,405.0,35980678.0
2026-03-18,405.36,406.0,396.77,402.02,26529996.0
2026-03-19,401.94,414.0,400.0,400.5,29286635.0
2026-03-20,405.08,422.08,400.13,413.0,53729677.0
2026-03-23,417.33,417.36,398.75,401.99,44614145.0
2026-03-24,405.0,411.9,388.0,396.99,36410525.0
2026-03-25,393.0,400.5,387.8,397.81,26752828.0
2026-03-26,393.84,413.72,392.0,402.5,26763697.0
2026-03-27,406.12,418.33,401.73,416.18,30258043.0
2026-03-30,413.0,418.85,405.6,413.0,25348419.0
2026-03-31,413.0,416.95,401.58,401.7,24925645.0
2026-04-01,409.73,409.87,396.0,405.71,23170073.0
2026-04-02,407.9,411.99,397.2,401.17,22305638.0
2026-04-03,400.0,400.8,385.13,386.46,24751501.0
2026-04-07,389.98,393.2,381.49,384.59,17257622.0
2026-04-08,396.5,397.65,388.22,391.3,36418443.0
2026-04-09,394.1,394.28,386.66,389.99,25955199.0
2026-04-10,394.0,419.0,392.68,416.0,50788702.0
2026-04-13,418.0,433.33,416.0,427.13,41239924.0
2026-04-14,421.5,432.49,414.4,430.79,44220826.0
2026-04-15,438.88,439.46,427.07,431.0,37353628.0
2026-04-16,441.0,460.0,433.02,453.98,63506218.0
2026-04-17,455.96,457.64,441.01,444.2,36535848.0
2026-04-20,433.0,437.9,426.01,432.5,52927821.0
2026-04-21,435.0,450.13,425.1,447.6,57774562.0
2026-04-22,441.01,447.97,433.13,436.35,46025432.0
2026-04-23,443.5,443.6,435.0,438.9,35430966.0
2026-04-24,442.0,448.45,438.0,444.9,39542497.0
2026-04-27,444.63,448.76,433.8,434.88,33061283.0
2026-04-28,426.19,433.3,423.0,427.67,35012113.0
2026-04-29,432.0,445.15,428.0,445.0,37633560.0
2026-04-30,446.5,449.5,436.0,436.0,29812094.0
2026-05-06,457.5,465.88,448.63,460.0,47372718.0
2026-05-07,468.75,468.75,447.0,451.64,38621274.0
2026-05-08,449.0,455.5,436.2,437.0,36604851.0
2026-05-11,440.0,450.51,435.1,446.11,34190101.0
2026-05-12,446.59,446.85,429.29,431.25,34151497.0
2026-05-13,431.01,436.58,427.08,434.05,31685823.0
2026-05-14,449.38,450.45,427.0,427.0,34704614.0
2026-05-15,428.08,431.5,421.0,423.6,29704893.0
2026-05-18,420.58,422.9,414.0,417.23,28498347.0
2026-05-19,415.86,419.9,406.8,417.92,26087668.0
2026-05-20,417.0,422.99,412.66,414.75,28119031.0
2026-05-21,419.87,427.62,411.42,411.63,33867172.0
2026-05-22,414.7,416.5,410.0,411.16,27788381.0
2026-05-25,411.28,414.5,400.0,402.88,38197710.0
2026-05-26,406.19,408.77,400.36,402.5,35062703.0
2026-05-27,413.92,428.9,411.29,414.8,53372888.0
2026-05-28,420.0,420.58,406.2,415.68,32777149.0
2026-05-29,423.0,430.86,416.55,424.0,49811891.0
2026-06-01,432.1,438.24,418.18,420.1,38600452.0
2026-06-02,425.0,437.75,423.0,433.89,38798160.0
2026-06-03,437.0,437.0,420.1,426.42,38552608.0
2026-06-04,426.42,426.9,407.18,408.2,43115462.0
2026-06-05,407.89,412.65,402.7,403.0,28738930.0
2026-06-08,395.8,402.68,390.7,393.02,28652636.0
2026-06-09,399.99,401.87,388.0,399.5,27735147.0
2026-06-10,395.28,399.0,385.12,388.5,24435715.0
2026-06-11,386.98,391.34,380.03,382.2,26865447.0
2026-06-12,389.99,399.54,383.3,394.85,41420838.0
2026-06-15,402.0,407.9,393.41,398.1,34074882.0
2026-06-16,408.88,409.02,398.5,403.53,34839262.0
2026-06-17,400.0,403.3,395.58,399.0,25009264.0
2026-06-18,400.39,409.89,389.92,391.55,38548105.0
2026-06-22,393.0,413.33,386.0,408.98,59464844.0
2026-06-23,411.0,414.04,390.73,392.51,37374094.0
2026-06-24,392.0,399.27,386.66,395.36,34427057.0
2026-06-25,399.88,402.55,392.58,401.9,32404638.0
2026-06-26,401.0,409.81,381.0,381.0,46525303.0
2026-06-29,386.96,396.0,378.2,392.36,42525908.0
2026-06-30,392.49,402.36,390.0,393.01,27038346.0
2026-07-01,390.0,391.0,370.0,383.84,44088579.0
2026-07-02,387.68,390.99,380.39,382.35,34075435.0
2026-07-03,381.96,387.95,379.0,380.0,25884940.0
2026-07-06,379.23,381.89,374.05,374.51,21648005.0
2026-07-07,376.0,378.88,370.76,372.49,20848582.0
2026-07-08,374.0,376.68,361.0,361.0,27051874.0
2026-07-09,361.0,376.66,360.07,375.5,37794162.0
2026-07-10,375.0,375.2,346.16,348.76,55601355.0
2026-07-13,349.0,362.0,348.0,359.06,46290681.0
2026-07-14,352.6,364.63,352.49,364.01,43631637.0
2026-07-15,368.01,379.99,363.08,373.0,35849258.0
2026-07-16,369.48,375.02,364.5,366.2,25186882.0
2026-07-17,372.3,375.24,360.0,360.0,51245336.0
2026-07-20,354.0,377.6,353.8,376.43,44790768.0
2026-07-21,372.67,391.0,372.5,382.2,44036045.0
2026-07-22,382.85,385.0,369.87,372.26,31193761.0
2026-07-23,373.0,386.0,366.01,385.99,35940928.0
2026-07-24,383.18,390.86,382.65,383.01,25454224.0
2026-07-27,398.01,403.8,394.0,400.0,47327210.0
2026-07-28,396.26,399.99,390.86,390.86,37191082.0
2026-07-29,390.0,401.86,381.38,396.84,40435873.0
2026-07-30,390.0,403.8,389.8,401.88,45239048.0
2026-07-31,395.55,400.2,389.0,395.3,39414948.0
2026-08-03,392.6,395.88,389.6,394.4,21522258.0
2026-08-04,395.0,397.86,391.22,395.1,26165417.0
2026-08-05,400.02,407.9,398.0,405.2,30011167.0
2026-08-06,410.0,410.0,384.16,388.0,45320103.0
2026-08-07,387.99,388.88,384.02,388.07,25519302.0
2026-08-10,385.61,394.62,384.63,393.87,23160930.0
2026-08-11,395.0,395.28,389.52,390.4,16299162.0
2026-08-12,388.43,395.91,387.52,393.93,20236434.0
2026-08-13,393.04,399.39,391.04,396.3,24429304.0
2026-08-14,395.0,400.99,393.68,393.93,15930154.0
2026-08-17,393.93,400.5,390.5,399.98,20399838.0
2026-08-18,399.0,400.75,394.5,396.26,16933180.0
2026-08-19,394.0,396.99,388.33,389.0,21157158.0
2026-08-20,391.51,392.09,384.0,385.0,17909645.0
2026-08-21,386.0,397.83,383.05,391.15,20449615.0
2026-08-24,391.15,394.4,386.68,387.89,13972968.0
2026-08-25,391.0,391.15,376.06,376.73,26064594.0
2026-08-26,379.9,385.5,373.71,379.0,20716240.0
2026-08-27,376.5,378.66,370.05,373.0,23373782.0
