date,open,high,low,close,volume
2020-01-02,954.720024,969.15931798,944.563428,956.41279,14809916.0
2020-01-03,945.409811,945.409811,911.4698527,912.87484848,13031878.0
2020-01-06,906.35769938,925.0119807,903.3445759,912.39241017,6341478.0
2020-01-07,911.9776825,930.174917,911.0466612,926.39158499,4785359.0
2020-01-08,918.36787415,927.2125765,916.27730814,920.98319762,2500825.0
2020-01-09,925.943002,935.58330437,922.55747,933.3065341,3740587.0
2020-01-10,938.638747,944.55496417,933.1372575,941.6010875,3597587.0
2020-01-13,941.6010875,955.7356836,941.177896,951.56301541,3851575.0
2020-01-14,951.5037686,952.08777287,933.560449,937.2845342,3514465.0
2020-01-15,938.64721083,949.3031728,935.253215,941.28792579,2602911.0
2020-01-16,946.99254721,946.99254721,933.20496814,936.945981,2319165.0
2020-01-17,939.48513,941.83807474,931.87614683,937.3691725,2347275.0
2020-01-20,941.05940238,941.05940238,915.786406,923.403853,3539130.0
2020-01-21,914.940023,920.018321,907.5764909,910.1156399,3287405.0
2020-01-22,905.62981,917.479172,893.25569054,910.29338033,3620004.0
2020-01-23,910.708108,910.708108,877.699171,891.0720224,5346843.0
2020-02-03,833.687255,855.42237044,829.45534,849.70082136,12344288.0
2020-02-04,859.078745,894.626831,855.70167683,878.55401783,6262418.0
2020-02-05,888.70215,892.087682,874.33903049,888.69368617,4741824.0
2020-02-06,896.68354169,909.861725,890.41184366,906.476193,4717121.0
2020-02-07,905.63827383,911.554491,898.02929066,910.708108,3127871.0
2020-02-10,898.858746,909.5231718,894.7961076,902.65900567,3053342.0
2020-02-11,899.705129,930.75045744,899.5358524,929.328534,4791793.0
2020-02-12,921.711087,929.99717657,919.07037204,928.71067441,2812543.0
2020-02-13,929.328534,942.77755987,920.87316783,923.403853,3035736.0
2020-02-14,922.93834235,925.52827433,916.72589113,920.864704,2328760.0
2020-02-17,916.2095975,927.79658077,916.1249592,925.79065306,2702822.0
2020-02-18,922.56593383,928.38058504,916.632789,917.479172,2666496.0
2020-02-19,918.325555,932.2908745,912.400874,928.0589595,3705147.0
2020-02-20,928.2282361,951.334492,927.13640203,946.256194,4680262.0
2020-02-21,940.72084918,950.94515582,939.49359383,941.92271304,2894008.0
2020-02-24,935.6764065,939.48513,918.7487465,920.17066994,3865036.0
2020-02-25,912.400874,915.86258047,903.83547804,909.70091223,3838562.0
2020-02-26,898.858746,917.479172,892.934065,908.7614271,4356097.0
2020-02-27,910.708108,926.78092117,910.708108,920.34841037,3449829.0
2020-02-28,905.8837249,915.786406,888.67675851,894.626831,4994657.0
2020-03-02,888.79525213,928.10127865,888.71061383,919.18040183,4766304.0
2020-03-03,929.328534,947.00101104,929.328534,942.024279,5025015.0
2020-03-04,952.180875,964.030237,944.76655992,955.49869636,5379299.0
2020-03-05,961.75346673,994.49156117,956.88676448,991.114493,6242645.0
2020-03-06,984.343429,995.346408,975.01628834,977.9955565,3064100.0
2020-03-09,960.644705,960.644705,940.59389173,942.87912583,4340409.0
2020-03-10,942.024279,988.575344,942.024279,978.418748,5806293.0
2020-03-11,977.9955565,989.91262914,965.723003,980.55163316,3554757.0
2020-03-12,965.90920726,975.879599,952.2655133,963.6070455,3663063.0
2020-03-13,922.55747,955.54947934,914.09364,941.20328749,7588531.0
2020-03-16,934.38990434,937.75004485,898.858746,903.090661,5123254.0
2020-03-17,892.934065,912.400874,855.79477896,884.5548733,7935912.0
2020-03-18,880.23832,897.16598,853.14560017,853.14560017,7345988.0
2020-03-19,841.29623817,859.078745,812.6123183,842.997468,10226507.0
2020-03-20,855.693213,882.777469,855.693213,876.24339224,6013919.0
2020-03-23,846.383,876.24339224,839.20567216,862.464277,4847210.0
2020-03-24,882.777469,896.21803104,876.006405,893.780448,4665096.0
2020-03-25,920.84777634,923.70855088,909.1846186,914.1782783,3704866.0
2020-03-26,908.44826539,923.5731296,898.858746,901.33018436,3004856.0
2020-03-27,918.325555,924.250236,909.87018883,910.2849165,3626112.0
2020-03-30,897.37757575,911.554491,894.626831,907.322576,3068741.0
2020-03-31,915.786406,943.717045,915.6171294,940.331513,4798437.0
2020-04-01,945.409811,955.566407,933.560449,933.560449,3320535.0
2020-04-02,934.406832,969.108535,934.30526604,969.108535,4520561.0
2020-04-03,964.05562849,971.61382868,958.08862834,964.69887957,2761761.0
2020-04-07,983.45472685,987.3057695,972.40096487,981.76196085,4348800.0
2020-04-08,975.033216,987.14495673,975.033216,981.60114808,2422442.0
2020-04-09,986.882578,989.421727,971.61382868,980.5347055,2281697.0
2020-04-10,980.00994804,1000.0015145,976.3027905,986.036195,2780434.0
2020-04-13,986.036195,990.25118234,972.0708755,983.7509609,1598147.0
2020-04-14,995.346408,1008.50766365,986.882578,1003.0484933,3679955.0
2020-04-15,1008.888536,1019.03666817,1004.7412593,1006.8572168,2933229.0
2020-04-16,1009.70952751,1013.2050893,1002.2021103,1013.2050893,2172774.0
2020-04-17,1024.12343,1044.91059648,1019.89997883,1037.665558,3824569.0
2020-04-20,1033.433643,1042.3206645,1029.8788344,1038.7658559,2423864.0
2020-04-21,1033.45057066,1035.96432817,1009.734919,1015.6596,2922422.0
2020-04-22,1020.737898,1057.5555585,1017.53857026,1053.3236435,4403473.0
2020-04-23,1057.97875,1071.25003544,1056.09131591,1059.89157558,2689851.0
2020-04-24,1056.285984,1066.34947787,1045.43535394,1058.45272448,1912240.0
2020-04-27,1063.903431,1081.82135911,1058.79127768,1079.984708,2590391.0
2020-04-28,1087.86453373,1100.24711702,1076.49761004,1082.63388679,3466190.0
2020-04-29,1081.5081974,1090.2259423,1064.749814,1079.0536867,2344406.0
2020-04-30,1075.752793,1087.61061883,1065.49463104,1071.2669631,2466087.0
2020-05-06,1058.825133,1100.2979,1057.97875,1100.2979,3583481.0
2020-05-07,1099.7900702,1112.98518117,1094.373219,1110.454496,2793474.0
2020-05-08,1114.686411,1132.460454,1107.50061933,1112.66355563,2907868.0
2020-05-11,1117.22556,1129.921305,1111.86795561,1119.77317283,2367119.0
2020-05-12,1115.532794,1129.91284117,1113.840028,1128.228539,1972181.0
2020-05-13,1128.228539,1132.45199017,1119.66314304,1130.72536885,2201431.0
2020-05-14,1125.68939,1129.81973904,1121.55057713,1122.80322397,1857492.0
2020-05-15,1124.843007,1128.6517305,1101.88910004,1111.300879,2639808.0
2020-05-18,1105.376198,1143.8866245,1104.63984479,1139.40925843,3436211.0
2020-05-19,1154.466412,1154.466412,1132.460454,1139.32462013,2478746.0
2020-05-20,1139.32462013,1150.38684594,1131.45325823,1143.463433,2118340.0
2020-05-21,1146.848965,1161.20362068,1145.03770538,1156.2438163,2305158.0
2020-05-22,1156.159178,1156.2438163,1119.66314304,1124.1659006,3442746.0
2020-05-25,1125.68939,1156.65008014,1118.071943,1153.5353907,3156100.0
2020-05-26,1159.44314404,1159.50239085,1146.848965,1149.388114,2247019.0
2020-05-27,1150.234497,1151.08088,1128.228539,1132.460454,2677741.0
2020-05-28,1132.43506251,1140.02711802,1118.18197279,1137.538752,2648591.0
2020-05-29,1127.4667943,1159.52778234,1127.4667943,1156.6670078,3044435.0
2020-06-01,1168.854923,1201.9484983,1168.854923,1201.4406685,3547976.0
2020-06-02,1198.48679183,1208.5502857,1190.57311078,1194.00096193,2596010.0
2020-06-03,1197.631945,1199.7479025,1181.35599991,1184.3437319,2355736.0
2020-06-04,1181.550668,1194.246413,1181.550668,1191.69880017,1803741.0
2020-06-05,1189.37971075,1209.37974104,1185.85029364,1206.095775,1834706.0
2020-06-08,1206.095775,1214.559605,1186.63742983,1190.0991363,2930045.0
2020-06-09,1191.707264,1206.095775,1185.51174044,1198.94383865,2261191.0
2020-06-10,1206.095775,1213.14614539,1199.324711,1204.96162178,2270074.0
2020-06-11,1194.25487683,1200.16263017,1182.38858717,1185.32553618,3071171.0
2020-06-12,1174.07710611,1198.79148971,1170.81006773,1198.79148971,2842742.0
2020-06-15,1186.628966,1194.7542428,1168.854923,1170.547689,3461541.0
2020-06-16,1183.6666255,1196.785562,1179.12154879,1188.22016604,2920664.0
2020-06-17,1194.97430238,1195.0081577,1180.72121266,1189.168115,1945307.0
2020-06-18,1189.0834767,1196.1084556,1185.0208383,1195.939179,2101041.0
2020-06-19,1201.86386,1223.1927116,1197.7165833,1218.65609872,3895833.0
2020-06-22,1214.6442433,1222.08394987,1213.0361156,1217.945137,2324700.0
2020-06-23,1214.559605,1254.339606,1213.30695816,1247.9917335,3393426.0
2020-06-24,1253.2323812,1255.03910457,1237.305815,1250.15838267,2513899.0
2020-06-29,1239.874616,1255.287422,1230.46424167,1252.86418639,2808061.0
2020-06-30,1252.82137304,1257.83909766,1245.97123704,1252.61586896,2244614.0
2020-07-01,1256.999956,1289.6237287,1253.59201334,1279.49409009,3868249.0
2020-07-02,1283.544233,1327.9844903,1280.119165,1322.076248,4588372.0
2020-07-03,1327.21385,1329.3545175,1298.85428696,1320.18389793,3512581.0
2020-07-06,1316.938646,1383.727472,1311.63835327,1370.0272,5182196.0
2020-07-07,1372.67306503,1494.03178694,1370.883467,1445.378696,6666393.0
2020-07-08,1438.52856,1471.922973,1421.40322,1439.67595778,5316998.0
2020-07-09,1447.947497,1465.929104,1440.241094,1460.791502,3503324.0
2020-07-10,1446.234963,1486.9932722,1446.18358698,1467.51319795,3710044.0
2020-07-13,1468.22389956,1530.149129,1468.22389956,1525.85923133,6072716.0
2020-07-14,1525.85923133,1525.89348201,1497.0972228,1508.742454,4609351.0
2020-07-15,1494.08316296,1526.3815542,1493.93759757,1500.63360551,4071294.0
2020-07-16,1481.26484597,1481.26484597,1370.0272,1382.014938,10224219.0
2020-07-17,1387.15254,1432.18362153,1387.15254,1411.17082935,6590206.0
2020-07-20,1414.9812175,1424.81972533,1360.50551096,1401.67482832,4528033.0
2020-07-21,1409.96349288,1458.0514476,1396.56291433,1428.253356,4196950.0
2020-07-22,1419.690686,1464.21657,1419.690686,1436.88452736,3920121.0
2020-07-23,1431.678424,1447.947497,1412.84055,1435.103492,3432052.0
2020-07-24,1416.99344495,1426.540822,1357.183195,1366.0027451,7875201.0
2020-07-27,1383.73603467,1395.5439566,1370.0272,1389.33602085,3878817.0
2020-07-28,1395.71521,1438.52856,1395.71521,1429.96589,5491152.0
2020-07-29,1447.09123,1447.09123,1398.284011,1431.678424,5074843.0
2020-07-30,1430.9934104,1456.15909753,1430.3940235,1438.52856,3837304.0
2020-07-31,1442.809895,1459.935235,1409.415482,1436.97015406,4068474.0
2020-08-03,1444.41967696,1452.72546686,1421.40322,1428.253356,3466114.0
2020-08-04,1434.247225,1441.08879833,1421.40322,1429.95732733,3194051.0
2020-08-05,1423.19281803,1432.61175503,1407.11212377,1428.253356,2552169.0
2020-08-06,1429.96589,1433.41664601,1395.71521,1402.53109532,3264878.0
2020-08-07,1408.36227359,1412.55798189,1368.7427995,1396.571477,3424205.0
2020-08-10,1393.97698799,1408.52496432,1376.97152537,1399.13171533,2362354.0
2020-08-11,1404.27788,1426.90901681,1404.27788,1406.42711017,3581818.0
2020-08-12,1398.284011,1405.134147,1374.52260175,1393.10359565,2793392.0
2020-08-13,1395.71521,1403.31886096,1377.733603,1399.996545,2054134.0
2020-08-14,1404.1922533,1426.2839419,1396.571477,1422.259487,3765318.0
2020-08-17,1433.390958,1459.37866145,1429.96589,1447.09123,4357201.0
2020-08-18,1453.41048046,1472.77924,1447.947497,1459.935235,3042281.0
2020-08-19,1455.6539,1470.210439,1441.08879833,1444.522429,2691498.0
2020-08-20,1433.390958,1437.672293,1417.978152,1424.828288,2238233.0
2020-08-21,1432.534691,1453.941366,1430.822157,1435.103492,2508241.0
2020-08-24,1455.6539,1462.504036,1447.95605967,1452.52852545,3093344.0
2020-08-25,1459.7639816,1495.71007026,1454.48081421,1478.773109,4187249.0
2020-08-26,1484.766978,1494.185915,1468.51503034,1478.773109,2621573.0
2020-08-27,1483.04588133,1484.74985266,1459.935235,1482.198177,2263553.0
2020-08-28,1482.198177,1510.454988,1474.0636405,1504.461119,4229962.0
2020-08-31,1516.08922486,1554.980872,1516.08922486,1529.7209955,4781036.0
2020-09-01,1534.430464,1542.993134,1519.88248767,1542.97600866,3163992.0
2020-09-02,1562.687275,1565.256076,1515.59259,1536.999265,3200929.0
2020-09-03,1536.999265,1551.555804,1523.8983799,1535.286731,3043735.0
2020-09-04,1512.167522,1521.57789633,1495.042182,1515.59259,3085796.0
2020-09-07,1507.02992,1522.43416333,1459.05327999,1475.7761745,3111202.0
2020-09-08,1483.054444,1488.0207926,1436.01969769,1465.4153438,3447238.0
2020-09-09,1455.37133189,1465.072837,1438.56281068,1445.378696,2596355.0
2020-09-10,1458.85633858,1472.77924,1455.6539,1460.6202486,2477833.0
2020-09-11,1445.378696,1486.479512,1445.378696,1483.910711,3108800.0
2020-09-14,1494.185915,1514.736323,1481.83854486,1512.167522,3105601.0
2020-09-15,1515.58402733,1515.58402733,1496.54064925,1507.02992,2082087.0
2020-09-16,1507.02992,1511.14856427,1471.922973,1477.1462017,2251598.0
2020-09-17,1455.6539,1455.6539,1419.690686,1430.41114884,6367985.0
2020-09-18,1425.684555,1451.372565,1400.00510767,1451.372565,4720140.0
2020-09-21,1449.45452692,1449.45452692,1427.10595822,1427.2258356,2244407.0
2020-09-22,1412.84055,1444.50530366,1412.84055,1426.27537923,2326547.0
2020-09-23,1399.996545,1426.54938467,1388.02593234,1412.82342466,3572552.0
2020-09-24,1400.82712399,1420.44420096,1392.9751556,1395.13294844,3005078.0
2020-09-25,1395.71521,1412.84055,1391.433875,1400.09073437,2258296.0
2020-09-28,1400.15923573,1428.6814895,1400.15923573,1422.259487,2423222.0
2020-09-29,1429.39219111,1429.4521298,1414.8099641,1414.8099641,1743078.0
2020-09-30,1421.40322,1448.7181373,1421.40322,1428.6814895,2708781.0
2020-10-09,1448.803764,1461.15113414,1445.378696,1452.228832,3423988.0
2020-10-12,1455.6539,1498.98957287,1455.6539,1498.98957287,4372904.0
2020-10-13,1498.99813554,1498.99813554,1485.623245,1489.048313,2294389.0
2020-10-14,1489.90458,1495.88132366,1477.916842,1480.485643,2048139.0
2020-10-15,1473.74682171,1485.623245,1473.635507,1477.060575,1620436.0
2020-10-16,1477.060575,1485.26361286,1458.222701,1465.929104,1737738.0
2020-10-19,1477.060575,1484.74985266,1448.7181373,1454.797633,1922632.0
2020-10-20,1455.64533733,1485.59755699,1451.372565,1484.766978,2773493.0
2020-10-21,1484.8526047,1491.74555405,1475.348041,1484.19327911,1890137.0
2020-10-22,1481.34191,1494.185915,1468.93460117,1492.0452475,2248087.0
2020-10-23,1490.57246826,1496.40364653,1467.641638,1468.78047311,1929169.0
2020-10-26,1386.296273,1423.90351964,1370.0272,1406.846681,6601529.0
2020-10-27,1406.846681,1407.702948,1383.83022404,1391.433875,4394440.0
2020-10-28,1392.290142,1435.959759,1391.50237636,1425.52186427,3463653.0
2020-10-29,1416.98488228,1462.504036,1410.271749,1435.103492,3937376.0
2020-10-30,1436.816026,1452.228832,1425.684555,1429.98301534,2605545.0
2020-11-02,1434.247225,1451.372565,1431.678424,1433.39952067,2106643.0
2020-11-03,1442.80133233,1460.7058753,1434.6753585,1451.372565,2349749.0
2020-11-04,1455.6539,1459.078968,1442.809895,1455.29426786,1644371.0
2020-11-05,1470.210439,1483.46545216,1466.0147307,1474.4061473,2352414.0
2020-11-06,1481.81285685,1482.70337453,1447.09123,1456.18478554,2305153.0
2020-11-09,1456.83554846,1499.04951156,1456.18478554,1492.10518619,4146970.0
2020-11-10,1500.96754964,1510.86599616,1486.479512,1494.185915,3018944.0
2020-11-11,1494.185915,1522.0145925,1482.198177,1482.49787045,3485073.0
2020-11-12,1481.35047267,1498.46725,1474.72296609,1485.44342893,2347309.0
2020-11-13,1476.204308,1480.38289096,1447.947497,1459.935235,2815548.0
2020-11-16,1465.072837,1481.38472335,1453.30772842,1481.38472335,3061349.0
2020-11-17,1489.90458,1491.91680745,1456.57010569,1469.1829186,2522403.0
2020-11-18,1468.497905,1473.23306151,1441.23436372,1450.21660455,3517895.0
2020-11-19,1442.3817615,1477.060575,1439.0423202,1472.94193073,2781576.0
2020-11-20,1472.77924,1486.479512,1466.48567755,1472.74498932,2187466.0
2020-11-23,1516.45741967,1549.7576433,1516.45741967,1532.89774607,6663724.0
2020-11-24,1515.58402733,1526.2959275,1499.72596249,1510.0268545,3246536.0
2020-11-25,1508.3143205,1514.63357096,1476.204308,1478.67035696,2822632.0
2020-11-26,1477.916842,1489.89601733,1477.21470306,1485.10092213,2322830.0
2020-11-27,1483.61958022,1489.93026801,1471.066706,1488.1064193,2156861.0
2020-11-30,1485.623245,1488.9626863,1467.56457397,1467.56457397,3194007.0
2020-12-01,1477.916842,1489.03975033,1472.78780267,1487.335779,2819620.0
2020-12-02,1495.042182,1497.610983,1482.198177,1488.20060867,2357169.0
2020-12-03,1488.20060867,1503.31372122,1483.1400707,1497.610983,2950578.0
2020-12-04,1500.179784,1541.3662267,1500.179784,1535.38092037,6249119.0
2020-12-07,1543.5925209,1575.86522413,1541.75154685,1551.8983108,5833133.0
2020-12-08,1554.124605,1605.500625,1552.412071,1584.09395,6145400.0
2020-12-09,1597.75140865,1597.794222,1574.675013,1575.53128,3115212.0
2020-12-10,1575.53128,1583.89700859,1565.256076,1569.4517843,3265354.0
2020-12-11,1571.06156626,1573.23648444,1545.39924427,1558.40594,3077579.0
2020-12-14,1565.05913459,1566.95148466,1554.124605,1566.112343,3305200.0
2020-12-15,1569.9655445,1573.15085774,1545.561935,1554.98943467,2960497.0
2020-12-16,1567.3967435,1580.38631389,1558.58575607,1575.53128,3215016.0
2020-12-17,1580.2407485,1599.506756,1575.53128,1597.37465117,3603064.0
2020-12-18,1585.64379327,1600.37158567,1576.45604836,1579.812615,2707698.0
2020-12-21,1575.53128,1585.14715841,1573.4762392,1577.6719475,3069672.0
2020-12-22,1584.06826199,1626.04247033,1577.68051017,1610.638227,4065060.0
2020-12-23,1625.18620333,1632.2161554,1559.27933234,1576.94412055,4770609.0
2020-12-24,1556.693406,1591.69760096,1537.01639034,1567.25974078,3785714.0
2020-12-25,1543.84083833,1581.525149,1541.2806,1566.96861,2308805.0
2020-12-28,1564.0573022,1617.3171096,1563.58635535,1603.788091,3008037.0
2020-12-29,1603.788091,1615.6045756,1588.375285,1598.650489,2286759.0
2020-12-30,1601.21929,1655.164111,1601.21072733,1655.164111,3445210.0
2020-12-31,1662.014247,1711.66060766,1660.301713,1710.821466,3886007.0
2021-01-04,1712.51687466,1716.80677233,1698.67103727,1709.965199,4351400.0
2021-01-05,1703.97133,1763.43907315,1697.51507682,1763.43907315,5211605.0
2021-01-06,1768.0201016,1819.567375,1743.38530001,1798.1607,4741020.0
2021-01-07,1795.591899,1832.41138,1776.754025,1832.41138,3793139.0
2021-01-08,1834.123914,1841.72756496,1766.49594634,1789.59803,5386164.0
2021-01-11,1789.59803,1841.4021835,1762.7112462,1797.92950791,5107990.0
2021-01-12,1787.885496,1850.3073603,1785.316695,1850.3073603,4105859.0
2021-01-13,1852.961788,1860.95075911,1828.130045,1852.961788,3438993.0
2021-01-14,1846.111652,1852.105521,1811.95516137,1827.273778,3615220.0
2021-01-15,1811.004705,1827.57347145,1737.365743,1782.747894,5950939.0
2021-01-18,1764.81766302,1790.86530516,1747.01587209,1766.478821,3914404.0
2021-01-19,1775.13568037,1794.9925121,1718.39942895,1720.59147247,4634519.0
2021-01-20,1719.384136,1760.04825583,1697.5493275,1747.32412821,4508242.0
2021-01-21,1753.634816,1789.61515534,1747.640947,1772.47269,3831017.0
2021-01-22,1771.616423,1798.1607,1763.9956467,1780.99254665,2924761.0
2021-01-25,1783.604161,1866.2339265,1783.604161,1862.380725,5595716.0
2021-01-26,1870.943395,1872.655929,1819.66156437,1834.02972463,3174746.0
2021-01-27,1834.02972463,1834.02972463,1785.316695,1788.741763,3712017.0
2021-01-28,1781.03536,1806.43223922,1763.92714534,1787.885496,3512864.0
2021-01-29,1799.17965773,1840.52879116,1789.78640874,1812.01510006,3370133.0
2021-02-01,1823.84871,1849.53672,1793.879365,1806.14110844,2934059.0
2021-02-02,1808.62428274,1840.96548733,1799.9588607,1836.692715,3458225.0
2021-02-03,1840.97405,1882.30605809,1832.41138,1875.14766597,3871415.0
2021-02-04,1876.080997,1995.10211,1876.080997,1987.26726695,6385101.0
2021-02-05,1990.820775,2024.7289482,1961.707697,1980.545571,3972906.0
2021-02-08,2001.095979,2036.95644096,1980.545571,2028.3252696,3578573.0
2021-02-09,2028.3252696,2103.35994681,2012.22745,2103.35994681,3329655.0
2021-02-10,2127.823495,2227.3217204,2127.823495,2227.150467,6137057.0
2021-02-18,2216.00187066,2250.16692396,2110.698155,2115.835757,6591232.0
2021-02-19,2098.84741972,2137.80756822,2039.2854872,2106.41682,5938546.0
2021-02-22,2102.135485,2102.135485,1950.76460474,1959.15602134,7893547.0
2021-02-23,1939.56463238,2007.85192563,1939.444755,1975.407969,5745460.0
2021-02-24,1976.25567333,1984.826906,1849.9648535,1874.368463,8211578.0
2021-02-25,1891.493803,1904.7659415,1816.32212307,1840.97405,5972643.0
2021-02-26,1798.1607,1866.61924665,1770.1607691,1817.66646226,6652506.0
2021-03-01,1865.805793,1865.805793,1815.28604,1847.824186,4491626.0
2021-03-02,1866.66206,1866.66206,1740.790811,1762.197486,7076450.0
2021-03-03,1746.78468,1840.77710859,1740.790811,1832.41138,5421546.0
2021-03-04,1793.879365,1794.735632,1721.1822967,1740.790811,6508829.0
2021-03-05,1712.534,1793.879365,1702.258796,1764.00420937,6377920.0
2021-03-08,1776.71977432,1785.316695,1678.28332,1678.28332,6309959.0
2021-03-09,1674.001985,1712.534,1627.06142806,1658.58061633,8226581.0
2021-03-10,1692.839859,1712.42268529,1684.277189,1686.85455267,5117174.0
2021-03-11,1691.127325,1781.02679733,1679.55059516,1753.634816,5676897.0
2021-03-12,1772.47269,1778.466559,1714.25509667,1734.796942,4032251.0
2021-03-15,1755.34735,1772.3014366,1670.70535705,1691.51264515,6248487.0
2021-03-16,1691.06738631,1729.65077733,1682.564655,1721.5248035,3464850.0
2021-03-17,1712.534,1755.34735,1691.99215467,1738.53026612,3137491.0
2021-03-18,1742.503345,1786.48121812,1742.503345,1772.2158099,3386488.0
2021-03-19,1742.503345,1749.353481,1705.88080541,1721.09667,3578077.0
2021-03-22,1712.6196267,1734.87400603,1674.47293185,1703.96276733,3691407.0
2021-03-23,1711.57498096,1720.0691496,1686.84599,1709.108932,2744619.0
2021-03-24,1696.264927,1723.665471,1696.264927,1703.115063,2935739.0
2021-03-25,1686.85455267,1703.01231096,1666.9805956,1687.702257,3157523.0
2021-03-26,1699.689995,1731.371874,1676.570786,1723.665471,5001642.0
2021-03-29,1749.5247344,1795.03532545,1734.92538205,1741.7327047,5699220.0
2021-03-30,1746.78468,1786.172962,1742.57184636,1760.52776535,3262697.0
2021-03-31,1751.1516417,1751.93940734,1712.534,1720.240403,3715441.0
2021-04-01,1730.515607,1752.6072956,1713.57864574,1750.6378815,2658763.0
2021-04-02,1760.484952,1853.818055,1760.484952,1851.249254,5202757.0
2021-04-06,1850.392987,1851.23212866,1800.1301141,1820.44933001,3274177.0
2021-04-07,1801.63714402,1812.9741191,1755.34735,1764.766287,4020097.0
2021-04-08,1752.80423701,1780.179093,1750.209748,1772.47269,2854762.0
2021-04-09,1748.497214,1758.772418,1716.82389767,1729.65934,2880886.0
2021-04-12,1721.952937,1738.22201,1705.4269839,1720.14621363,3194307.0
2021-04-13,1729.65934,1755.1760966,1720.240403,1730.515607,2899215.0
2021-04-14,1742.503345,1753.634816,1726.234272,1752.778549,2411465.0
2021-04-15,1738.9926503,1752.6929223,1703.97133,1725.8917652,3436621.0
2021-04-16,1734.00917636,1770.760156,1722.809204,1759.61155966,3029370.0
2021-04-19,1759.628685,1796.75642212,1740.790811,1787.885496,3175391.0
2021-04-20,1773.4145837,1822.992443,1772.47269,1793.7081116,2829037.0
2021-04-21,1777.610292,1796.2769126,1768.2769817,1781.03536,2614975.0
2021-04-22,1789.5124033,1797.304433,1756.6317505,1760.0568185,2685002.0
2021-04-23,1760.45926399,1815.18328796,1757.4880175,1805.81572698,3346277.0
2021-04-26,1825.561244,1828.130045,1775.5552512,1779.16869794,3404511.0
2021-04-27,1787.09773036,1794.09343175,1768.26841903,1793.39985548,2210785.0
2021-04-28,1721.09667,1753.2066825,1715.102801,1748.497214,8134295.0
2021-04-29,1752.81279968,1755.29597398,1724.521738,1735.10519812,4128378.0
2021-04-30,1734.796942,1743.359612,1715.71075057,1718.33949026,3840137.0
2021-05-06,1712.534,1718.39086628,1672.289451,1677.427053,5354614.0
2021-05-07,1682.564655,1685.11633066,1627.763567,1629.476101,5249339.0
2021-05-10,1626.9073,1634.613703,1597.80278467,1608.95138101,4600318.0
2021-05-11,1606.356892,1683.420922,1604.0449711,1677.427053,4249412.0
2021-05-12,1668.93288436,1711.677733,1668.864383,1698.833728,3269887.0
2021-05-13,1683.20685525,1699.73280835,1672.289451,1688.1303905,2507751.0
2021-05-14,1697.121194,1738.6501435,1691.983592,1720.96822995,3561129.0
2021-05-17,1734.0263017,1785.4879484,1734.0263017,1762.16323532,4452400.0
2021-05-18,1768.191355,1778.466559,1751.11739102,1763.31919577,1750428.0
2021-05-19,1763.053753,1776.59133427,1746.78468,1754.491083,2240972.0
2021-05-20,1775.897758,1775.9833847,1751.37427112,1762.95100096,2185716.0
2021-05-21,1759.69718636,1780.93260796,1744.23300434,1748.5828407,2424823.0
2021-05-24,1756.203617,1781.08673602,1739.078277,1773.57727443,3254808.0
2021-05-25,1785.316695,1883.8730267,1785.316695,1879.0779315,6775695.0
2021-05-26,1890.62041066,1919.5793606,1877.86203236,1900.91274,3860420.0
2021-05-27,1893.22346234,1986.53944,1884.7292937,1922.319415,4537338.0
2021-05-28,1918.86865899,1926.60075,1888.50543117,1909.47541,2580731.0
2021-05-31,1897.0595385,1899.49989945,1859.811924,1899.200206,3173900.0
2021-06-01,1902.625274,1925.70166965,1888.925002,1918.85153365,3061634.0
2021-06-02,1926.60075,1938.588488,1890.79166406,1902.625274,2286277.0
2021-06-03,1900.91274,1935.45455078,1892.41857136,1902.81365274,2345031.0
2021-06-04,1896.631405,1959.138896,1895.80938868,1927.8851505,3142219.0
2021-06-07,1939.444755,1951.432493,1918.04664267,1944.582357,2546627.0
2021-06-08,1935.16342,1952.28019733,1850.52142705,1876.080997,4731363.0
2021-06-09,1876.937264,1895.775138,1849.63090937,1883.3592665,2550235.0
2021-06-10,1879.506065,1927.77383579,1875.29323136,1916.73655416,2556663.0
2021-06-11,1917.181813,1921.463148,1865.64310227,1865.64310227,3397066.0
2021-06-15,1879.5916917,1891.39105096,1839.261516,1877.793531,2936130.0
2021-06-16,1876.937264,1879.506065,1839.261516,1847.824186,2759315.0
2021-06-17,1845.81195855,1873.512196,1836.14470412,1846.89085497,2106753.0
2021-06-18,1838.405249,1846.5397855,1768.191355,1790.40292098,5402821.0
2021-06-21,1785.316695,1797.89525723,1755.34735,1782.43963788,3548826.0
2021-06-22,1791.310564,1796.448166,1758.67822863,1776.72833699,3322818.0
2021-06-23,1781.03536,1783.604161,1741.77551805,1745.072146,3707901.0
2021-06-24,1746.79324267,1781.03536,1730.515607,1770.80296935,3147370.0
2021-06-25,1771.83987684,1822.869861,1765.4784154,1808.176268,3587543.0
2021-06-28,1815.0909,1830.648822,1791.754017,1817.69253029,2745242.0
2021-06-29,1822.005532,1828.055835,1772.738779,1782.246398,3303063.0
2021-06-30,1784.839385,1792.618346,1768.6764327,1777.6654543,2191566.0
2021-07-01,1780.49181013,1823.73419,1755.9707964,1819.412545,3370124.0
2021-07-02,1793.482675,1793.482675,1738.5977835,1739.894277,4627531.0
2021-07-05,1728.658,1745.84086052,1715.693065,1723.472026,3442095.0
2021-07-06,1724.336355,1740.758606,1694.09348329,1739.8078441,3528251.0
2021-07-07,1737.30129,1753.61982152,1727.80231429,1732.115316,2812212.0
2021-07-08,1728.7444329,1732.115316,1700.999472,1715.693065,3551669.0
2021-07-09,1697.99160708,1716.47960439,1681.119905,1704.55186419,3090790.0
2021-07-12,1707.52515595,1727.60351862,1677.2304245,1694.949169,3901024.0
2021-07-13,1700.999472,1733.4118095,1698.406485,1713.8779741,2992471.0
2021-07-14,1706.185446,1706.6176105,1681.119905,1695.813498,3077069.0
2021-07-15,1689.78048158,1739.894277,1685.9601474,1726.92069871,4219005.0
2021-07-16,1711.37142,1725.7192814,1685.44155,1690.5410911,3540764.0
2021-07-19,1690.53244781,1716.557394,1677.662589,1707.049775,3005234.0
2021-07-20,1707.049775,1719.08987797,1695.30354389,1711.37142,2347521.0
2021-07-21,1719.150381,1733.843974,1695.82214129,1701.863801,2978013.0
2021-07-22,1694.08484,1706.0990131,1675.89935784,1676.80690329,3909047.0
2021-07-23,1674.91402278,1674.91402278,1637.98124461,1642.2251,4758547.0
2021-07-26,1624.074191,1624.074191,1538.50562,1559.34459219,9861948.0
2021-07-27,1558.385187,1564.43549,1471.952287,1480.50050081,8657699.0
2021-07-28,1471.952287,1545.5931178,1453.90509748,1528.9115681,8536884.0
2021-07-29,1564.44413329,1575.671767,1499.04035786,1512.39424091,6386385.0
2021-07-30,1490.967525,1490.967525,1432.85004304,1451.19974771,7773589.0
2021-08-02,1438.243456,1517.74443742,1400.83529688,1516.897395,9740065.0
2021-08-03,1495.28917,1528.98935771,1459.6788152,1511.9707197,5437475.0
2021-08-04,1498.79834574,1521.21904,1484.917222,1490.103196,3817549.0
2021-08-05,1463.20527752,1508.254105,1448.92656244,1468.494971,4805969.0
2021-08-06,1459.851681,1464.18196929,1423.2041314,1444.293759,4568610.0
2021-08-09,1427.007179,1477.138261,1426.14285,1464.0004602,4769775.0
2021-08-10,1469.3593,1558.28146752,1447.751075,1554.927871,8328505.0
2021-08-11,1538.51426329,1542.83590829,1512.58439329,1513.0079145,3866259.0
2021-08-12,1497.017828,1511.711421,1457.42291651,1460.71601,4755097.0
2021-08-13,1460.71601,1480.595577,1451.208391,1469.39387316,3790452.0
2021-08-16,1465.901984,1481.1141744,1456.46351132,1468.6678368,2805697.0
2021-08-17,1469.3593,1469.3593,1407.88822152,1413.177915,6120077.0
2021-08-18,1404.24075314,1420.08390371,1382.9264,1400.21298,5997026.0
2021-08-19,1402.13179038,1420.2654128,1382.9264,1400.18705013,4129195.0
2021-08-20,1344.17853093,1380.80879395,1318.5338895,1337.981292,11454454.0
2021-08-23,1329.23428252,1382.062071,1328.27487733,1357.16075251,7159720.0
2021-08-24,1361.318175,1419.70359895,1353.34041833,1404.69020422,7259447.0
2021-08-25,1424.10303356,1452.82468623,1420.092547,1439.12507158,5423890.0
2021-08-26,1439.09914171,1439.09914171,1378.36274288,1378.604755,5402037.0
2021-08-27,1373.418781,1404.534625,1369.1835689,1379.49501387,3609545.0
2021-08-30,1387.248045,1394.162677,1336.20941755,1370.825794,5158770.0
2021-08-31,1374.1102442,1397.05817915,1344.1180279,1346.624582,4367709.0
2021-09-01,1347.488911,1413.16927171,1323.3741319,1401.95028129,7731610.0
2021-09-02,1411.44061371,1420.092547,1383.69565281,1399.1757852,4283679.0
2021-09-03,1391.58697658,1434.60463091,1367.368478,1433.24763438,5283518.0
2021-09-06,1425.278521,1476.41222464,1405.52860335,1444.00853043,5533806.0
2021-09-07,1435.67639887,1455.94491392,1427.007179,1442.565101,3121122.0
2021-09-08,1434.78614,1444.44933822,1407.19675832,1411.5356899,3306367.0
2021-09-09,1405.398954,1421.821205,1403.67893929,1412.38273232,1995013.0
2021-09-10,1412.38273232,1442.3922352,1411.449257,1437.01610882,3338811.0
2021-09-13,1439.107785,1455.530036,1417.5859929,1429.600166,2772002.0
2021-09-14,1433.921811,1454.665707,1428.735837,1432.193153,3376061.0
2021-09-15,1426.14285,1434.78614,1391.56969,1396.53093846,4157005.0
2021-09-16,1385.519387,1420.956876,1369.961465,1415.83140503,4596802.0
2021-09-17,1400.21298,1474.1995424,1400.21298,1457.258694,5513025.0
2021-09-22,1433.77487507,1458.987352,1413.177915,1415.50296001,3174300.0
2021-09-23,1415.770902,1431.22510452,1404.60377132,1413.177915,3034181.0
2021-09-24,1407.127612,1486.62859342,1407.127612,1464.173326,6953660.0
2021-09-27,1512.57575,1610.5906586,1512.57575,1603.330295,12686892.0
2021-09-28,1597.279992,1607.65194,1551.470555,1574.85929774,4922105.0
2021-09-29,1563.571161,1594.69564829,1543.6051611,1573.07878,4329065.0
2021-09-30,1571.50570122,1599.19880238,1558.7309186,1581.72207,4053929.0
2021-10-08,1575.17045618,1623.209862,1562.04129867,1590.0196284,4745196.0
2021-10-11,1589.94183879,1633.4953771,1582.59504229,1613.80596248,3767557.0
2021-10-12,1612.837914,1622.345533,1592.45703618,1617.15091571,3060642.0
2021-10-13,1616.29523,1685.39833355,1609.380598,1668.0685371,5014261.0
2021-10-14,1667.23013797,1678.3540522,1638.767784,1651.732719,2662255.0
2021-10-15,1633.6682429,1668.14632671,1633.6682429,1656.89276313,2856078.0
2021-10-18,1631.853152,1631.853152,1544.555923,1555.7922,6965202.0
2021-10-19,1555.7922,1589.3281652,1555.68848052,1566.31972722,4031456.0
2021-10-20,1584.315057,1598.8357842,1560.98681729,1591.229689,2866339.0
2021-10-21,1591.3161219,1607.65194,1580.857741,1593.822676,2301870.0
2021-10-22,1603.330295,1660.38465229,1602.465966,1643.089429,3596260.0
2021-10-25,1624.93852,1629.26880829,1605.923282,1618.91414687,3246133.0
2021-10-26,1611.13518587,1624.06554771,1593.822676,1608.55948545,2113026.0
2021-10-27,1600.9966067,1606.1825807,1555.8786329,1572.214451,3464729.0
2021-10-28,1577.5732908,1593.63252362,1557.520858,1577.82394621,2949093.0
2021-10-29,1577.400425,1597.279992,1567.028477,1578.33390032,2877586.0
2021-11-01,1538.50562,1578.5240527,1521.21904,1558.385187,4168998.0
2021-11-02,1552.9399143,1594.01282838,1545.420252,1559.80268656,3250024.0
2021-11-03,1555.7922,1564.41820342,1522.24759151,1525.540685,2782931.0
2021-11-04,1536.72510226,1569.621464,1529.36101918,1559.4223818,3113043.0
2021-11-05,1559.43102509,1594.67836171,1559.43102509,1573.02692026,2707723.0
2021-11-08,1573.07878,1582.4135332,1557.56407445,1573.1652129,1770572.0
2021-11-09,1573.06149342,1579.88104923,1540.234278,1547.15755329,2735192.0
2021-11-10,1547.15755329,1551.470555,1499.610815,1516.02442271,3534877.0
2021-11-11,1515.10823397,1529.5165984,1505.2289535,1529.5165984,2265187.0
2021-11-12,1536.776962,1542.87048145,1526.97547114,1533.12949362,1760663.0
2021-11-15,1533.04306072,1541.962936,1512.57575,1522.20437506,2494735.0
2021-11-16,1528.133672,1571.350122,1525.540685,1562.706832,3352624.0
2021-11-17,1560.113845,1573.5109445,1547.15755329,1551.470555,2450546.0
2021-11-18,1539.56010138,1561.842503,1529.86233,1548.877568,1952089.0
2021-11-19,1550.77044851,1598.144321,1545.5931178,1580.34778689,3115559.0
2021-11-22,1598.144321,1650.004061,1597.279992,1602.69933483,4257268.0
2021-11-23,1600.737308,1656.918693,1600.737308,1639.13944547,4578220.0
2021-11-24,1642.2251,1699.270814,1639.632113,1677.662589,5451235.0
2021-11-25,1688.034537,1716.7302598,1682.20031625,1690.65345387,3975288.0
2021-11-26,1698.25954907,1700.135143,1663.833325,1677.67123229,3265557.0
2021-11-29,1694.08484,1720.01471,1686.37502532,1715.693065,4239934.0
2021-11-30,1716.0387966,1719.9282771,1665.9941475,1668.82050333,3692487.0
2021-12-01,1685.44155,1694.04162355,1658.66463758,1670.73931371,2625440.0
2021-12-02,1676.79826,1678.65656735,1659.1659484,1671.612286,2042182.0
2021-12-03,1669.883628,1718.82193598,1669.06251545,1704.35306852,3581839.0
2021-12-06,1713.964407,1720.01471,1685.44155,1700.3944417,3106388.0
2021-12-07,1712.01102346,1718.17368923,1682.61519417,1690.51516123,3697989.0
2021-12-08,1698.30276552,1767.552805,1685.44155,1765.824147,6104807.0
2021-12-09,1776.14423526,1829.71534668,1767.552805,1803.46567495,6423918.0
2021-12-10,1780.51774,1811.44343162,1777.060424,1806.44761,4314822.0
2021-12-13,1861.764666,1884.23722,1830.648822,1830.8216878,6580656.0
2021-12-14,1830.8216878,1873.7788391,1815.0909,1858.30735,4044941.0
2021-12-15,1851.52236735,1871.22906855,1836.71641158,1845.342415,3007827.0
2021-12-16,1828.055835,1853.16459245,1803.18908967,1831.50450771,3721136.0
2021-12-17,1815.5230645,1822.005532,1759.773844,1772.4794803,4840318.0
2021-12-20,1772.4794803,1802.69642214,1764.095489,1779.61883784,3225769.0
2021-12-21,1767.552805,1788.40906377,1739.74734107,1761.6753678,2628589.0
2021-12-22,1763.23116,1783.110727,1763.23116,1770.145792,1743079.0
2021-12-23,1774.467437,1832.37748,1750.266225,1832.37748,3909854.0
2021-12-24,1857.33930152,1916.18281984,1857.33930152,1896.41561561,5612959.0
2021-12-27,1873.865272,1873.865272,1825.462848,1842.59384878,3755590.0
2021-12-28,1843.613757,1863.0611595,1829.4387614,1848.09098122,2765070.0
2021-12-29,1858.30735,1861.98074825,1764.095489,1764.095489,5404902.0
2021-12-30,1764.095489,1805.56599442,1752.859212,1793.482675,3526136.0
2021-12-31,1789.16103,1791.73673042,1752.859212,1771.87445,2966491.0
2022-01-04,1776.196095,1788.25348455,1740.758606,1772.93757467,3384262.0
2022-01-05,1767.552805,1784.839385,1744.215922,1749.401896,2839551.0
2022-01-06,1747.68188129,1759.773844,1675.51040979,1713.29023038,5179475.0
2022-01-07,1707.049775,1719.04666152,1676.21051628,1678.526918,2981669.0
2022-01-10,1666.43495529,1708.778433,1657.39407395,1699.270814,2962670.0
2022-01-11,1683.712892,1698.406485,1669.16623493,1677.27364095,2227664.0
2022-01-12,1683.712892,1710.3342252,1683.712892,1700.135143,2747410.0
2022-01-13,1698.25090578,1700.99082871,1612.45760924,1622.68262131,5674735.0
2022-01-14,1622.68262131,1636.174797,1610.244927,1613.702243,2932164.0
2022-01-17,1614.566572,1623.4691607,1586.33758686,1609.04350969,2735382.0
2022-01-18,1609.10401272,1649.87441165,1600.737308,1635.54383683,3121577.0
2022-01-19,1658.647351,1658.647351,1632.61376152,1652.597048,2637094.0
2022-01-20,1656.054364,1711.36277671,1656.054364,1702.31325208,3401391.0
2022-01-21,1694.08484,1723.03121821,1686.31452229,1715.68442171,3081258.0
2022-01-24,1689.763195,1714.828736,1669.39960376,1685.6144158,2398580.0
2022-01-25,1679.391247,1699.270814,1669.019299,1679.391247,2551012.0
2022-01-26,1678.56149116,1701.863801,1658.647351,1689.763195,2390513.0
2022-01-27,1729.53097229,1738.01003978,1687.170208,1698.406485,4266516.0
2022-01-28,1689.763195,1700.999472,1624.94716329,1630.988823,4102011.0
2022-02-07,1643.08078571,1653.94540124,1599.00865,1614.53199884,3515042.0
2022-02-08,1615.32718152,1618.77585423,1547.14891,1589.501031,4171306.0
2022-02-09,1589.57882061,1649.139732,1579.10315313,1638.75049742,3388479.0
2022-02-10,1642.2251,1647.3246411,1605.39604131,1618.888217,2303183.0
2022-02-11,1605.058953,1642.90791991,1591.229689,1598.98272013,3374649.0
2022-02-14,1590.36536,1622.345533,1588.04031499,1615.14567243,2019587.0
2022-02-15,1615.2580352,1651.732719,1606.787611,1634.11769398,2710586.0
2022-02-16,1642.2251,1648.275403,1631.853152,1635.78584895,1458685.0
2022-02-17,1642.75234069,1652.14759692,1625.802849,1630.98017971,1821366.0
2022-02-18,1622.89006027,1649.12244542,1612.54404214,1648.275403,1938549.0
2022-02-21,1642.2251,1648.1889701,1615.38768455,1622.33688971,2081573.0
2022-02-22,1607.66058329,1608.516269,1555.80948658,1562.59446923,5229881.0
2022-02-23,1565.65419389,1585.179386,1555.86134632,1579.13772629,2811161.0
2022-02-24,1562.706832,1567.88416271,1510.9335249,1524.77143219,6535925.0
2022-02-25,1534.183975,1562.94884412,1534.183975,1554.97973074,3897913.0
2022-02-28,1544.60778274,1553.199213,1527.269343,1547.4946416,2892303.0
2022-03-01,1557.520858,1610.73759453,1557.520858,1606.33815992,4737930.0
2022-03-02,1590.36536,1599.86433571,1577.400425,1594.58328552,2007448.0
2022-03-03,1595.3784682,1599.22473225,1550.606226,1555.7922,3154693.0
2022-03-04,1531.590988,1549.64682081,1516.9838279,1538.9377845,3104703.0
2022-03-07,1521.3919058,1528.133672,1472.6437502,1475.409603,4915581.0
2022-03-08,1521.20175342,1544.26205114,1497.017828,1515.3416028,5721546.0
2022-03-09,1524.7627889,1560.113845,1487.60528519,1537.79687022,5643442.0
2022-03-10,1562.706832,1573.943109,1548.013239,1550.97788747,3646178.0
2022-03-11,1526.405014,1535.912633,1484.98636832,1529.00664429,4772677.0
2022-03-14,1495.28917,1512.57575,1469.3593,1469.3593,4900661.0
2022-03-15,1426.14285,1456.394365,1385.519387,1385.519387,8905587.0
2022-03-16,1412.313586,1455.4436031,1376.876097,1447.70785855,7759281.0
2022-03-17,1486.64588,1516.897395,1479.43737614,1486.77552935,6835196.0
2022-03-18,1484.917222,1508.254105,1462.68668012,1476.09242291,3834868.0
2022-03-21,1490.103196,1491.52933885,1465.04629829,1473.0759147,2787716.0
2022-03-22,1489.99947652,1489.99947652,1457.54392257,1465.037655,2105404.0
2022-03-23,1473.680945,1529.86233,1466.766313,1514.46863051,5806739.0
2022-03-24,1502.203802,1503.93246,1484.35540815,1487.44970597,2581532.0
2022-03-25,1479.731248,1498.746486,1456.394365,1460.71601,2970866.0
2022-03-28,1404.534625,1438.9349192,1386.383716,1435.4776032,5754164.0
2022-03-29,1436.0826335,1462.0125035,1436.0826335,1440.836443,2593498.0
2022-03-30,1467.630642,1495.3756029,1465.037655,1495.3756029,4243343.0
2022-03-31,1486.64588,1502.7223994,1476.9653952,1485.781551,2517386.0
2022-04-01,1495.23731026,1549.741897,1488.10659601,1538.51426329,4486191.0
2022-04-06,1515.168737,1546.05121217,1515.168737,1525.540685,2781977.0
2022-04-07,1519.490382,1542.827265,1512.6621829,1525.540685,2019571.0
2022-04-08,1528.133672,1546.0252823,1526.87175166,1541.962936,2294132.0
2022-04-11,1529.86233,1529.86233,1474.57120387,1486.64588,4386359.0
2022-04-12,1494.424841,1545.39432213,1476.273932,1540.234278,4162956.0
2022-04-13,1527.269343,1551.470555,1513.50922532,1528.998001,3114766.0
2022-04-14,1545.420252,1586.8216111,1538.6784858,1563.571161,3764986.0
2022-04-15,1557.6937238,1571.350122,1552.23980781,1560.96953071,2104113.0
2022-04-18,1539.48231177,1554.063542,1528.133672,1547.85765978,1979315.0
2022-04-19,1555.7922,1584.30641371,1534.6161395,1547.4082087,2420476.0
2022-04-20,1557.25291601,1573.07878,1528.72141572,1553.199213,2415572.0
2022-04-21,1547.3217758,1560.978174,1529.86233,1538.48833342,2895261.0
2022-04-22,1523.812027,1545.31653252,1521.37461922,1532.455317,2789975.0
2022-04-25,1512.57575,1535.4804685,1471.087958,1476.273932,5365802.0
2022-04-26,1472.23751557,1511.69413442,1469.3593,1497.43270592,4456396.0
2022-04-27,1527.37306248,1564.43549,1527.37306248,1551.40140868,5740244.0
2022-04-28,1549.741897,1594.687005,1544.1237585,1586.043715,4401006.0
2022-04-29,1586.908044,1598.144321,1565.28253242,1580.32185702,3488527.0
2022-05-05,1581.72207,1616.29523,1580.84045442,1587.772373,3366094.0
2022-05-06,1568.74849171,1572.214451,1539.369949,1549.741897,2859618.0
2022-05-09,1538.50562,1538.50562,1502.203802,1514.304408,3035182.0
2022-05-10,1486.64588,1542.79269184,1473.68958829,1526.56923651,4011919.0
2022-05-11,1516.897395,1545.83512992,1514.304408,1528.133672,3031267.0
2022-05-12,1515.168737,1536.776962,1512.57575,1523.52679843,2203823.0
2022-05-13,1538.50562,1554.01168226,1526.405014,1536.98440096,2073052.0
2022-05-16,1553.199213,1553.199213,1506.24021843,1519.490382,2776531.0
2022-05-17,1529.75861052,1534.183975,1516.897395,1528.133672,2014474.0
2022-05-18,1533.02577414,1533.25049968,1506.54273358,1522.083369,2485044.0
2022-05-19,1508.254105,1518.626053,1503.068131,1517.761724,1977626.0
2022-05-20,1521.21039671,1556.78617835,1514.304408,1555.80084329,4194960.0
2022-05-23,1555.7922,1559.15443981,1531.590988,1539.369949,2215713.0
2022-05-24,1543.691594,1544.555923,1517.3295595,1521.21904,2734222.0
2022-05-25,1525.77405383,1531.590988,1509.982763,1517.33820279,2238869.0
2022-05-26,1522.083369,1522.083369,1495.28917,1506.3525812,2805344.0
2022-05-27,1521.21039671,1538.50562,1515.17738029,1517.03568764,2511958.0
2022-05-30,1526.405014,1547.62429095,1526.405014,1537.13133689,3446569.0
2022-05-31,1533.98517933,1568.6707021,1527.25205642,1559.27544587,4075082.0
2022-06-01,1557.520858,1568.56698262,1537.641291,1545.63633425,2176001.0
2022-06-02,1545.39432213,1552.1620182,1538.50562,1543.691594,1691473.0
2022-06-06,1547.14891,1551.470555,1519.490382,1545.420252,3674126.0
2022-06-07,1542.08394206,1577.400425,1530.13027199,1571.2636891,3504859.0
2022-06-08,1577.400425,1626.667178,1577.400425,1612.4921824,4435381.0
2022-06-09,1618.023888,1632.15566715,1598.144321,1601.601637,2632902.0
2022-06-10,1594.69564829,1648.275403,1586.043715,1642.7436974,4734462.0
2022-06-13,1633.58181,1635.310468,1597.34913832,1604.194624,3675518.0
2022-06-14,1585.179386,1620.97989318,1583.450728,1617.159559,2941623.0
2022-06-15,1616.29523,1646.546745,1610.23628371,1620.7033079,3366362.0
2022-06-16,1637.54908011,1648.81993027,1620.90210357,1622.345533,2688670.0
2022-06-17,1623.28765161,1687.170208,1623.28765161,1686.305879,5054161.0
2022-06-20,1685.44155,1702.72813,1668.15497,1678.54420458,3497478.0
2022-06-21,1684.577221,1700.12649971,1666.426312,1681.75950846,2371702.0
2022-06-22,1689.763195,1692.356182,1669.883628,1673.340944,1964665.0
2022-06-23,1679.1319483,1698.44105816,1676.79826,1691.5782859,2684352.0
2022-06-24,1702.72813,1745.94458,1698.406485,1736.44560429,3963465.0
2022-06-27,1745.89272026,1771.82259026,1728.9172987,1737.77667095,4011517.0
2022-06-28,1745.71985446,1764.095489,1729.522329,1759.773844,2524571.0
2022-06-29,1752.859212,1764.959818,1738.17426229,1754.58787,3036012.0
2022-06-30,1747.31,1814.581435,1747.30126345,1786.624475,3898243.0
2022-07-01,1795.361025,1806.51759935,1760.59829255,1772.68967775,2159645.0
2022-07-04,1764.79183655,1768.53107995,1748.19239155,1763.03579,2507589.0
2022-07-05,1769.3959984,1794.88051475,1756.04655,1776.14935155,2632940.0
2022-07-06,1775.26696,1781.382545,1735.07883,1749.05731,3275166.0
2022-07-07,1751.678275,1755.47867425,1734.21391155,1738.57345,2093177.0
2022-07-08,1751.678275,1760.31872295,1743.9551648,1746.436345,1564389.0
2022-07-11,1738.748181,1742.74078435,1704.0640775,1715.508958,2394921.0
2022-07-12,1716.732075,1723.546584,1686.2065693,1702.23813855,2344686.0
2022-07-13,1699.258975,1722.84766,1695.47604885,1711.39404295,1985377.0
2022-07-14,1712.3638,1727.041204,1695.764355,1706.248215,2052724.0
2022-07-15,1699.35507705,1747.0304304,1698.83088405,1703.1904225,3341623.0
2022-07-18,1705.6890758,1711.490145,1679.16491,1705.0775173,2422072.0
2022-07-19,1699.258975,1705.06878075,1682.65953,1697.5990305,2195603.0
2022-07-20,1711.27173125,1721.10035,1699.258975,1703.7146155,1870461.0
2022-07-21,1697.5990305,1708.7818145,1690.09433405,1694.017045,1406137.0
2022-07-22,1702.9457991,1714.11111,1690.522425,1701.006285,2511357.0
2022-07-25,1703.19915905,1705.6366565,1687.027805,1698.95319575,1691244.0
2022-07-26,1706.23947845,1716.70586535,1701.0237581,1703.81071755,2068510.0
2022-07-27,1696.63801,1701.87994,1674.796635,1677.068138,2148987.0
2022-07-28,1678.3786205,1693.14339,1653.5318723,1658.19719,3486986.0
2022-07-29,1655.6635905,1676.53520845,1640.8114555,1658.5815982,3703236.0
2022-08-01,1651.21668655,1666.93374,1643.5023129,1651.4700465,2103741.0
2022-08-02,1642.4714,1649.4431669,1623.25972655,1642.4539269,2822088.0
2022-08-03,1651.19921345,1663.43912,1639.850435,1646.839675,2459842.0
2022-08-04,1651.20795,1680.1259305,1642.58497515,1673.93171655,3035714.0
2022-08-05,1684.232109,1690.522425,1664.2254095,1680.8772738,2008584.0
2022-08-08,1673.18037325,1688.6702764,1666.50564905,1670.01774215,1679901.0
2022-08-09,1670.01774215,1676.53520845,1664.312775,1668.68105,1387461.0
2022-08-10,1668.6635769,1675.67029,1628.9996399,1638.97678,2792662.0
2022-08-11,1647.71333,1666.060085,1640.73282655,1665.9727195,2606149.0
2022-08-12,1665.9727195,1686.15415,1659.9445,1684.40684,2025983.0
2022-08-15,1677.8194813,1694.4538725,1673.52983525,1677.32149795,1932314.0
2022-08-16,1680.8598007,1689.46530245,1673.92298,1675.5305052,1483584.0
2022-08-17,1686.15415,1686.15415,1655.576225,1675.67029,1836063.0
2022-08-18,1666.93374,1671.3719074,1643.40621085,1656.0130525,2316777.0
2022-08-19,1658.19719,1667.23951925,1649.46064,1655.58496155,1354417.0
2022-08-22,1646.84841155,1666.060085,1643.6770439,1654.6850969,1542667.0
2022-08-23,1658.721383,1658.721383,1631.113885,1633.74358655,2375636.0
2022-08-24,1633.72611345,1638.30406565,1617.135405,1619.931101,1872761.0
2022-08-25,1624.124645,1649.46064,1619.931101,1646.839675,2192534.0
2022-08-26,1659.9445,1670.42836,1647.71333,1658.19719,2314195.0
2022-08-29,1645.092365,1659.91829035,1637.22947,1641.4404871,1356962.0
2022-08-30,1644.52448925,1646.839675,1619.931101,1633.73485,1823539.0
2022-08-31,1625.0856655,1682.2751218,1625.00703655,1680.91222,4469151.0
2022-09-01,1670.55940825,1673.92298,1643.24895295,1643.24895295,2684508.0
2022-09-02,1651.1555307,1653.7939688,1630.38875135,1638.103125,1939132.0
2022-09-05,1627.3047492,1632.861195,1590.0521,1603.156925,3682187.0
2022-09-06,1603.4714408,1614.689171,1594.420375,1611.893475,2083004.0
2022-09-07,1603.18313465,1605.4808473,1582.19794155,1588.31352655,2830616.0
2022-09-08,1590.0521,1600.53596,1585.683825,1585.683825,1659057.0
2022-09-09,1594.420375,1618.00906,1586.55748,1611.71000745,2708986.0
2022-09-13,1642.4714,1649.7926289,1623.45193065,1641.597745,2869309.0
2022-09-14,1628.50165655,1642.4714,1627.619265,1632.861195,1604157.0
2022-09-15,1633.73485,1653.9337536,1633.6999038,1642.4714,2081021.0
2022-09-16,1635.307429,1647.363868,1620.72612705,1624.124645,2412127.0
2022-09-19,1620.630025,1649.97609645,1618.7778764,1635.1676442,1858351.0
2022-09-20,1633.7173769,1646.490213,1623.73150025,1640.72409,1411630.0
2022-09-21,1639.56212885,1645.092365,1614.51444,1614.51444,2099454.0
2022-09-22,1607.5252,1608.4163281,1587.30008675,1590.75976055,2270429.0
2022-09-23,1590.75976055,1620.630025,1590.75976055,1602.65894165,2828769.0
2022-09-26,1590.0521,1649.46064,1590.0346269,1627.619265,3513492.0
2022-09-27,1632.7388833,1657.323535,1617.23150705,1649.46064,2882019.0
2022-09-28,1642.9082275,1659.420307,1637.23820655,1645.092365,2144597.0
2022-09-29,1658.1797169,1661.8490679,1634.72208015,1642.77717925,2158966.0
2022-09-30,1658.7388561,1661.68307345,1630.24023,1635.9189875,2128908.0
2022-10-10,1651.20795,1652.081605,1555.280631,1560.34783,4858413.0
2022-10-11,1562.968795,1577.82093,1537.6328,1555.09716345,3204719.0
2022-10-12,1549.5669273,1554.232245,1492.20274,1537.6328,4819500.0
2022-10-13,1503.0884813,1515.791425,1482.592535,1485.20476345,6396927.0
2022-10-14,1493.95005,1533.264525,1486.9083907,1518.07166455,4651970.0
2022-10-17,1507.92853,1509.66710345,1483.291459,1501.3761175,3354951.0
2022-10-18,1507.054875,1511.42315,1486.087155,1490.30690865,2808277.0
2022-10-19,1486.9433369,1486.9433369,1439.78344,1439.78344,6012093.0
2022-10-20,1416.194755,1457.63221165,1407.458205,1435.8519925,4277807.0
2022-10-21,1432.7942,1439.608709,1406.58455,1418.81572,3890740.0
2022-10-24,1371.63835,1388.237795,1300.00737655,1311.6007784,13209804.0
2022-10-25,1292.5026801,1323.587325,1286.02016,1292.79098625,8136156.0
2022-10-26,1300.697564,1323.57858845,1275.5363,1279.1008124,8178083.0
2022-10-27,1293.0094,1299.9811669,1209.00747175,1223.990655,10710590.0
2022-10-28,1215.05316435,1228.35893,1187.04378505,1188.1708,9314275.0
2022-10-31,1179.43425,1207.39994655,1164.582115,1179.43425,7184665.0
2022-11-01,1187.297145,1283.748657,1187.297145,1277.29234655,11876648.0
2022-11-02,1275.5363,1315.72443,1254.56858,1285.9852138,7977715.0
2022-11-03,1261.18214835,1277.7204375,1247.6667055,1257.6263725,4515970.0
2022-11-04,1256.2809438,1334.74389935,1256.2809438,1324.95896335,8000795.0
2022-11-07,1305.28425275,1326.6276444,1298.76678645,1316.69418705,4269835.0
2022-11-08,1317.47174,1326.19955345,1283.3642488,1297.2728364,3932491.0
2022-11-09,1296.46033725,1300.7674564,1266.79975,1275.4489345,3609016.0
2022-11-10,1261.55782,1297.377675,1253.82597325,1288.641125,3771967.0
2022-11-11,1334.94484,1349.31646475,1306.0967519,1335.07588825,7394715.0
2022-11-14,1348.4864925,1365.98580215,1334.94484,1339.313115,5737015.0
2022-11-15,1338.43946,1396.94813535,1328.829255,1387.36414,5631760.0
2022-11-16,1381.248555,1396.10069,1369.89104,1384.96158875,2684776.0
2022-11-17,1389.5482775,1394.6154765,1356.6813764,1369.017385,3057988.0
2022-11-18,1376.88028,1383.86952,1359.40718,1369.13096015,2360871.0
2022-11-21,1346.60813425,1346.60813425,1309.19822715,1327.9381269,3909600.0
2022-11-22,1325.7190432,1362.6746497,1324.55708205,1345.38501725,2990062.0
2022-11-23,1334.94484,1360.280835,1328.8642012,1353.291595,2217746.0
2022-11-24,1362.028145,1370.6598564,1322.6961969,1327.94686345,2768738.0
2022-11-25,1328.40116405,1338.43946,1319.21905,1329.71164655,1862104.0
2022-11-28,1297.1854709,1323.587325,1267.673405,1319.1142114,4772321.0
2022-11-29,1371.2539418,1397.848,1355.038905,1396.974345,7342013.0
2022-11-30,1386.5953236,1401.34262,1384.743175,1396.974345,3149730.0
2022-12-01,1450.2673,1467.7404,1424.74783745,1424.756574,5135768.0
2022-12-02,1428.425925,1444.14297845,1416.369486,1427.4474314,2388390.0
2022-12-05,1457.25654,1466.866745,1440.657095,1454.5482095,3612746.0
2022-12-06,1445.899025,1508.7148195,1443.27806,1474.72964,4414748.0
2022-12-07,1465.82709555,1502.6866,1459.03005965,1471.23502,3552626.0
2022-12-08,1469.48771,1480.845225,1454.635575,1473.8734581,1972956.0
2022-12-09,1478.22426,1511.42315,1469.48771,1511.42315,3921526.0
2022-12-12,1499.0696683,1542.87473,1498.318325,1519.3035181,3475517.0
2022-12-13,1517.538735,1538.23562195,1511.42315,1528.89625,2138546.0
2022-12-14,1522.780665,1555.804824,1522.780665,1547.12942985,2909840.0
2022-12-15,1576.947275,1586.55748,1555.1059,1561.21274845,3063444.0
2022-12-16,1549.20872875,1564.716105,1522.780665,1561.10790985,3330266.0
2022-12-19,1571.530614,1571.530614,1537.78132135,1548.990315,2498710.0
2022-12-20,1542.28938115,1542.28938115,1469.88085475,1498.318325,4619840.0
2022-12-21,1506.18122,1519.286045,1500.63351075,1519.286045,2281614.0
2022-12-22,1534.7497385,1557.726865,1524.527975,1544.62204,2317534.0
2022-12-23,1530.993022,1556.85321,1524.527975,1547.243005,1731921.0
2022-12-26,1547.243005,1547.243005,1515.8088981,1521.9594293,2138380.0
2022-12-27,1537.752854,1545.84861845,1526.6930665,1533.328939,1790505.0
2022-12-28,1544.72494404,1545.715901,1511.21821183,1533.328939,2143790.0
2022-12-29,1519.172411,1528.01139317,1505.06012215,1520.941977,2241780.0
2022-12-30,1535.983288,1551.01575117,1528.020241,1528.020241,2533312.0
2023-01-03,1531.7363296,1538.13331069,1509.44864583,1530.68343783,2603380.0
2023-01-04,1530.67459,1538.3722021,1518.287628,1526.25952283,2041575.0
2023-01-05,1536.868071,1593.494183,1533.328939,1593.494183,4794285.0
2023-01-06,1598.02427196,1603.1383177,1581.107221,1595.94503191,2490375.0
2023-01-09,1623.576805,1636.83085434,1599.52840306,1629.0624596,3097723.0
2023-01-10,1627.16902398,1649.6779035,1619.5952815,1640.78583435,2273173.0
2023-01-11,1642.157248,1645.69638,1625.20480572,1632.38039585,2272031.0
2023-01-12,1635.078984,1642.157248,1621.807239,1622.692022,1719317.0
2023-01-13,1631.69911294,1670.470304,1628.00072,1669.585521,3193965.0
2023-01-16,1668.700738,1712.055105,1664.276823,1692.5014007,3684826.0
2023-01-17,1692.73144428,1701.437709,1676.663785,1688.165964,2129923.0
2023-01-18,1693.474662,1703.4727099,1672.23987,1674.894219,2106293.0
2023-01-19,1674.4518275,1674.46952316,1651.005078,1663.57784443,2343889.0
2023-01-20,1671.52319577,1679.53932975,1643.926814,1645.70522783,2560875.0
2023-01-30,1689.050747,1689.050747,1663.39204,1670.470304,3592255.0
2023-01-31,1677.9909595,1681.04346085,1621.86917381,1633.09707008,3299068.0
2023-02-01,1641.25476934,1644.811597,1602.6959262,1632.39809151,3397389.0
2023-02-02,1635.41520154,1644.811597,1615.613758,1624.55891413,2975886.0
2023-02-03,1610.30506,1615.613758,1588.78713744,1608.535494,3494490.0
2023-02-06,1574.91374,1588.185485,1557.21808,1588.185485,4266095.0
2023-02-07,1599.75844664,1600.3954904,1581.75311259,1589.955051,2432171.0
2023-02-08,1592.61824783,1597.89155451,1570.489825,1578.452872,1667577.0
2023-02-09,1573.144174,1618.93169425,1570.49867283,1608.535494,2975366.0
2023-02-10,1601.5457083,1608.96903767,1593.53842215,1601.45723,1798451.0
2023-02-13,1601.45723,1658.5257335,1601.45723,1642.46692205,3814670.0
2023-02-14,1642.56424818,1643.3959442,1623.576805,1631.35404757,1956576.0
2023-02-15,1631.34519974,1641.5378999,1624.29347923,1628.885503,1817691.0
2023-02-16,1629.18632922,1669.585521,1617.383324,1647.30668506,3324595.0
2023-02-17,1636.99011528,1657.198559,1610.34929915,1610.99519074,2644283.0
2023-02-20,1611.189843,1662.3303004,1607.8276676,1658.968125,2966869.0
2023-02-21,1658.083342,1658.083342,1637.733333,1651.889861,1875052.0
2023-02-22,1641.28131283,1649.1470337,1620.7454994,1624.461588,2186916.0
2023-02-23,1628.00072,1635.7868104,1597.25451075,1608.535494,2188097.0
2023-02-24,1601.55455613,1601.62533877,1576.84256694,1581.992004,2463461.0
2023-02-27,1573.5865655,1605.881145,1570.50752066,1601.81999103,2206489.0
2023-02-28,1609.420277,1612.08347383,1577.8335239,1604.76631842,2395181.0
2023-03-01,1604.111579,1635.078984,1595.46724909,1626.70008899,2445810.0
2023-03-02,1618.268107,1627.10708917,1611.2783213,1617.383324,1314419.0
2023-03-03,1627.79721991,1629.42522063,1594.80366184,1608.57088532,1619806.0
2023-03-06,1608.69475494,1608.9778855,1589.75155091,1598.92675062,2064586.0
2023-03-07,1597.90040234,1607.2967978,1581.992004,1582.2574389,2278539.0
2023-03-08,1574.93143566,1580.16935102,1558.20903696,1566.43751886,2276370.0
2023-03-09,1564.296344,1579.337655,1539.52242,1566.08360566,2761150.0
2023-03-10,1549.75935931,1575.798523,1548.37025,1548.37025,2116082.0
2023-03-13,1549.255033,1570.489825,1547.485467,1558.987646,2056043.0
2023-03-14,1560.56255974,1574.80756604,1538.1952455,1562.526778,2370492.0
2023-03-15,1573.47154371,1579.23148104,1548.47642396,1549.18425036,1921253.0
2023-03-16,1539.52242,1566.06591,1538.64648483,1550.13096817,1764624.0
2023-03-17,1566.06591,1571.27728187,1535.983288,1541.291986,2702291.0
2023-03-20,1549.255033,1552.794165,1528.905024,1530.3206768,2049093.0
2023-03-21,1535.098505,1580.08972055,1525.33934851,1570.489825,3114182.0
2023-03-22,1574.91374,1586.415919,1562.12862565,1569.02993305,1533026.0
2023-03-23,1562.526778,1584.74367913,1561.65084283,1570.36595538,1735566.0
2023-03-24,1565.25190964,1578.0989588,1562.526778,1573.69273946,1276996.0
2023-03-27,1573.6750438,1573.6750438,1553.678948,1564.11053957,1529555.0
2023-03-28,1566.06591,1583.76157,1561.65969066,1576.5063494,1726135.0
2023-03-29,1591.724617,1592.6094,1579.39958981,1583.76157,1539299.0
2023-03-30,1586.415919,1597.033315,1574.028957,1592.6094,1925701.0
2023-03-31,1614.728975,1635.078984,1609.420277,1610.30506,2744633.0
2023-04-03,1614.728975,1617.17982391,1592.68018264,1594.44090081,2141743.0
2023-04-04,1603.226796,1606.03155811,1581.107221,1605.51838397,2006626.0
2023-04-06,1597.033315,1606.6774497,1582.18665626,1589.91965968,1487422.0
2023-04-07,1588.185485,1597.92694583,1582.29283022,1584.63750517,1352468.0
2023-04-10,1584.54017904,1584.54017904,1543.061552,1567.5700411,2941822.0
2023-04-11,1586.415919,1586.415919,1543.061552,1544.3887265,2920919.0
2023-04-12,1545.94594458,1548.37025,1497.77835806,1498.9108803,5110492.0
2023-04-13,1495.28327,1525.00313097,1489.98341983,1524.481109,2954268.0
2023-04-14,1527.135458,1533.328939,1508.3780584,1516.00488786,2123162.0
2023-04-17,1539.52242,1551.024599,1528.905024,1551.024599,3046723.0
2023-04-18,1551.024599,1565.181127,1544.84881366,1555.448514,1831389.0
2023-04-19,1558.987646,1562.0843865,1548.37025,1556.333297,1460056.0
2023-04-20,1557.31540613,1561.641995,1529.789807,1541.18581204,1988537.0
2023-04-21,1544.831118,1546.67146664,1522.95928224,1526.66652301,1851787.0
2023-04-24,1522.711543,1523.596326,1505.015883,1508.555015,2023091.0
2023-04-25,1509.439798,1535.96559234,1505.900666,1531.01080754,2058251.0
2023-04-26,1543.061552,1558.102863,1521.82676,1542.98192153,2789160.0
2023-04-27,1546.600684,1566.06591,1530.67459,1555.37773136,2560504.0
2023-04-28,1559.88127683,1577.36458891,1551.88283851,1557.67816716,2622464.0
2023-05-04,1565.181127,1572.85219561,1535.983288,1548.2817717,2746642.0
2023-05-05,1562.526778,1562.526778,1536.32835337,1548.37025,2071421.0
2023-05-08,1564.57947456,1565.181127,1519.32282411,1522.28684716,3317126.0
2023-05-09,1517.402845,1539.50472434,1510.38651581,1523.596326,2937796.0
2023-05-10,1517.57095377,1535.983288,1517.402845,1526.250675,2077260.0
2023-05-11,1531.559373,1535.098505,1517.402845,1519.23434581,1524612.0
2023-05-12,1517.402845,1530.56841604,1508.56386283,1509.7937112,1946045.0
2023-05-15,1505.900666,1519.172411,1496.3450096,1518.5530629,2574018.0
2023-05-16,1516.50921417,1521.81791217,1501.476751,1507.04203607,2222377.0
2023-05-17,1511.209364,1515.633279,1503.25516483,1505.015883,1677691.0
2023-05-18,1508.54616717,1508.9089282,1495.28327,1496.168053,1921928.0
2023-05-19,1478.472393,1507.96221039,1464.80249565,1503.6887085,2674116.0
2023-05-22,1495.29211783,1550.139816,1495.28327,1544.831118,4128432.0
2023-05-23,1551.90053417,1551.909382,1525.85252265,1525.85252265,1689421.0
2023-05-24,1532.73613439,1533.81556965,1513.07625613,1513.7752347,1847927.0
2023-05-25,1509.43095017,1512.97893,1495.28327,1505.015883,2246560.0
2023-05-26,1505.900666,1508.555015,1482.02037283,1495.77874848,1829110.0
2023-05-29,1501.476751,1502.67120805,1484.665874,1494.398487,1777141.0
2023-05-30,1494.398487,1503.14899087,1467.46569248,1476.07463107,2645340.0
2023-05-31,1469.63341083,1473.80073876,1439.24996261,1441.2230287,3695697.0
2023-06-01,1431.578894,1482.00267717,1431.578894,1447.43420536,2864525.0
2023-06-02,1455.468035,1480.37467645,1447.60231413,1478.1184798,2505802.0
2023-06-05,1474.19004328,1488.98361504,1471.394129,1473.163695,1620050.0
2023-06-06,1477.58761,1489.974572,1461.26336365,1474.92441317,1991392.0
2023-06-07,1480.23311117,1485.3737004,1459.89195,1460.6882547,1788964.0
2023-06-08,1465.05023489,1482.011525,1459.90079783,1475.818044,1470272.0
2023-06-09,1479.34832817,1484.63933051,1474.048478,1474.048478,1758041.0
2023-06-12,1474.06617366,1511.209364,1470.08465016,1500.591968,2702944.0
2023-06-13,1498.71622804,1508.20994963,1490.859355,1503.246317,1466254.0
2023-06-14,1520.941977,1534.42606992,1509.62560243,1527.91406704,3150580.0
2023-06-15,1530.97541622,1553.36927395,1524.481109,1552.794165,2522257.0
2023-06-16,1554.563731,1592.6094,1548.4587283,1590.56555127,3791789.0
2023-06-19,1583.76157,1590.79559485,1537.752854,1543.061552,3169992.0
2023-06-20,1539.52242,1561.641995,1535.098505,1542.58376918,2094674.0
2023-06-21,1539.52242,1554.2098178,1535.098505,1535.83287489,1772061.0
2023-06-26,1521.92408613,1530.67459,1499.707185,1512.094147,2399268.0
2023-06-27,1512.97008217,1521.5613251,1504.21073047,1513.90795215,1517446.0
2023-06-28,1515.79253994,1534.213722,1513.863713,1529.24124154,1857356.0
2023-06-29,1531.559373,1535.08965717,1515.64212683,1516.26147493,1423116.0
2023-06-30,1527.2222,1535.29851034,1515.07629168,1519.136906,2045869.0
2023-07-03,1526.323834,1549.93289248,1520.035272,1548.8728206,1913909.0
2023-07-04,1548.9626572,1558.16192504,1543.46465728,1554.7121996,1247238.0
2023-07-05,1554.17318,1555.94296102,1527.2222,1541.03906908,1474539.0
2023-07-06,1535.45123256,1556.868278,1527.2222,1529.89933068,1514062.0
2023-07-07,1528.120566,1535.29851034,1518.23854,1518.26549098,1516742.0
2023-07-10,1531.71403,1540.66175536,1527.2222,1528.0307294,1347741.0
2023-07-11,1536.20586,1540.85041222,1529.1087686,1536.20586,1258270.0
2023-07-12,1538.93689264,1547.884618,1537.40068678,1539.6196508,1328467.0
2023-07-13,1546.97726834,1568.01700006,1544.30013766,1561.7194544,2580654.0
2023-07-14,1577.530696,1579.776611,1564.2348792,1574.835598,1855030.0
2023-07-17,1573.038866,1573.038866,1551.1187356,1554.14622902,1433648.0
2023-07-18,1557.38933028,1558.22481066,1546.087886,1547.7049448,1473765.0
2023-07-19,1540.70667366,1552.376448,1539.6196508,1547.884618,1248322.0
2023-07-20,1552.36746434,1571.22416668,1546.986252,1548.782984,1669265.0
2023-07-21,1555.86210808,1592.353735,1550.579716,1591.2756958,3937740.0
2023-07-24,1572.60765032,1591.1409409,1572.60765032,1591.1409409,1971337.0
2023-07-25,1617.0588,1643.00361008,1617.04981634,1642.7071493,4308646.0
2023-07-26,1642.7071493,1649.39099234,1630.60615928,1642.7071493,1961145.0
2023-07-27,1649.399976,1666.28027314,1642.8419042,1651.22365898,2034043.0
2023-07-28,1645.806512,1706.8954,1642.22203166,1704.200302,3901792.0
2023-07-31,1714.082328,1738.33821,1683.537884,1689.44913228,4537861.0
2023-08-01,1687.14033166,1713.1390437,1687.03252774,1697.013374,1923062.0
2023-08-02,1691.9825244,1697.91174,1677.0696488,1688.92808,1850872.0
2023-08-03,1679.94442,1697.91174,1662.426283,1687.55358002,2154347.0
2023-08-04,1695.95330212,1712.75274632,1690.724812,1701.02907002,2457364.0
2023-08-07,1689.7815277,1705.098668,1680.86973698,1696.05212238,2389245.0
2023-08-08,1688.95503098,1701.24467786,1674.62609328,1697.91174,1773618.0
2023-08-09,1697.91174,1711.38723,1691.58724336,1698.16328248,1852346.0
2023-08-10,1690.724812,1697.013374,1673.0270018,1684.43625,1843619.0
2023-08-11,1693.41991,1693.7792564,1647.49544008,1647.603244,2678649.0
2023-08-14,1626.04246,1639.49998268,1613.465336,1619.753898,2373119.0
2023-08-15,1625.144094,1633.229388,1617.96614966,1628.71959068,1481799.0
2023-08-16,1623.86841428,1638.0356461,1622.448996,1635.02612,1318431.0
2023-08-17,1622.52086528,1647.603244,1618.4512673,1642.2579663,1729037.0
2023-08-18,1645.79752834,1648.49262634,1619.38556794,1619.38556794,1702334.0
2023-08-21,1610.770238,1629.62694034,1608.13802562,1608.973506,1891181.0
2023-08-22,1617.94818234,1619.35861696,1591.02415332,1606.278408,2665036.0
2023-08-23,1614.363702,1617.0588,1590.17968928,1593.701284,1991222.0
2023-08-24,1598.75010092,1642.213048,1594.59965,1631.7021658,2605509.0
2023-08-25,1624.95543714,1650.99008382,1622.45797966,1639.49998268,1883086.0
2023-08-28,1705.61972028,1705.61972028,1645.69870808,1648.47465902,4105213.0
2023-08-29,1642.213048,1679.11792328,1642.213048,1663.17192678,2895028.0
2023-08-30,1678.0578514,1678.147688,1656.28145956,1667.367296,1981181.0
2023-08-31,1670.96076,1670.96076,1653.90078966,1659.282002,1482022.0
2023-09-01,1664.51947578,1675.87482202,1658.41058698,1662.9203843,1314519.0
2023-09-04,1673.2965116,1688.87417804,1665.14833198,1676.350956,2387100.0
2023-09-05,1678.147688,1678.147688,1668.0859888,1669.7928842,1565874.0
2023-09-06,1669.164028,1676.94387756,1661.08771766,1671.859126,1112143.0
2023-09-07,1664.3128516,1668.16684174,1645.07883554,1651.196708,1698157.0
2023-09-08,1648.44770804,1648.44770804,1630.4893717,1633.678571,1221178.0
2023-09-11,1624.245728,1652.99344,1624.245728,1636.97557422,1592600.0
2023-09-12,1640.9553356,1641.29671468,1631.45062332,1634.99018536,1216801.0
2023-09-13,1643.93791072,1643.93791072,1617.1037183,1634.94526706,1950143.0
2023-09-14,1637.29898598,1641.29671468,1622.448996,1633.84926054,1750459.0
2023-09-15,1634.127754,1634.82847948,1600.2593558,1600.87922834,2843146.0
2023-09-18,1595.77650946,1643.560597,1592.802918,1643.2910872,3255892.0
2023-09-19,1637.0025252,1643.111414,1624.245728,1641.26078004,1498950.0
2023-09-20,1636.822852,1644.00978,1633.2743063,1638.619584,1250178.0
2023-09-21,1633.23837166,1636.822852,1615.61243074,1615.61243074,1948919.0
2023-09-22,1622.11660058,1661.94116536,1610.24020206,1661.078734,3439046.0
2023-09-25,1659.731185,1660.180368,1640.94635194,1646.14789108,1397913.0
2023-09-26,1642.213048,1648.39380608,1628.8273946,1631.432656,1576196.0
2023-09-27,1630.53429,1647.154061,1619.5742248,1629.635924,2087994.0
2023-09-28,1639.49998268,1639.49998268,1615.0823948,1615.7561693,2053784.0
2023-10-09,1614.30980004,1614.30980004,1585.5261534,1596.396382,2976268.0
2023-10-10,1601.68775774,1616.14246668,1588.311088,1590.10782,2028392.0
2023-10-11,1603.2688819,1603.2688819,1588.311088,1597.743931,2194486.0
2023-10-12,1615.1722314,1615.46869218,1596.5760552,1604.481676,1486507.0
2023-10-13,1590.89838208,1597.30373166,1561.53079754,1573.038866,2502788.0
2023-10-16,1573.02089868,1577.530696,1547.3905167,1554.0833434,2078965.0
2023-10-17,1562.258474,1562.65375504,1541.596056,1550.579716,1494523.0
2023-10-18,1544.1114808,1564.953572,1542.65612788,1552.376448,2031750.0
2023-10-19,1527.2222,1527.24915098,1460.77006698,1464.33658,7349237.0
2023-10-20,1464.33658,1486.79573,1451.9840475,1477.81207,4537601.0
2023-10-23,1464.30962902,1491.28756,1456.7903056,1476.89573668,2523423.0
2023-10-24,1480.507168,1485.32240976,1456.43994286,1475.9704197,2986146.0
2023-10-25,1500.37004026,1525.425468,1497.59408932,1507.008965,3617898.0
2023-10-26,1497.576122,1516.441808,1493.09327566,1502.27457618,2238635.0
2023-10-27,1494.881024,1519.92746808,1491.8265796,1506.29925586,3426239.0
2023-10-30,1499.372854,1517.23237008,1499.372854,1510.153246,2408642.0
2023-10-31,1509.25488,1518.23854,1498.3397331,1513.36939628,1985877.0
2023-11-01,1661.9771,1661.9771,1593.51262714,1599.98086234,9314308.0
2023-11-02,1612.56697,1612.56697,1595.55191796,1598.642297,2790764.0
2023-11-03,1599.09148,1630.43546974,1593.701284,1627.15643384,3017600.0
2023-11-06,1635.02612,1638.43092714,1618.06496992,1627.839192,2552392.0
2023-11-07,1621.55063,1626.04246,1602.75681328,1609.12622822,1958159.0
2023-11-08,1602.7298623,1620.4725908,1601.66979042,1615.56751244,1454567.0
2023-11-09,1608.17396026,1616.160434,1601.786578,1611.76742426,1280048.0
2023-11-10,1599.5855813,1606.278408,1592.8927546,1595.35427744,1646557.0
2023-11-13,1592.15609448,1603.47550608,1578.41109468,1584.717624,1836995.0
2023-11-14,1584.717624,1594.59066634,1581.13314366,1585.85854882,1281675.0
2023-11-15,1598.193114,1601.68775774,1587.412722,1592.74003238,1843486.0
2023-11-16,1593.701284,1595.498016,1581.1690783,1581.1690783,1255757.0
2023-11-17,1573.937232,1580.225794,1561.2702714,1575.21291172,2171363.0
2023-11-20,1576.63233,1589.658637,1560.15629756,1583.370075,1860804.0
2023-11-21,1602.16389172,1615.262068,1590.1976566,1608.07514,3009845.0
2023-11-22,1602.0560878,1611.9830321,1599.57659764,1600.44801266,1266457.0
2023-11-23,1597.5642578,1606.278408,1591.006186,1604.481676,1154964.0
2023-11-24,1607.176774,1607.176774,1594.59965,1596.396382,1308540.0
2023-11-27,1593.0724278,1593.0724278,1576.63233,1583.819258,1626074.0
2023-11-28,1582.022526,1593.59348008,1579.327428,1589.24538864,1451976.0
2023-11-29,1588.311088,1595.498016,1579.327428,1594.33912386,1714933.0
2023-11-30,1596.14483952,1612.35136216,1591.07805528,1609.422689,2135342.0
2023-12-01,1607.45526746,1607.8056302,1570.343768,1581.37570248,3305131.0
2023-12-04,1581.37570248,1582.76816978,1567.90021248,1572.77833986,1844047.0
2023-12-05,1571.04449348,1571.13433008,1534.42709532,1535.307494,2990301.0
2023-12-06,1529.58490258,1544.71338602,1528.23735358,1529.917298,2385129.0
2023-12-07,1530.815664,1535.37936328,1515.8129518,1527.2222,2504150.0
2023-12-08,1527.2222,1535.16375544,1520.23291252,1531.64216072,2628801.0
2023-12-11,1518.23854,1530.815664,1488.592462,1525.425468,3683098.0
2023-12-12,1516.0824616,1536.19687634,1512.848344,1536.19687634,2101066.0
2023-12-13,1531.91167052,1532.36085352,1488.66433128,1491.28756,3878870.0
2023-12-14,1496.64182136,1500.15443242,1468.84637732,1469.6369394,4067215.0
2023-12-15,1480.71379218,1507.25152382,1476.92268766,1477.81207,3709251.0
2023-12-18,1473.32024,1494.27911878,1468.82841,1493.084292,1989734.0
2023-12-19,1495.77939,1509.13809242,1477.89292294,1504.76305,2220676.0
2023-12-20,1506.680972,1508.49844,1493.049962,1499.22026586,2309203.0
2023-12-21,1490.33284734,1519.69404288,1490.33284734,1517.58578,2901168.0
2023-12-22,1517.3131598,1525.8552594,1506.69005934,1518.1764571,2166684.0
2023-12-25,1518.494514,1525.4008924,1515.768312,1519.403248,1247106.0
2023-12-26,1519.857615,1522.0385766,1506.226605,1517.58578,1477126.0
2023-12-27,1515.768312,1524.0832281,1509.407174,1514.91410204,1605550.0
2023-12-28,1518.48542666,1570.28326466,1514.91410204,1567.55706266,3833806.0
2023-12-29,1563.02248,1589.90283172,1563.02248,1568.474884,2753868.0
2024-01-02,1558.47881,1561.37767146,1524.9465254,1531.22587734,3215644.0
2024-01-03,1527.68181474,1540.50405148,1523.33806622,1539.395396,2022929.0
2024-01-04,1538.486662,1538.486662,1511.16103062,1516.677046,2155107.0
2024-01-05,1509.70705622,1525.45541644,1501.32852874,1511.55178624,2024286.0
2024-01-08,1509.407174,1510.315908,1490.33284734,1493.94960866,2558620.0
2024-01-09,1491.24158134,1501.51936288,1485.84370138,1491.232494,2441204.0
2024-01-10,1491.3233674,1508.00772364,1488.506292,1491.686861,1735067.0
2024-01-11,1490.4146334,1506.62644796,1488.56081604,1496.29414238,1644055.0
2024-01-12,1490.29649798,1500.55610484,1489.7785196,1493.10448604,1160324.0
2024-01-15,1485.78009,1503.92750798,1485.2802863,1490.32376,1785403.0
2024-01-16,1488.960659,1496.684898,1476.63822596,1489.80578162,2590314.0
2024-01-17,1481.23642,1486.21628232,1433.073518,1433.073518,5163276.0
2024-01-18,1430.347316,1465.6061952,1413.5811737,1463.85233858,6043981.0
2024-01-19,1462.03487058,1488.51537934,1454.77408592,1485.78009,4637843.0
2024-01-22,1480.327686,1493.049962,1471.13129792,1492.141228,4694589.0
2024-01-23,1483.06297534,1490.2783233,1462.153006,1471.240346,3483490.0
2024-01-24,1480.327686,1484.72595856,1457.20949304,1477.601484,3321635.0
2024-01-25,1478.34664588,1491.232494,1473.966548,1488.506292,3120580.0
2024-01-26,1481.56356424,1494.0495694,1474.875282,1487.88835288,2695475.0
2024-01-29,1490.5963802,1509.02550572,1490.58729286,1499.4111,3142068.0
2024-01-30,1499.39292532,1499.39292532,1463.06174,1465.787942,3086633.0
2024-01-31,1465.787942,1472.12181798,1452.27506742,1458.43628394,2964912.0
2024-02-01,1458.972437,1475.68405526,1454.883134,1463.08900202,2648515.0
2024-02-02,1467.60541,1479.21903052,1436.708454,1450.339464,3938202.0
2024-02-05,1450.339464,1487.99740096,1449.6579135,1481.24550734,5313036.0
2024-02-06,1481.24550734,1531.65298232,1477.6923574,1523.038184,5247204.0
2024-02-07,1527.60911602,1558.10622906,1509.96150174,1554.83478666,5260107.0
2024-02-08,1563.03156734,1567.56615,1531.21679,1550.300204,4675654.0
2024-02-19,1579.26155658,1579.31608062,1533.942992,1540.69488562,3697744.0
2024-02-20,1542.44874224,1542.44874224,1505.37239504,1517.58578,3447007.0
2024-02-21,1513.96901868,1573.018554,1510.315908,1560.89604244,4615407.0
2024-02-22,1551.663305,1565.75776934,1545.32942902,1561.55033092,2279361.0
2024-02-23,1554.94383474,1567.00273492,1544.86597468,1557.65186206,2730589.0
2024-02-26,1552.117672,1552.79013516,1531.23496468,1540.28595532,2731832.0
2024-02-27,1529.399322,1538.41396328,1524.855652,1535.306093,2207985.0
2024-02-28,1534.77902728,1541.73084238,1521.22980334,1528.0816577,3186731.0
2024-02-29,1528.0816577,1541.667231,1525.9461328,1540.30413,2475833.0
2024-03-01,1535.76046,1540.27686798,1523.65612312,1531.27131404,2686796.0
2024-03-04,1525.764386,1527.57276666,1517.6312167,1523.3108042,2648477.0
2024-03-05,1518.32185454,1542.121598,1514.56878312,1540.3950034,3623837.0
2024-03-06,1536.669194,1540.30413,1524.87382668,1527.1729237,2214248.0
2024-03-07,1526.67312,1535.5787132,1524.855652,1529.97182442,2159912.0
2024-03-08,1527.18201104,1532.74346312,1517.6312167,1518.88526962,2215623.0
2024-03-11,1522.12945,1543.83001792,1520.47555412,1539.84067566,2989509.0
2024-03-12,1539.34087196,1589.4666394,1536.214827,1585.74083,5422654.0
2024-03-13,1581.16989798,1588.467032,1563.1133534,1569.7925483,2649954.0
2024-03-14,1562.113746,1576.50809256,1555.298241,1559.96004642,1940479.0
2024-03-15,1556.206975,1574.2907816,1555.752608,1560.74155766,1783358.0
2024-03-18,1558.47881,1562.8861699,1543.939066,1552.35394284,2605501.0
2024-03-19,1547.574002,1562.96795596,1538.58662274,1552.13584668,2394753.0
2024-03-20,1547.90114624,1557.27928112,1545.05680882,1553.5716464,1524925.0
2024-03-21,1552.2085454,1562.113746,1548.937103,1553.026406,1659597.0
2024-03-22,1549.41873202,1553.01731866,1533.942992,1546.0745909,2545614.0
2024-03-25,1543.52104836,1543.73005718,1527.20018572,1534.86081334,2447285.0
2024-03-26,1533.45227564,1556.4795952,1533.45227564,1553.28993886,2806907.0
2024-03-27,1549.39147,1555.752608,1543.939066,1545.756534,1811258.0
2024-03-28,1540.30413,1561.205012,1538.6684088,1546.33812376,2464218.0
2024-03-29,1546.33812376,1554.83478666,1543.1212054,1547.4831286,1345655.0
2024-04-01,1553.92605266,1575.744756,1552.7537858,1564.23109622,2713137.0
2024-04-02,1564.839948,1567.55706266,1549.4369067,1557.56098866,2544925.0
2024-04-03,1575.744756,1580.68826896,1553.95331468,1558.57877074,2904580.0
2024-04-08,1540.30413,1541.212864,1510.8611484,1514.55060844,5916659.0
2024-04-09,1509.10729178,1520.311982,1507.0899023,1510.51582948,2558982.0
2024-04-10,1510.56126618,1513.03302266,1494.86743,1497.57545732,2763050.0
2024-04-11,1490.42372074,1499.4111,1485.49838246,1497.593632,2276624.0
2024-04-12,1500.319834,1512.133376,1484.89861802,1484.89861802,2674433.0
2024-04-15,1485.78917734,1522.68377774,1485.76191532,1520.29380732,3581771.0
2024-04-16,1513.48738966,1526.27327704,1507.589706,1517.58578,2626623.0
2024-04-17,1515.768312,1522.3111968,1506.680972,1514.859578,2481911.0
2024-04-18,1507.59879334,1529.38114732,1506.84454412,1518.29459252,2656841.0
2024-04-19,1509.20725252,1516.222679,1491.48693952,1496.35775376,2349992.0
2024-04-22,1503.046036,1525.65533792,1494.86743,1522.18397404,2995139.0
2024-04-23,1522.12945,1540.30413,1522.12945,1537.83237352,2497995.0
2024-04-24,1542.10342332,1544.76601394,1529.69920422,1539.0319024,1708643.0
2024-04-25,1536.06034222,1540.8493704,1528.7177715,1538.52301136,1447648.0
2024-04-26,1539.395396,1557.570076,1539.37722132,1553.41716162,3099592.0
2024-04-29,1542.0761613,1570.292352,1539.23182388,1548.482736,4133223.0
2024-04-30,1549.40055734,1572.00077192,1549.39147,1549.39147,3075989.0
2024-05-06,1575.71749398,1603.91551,1569.383618,1599.5535868,5990949.0
2024-05-07,1604.63340986,1615.5473052,1596.35484312,1608.45918,2492452.0
2024-05-08,1608.17747246,1608.43191798,1595.43702178,1602.97951398,1476909.0
2024-05-09,1597.554372,1603.89733532,1590.2845,1595.736904,2238734.0
2024-05-10,1600.3714474,1606.53266392,1575.73566866,1580.27025132,2620661.0
2024-05-13,1573.94546268,1574.52705244,1545.95645548,1550.300204,3766212.0
2024-05-14,1550.29111666,1556.90670018,1544.85688734,1546.64709332,2127417.0
2024-05-15,1547.19233372,1552.117672,1543.56648506,1544.8478,1573876.0
2024-05-16,1549.39147,1553.82609192,1535.76046,1548.937103,2967954.0
2024-05-17,1544.85688734,1559.91460972,1544.8478,1558.47881,2892388.0
2024-05-20,1561.19592466,1574.82693466,1552.21763274,1553.026406,3142572.0
2024-05-21,1552.117672,1553.68978182,1543.17572944,1549.39147,1629339.0
2024-05-22,1547.574002,1553.89879064,1536.669194,1542.76679914,2028568.0
2024-05-23,1544.8478,1550.64552292,1535.83315872,1537.58701534,1888497.0
2024-05-24,1538.486662,1540.30413,1523.946918,1524.01961672,2021663.0
2024-05-27,1524.855652,1533.4431883,1515.77739934,1517.69482808,2509791.0
2024-05-28,1517.9492736,1522.28393478,1511.224642,1512.71496576,2352087.0
2024-05-29,1513.950844,1526.67312,1513.04211,1521.220716,1965128.0
2024-05-30,1522.12945,1522.47476892,1498.502366,1498.502366,3220792.0
2024-05-31,1499.865467,1511.679009,1498.0025623,1498.0025623,2185665.0
2024-06-03,1499.4111,1500.24713528,1485.88005074,1489.76943226,3026105.0
2024-06-04,1490.778127,1504.863504,1487.1886277,1502.3190488,2084108.0
2024-06-05,1501.228568,1507.29891112,1493.07722402,1493.958696,1905557.0
2024-06-06,1493.64972644,1501.21948066,1486.60703794,1490.15110054,2561005.0
2024-06-07,1495.89429942,1495.93973612,1471.24943334,1471.40391812,3352455.0
2024-06-11,1456.69151466,1458.51807,1423.986178,1425.803646,7024676.0
2024-06-12,1426.71238,1444.88706,1426.71238,1428.23905312,3317050.0
2024-06-13,1432.86450918,1432.97355726,1411.4002121,1413.09045734,3618597.0
2024-06-14,1413.08137,1421.22362664,1381.69369764,1413.08137,5951416.0
2024-06-17,1392.44402086,1407.41995718,1373.10616134,1400.813461,4831816.0
2024-06-18,1391.17179326,1412.66335236,1378.25868312,1382.638781,4125825.0
2024-06-19,1389.47410641,1395.048736,1374.7351939,1392.266059,4126153.0
2024-06-20,1391.3385,1406.18871959,1389.483382,1391.4312559,2471068.0
2024-06-21,1391.8022795,1395.95774382,1363.71579298,1364.439289,4331997.0
2024-06-24,1319.916457,1381.12607541,1311.57770159,1369.58724145,6383993.0
2024-06-25,1370.004643,1394.11190141,1370.004643,1378.95558735,4209795.0
2024-06-26,1372.78732,1392.33098813,1370.7466902,1381.33941398,2956977.0
2024-06-27,1383.918028,1385.74531923,1361.656612,1382.51741391,3282178.0
2024-06-28,1372.78732,1386.22764991,1357.946376,1361.09080101,3858202.0
2024-07-01,1362.47286392,1366.28513141,1324.554252,1336.03743242,3216138.0
2024-07-02,1329.192047,1389.483382,1329.192047,1382.7122013,5185298.0
2024-07-03,1390.410941,1403.40604259,1380.22634318,1391.3385,3157326.0
2024-07-04,1395.976295,1402.469208,1373.83546167,1378.11150866,2437973.0
2024-07-05,1371.859761,1385.01254762,1344.96055,1347.743227,3882938.0
2024-07-08,1338.467637,1352.16768343,1316.33607926,1317.13378,3952705.0
2024-07-09,1317.13378,1349.49631351,1307.9509459,1333.85766877,3362071.0
2024-07-10,1334.98929075,1359.69018692,1331.047165,1333.44954281,2376322.0
2024-07-11,1344.93272323,1362.584171,1335.87974739,1356.17473831,2902014.0
2024-07-12,1366.30368259,1378.7236976,1359.29133655,1371.69280038,2338634.0
2024-07-15,1363.51173,1380.207792,1363.51173,1368.0567691,1917626.0
2024-07-16,1369.077084,1374.642438,1358.92031295,1369.077084,2031644.0
2024-07-17,1369.1698399,1394.121177,1363.53028118,1392.6370826,3431101.0
2024-07-18,1390.8747205,1405.251885,1384.40963427,1389.02887809,2887039.0
2024-07-19,1382.81423279,1418.40467162,1376.50683159,1415.10256158,3894291.0
2024-07-22,1414.55530177,1419.14671882,1383.59338235,1390.410941,2854321.0
2024-07-23,1390.410941,1392.266059,1349.598345,1349.598345,3094396.0
2024-07-24,1345.1460618,1357.6681083,1331.047165,1335.70351118,2412255.0
2024-07-25,1335.70351118,1343.105432,1317.14305559,1326.86387391,2834656.0
2024-07-26,1326.86387391,1333.57012548,1308.6929931,1319.16513421,3235379.0
2024-07-29,1312.495985,1318.97962241,1296.727482,1296.74603318,3086907.0
2024-07-30,1285.57822282,1289.55745093,1262.6860667,1280.02214441,5177904.0
2024-07-31,1273.6312629,1323.87713393,1273.6312629,1318.32105552,4327232.0
2024-08-01,1315.278662,1317.13378,1284.3909473,1285.74518344,3203810.0
2024-08-02,1274.0950424,1295.77209623,1274.0950424,1285.08661655,2192769.0
2024-08-05,1288.26814392,1322.699134,1285.15154568,1307.86746559,3773607.0
2024-08-06,1318.988898,1320.844016,1293.02652159,1302.9421273,2744433.0
2024-08-07,1303.6841745,1318.97962241,1297.0057497,1312.9597645,2062221.0
2024-08-08,1308.785749,1343.27239262,1306.930631,1327.04938571,2513082.0
2024-08-09,1354.26396677,1362.584171,1332.7167712,1332.7167712,3013849.0
2024-08-12,1326.40937,1338.467637,1323.23711822,1332.0674799,1363203.0
2024-08-13,1329.192047,1331.047165,1309.72258359,1319.92573259,1630843.0
2024-08-14,1319.92573259,1321.6788191,1309.73185918,1310.9191347,1341431.0
2024-08-15,1303.24822177,1331.96544841,1302.24645805,1323.52466151,2303897.0
2024-08-16,1323.43190561,1331.90051928,1314.36037859,1327.5224408,1645470.0
2024-08-19,1328.264488,1353.19727392,1321.771575,1322.17970096,2043279.0
2024-08-20,1326.3166141,1326.34444087,1311.568426,1319.65674048,1859138.0
2024-08-21,1317.13378,1324.53570082,1313.13600071,1314.88908722,1509165.0
2024-08-22,1313.423544,1317.13378,1298.59187559,1307.90456795,1952729.0
2024-08-23,1306.003072,1320.3802365,1304.25926108,1312.48670941,1532046.0
2024-08-26,1314.351103,1320.71415774,1301.50441085,1309.713308,1562841.0
2024-08-27,1309.713308,1310.640867,1299.61219049,1302.35776513,1365740.0
2024-08-28,1302.35776513,1304.147954,1275.393625,1288.379451,3166351.0
2024-08-29,1280.03142,1315.278662,1280.03142,1310.9191347,2747161.0
2024-08-30,1310.640867,1352.44595113,1303.220395,1338.64387321,3873923.0
2024-09-02,1326.40937,1333.829842,1293.944805,1293.944805,3413459.0
2024-09-03,1296.727482,1312.47743382,1292.10823818,1307.85819,1788760.0
2024-09-04,1300.437718,1316.38245721,1298.34143466,1298.5826,1421109.0
2024-09-05,1299.0463795,1305.075513,1295.799923,1303.10908792,1450295.0
2024-09-06,1303.220395,1304.147954,1296.727482,1296.727482,1032104.0
2024-09-09,1280.04069559,1292.74825389,1270.83003472,1275.393625,2863755.0
2024-09-10,1270.77438118,1292.089687,1270.77438118,1278.176302,1980284.0
2024-09-11,1275.9501604,1285.48546692,1266.118035,1280.03142,2099577.0
2024-09-12,1280.03142,1284.669215,1238.20778469,1238.34691854,4794831.0
2024-09-13,1234.581029,1235.508588,1203.3222907,1209.65751867,5600511.0
2024-09-18,1205.8267,1205.83597559,1174.90188294,1175.1244971,4618531.0
2024-09-19,1170.579458,1199.22247992,1155.58082897,1169.651899,5998821.0
2024-09-20,1170.1156785,1181.6174101,1159.47657677,1172.36037128,3998184.0
2024-09-23,1176.144812,1199.7975665,1169.33652894,1170.15278086,4554969.0
2024-09-24,1191.99679531,1273.538507,1173.44561531,1273.1674834,10041281.0
2024-09-25,1298.62897795,1323.626693,1295.53093089,1297.655041,7395380.0
2024-09-26,1298.54549764,1419.04468733,1294.872364,1418.237711,9727806.0
2024-09-27,1484.0944,1511.1791228,1451.96375624,1511.1791228,8792167.0
2024-09-30,1569.429828,1632.39253292,1532.327468,1621.373132,15729341.0
2024-10-08,1771.63769,1771.63769,1558.46608062,1598.184157,19470947.0
2024-10-09,1576.8503,1576.8503,1474.81881,1479.59573885,12019684.0
2024-10-10,1504.74186334,1547.24261672,1475.746369,1521.19676,7460342.0
2024-10-11,1498.3788086,1521.15965764,1474.81881,1488.72291941,4191471.0
2024-10-14,1496.152667,1503.22994217,1466.62846403,1485.94024241,4481202.0
2024-10-15,1483.166841,1485.01268341,1440.50840259,1441.65857575,4357143.0
2024-10-16,1429.25711192,1437.5309382,1400.61409,1412.2085775,4666440.0
2024-10-17,1425.658183,1426.27037194,1385.22588619,1386.3296814,3945955.0
2024-10-18,1384.845587,1454.26410256,1371.82265864,1429.368419,6861930.0
2024-10-21,1429.56320639,1437.68862323,1411.01202639,1418.0521992,4200790.0
2024-10-22,1415.97446704,1447.15900062,1413.7854278,1431.223537,3626913.0
2024-10-23,1432.25312749,1462.71416505,1421.020388,1453.9487325,4008846.0
2024-10-24,1447.919599,1460.905425,1433.08793059,1439.7570798,2392280.0
2024-10-25,1434.933773,1460.71063761,1434.01548959,1445.92534715,2774508.0
2024-10-28,1446.99204,1451.629835,1411.95813657,1451.629835,3912140.0
2024-10-29,1446.99204,1465.54322,1419.16527,1420.66791558,4116578.0
2024-10-30,1414.527475,1438.82024521,1413.05265619,1421.020388,3200574.0
2024-10-31,1421.15952185,1428.44086,1409.88968,1417.11536461,2995735.0
2024-11-01,1410.817239,1433.19923767,1410.6317272,1422.64361625,3228392.0
2024-11-04,1433.01372587,1437.71645,1417.36580554,1436.0468438,2909292.0
2024-11-05,1428.44086,1463.4098343,1424.73989959,1462.75126741,4564047.0
2024-11-06,1460.905425,1473.88197541,1448.12366198,1457.195189,3763143.0
2024-11-07,1449.27383514,1533.7188065,1449.1254257,1529.67464926,7473872.0
2024-11-08,1540.57346751,1546.34288449,1485.03123459,1493.34216323,6077120.0
2024-11-11,1474.81881,1493.32361205,1453.66118921,1482.24855759,4385365.0
2024-11-12,1473.891251,1505.428257,1459.93148805,1462.9460548,4922266.0
2024-11-13,1454.412512,1471.72076294,1448.17931552,1464.1518815,2912526.0
2024-11-14,1456.26763,1478.94644755,1452.23274835,1459.7923542,2924814.0
2024-11-15,1455.340071,1469.0679442,1440.499127,1446.064481,3376112.0
2024-11-18,1448.847158,1461.82370841,1442.354245,1446.064481,2709219.0
2024-11-19,1451.629835,1455.68326783,1414.527475,1430.22177328,3326643.0
2024-11-20,1431.223537,1441.39885923,1420.3710967,1432.90241879,2134455.0
2024-11-21,1432.03051333,1436.77961541,1421.020388,1433.19923767,1826179.0
2024-11-22,1429.50755285,1435.64799343,1398.59201138,1398.59201138,3343611.0
2024-11-25,1401.541649,1421.020388,1388.24972853,1390.01209063,3318556.0
2024-11-26,1390.01209063,1408.85081392,1381.02404392,1399.686531,2574479.0
2024-11-27,1399.686531,1411.88393185,1395.976295,1409.00849895,2593417.0
2024-11-28,1411.744798,1414.51819941,1393.193618,1408.034562,2395203.0
2024-11-29,1407.107003,1442.354245,1403.59155439,1415.21386866,3608810.0
2024-12-02,1415.455034,1419.15599441,1405.3446409,1414.527475,2681954.0
2024-12-03,1413.599916,1418.1449551,1406.25364872,1416.14142766,2480662.0
2024-12-04,1409.95460913,1413.28454594,1400.61409,1409.88968,2392389.0
2024-12-05,1401.41179074,1407.90470374,1400.61409,1401.541649,1614147.0
2024-12-06,1403.396767,1427.4205451,1398.82390113,1410.82651459,3203969.0
2024-12-09,1411.76334918,1418.90555348,1403.5822788,1408.7766092,1979986.0
2024-12-10,1456.26763,1465.29277907,1433.24561562,1434.55347381,6031210.0
2024-12-11,1428.44086,1442.354245,1420.07427782,1424.3596004,2967112.0
2024-12-12,1421.03893918,1452.557394,1418.237711,1452.3718822,4193652.0
2024-12-13,1437.72572559,1442.34496941,1408.85081392,1408.962121,4951197.0
2024-12-16,1410.817239,1418.237711,1401.27265689,1416.5681048,3253710.0
2024-12-17,1415.44575841,1455.340071,1410.82651459,1445.136922,5417163.0
2024-12-18,1445.10909523,1462.760543,1435.0265289,1457.6589685,4116226.0
2024-12-19,1451.75969326,1454.34758287,1438.02254447,1438.65328459,2480932.0
2024-12-20,1442.42092119,1452.4727334,1431.95460126,1433.819886,2815774.0
2024-12-23,1434.761949,1448.892894,1429.109571,1438.01206635,2160269.0
2024-12-24,1436.646075,1454.545272,1433.43364017,1449.66538566,2210492.0
2024-12-25,1449.6465444,1449.6465444,1437.6823443,1441.35639,1712339.0
2024-12-26,1445.124642,1449.62770314,1434.761949,1439.27443077,1828651.0
2024-12-27,1440.3201207,1447.008768,1431.4647285,1440.38606511,2075932.0
2024-12-30,1445.09638011,1454.50758948,1436.646075,1436.646075,2512982.0
2024-12-31,1437.0229002,1455.487335,1433.82930663,1435.704012,3935445.0
2025-01-02,1435.704012,1436.16562287,1394.25324,1401.789744,5002870.0
2025-01-03,1407.9131535,1408.37476437,1382.01584163,1389.542925,3262836.0
2025-01-06,1368.817539,1377.91786758,1349.7878664,1356.57072,4425512.0
2025-01-07,1360.96073358,1367.77184907,1355.628657,1356.7591326,2422118.0
2025-01-08,1356.57072,1367.70590466,1344.00359958,1358.9258775,3525821.0
2025-01-09,1365.03986637,1379.72662854,1349.95743774,1360.338972,2970565.0
2025-01-10,1363.2593673,1367.82837285,1352.802468,1352.802468,2187195.0
2025-01-13,1342.439775,1360.75347972,1339.62300663,1360.32013074,2108251.0
2025-01-14,1361.23393185,1393.00971684,1358.454846,1387.1877675,3095657.0
2025-01-15,1382.006421,1389.1660998,1375.42140063,1386.02903001,1839934.0
2025-01-16,1388.600862,1396.75912758,1358.454846,1362.58108194,2634213.0
2025-01-17,1362.59050257,1376.354043,1362.58108194,1370.46614925,1830894.0
2025-01-20,1376.354043,1403.47603677,1375.41198,1389.3545124,3140975.0
2025-01-21,1395.195303,1396.137366,1380.122295,1383.08979345,1685604.0
2025-01-22,1378.49252601,1382.90138085,1354.686594,1357.512783,2829384.0
2025-01-23,1365.96308811,1382.948484,1354.686594,1359.396909,2712504.0
2025-01-24,1358.454846,1363.90939077,1347.44212953,1352.802468,3136034.0
2025-01-27,1353.744531,1360.31071011,1344.34274226,1351.85098437,2935646.0
2025-02-05,1356.57072,1359.396909,1320.97015923,1322.4680394,4075652.0
2025-02-06,1318.89762063,1339.60416537,1318.89762063,1330.98428892,2735582.0
2025-02-07,1331.77562184,1359.09544884,1322.10063483,1352.802468,3724207.0
2025-02-10,1354.686594,1356.57072,1344.40868667,1348.57260513,2083979.0
2025-02-11,1351.81330185,1352.76478548,1333.8670017,1335.845334,2357283.0
2025-02-12,1335.845334,1361.281035,1334.79022344,1359.396909,2547579.0
2025-02-13,1359.41575026,1389.77844075,1351.39879413,1380.17881878,4338536.0
2025-02-14,1380.17881878,1391.427051,1373.73510786,1389.542925,2709992.0
2025-02-17,1395.195303,1408.36534374,1382.1006273,1386.35875206,3247059.0
2025-02-18,1384.83261,1406.49063837,1377.37147104,1389.542925,2779992.0
2025-02-19,1389.59002815,1407.85662972,1380.0280887,1404.615933,3239331.0
2025-02-20,1397.079429,1405.52973411,1388.02620357,1388.600862,2374973.0
2025-02-21,1394.25324,1410.01395399,1387.66821963,1401.98757723,3641783.0
2025-02-24,1401.789744,1412.64230976,1388.600862,1393.37712141,3474373.0
2025-02-25,1384.84203063,1388.02620357,1367.875476,1369.759602,2838743.0
2025-02-26,1371.12559335,1380.08461248,1361.281035,1375.42140063,2636609.0
2025-02-27,1375.43082126,1403.5796637,1369.759602,1399.49111028,4976217.0
2025-02-28,1399.4345865,1439.83024794,1396.137366,1413.83872977,5612895.0
2025-03-03,1415.5438638,1432.86840237,1395.6663345,1400.86652226,3159566.0
2025-03-04,1398.963555,1399.905618,1380.32012823,1384.93623693,2521121.0
2025-03-05,1386.716736,1388.600862,1375.5061863,1381.41292131,2460522.0
2025-03-06,1388.600862,1422.7035426,1386.79210104,1418.72803674,4216764.0
2025-03-07,1415.920689,1439.81140668,1415.920689,1432.877823,3799135.0
2025-03-10,1431.75676803,1438.41715344,1418.87876682,1434.6677427,3136907.0
2025-03-11,1429.109571,1458.95412684,1424.399256,1458.95412684,3977560.0
2025-03-12,1457.33377848,1459.89618984,1437.91786005,1453.20754254,2960396.0
2025-03-13,1454.545272,1465.3789965,1442.18540544,1448.67621951,2572439.0
2025-03-14,1457.99322258,1533.68798463,1451.719083,1533.68798463,9291315.0
2025-03-17,1560.998391,1561.93103337,1532.62345344,1542.96730518,5468913.0
2025-03-18,1549.73131752,1556.288076,1527.7435671,1529.910312,3161345.0
2025-03-19,1530.18351027,1552.519824,1528.968249,1540.94186973,2738955.0
2025-03-20,1540.94186973,1542.7223688,1502.65642941,1511.069052,3673677.0
2025-03-21,1506.358737,1518.7939686,1477.93669629,1482.57164625,3361430.0
2025-03-24,1479.03891,1497.55986858,1471.86038994,1491.285729,2556585.0
2025-03-25,1495.996044,1500.5179464,1475.89241958,1484.2202565,1767438.0
2025-03-26,1481.64842451,1490.89006254,1479.980973,1484.691288,1432356.0
2025-03-27,1484.691288,1505.65218975,1482.22308294,1496.938107,1795563.0
2025-03-28,1498.75628859,1500.706359,1484.691288,1493.36768823,1622789.0
2025-03-31,1489.38276174,1495.01629848,1469.67480378,1470.560343,2108494.0
2025-04-01,1473.386532,1478.93528307,1462.27960923,1465.86886926,1855644.0
2025-04-02,1467.734154,1476.9663714,1455.9583665,1459.27442826,2167401.0
2025-04-03,1441.35639,1494.111918,1440.42374763,1477.98379944,3548050.0
2025-04-07,1431.94518063,1447.80952155,1377.296106,1413.0945,10195267.0
2025-04-08,1425.341319,1455.487335,1408.384185,1455.487335,7387649.0
2025-04-09,1436.66491626,1466.6036784,1432.45389465,1451.75676552,5563004.0
2025-04-10,1461.13029237,1464.907965,1439.472264,1459.255587,3862021.0
2025-04-11,1488.43127811,1488.43127811,1455.487335,1478.07800574,3263423.0
2025-04-14,1470.53208111,1475.270658,1461.63900639,1462.07235537,2171144.0
2025-04-15,1462.081776,1474.328595,1455.487335,1467.734154,2148928.0
2025-04-16,1462.081776,1484.691288,1447.950831,1468.83636771,3115605.0
2025-04-17,1463.965902,1485.1623195,1460.18822937,1479.03891,2384605.0
2025-04-18,1475.270658,1483.749225,1465.850028,1475.21413422,2029848.0
2025-04-21,1474.7996265,1474.7996265,1461.139713,1461.139713,1805703.0
2025-04-22,1460.19765,1466.1326469,1453.80104223,1459.0671744,1843214.0
2025-04-23,1468.676217,1468.88347086,1455.487335,1462.081776,1866876.0
2025-04-24,1462.081776,1470.25888284,1459.23674574,1462.31729175,1487181.0
2025-04-25,1466.8862973,1470.7487556,1460.19765,1460.19765,1476490.0
2025-04-28,1462.081776,1464.907965,1456.9946358,1460.19765,1465972.0
2025-04-29,1460.19765,1462.59049002,1443.25935726,1454.545272,1892180.0
2025-04-30,1460.18822937,1475.89241958,1456.7120169,1457.371461,2575425.0
2025-05-06,1468.676217,1468.676217,1454.85615279,1460.3860626,1830026.0
2025-05-07,1479.03891,1479.03891,1460.3860626,1464.907965,2746221.0
2025-05-08,1463.023839,1500.49910514,1460.03749929,1486.75440597,3348106.0
2025-05-09,1487.50805637,1504.89853935,1483.79632815,1498.99180434,2367190.0
2025-05-12,1505.416674,1525.13405259,1504.10720643,1511.5400835,2473533.0
2025-05-13,1515.70400196,1515.70400196,1493.27348193,1498.1627889,2125829.0
2025-05-14,1497.88017,1549.693635,1496.16561534,1540.26358437,3946012.0
2025-05-15,1540.0845924,1548.36532617,1530.03278019,1537.45623663,2473285.0
2025-05-16,1539.32152137,1542.14771037,1520.61215019,1520.61215019,2293522.0
2025-05-19,1503.532548,1507.3008,1482.69411444,1487.49863574,3806283.0
2025-05-20,1488.45954,1502.4020724,1483.8434313,1494.111918,1952153.0
2025-05-21,1493.169855,1503.47602422,1489.37334111,1489.37334111,1979464.0
2025-05-22,1489.39218237,1493.16043437,1479.1331163,1488.45954,1509024.0
2025-05-23,1483.9376376,1495.9018377,1480.60273458,1481.4882738,2153700.0
2025-05-26,1479.03891,1483.40066169,1455.487335,1460.6686815,2708653.0
2025-05-27,1461.139713,1468.2993918,1454.08366113,1454.4510657,1775213.0
2025-05-28,1454.53585137,1456.86274698,1444.182579,1447.950831,1626568.0
2025-05-29,1450.77702,1464.907965,1443.240516,1450.77702,2185958.0
2025-05-30,1450.91832945,1455.487335,1427.45154012,1433.819886,3123918.0
2025-06-03,1420.64042463,1430.993697,1417.82365626,1421.573067,2897918.0
2025-06-04,1510.5,1523.0,1509.22,1509.96,2300809.0
2025-06-05,1514.0,1516.0,1502.2,1514.0,2321366.0
2025-06-06,1513.8,1518.97,1503.0,1506.39,2502307.0
2025-06-09,1505.02,1508.7,1485.68,1486.11,4495867.0
2025-06-10,1486.0,1492.0,1474.8,1475.01,3049220.0
2025-06-11,1476.8,1494.0,1476.1,1480.0,3089282.0
2025-06-12,1480.0,1483.87,1454.1,1459.0,4990361.0
2025-06-13,1444.41,1449.97,1425.06,1426.95,5911325.0
2025-06-16,1401.2,1425.04,1401.18,1422.29,4288787.0
2025-06-17,1420.0,1427.0,1412.18,1427.0,2723151.0
2025-06-18,1440.0,1443.44,1421.01,1425.0,3076099.0
2025-06-19,1426.0,1433.67,1417.18,1426.0,2450072.0
2025-06-20,1423.58,1441.14,1420.2,1428.66,3481581.0
2025-06-23,1420.0,1433.0,1405.18,1420.0,2672331.0
2025-06-24,1423.35,1451.68,1423.35,1437.2,3631151.0
2025-06-25,1439.11,1449.2,1420.51,1435.86,4105007.0
2025-06-26,1415.0,1428.0,1410.08,1420.0,3486025.0
2025-06-27,1420.01,1423.0,1403.09,1403.09,3824973.0
2025-06-30,1403.5,1413.23,1402.0,1409.52,3045730.0
2025-07-01,1409.0,1411.94,1403.31,1405.1,1987819.0
2025-07-02,1409.5,1414.8,1400.0,1409.6,2621825.0
2025-07-03,1412.0,1422.69,1408.0,1415.6,2441267.0
2025-07-04,1415.7,1431.89,1410.01,1422.22,2876691.0
2025-07-07,1422.28,1423.5,1410.01,1410.7,2385467.0
2025-07-08,1410.71,1420.0,1410.7,1416.11,1867370.0
2025-07-09,1415.0,1429.97,1414.17,1418.88,2774532.0
2025-07-10,1418.97,1436.18,1410.4,1426.5,3872503.0
2025-07-11,1423.16,1458.0,1423.16,1427.0,5724335.0
2025-07-14,1430.0,1434.98,1421.6,1423.6,2778094.0
2025-07-15,1420.98,1422.93,1408.32,1411.0,3540578.0
2025-07-16,1410.01,1417.49,1409.95,1411.03,2128605.0
2025-07-17,1413.98,1423.01,1412.88,1416.35,2310554.0
2025-07-18,1420.0,1437.81,1416.38,1437.0,4182341.0
2025-07-21,1436.99,1446.8,1435.0,1443.0,2620331.0
2025-07-22,1444.0,1466.6,1440.68,1464.98,4211898.0
2025-07-23,1469.0,1495.0,1468.95,1475.5,4504484.0
2025-07-24,1476.0,1499.0,1475.0,1491.5,3880364.0
2025-07-25,1491.4,1491.4,1453.0,1455.0,4191126.0
2025-07-28,1453.0,1454.99,1436.3,1438.66,3858632.0
2025-07-29,1439.6,1448.79,1435.01,1439.0,2630408.0
2025-07-30,1444.0,1457.16,1437.0,1449.44,3186771.0
2025-07-31,1443.0,1444.87,1418.0,1421.67,5179751.0
2025-08-01,1421.87,1425.96,1414.0,1417.0,2963559.0
2025-08-04,1415.0,1419.8,1414.0,1419.0,1868795.0
2025-08-05,1421.0,1429.94,1417.11,1427.74,2534227.0
2025-08-06,1429.0,1429.0,1419.3,1423.88,2369928.0
2025-08-07,1423.88,1427.7,1420.06,1422.35,2800134.0
2025-08-08,1423.05,1426.5,1418.0,1420.97,1865528.0
2025-08-11,1423.5,1451.99,1423.0,1445.0,4715907.0
2025-08-12,1449.0,1465.07,1436.0,1437.04,4201923.0
2025-08-13,1425.0,1433.68,1420.0,1420.05,6552754.0
2025-08-14,1420.94,1447.51,1420.94,1426.99,4812930.0
2025-08-15,1426.01,1428.66,1420.22,1422.08,4758165.0
2025-08-18,1426.99,1436.64,1423.1,1428.5,4737798.0
2025-08-19,1433.5,1446.66,1432.0,1438.0,4637186.0
2025-08-20,1438.0,1452.8,1430.02,1450.0,4580466.0
2025-08-21,1453.45,1454.99,1443.65,1448.25,3089057.0
2025-08-22,1448.88,1464.0,1444.77,1463.95,4497058.0
2025-08-25,1470.01,1496.0,1466.0,1490.33,6532455.0
2025-08-26,1490.32,1494.23,1480.01,1481.61,3960213.0
2025-08-27,1481.88,1484.93,1448.0,1448.0,5600609.0
2025-08-28,1447.97,1456.1,1438.77,1446.1,3928177.0
2025-08-29,1453.0,1482.58,1452.0,1480.0,6225648.0
2025-09-01,1482.2,1488.0,1465.7,1476.1,4512338.0
2025-09-02,1478.66,1509.0,1478.0,1491.3,5668837.0
2025-09-03,1491.0,1503.5,1466.0,1480.55,4504503.0
2025-09-04,1472.0,1479.3,1460.47,1472.66,4774676.0
2025-09-05,1471.0,1486.97,1464.0,1483.0,3738848.0
2025-09-08,1483.0,1506.44,1477.5,1501.23,5138298.0
2025-09-09,1505.0,1509.95,1493.42,1505.0,3574277.0
2025-09-10,1506.66,1529.95,1496.0,1522.01,4966331.0
2025-09-11,1522.01,1526.02,1508.5,1523.5,3723896.0
2025-09-12,1526.0,1538.02,1510.53,1516.0,3372209.0
2025-09-15,1515.87,1517.48,1501.5,1515.1,2582703.0
2025-09-16,1515.1,1520.99,1496.21,1499.98,3271789.0
2025-09-17,1499.99,1510.28,1490.01,1493.0,3033054.0
2025-09-18,1492.0,1497.8,1463.5,1467.96,4972125.0
2025-09-19,1467.99,1475.5,1457.01,1467.97,3263662.0
2025-09-22,1465.09,1467.97,1450.01,1453.35,3494708.0
2025-09-23,1450.5,1457.5,1440.0,1447.42,3866300.0
2025-09-24,1434.07,1456.78,1434.07,1442.0,3074350.0
2025-09-25,1442.83,1445.21,1436.0,1439.0,3386973.0
2025-09-26,1441.18,1447.11,1428.01,1435.0,4512071.0
2025-09-29,1439.38,1469.99,1435.0,1460.86,5368403.0
2025-09-30,1460.0,1460.76,1440.0,1443.99,3936362.0
2025-10-09,1436.0,1439.38,1420.0,1436.78,5491812.0
2025-10-10,1437.6,1439.94,1427.5,1430.0,3600144.0
2025-10-13,1415.7,1422.85,1415.12,1419.2,4606880.0
2025-10-14,1429.99,1464.0,1429.99,1451.02,6667233.0
2025-10-15,1450.98,1463.0,1445.08,1462.0,4278540.0
2025-10-16,1461.92,1484.95,1458.88,1484.91,4573015.0
2025-10-17,1483.1,1488.0,1454.03,1455.0,3808589.0
2025-10-20,1455.0,1469.5,1454.88,1457.93,2594988.0
2025-10-21,1459.0,1469.94,1455.5,1462.26,2544267.0
2025-10-22,1462.08,1465.73,1456.0,1458.7,1819492.0
2025-10-23,1455.0,1468.8,1447.2,1467.98,2932235.0
2025-10-24,1467.95,1478.88,1449.34,1450.0,3822583.0
2025-10-27,1440.0,1452.49,1435.99,1440.41,3710239.0
2025-10-28,1442.0,1451.2,1441.1,1445.0,2712433.0
2025-10-29,1440.02,1446.55,1430.04,1431.9,3393711.0
2025-10-30,1421.81,1436.63,1421.81,1426.74,4745610.0
2025-10-31,1422.0,1435.98,1420.11,1430.01,3569377.0
2025-11-03,1431.0,1448.0,1420.1,1435.0,3454766.0
2025-11-04,1435.1,1435.78,1423.78,1429.0,2656572.0
2025-11-05,1425.89,1430.99,1420.01,1420.08,3447527.0
2025-11-06,1430.0,1441.45,1429.99,1435.13,3834782.0
2025-11-07,1435.11,1439.78,1431.11,1433.33,1886139.0
2025-11-10,1435.0,1463.69,1434.98,1462.3,4945154.0
2025-11-11,1462.0,1462.18,1447.0,1458.99,2669156.0
2025-11-12,1459.98,1478.36,1459.21,1465.15,3299210.0
2025-11-13,1462.12,1473.58,1458.0,1470.38,3117923.0
2025-11-14,1470.0,1478.95,1456.3,1456.6,2747306.0
2025-11-17,1454.0,1473.0,1445.79,1471.0,3446221.0
2025-11-18,1470.7,1486.07,1469.0,1476.0,3420478.0
2025-11-19,1474.0,1479.53,1469.96,1471.01,2204537.0
2025-11-20,1472.0,1479.9,1465.03,1467.11,2400232.0
2025-11-21,1470.5,1480.0,1456.0,1466.6,4260720.0
2025-11-24,1467.0,1471.0,1451.13,1452.0,3360744.0
2025-11-25,1458.0,1458.0,1444.5,1444.65,2844069.0
2025-11-26,1448.88,1453.49,1443.58,1449.15,2030616.0
2025-11-27,1449.5,1450.0,1439.04,1447.3,2228689.0
2025-11-28,1446.5,1455.5,1443.0,1450.5,2321121.0
2025-12-01,1451.0,1462.27,1442.0,1448.0,2733342.0
2025-12-02,1448.0,1451.92,1435.02,1436.03,2504726.0
2025-12-03,1435.81,1435.97,1428.0,1429.1,2357279.0
2025-12-04,1429.1,1432.5,1418.38,1423.98,2907539.0
2025-12-05,1423.98,1433.09,1419.5,1430.01,2540166.0
2025-12-08,1429.2,1436.67,1418.0,1418.22,3360280.0
2025-12-09,1418.23,1421.0,1400.05,1401.01,4263443.0
2025-12-10,1400.0,1402.8,1383.18,1402.8,3313347.0
2025-12-11,1406.66,1411.99,1401.55,1411.99,2238501.0
2025-12-12,1418.0,1425.0,1413.57,1420.65,3715919.0
2025-12-15,1439.59,1439.99,1425.57,1426.0,3335879.0
2025-12-16,1426.2,1428.78,1415.0,1422.0,2396367.0
2025-12-17,1425.0,1439.94,1417.68,1433.1,3138249.0
2025-12-18,1433.5,1438.88,1426.11,1431.0,1782995.0
2025-12-19,1410.0,1412.45,1401.01,1410.0,2650868.0
2025-12-22,1410.0,1414.14,1406.58,1408.26,2042565.0
2025-12-23,1408.26,1412.93,1397.19,1407.86,2450681.0
2025-12-24,1404.99,1406.36,1400.0,1400.9,2518669.0
2025-12-25,1405.0,1419.48,1401.38,1414.17,2338621.0
2025-12-26,1414.17,1419.14,1410.0,1414.13,1780299.0
2025-12-29,1414.13,1414.13,1401.0,1402.0,2630810.0
2025-12-30,1401.0,1401.9,1386.0,1389.72,3379194.0
2025-12-31,1390.0,1394.0,1377.17,1377.18,3476563.0
2026-01-05,1385.0,1431.88,1385.0,1426.0,7094942.0
2026-01-06,1432.55,1436.97,1416.53,1428.01,3958618.0
2026-01-07,1432.88,1435.0,1420.2,1423.36,2968380.0
2026-01-08,1423.33,1423.36,1408.14,1412.3,2913454.0
2026-01-09,1417.0,1428.6,1416.01,1419.1,2984774.0
2026-01-12,1419.1,1431.0,1417.1,1423.23,3608266.0
2026-01-13,1426.79,1429.52,1408.99,1411.0,3916866.0
2026-01-14,1411.0,1422.25,1396.18,1398.01,5175797.0
2026-01-15,1396.02,1402.83,1388.58,1388.89,4090714.0
2026-01-16,1395.0,1397.5,1380.0,1382.0,5512068.0
2026-01-19,1381.9,1387.49,1375.0,1376.0,4228640.0
2026-01-20,1379.5,1381.58,1372.05,1373.55,3648443.0
2026-01-21,1373.56,1374.4,1350.0,1351.06,6451625.0
2026-01-22,1352.01,1361.76,1337.48,1340.06,5901089.0
2026-01-23,1340.1,1348.0,1332.47,1337.0,6194890.0
2026-01-26,1340.51,1355.0,1325.12,1342.0,8016606.0
2026-01-27,1344.98,1353.7,1338.0,1343.01,4841596.0
2026-01-28,1343.04,1346.71,1322.01,1323.69,7621801.0
2026-01-29,1335.0,1445.0,1329.06,1437.72,18953440.0
2026-01-30,1435.0,1435.0,1401.0,1401.0,9447974.0
2026-02-02,1425.0,1458.58,1411.62,1427.0,8572427.0
2026-02-03,1445.0,1476.81,1443.03,1474.92,8632066.0
2026-02-04,1485.0,1533.27,1474.0,1525.0,10912293.0
2026-02-05,1520.0,1565.0,1515.0,1555.0,9162274.0
2026-02-06,1555.0,1568.0,1505.88,1515.01,7896538.0
2026-02-09,1518.0,1542.88,1513.49,1524.96,5116846.0
2026-02-10,1524.97,1524.97,1496.5,1504.8,3957596.0
2026-02-11,1504.8,1514.0,1496.0,1504.33,3092846.0
2026-02-12,1500.2,1502.82,1473.36,1486.6,4624582.0
2026-02-13,1486.6,1507.8,1470.58,1485.3,4167901.0
2026-02-24,1521.0,1524.4,1463.6,1466.8,4191253.0
2026-02-25,1470.0,1509.66,1467.88,1491.66,3688067.0
2026-02-26,1486.6,1489.49,1464.67,1466.21,3295801.0
2026-02-27,1466.99,1476.21,1455.02,1455.02,3216016.0
2026-03-02,1450.0,1457.0,1436.66,1440.11,3545386.0
2026-03-03,1440.1,1452.87,1422.13,1426.19,4589086.0
2026-03-04,1415.0,1423.0,1392.09,1401.18,4801443.0
2026-03-05,1406.0,1412.96,1395.0,1399.04,3050524.0
2026-03-06,1395.0,1407.5,1388.0,1402.0,2915415.0
2026-03-09,1390.0,1404.9,1383.2,1397.0,3744162.0
2026-03-10,1404.9,1409.49,1398.0,1401.88,2462592.0
2026-03-11,1402.99,1405.99,1398.02,1400.0,2445673.0
2026-03-12,1395.0,1403.95,1391.01,1392.0,2758646.0
2026-03-13,1392.48,1417.62,1392.0,1413.64,3360783.0
2026-03-16,1420.0,1466.0,1420.0,1460.18,6008635.0
2026-03-17,1468.0,1498.07,1461.19,1485.0,4945361.0
2026-03-18,1489.0,1496.5,1463.15,1468.8,3555100.0
2026-03-19,1472.96,1473.0,1446.0,1452.87,3031859.0
2026-03-20,1452.96,1462.5,1439.0,1445.0,2613234.0
2026-03-23,1433.33,1435.0,1400.03,1408.07,4725589.0
2026-03-24,1416.0,1417.59,1400.18,1407.33,2856179.0
2026-03-25,1410.11,1417.87,1401.01,1410.27,2609346.0
2026-03-26,1409.0,1413.9,1400.3,1401.18,2309289.0
2026-03-27,1400.0,1426.0,1396.66,1416.02,3008711.0
2026-03-30,1407.0,1431.0,1402.52,1420.0,2868459.0
2026-03-31,1468.0,1479.93,1448.41,1450.0,6169066.0
2026-04-01,1464.49,1469.99,1452.88,1459.44,2912514.0
2026-04-02,1459.44,1464.88,1452.1,1459.88,2106437.0
2026-04-03,1459.54,1469.96,1455.0,1460.0,2019373.0
2026-04-07,1460.05,1470.0,1435.05,1440.02,2415218.0
2026-04-08,1460.0,1469.08,1452.13,1465.02,3383610.0
2026-04-09,1465.02,1465.02,1447.5,1460.49,2070476.0
2026-04-10,1459.14,1459.71,1441.1,1453.96,2886556.0
2026-04-13,1444.0,1446.5,1433.0,1443.31,2521364.0
2026-04-14,1442.6,1448.6,1435.0,1446.9,2423261.0
2026-04-15,1444.98,1470.79,1442.0,1467.5,3455348.0
2026-04-16,1467.45,1477.41,1460.0,1462.84,2451284.0
2026-04-17,1400.0,1421.0,1399.87,1407.24,9682499.0
2026-04-20,1403.0,1413.94,1400.0,1410.89,3645139.0
2026-04-21,1411.0,1419.9,1410.0,1412.01,2175427.0
2026-04-22,1415.0,1419.0,1404.98,1409.5,2691593.0
2026-04-23,1408.0,1419.7,1405.1,1419.0,3770109.0
2026-04-24,1413.1,1458.88,1413.1,1458.49,5545531.0
2026-04-27,1420.0,1420.0,1402.2,1403.2,7279774.0
2026-04-28,1402.0,1409.39,1400.11,1405.0,3400442.0
2026-04-29,1405.0,1409.75,1400.28,1401.17,3481313.0
2026-04-30,1400.0,1401.17,1380.0,1384.79,5275267.0
2026-05-06,1365.1,1379.0,1360.05,1375.0,4780604.0
2026-05-07,1375.0,1388.0,1370.01,1371.05,4046147.0
2026-05-08,1371.66,1382.77,1370.0,1372.99,3336853.0
2026-05-11,1372.89,1372.89,1361.0,1361.33,5713510.0
2026-05-12,1362.0,1363.58,1350.5,1354.55,5083743.0
2026-05-13,1354.5,1358.6,1338.0,1344.09,5696787.0
2026-05-14,1338.0,1369.06,1335.18,1342.17,5524434.0
2026-05-15,1335.15,1339.28,1327.11,1332.95,5818365.0
2026-05-18,1336.0,1342.68,1319.61,1323.0,4966097.0
2026-05-19,1321.9,1329.99,1318.0,1324.3,4325464.0
2026-05-20,1321.0,1332.99,1314.0,1315.0,4748733.0
2026-05-21,1312.98,1323.52,1311.0,1311.0,3886838.0
2026-05-22,1310.95,1311.91,1290.12,1290.2,4915714.0
2026-05-25,1287.0,1304.79,1277.0,1285.88,4635276.0
2026-05-26,1285.35,1289.89,1270.01,1273.38,4593162.0
2026-05-27,1268.02,1319.0,1250.1,1303.0,8272791.0
2026-05-28,1290.0,1304.0,1271.0,1275.98,4588998.0
2026-05-29,1270.6,1329.0,1270.0,1326.0,7647805.0
2026-06-01,1327.0,1327.0,1301.31,1309.6,4384460.0
2026-06-02,1306.0,1326.36,1301.0,1307.22,3636185.0
2026-06-03,1304.0,1304.0,1276.0,1281.91,5247652.0
2026-06-04,1278.99,1288.99,1266.69,1268.0,3350617.0
2026-06-05,1278.0,1283.0,1267.74,1272.86,3130397.0
2026-06-08,1272.0,1278.0,1260.0,1262.98,3082836.0
2026-06-09,1262.99,1263.0,1252.55,1256.0,2786012.0
2026-06-10,1252.08,1282.0,1250.21,1275.88,3924414.0
2026-06-11,1272.12,1282.88,1266.91,1279.0,2535198.0
2026-06-12,1271.18,1295.0,1265.01,1291.91,5049478.0
2026-06-15,1292.7,1292.7,1270.1,1271.1,4158556.0
2026-06-16,1267.01,1267.88,1255.0,1255.67,3496974.0
2026-06-17,1258.0,1259.77,1238.56,1240.0,4480330.0
2026-06-18,1235.0,1238.87,1211.22,1215.0,5747173.0
2026-06-22,1214.31,1252.8,1205.0,1241.41,5825131.0
2026-06-23,1239.0,1264.0,1217.0,1222.45,5800405.0
2026-06-24,1222.65,1241.87,1207.51,1207.68,4533528.0
2026-06-25,1207.0,1227.0,1200.0,1212.1,4844649.0
2026-06-26,1199.0,1199.0,1168.1,1168.63,5006647.0
2026-06-29,1169.0,1215.0,1151.01,1194.96,6687812.0
2026-06-30,1187.0,1195.67,1176.0,1185.49,3960779.0
2026-07-01,1180.1,1196.8,1166.33,1193.01,4247381.0
2026-07-02,1193.01,1215.52,1190.51,1203.0,5087015.0
2026-07-03,1205.24,1210.14,1185.0,1194.45,3426755.0
2026-07-06,1186.0,1215.0,1180.0,1206.91,4097001.0
2026-07-07,1200.0,1202.0,1188.11,1188.8,2736500.0
2026-07-08,1188.77,1200.98,1177.0,1199.3,2577602.0
2026-07-09,1191.0,1191.99,1178.0,1182.19,3409634.0
2026-07-10,1182.2,1204.98,1170.28,1204.98,5221255.0
2026-07-13,1197.12,1215.0,1190.19,1210.99,4198257.0
2026-07-14,1208.99,1226.87,1205.0,1214.88,4352726.0
2026-07-15,1203.66,1256.6,1198.66,1251.06,7194371.0
2026-07-16,1252.0,1267.97,1245.05,1258.99,4761114.0
2026-07-17,1269.01,1269.33,1238.98,1253.0,5841730.0
2026-07-20,1270.0,1329.0,1266.0,1327.5,10615115.0
2026-07-21,1338.98,1344.7,1296.87,1308.0,7714770.0
2026-07-22,1300.0,1308.0,1283.24,1305.0,6518140.0
2026-07-23,1299.8,1303.0,1285.43,1292.01,3391769.0
2026-07-24,1305.0,1309.21,1286.2,1297.41,3569892.0
2026-07-27,1308.0,1308.0,1279.58,1289.5,3199044.0
2026-07-28,1299.0,1320.0,1289.52,1320.0,5313457.0
2026-07-29,1333.83,1343.48,1312.06,1321.0,6232985.0
2026-07-30,1323.0,1362.0,1322.0,1361.76,7187261.0
2026-07-31,1330.03,1355.72,1325.77,1350.6,5512752.0
2026-08-03,1350.6,1363.35,1346.0,1358.98,3614686.0
2026-08-04,1350.06,1350.94,1328.36,1328.36,3745031.0
2026-08-05,1328.36,1333.8,1303.5,1306.45,4268859.0
2026-08-06,1310.0,1314.4,1300.01,1308.55,2546328.0
2026-08-07,1308.66,1315.28,1301.0,1309.22,2497581.0
2026-08-10,1325.0,1359.97,1318.08,1348.86,6268572.0
2026-08-11,1348.0,1352.65,1338.0,1346.5,2707300.0
2026-08-12,1346.5,1356.88,1332.51,1343.0,3505960.0
2026-08-13,1338.0,1359.6,1337.0,1355.29,3235348.0
2026-08-14,1355.0,1359.0,1338.14,1341.99,2985315.0
2026-08-17,1295.0,1301.0,1280.34,1293.09,7842956.0
2026-08-18,1291.0,1302.9,1285.17,1297.99,3872283.0
2026-08-19,1300.0,1308.88,1290.5,1307.88,3754751.0
2026-08-20,1299.8,1306.88,1291.0,1291.5,2533166.0
2026-08-21,1291.5,1291.5,1272.01,1272.83,3347231.0
2026-08-24,1271.01,1313.8,1270.33,1304.66,4843957.0
2026-08-25,1311.89,1317.0,1301.11,1304.0,2111118.0
2026-08-26,1300.0,1314.45,1295.0,1302.8,2173083.0
2026-08-27,1304.0,1305.0,1288.0,1292.3,2476747.0
