date,open,high,low,close,volume
2020-01-02,24.40952876,25.04405117,24.26069017,24.87171175,54604247.0
2020-01-03,25.067552,25.067552,24.48786486,24.86387814,42670858.0
2020-01-06,24.65237067,24.81687648,24.14318602,24.35469349,42899553.0
2020-01-07,24.49569847,25.42789806,24.35469349,25.18505615,63222917.0
2020-01-08,25.00488312,25.44356528,24.89521258,25.21639059,46351899.0
2020-01-09,25.41223084,25.79607773,25.3808964,25.45139889,43733192.0
2020-01-10,25.46706611,25.55323582,25.1458881,25.39656362,27093733.0
2020-01-13,25.28689308,25.84307939,25.25555864,25.84307939,38705406.0
2020-01-14,25.96841715,25.96841715,25.52190138,25.63940553,26158916.0
2020-01-15,25.6159047,26.35226404,25.56890304,26.06242047,48604304.0
2020-01-16,26.06242047,26.36009765,26.0075852,26.26609433,28437944.0
2020-01-17,26.2425935,26.35226404,25.67073997,25.75690968,39348030.0
2020-01-20,25.71774163,25.81174495,25.37306279,25.76474329,33212407.0
2020-01-21,25.58457026,25.58457026,24.9892159,25.2242242,39152828.0
2020-01-22,25.11455366,25.47489972,24.69153872,25.42006445,37071183.0
2020-01-23,25.2242242,25.2242242,23.8141744,24.00218104,76416673.0
2020-02-03,21.6990997,22.74096983,21.6990997,22.23178518,128450428.0
2020-02-04,22.45112626,23.16398477,22.44329265,23.14048394,80572358.0
2020-02-05,23.38332585,23.40682668,22.96031091,23.1874856,60131065.0
2020-02-06,23.38332585,23.7358383,23.25798809,23.7358383,66865003.0
2020-02-07,23.69667025,24.2058549,23.32065697,24.08835075,55409598.0
2020-02-10,23.77500635,23.97868021,23.46949556,23.63400137,53719182.0
2020-02-11,23.62616776,24.14318602,23.62616776,23.68100303,45807210.0
2020-02-12,23.68100303,23.86900967,23.61833415,23.69667025,36879362.0
2020-02-13,23.68883664,23.7358383,23.22665365,23.24232087,49674781.0
2020-02-14,23.1874856,23.46166195,23.15615116,23.2658217,39689228.0
2020-02-17,23.05431423,23.6575022,23.0308134,23.63400137,61643397.0
2020-02-18,23.50866361,23.8141744,23.49299639,23.6575022,50145395.0
2020-02-19,23.6575022,23.96301299,23.49299639,23.90034411,59419892.0
2020-02-20,23.88467689,24.4408632,23.77500635,24.35469349,57951432.0
2020-02-21,24.22935573,24.24502295,23.93951216,24.05701631,54909230.0
2020-02-24,23.86900967,23.86900967,23.2658217,23.47732917,74409277.0
2020-02-25,23.1091495,23.32849058,22.9524773,23.25798809,62094834.0
2020-02-26,22.88197481,23.28148892,22.78013788,23.00731257,51749800.0
2020-02-27,23.06998145,23.53999805,23.0308134,23.46166195,54857726.0
2020-02-28,22.96031091,23.30498975,22.6391329,22.64696651,53881359.0
2020-03-02,22.75663705,23.2658217,22.75663705,23.17965199,47623186.0
2020-03-03,23.30498975,23.58699971,23.17965199,23.38332585,60317178.0
2020-03-04,23.3441578,23.79850718,23.27365531,23.78283996,54509701.0
2020-03-05,23.93951216,24.50353208,23.67316942,24.23718934,87707587.0
2020-03-06,23.9708466,24.37819432,23.74367191,23.79067357,46843030.0
2020-03-09,23.2658217,23.2658217,22.717469,22.74096983,76566759.0
2020-03-10,22.6391329,23.46166195,22.6391329,23.41466029,60902118.0
2020-03-11,23.3441578,23.35199141,22.90547564,22.92114286,51209474.0
2020-03-12,22.70180178,22.70963539,22.23178518,22.38062377,54895270.0
2020-03-13,21.50325945,22.38062377,21.26825115,22.13778186,84007352.0
2020-03-16,22.12994825,22.12994825,21.18991505,21.34658725,67051726.0
2020-03-17,21.5424275,21.97327605,21.06457729,21.76176858,74088640.0
2020-03-18,21.87143912,22.4824607,21.53459389,21.67559887,55265696.0
2020-03-19,21.70693331,21.98894327,21.18991505,21.80877024,72267433.0
2020-03-20,21.80877024,22.36495655,21.80877024,22.20828435,48390395.0
2020-03-23,21.36225447,21.81660385,21.35442086,21.55026111,59706011.0
2020-03-24,21.97327605,22.2474524,21.86360551,22.20828435,52143366.0
2020-03-25,22.67830095,22.717469,22.23961879,22.43545904,54254740.0
2020-03-26,22.09861381,22.50596153,22.03594493,22.23178518,31351275.0
2020-03-27,22.53729597,22.89764203,22.4041246,22.47462709,64662894.0
2020-03-30,22.30228767,22.77230427,22.23961879,22.74096983,50676955.0
2020-03-31,22.9524773,23.40682668,22.72530261,23.39115946,63805901.0
2020-04-01,23.10131589,23.39115946,22.82713954,22.9524773,56808249.0
2020-04-02,22.86630759,23.02297979,22.54512958,22.89764203,40248140.0
2020-04-03,22.83497315,23.36765863,22.72530261,23.05431423,38832352.0
2020-04-07,23.38332585,23.80634079,23.38332585,23.64966859,74944943.0
2020-04-08,23.50083,23.64966859,23.2658217,23.44599473,35990802.0
2020-04-09,23.54783166,23.87684328,23.53216444,23.61833415,41212718.0
2020-04-10,23.61833415,24.18235407,23.50083,23.6575022,47280471.0
2020-04-13,23.64966859,23.64966859,23.14048394,23.39115946,34209997.0
2020-04-14,23.49299639,24.01001465,23.14831755,23.90817772,56934408.0
2020-04-15,23.96301299,24.01001465,23.35199141,23.48516278,44135806.0
2020-04-16,23.41466029,23.64966859,23.20315282,23.3441578,30322811.0
2020-04-17,23.5791661,23.7358383,23.39115946,23.46166195,37875851.0
2020-04-20,23.7358383,24.08835075,23.50866361,23.8925105,59572089.0
2020-04-21,23.8925105,23.8925105,23.25798809,23.52433083,60355286.0
2020-04-22,23.3441578,23.78283996,23.32065697,23.75933913,41391770.0
2020-04-23,23.7358383,24.41736237,23.72017108,24.07268353,58380677.0
2020-04-24,24.15101963,24.6758715,23.9708466,24.4408632,60367387.0
2020-04-27,24.49569847,24.63670345,24.1275188,24.30769183,37325208.0
2020-04-28,24.32335905,24.73854038,23.93167855,24.61320262,60087289.0
2020-04-29,23.6575022,23.6575022,22.70963539,22.94464369,183535564.0
2020-04-30,22.94464369,23.14831755,22.5607968,22.90547564,107814315.0
2020-05-06,22.49029431,22.8741412,22.4824607,22.85064037,98649301.0
2020-05-07,22.86630759,23.03864701,22.68613456,22.76447066,64781449.0
2020-05-08,22.84280676,23.22665365,22.68613456,23.06214784,79537690.0
2020-05-11,23.02297979,23.47732917,22.75663705,22.88980842,68164476.0
2020-05-12,22.78797149,22.99164535,22.70963539,22.81930593,61031713.0
2020-05-13,22.81930593,23.21882004,22.59996485,23.09348228,72158052.0
2020-05-14,22.88197481,23.01514618,22.68613456,22.717469,58055960.0
2020-05-15,22.80363871,22.82713954,22.28662045,22.31012128,83648411.0
2020-05-18,22.31012128,22.6391329,22.0124441,22.46679348,66015811.0
2020-05-19,22.64696651,22.7958051,22.52162875,22.717469,56898198.0
2020-05-20,22.67830095,22.93681008,22.4041246,22.49812792,55192397.0
2020-05-21,22.61563207,22.70180178,22.27878684,22.38845738,44280704.0
2020-05-22,22.26311962,22.31012128,21.83227107,21.84793829,72327761.0
2020-05-25,21.99677688,22.43545904,21.58159555,22.3257885,58449767.0
2020-05-26,22.56863041,22.60779846,22.14561547,22.41979182,51757466.0
2020-05-27,22.41195821,22.78013788,22.33362211,22.50596153,50075524.0
2020-05-28,22.50596153,22.67046734,22.02811132,22.27878684,40702704.0
2020-05-29,22.22395157,22.51379514,22.09861381,22.28662045,43697295.0
2020-06-01,22.4824607,22.81930593,22.3257885,22.65480012,78006370.0
2020-06-02,22.56863041,22.64696651,22.35712294,22.59213124,61188567.0
2020-06-03,22.63129929,22.77230427,22.41979182,22.52946236,56582801.0
2020-06-04,22.73313622,22.74096983,22.50596153,22.62346568,47680421.0
2020-06-05,22.6391329,22.67830095,22.1691163,22.31012128,80649607.0
2020-06-08,22.5607968,23.8925105,22.53729597,23.72017108,189537220.0
2020-06-09,24.03351548,24.34685988,23.80634079,23.93167855,136287437.0
2020-06-10,23.96387666,24.01215848,23.52934028,23.61785695,64572092.0
2020-06-11,23.7385615,23.80293726,22.9338645,23.24769633,78532535.0
2020-06-12,22.89362965,23.4166827,22.8533948,23.4166827,54400167.0
2020-06-15,23.0948039,23.38449482,22.96605238,23.0143342,59911757.0
2020-06-16,23.26379027,23.42472967,23.07870996,23.26379027,55765244.0
2020-06-17,23.336213,23.7385615,23.1752736,23.65004483,57285958.0
2020-06-18,23.71442059,23.8190312,23.45691755,23.52934028,49558224.0
2020-06-19,23.4971524,24.28575546,23.46496452,24.06848727,106305607.0
2020-06-22,24.13286303,24.68810396,24.0604403,24.21333273,76843976.0
2020-06-23,24.25356758,24.73638578,24.07653424,24.33403728,93230029.0
2020-06-24,24.7041979,25.05021761,24.49497668,24.80076154,75472536.0
2020-06-29,24.945607,25.29162671,24.58349335,24.84904336,67543239.0
2020-06-30,25.1065464,25.29967368,24.83294942,25.05021761,65468239.0
2020-07-01,25.14678125,25.85491461,25.01802973,25.66178733,74340113.0
2020-07-02,25.750304,25.97561916,25.30772065,25.70202218,76937053.0
2020-07-03,26.1526525,26.17679341,25.07435852,25.42037823,96229554.0
2020-07-06,25.6698343,27.5206374,25.62959945,27.1987586,141382069.0
2020-07-07,27.67352983,27.67352983,26.99758435,27.0378192,104279815.0
2020-07-08,27.0378192,28.28509955,26.97344344,28.03564348,115098932.0
2020-07-09,28.03564348,28.55869653,27.82642226,28.18048894,81078707.0
2020-07-10,28.12416015,28.41385107,27.62524801,27.81032832,80311064.0
2020-07-13,27.359698,29.02542079,27.26313436,28.52650865,110736545.0
2020-07-14,28.25291167,28.969092,27.9229859,28.29314652,70184476.0
2020-07-15,28.88057533,29.1300314,28.07587833,28.52650865,78701179.0
2020-07-16,28.4862738,28.969092,26.6354707,26.6354707,117199570.0
2020-07-17,26.43429645,27.96322075,26.43429645,27.64134195,78978618.0
2020-07-20,27.64938892,28.0839253,26.1526525,26.90906768,125281187.0
2020-07-21,26.96539647,27.8425162,26.67570555,27.40797982,79075277.0
2020-07-22,27.1987586,29.47605111,27.1987586,28.969092,118137648.0
2020-07-23,28.77596472,29.2105011,27.89884499,28.59893138,78068781.0
2020-07-24,28.2448647,28.55064956,26.9573495,27.38383891,101088500.0
2020-07-27,27.85056317,28.03564348,26.98953738,27.2792283,54136386.0
2020-07-28,27.7620465,29.17026625,27.61720104,28.45408592,96266709.0
2020-07-29,28.4862738,29.03346776,28.0034556,28.86448139,77353337.0
2020-07-30,29.25073595,29.63699051,28.77596472,28.98518594,78286110.0
2020-07-31,28.969092,29.76574203,28.7276829,29.47605111,71692210.0
2020-08-03,30.0151981,30.96474056,30.00715113,30.6589557,78650930.0
2020-08-04,31.19810269,31.20614966,29.94277537,30.39340569,61447608.0
2020-08-05,30.28879508,30.94059965,30.08762083,30.36121781,59904200.0
2020-08-06,30.10371477,30.36121781,29.50823899,29.87839961,59362164.0
2020-08-07,29.91863446,30.02324507,28.90471624,29.31511171,63933034.0
2020-08-10,29.5323799,29.74964809,28.8886223,29.30706474,47404868.0
2020-08-11,29.55652081,30.13590265,28.8886223,28.969092,50530724.0
2020-08-12,28.96104503,29.16221928,27.67352983,28.42189804,56136780.0
2020-08-13,28.47822683,28.5667435,27.96322075,28.03564348,40333514.0
2020-08-14,28.03564348,28.41385107,27.69767074,28.35752228,49269246.0
2020-08-17,28.2448647,28.7276829,27.96322075,28.44603895,70828067.0
2020-08-18,28.38971016,29.32315868,28.18853591,29.08174958,63263983.0
2020-08-19,28.92885715,28.92885715,28.0839253,28.15634803,49197507.0
2020-08-20,28.04369045,28.04369045,27.23899345,27.41602679,70536549.0
2020-08-21,27.82642226,28.27705258,27.47235558,28.07587833,54779277.0
2020-08-24,28.37361622,28.94495109,28.05173742,28.34142834,58620040.0
2020-08-25,28.22877076,28.8886223,28.17244197,28.36556925,46219083.0
2020-08-26,28.46213289,29.09784352,28.35752228,28.82424654,63032132.0
2020-08-27,29.5323799,30.4175466,29.17026625,29.6933193,92110461.0
2020-08-28,32.1074103,32.66265123,31.47169967,32.66265123,131957357.0
2020-08-31,33.3949255,34.66634676,33.16961034,33.74899218,176066776.0
2020-09-01,33.53977096,33.91797855,32.85577851,33.41101944,86455766.0
2020-09-02,33.8777437,34.17548159,33.25008004,33.4753952,74919983.0
2020-09-03,33.57195884,34.62611191,33.21789216,33.43516035,91935496.0
2020-09-04,33.08109367,33.41906641,32.35686637,32.97648306,68140896.0
2020-09-07,33.45930126,34.26399826,32.14764515,32.49366486,80507613.0
2020-09-08,32.2683497,32.8316376,31.53607543,32.09131636,63807454.0
2020-09-09,31.72920271,32.0269406,30.93255268,31.51998149,50524914.0
2020-09-10,31.8660012,32.0269406,31.15786784,31.23833754,48721220.0
2020-09-11,31.6245921,31.6245921,30.87622389,31.25443148,44147554.0
2020-09-14,31.98670575,32.13959818,31.07739814,31.39927694,55359345.0
2020-09-15,31.383183,32.44538304,31.383183,32.13155121,68685191.0
2020-09-16,31.96256484,32.23616182,31.19810269,31.4636527,45588321.0
2020-09-17,31.18200875,31.24638451,30.18418447,30.70723752,61675013.0
2020-09-18,30.84403601,31.66482695,30.55434509,31.66482695,47901784.0
2020-09-21,31.65677998,31.84990726,31.00497541,31.02106935,37997101.0
2020-09-22,30.9808345,31.67287392,30.83598904,31.08544511,31906391.0
2020-09-23,31.31076027,31.50388755,30.96474056,31.26247845,30305291.0
2020-09-24,31.0613042,31.10153905,30.2566072,30.4980163,44750231.0
2020-09-25,30.4175466,30.97278753,30.39340569,30.66700267,25261534.0
2020-09-28,31.33490118,31.39927694,30.578486,30.72333146,30194790.0
2020-09-29,31.06935117,31.10153905,30.59457994,30.81184813,26277063.0
2020-09-30,31.02911632,31.66482695,30.8198951,30.9808345,36227254.0
2020-10-09,31.7855315,32.98453003,31.43951179,32.4292891,53966845.0
2020-10-12,32.81554366,33.67656945,32.6706982,33.54781793,47976053.0
2020-10-13,33.3144558,33.62024066,33.22593913,33.37883156,25550318.0
2020-10-14,33.3949255,34.0386831,33.32250277,33.6363346,35489823.0
2020-10-15,33.7168043,33.797274,33.18570428,33.37078459,35850635.0
2020-10-16,33.3144558,33.90993158,32.87187245,33.16156337,26238069.0
2020-10-19,33.16156337,33.51563005,32.23616182,32.33272546,51692734.0
2020-10-20,32.54999365,33.5558649,32.52585274,33.3949255,39656596.0
2020-10-21,33.66852248,33.7168043,33.11328155,33.67656945,36838077.0
2020-10-22,33.95016643,34.0386831,33.2339861,33.90993158,36586747.0
2020-10-23,33.90993158,33.90993158,32.44538304,32.54999365,38887949.0
2020-10-26,32.54194668,33.66047551,31.90623605,33.3144558,29084220.0
2020-10-27,33.78922703,33.9582134,32.90406033,33.16961034,34648744.0
2020-10-28,33.52367702,34.97213162,33.36273762,34.59392403,76055352.0
2020-10-29,34.58587706,35.84120438,34.32032705,35.51932558,81557539.0
2020-10-30,32.98453003,33.3949255,31.97061181,31.97061181,134286954.0
2020-11-02,31.13372693,31.66482695,30.05543295,30.4980163,169931648.0
2020-11-03,30.64286176,31.64068604,30.52215721,31.47169967,91665907.0
2020-11-04,31.5441224,31.92232999,30.90841177,31.75334362,52002204.0
2020-11-05,31.98670575,32.14764515,31.31076027,31.76943756,64212084.0
2020-11-06,32.05912848,32.06717545,31.04521026,31.28661936,53479775.0
2020-11-09,31.64068604,31.99475272,31.4636527,31.79357847,56694522.0
2020-11-10,31.77748453,31.79357847,31.1417739,31.33490118,49244249.0
2020-11-11,31.6245921,32.27639667,31.52802846,31.59240422,57887339.0
2020-11-12,31.7855315,32.0269406,31.2222436,31.39122997,43650486.0
2020-11-13,31.3027133,31.3027133,30.4175466,30.83598904,44855242.0
2020-11-16,30.9808345,31.12567996,30.50606327,30.75551934,40338119.0
2020-11-17,30.64286176,30.73137843,30.04738598,30.55434509,51169550.0
2020-11-18,30.54629812,30.94059965,30.40145266,30.84403601,40068415.0
2020-11-19,30.85208298,31.48779361,30.67504964,31.44755876,45899462.0
2020-11-20,31.4636527,31.89014211,31.18200875,31.56826331,43450054.0
2020-11-23,31.56826331,32.1074103,31.47169967,31.79357847,44902648.0
2020-11-24,31.98670575,31.98670575,30.94059965,31.1417739,48493261.0
2020-11-25,31.1417739,31.26247845,30.34512387,30.40949963,54809150.0
2020-11-26,30.34512387,30.74747237,30.19223144,30.67504964,34981647.0
2020-11-27,30.66700267,30.8198951,30.26465417,30.8198951,30412665.0
2020-11-30,30.78770722,30.88427086,30.40145266,30.40949963,43322613.0
2020-12-01,30.67504964,31.15786784,30.57043903,31.02106935,35901791.0
2020-12-02,31.28661936,31.3027133,30.71528449,31.01302238,32254111.0
2020-12-03,31.10153905,31.4636527,30.91645874,31.33490118,33924680.0
2020-12-04,31.56826331,32.09131636,31.37513603,32.01889363,52929585.0
2020-12-07,32.18788,32.6706982,32.01084666,32.33272546,69308570.0
2020-12-08,32.33272546,33.12132852,32.06717545,32.73507396,52931735.0
2020-12-09,32.992577,33.18570428,32.2683497,32.38100728,49796043.0
2020-12-10,32.08326939,32.54999365,31.45560573,31.72920271,53594121.0
2020-12-11,31.80967241,31.90623605,30.86817692,31.41537088,54645264.0
2020-12-14,31.5441224,32.30858455,31.383183,32.23616182,51774364.0
2020-12-15,32.58218153,32.66265123,32.0269406,32.5097588,53387884.0
2020-12-16,32.48561789,32.87991942,32.05108151,32.58218153,52504131.0
2020-12-17,32.87991942,33.64438157,32.68679214,33.24203307,80985688.0
2020-12-18,33.00062397,33.33859671,32.39710122,32.7511679,54402481.0
2020-12-21,32.75921487,33.70071036,32.59827547,33.3949255,62481883.0
2020-12-22,33.34664368,33.91797855,32.90406033,32.96038912,60962118.0
2020-12-23,33.29031489,34.04673007,33.0730467,33.45125429,68201231.0
2020-12-24,33.37883156,33.37883156,32.5097588,32.59827547,58205300.0
2020-12-25,32.71898002,33.06499973,32.15569212,32.18788,54349159.0
2020-12-28,32.48561789,33.7168043,32.34077243,33.70875733,85011410.0
2020-12-29,34.1191528,34.32032705,33.57195884,33.69266339,57771647.0
2020-12-30,33.69266339,35.47909073,33.60414672,35.37448012,96387984.0
2020-12-31,35.09283617,36.211365,35.0847892,35.70440589,83561335.0
2021-01-04,35.8894862,38.625456,35.54346649,38.11044992,87538655.0
2021-01-05,38.7059257,41.72353945,38.7059257,40.98321821,125276269.0
2021-01-06,41.4418955,41.72353945,39.6715621,40.68548032,97835732.0
2021-01-07,40.7176682,41.71549248,39.80031362,41.59478793,98355135.0
2021-01-08,41.2809561,41.72353945,39.17264996,39.64742119,113557968.0
2021-01-11,39.430153,40.36360152,38.64154994,39.14046208,90644829.0
2021-01-12,39.1887439,40.23485,39.0278045,39.96929999,61285750.0
2021-01-13,40.09000454,40.6371985,38.68178479,39.10022723,77807589.0
2021-01-14,38.73811358,39.47038785,37.61153778,37.78052415,81171035.0
2021-01-15,37.29770595,37.97365143,36.8551226,37.53911505,69765378.0
2021-01-18,37.53911505,38.81858328,37.53911505,38.23115447,70675567.0
2021-01-19,38.23115447,38.27943629,36.99192109,37.12871958,63822949.0
2021-01-20,37.12067261,37.3379408,36.62176047,37.14481352,65172501.0
2021-01-21,37.2574711,37.4988802,36.22745894,37.21723625,98622642.0
2021-01-22,37.02410897,37.81271203,36.51714986,37.04824988,119443915.0
2021-01-25,37.12871958,39.36577724,37.12871958,39.29335451,152055108.0
2021-01-26,38.63350297,38.7863954,37.48278626,37.81271203,94322495.0
2021-01-27,37.97365143,37.9816984,36.38035137,37.18504837,82759501.0
2021-01-28,36.6941832,36.91949836,35.14916496,35.43885588,96681832.0
2021-01-29,35.66417104,36.01019075,35.06869526,35.5676074,77663335.0
2021-02-01,36.0504256,36.16308318,35.3261983,35.60784225,53356045.0
2021-02-02,35.60784225,36.52519683,35.34229224,36.19527106,77051545.0
2021-02-03,36.32402258,36.33206955,34.64220585,34.82728616,130760919.0
2021-02-04,34.81923919,35.66417104,34.33642099,35.18939981,79495944.0
2021-02-05,35.55151346,36.29988167,35.12502405,35.52737255,79759179.0
2021-02-08,35.94581499,36.82293472,35.62393619,36.79074684,89439787.0
2021-02-09,36.88731048,37.36208171,36.38839834,37.03215594,84801370.0
2021-02-10,37.03215594,37.70005445,36.63785441,37.41036353,85323531.0
2021-02-18,38.3035772,38.51279842,36.40449228,36.8551226,94251189.0
2021-02-19,36.99192109,38.93124086,36.43668016,38.81858328,113356573.0
2021-02-22,38.83467722,38.84272419,37.0965317,37.48278626,102000229.0
2021-02-23,37.00801503,37.26551807,36.211365,36.21941197,72002219.0
2021-02-24,36.48496198,36.82293472,35.0847892,35.5676074,69734794.0
2021-02-25,35.7285468,36.211365,35.26182254,35.4871377,51144581.0
2021-02-26,34.601971,35.2457286,34.28813917,34.77900434,57781316.0
2021-03-01,35.0847892,35.38252709,34.82728616,35.2457286,45989454.0
2021-03-02,35.43080891,35.63198316,34.20766947,34.601971,59416504.0
2021-03-03,34.601971,35.19744678,34.40884372,35.14111799,39323030.0
2021-03-04,34.72267555,34.9238498,33.19375125,33.3949255,68887578.0
2021-03-05,32.992577,33.8777437,32.38100728,33.36273762,47505006.0
2021-03-08,33.43516035,33.66047551,31.7855315,32.0269406,74116651.0
2021-03-09,31.79357847,31.90623605,30.35317084,30.53825115,99147646.0
2021-03-10,31.383183,31.64873301,30.82794207,30.91645874,68500539.0
2021-03-11,31.3027133,31.90623605,31.0613042,31.6245921,61323559.0
2021-03-12,31.7855315,31.8660012,31.3027133,31.76943756,47451033.0
2021-03-15,31.60849816,31.64873301,30.50606327,30.80380116,47568319.0
2021-03-16,31.24638451,31.72920271,31.03716329,31.39927694,42344805.0
2021-03-17,31.42341785,32.04303454,31.02911632,31.85795423,38892845.0
2021-03-18,31.92232999,32.49366486,31.80967241,32.30858455,39100722.0
2021-03-19,31.91428302,32.09936333,31.08544511,31.35099512,44257880.0
2021-03-22,31.4636527,31.76139059,31.04521026,31.58435725,28169507.0
2021-03-23,31.50388755,31.84990726,31.05325723,31.35099512,32619642.0
2021-03-24,31.34294815,32.2683497,31.26247845,31.4636527,46347783.0
2021-03-25,31.383183,31.73724968,31.1417739,31.57631028,26722892.0
2021-03-26,31.63263907,32.73507396,31.6245921,32.49366486,56352760.0
2021-03-29,32.5902285,32.92820124,32.17178606,32.5097588,35968571.0
2021-03-30,32.30858455,32.77530881,32.23616182,32.39710122,34763395.0
2021-03-31,32.4292891,32.47757092,31.85795423,32.21202091,27775544.0
2021-04-01,32.20397394,32.5097588,32.0269406,32.4292891,26220463.0
2021-04-02,32.5902285,32.992577,32.22811485,32.5902285,38391148.0
2021-04-06,32.5902285,32.96843609,32.38100728,32.81554366,28449464.0
2021-04-07,32.89601336,32.89601336,31.58435725,31.81771938,46487627.0
2021-04-08,31.75334362,33.37078459,31.7050618,32.96843609,66200201.0
2021-04-09,32.97648306,33.08914064,31.74529665,32.0269406,49746092.0
2021-04-12,32.01084666,32.14764515,31.39122997,31.63263907,39241225.0
2021-04-13,31.75334362,32.55804062,31.68896786,32.0269406,32087869.0
2021-04-14,32.34077243,32.38905425,31.7855315,31.93037696,25512605.0
2021-04-15,32.11545727,32.12350424,30.68309661,31.23029057,53954546.0
2021-04-16,31.1417739,31.50388755,31.01302238,31.39927694,29090089.0
2021-04-19,31.2222436,32.42124213,30.8198951,32.2683497,48555183.0
2021-04-20,32.19592697,32.38100728,31.93037696,32.18788,29026918.0
2021-04-21,31.7855315,32.1074103,31.43146482,31.92232999,35602721.0
2021-04-22,32.16373909,32.24420879,31.74529665,32.17178606,30546225.0
2021-04-23,32.03498757,32.83968457,31.84990726,32.59827547,41502542.0
2021-04-26,32.71093305,32.992577,31.7855315,31.88209514,44732085.0
2021-04-27,31.85795423,32.11545727,31.51193452,31.97061181,25233315.0
2021-04-28,31.87404817,31.87404817,31.0613042,31.58435725,59144078.0
2021-04-29,33.3144558,34.32837402,33.1535164,33.86164976,149418945.0
2021-04-30,33.797274,33.84555582,32.64655729,32.95234215,87674877.0
2021-05-06,32.71898002,32.81554366,31.71310877,31.90623605,80527759.0
2021-05-07,31.97061181,32.0269406,31.0613042,31.06935117,74908984.0
2021-05-10,31.0613042,31.0613042,29.81402385,30.20027841,88881681.0
2021-05-11,30.21637235,31.03716329,29.98301022,30.89231783,63012391.0
2021-05-12,30.69919055,30.9808345,30.48192236,30.86817692,40010512.0
2021-05-13,30.578486,31.26247845,30.48192236,31.19810269,45075687.0
2021-05-14,31.383183,31.8660012,30.90841177,31.60045119,62678121.0
2021-05-17,31.5441224,32.15569212,31.39927694,31.91428302,63130352.0
2021-05-18,31.8660012,31.8660012,31.1417739,31.52802846,51236125.0
2021-05-19,31.43951179,31.43951179,30.97278753,31.2222436,38236984.0
2021-05-20,31.3027133,32.27639667,31.3027133,32.12350424,84693930.0
2021-05-21,32.18788,32.33272546,31.31076027,31.383183,53856148.0
2021-05-24,31.21419663,31.61654513,30.8198951,31.47169967,47119194.0
2021-05-25,31.56021634,33.0730467,31.56021634,33.00062397,121772886.0
2021-05-26,33.37883156,33.37883156,32.6706982,33.03281185,68503961.0
2021-05-27,33.03281185,33.27422095,32.51780577,32.7511679,56624373.0
2021-05-28,32.87187245,33.03281185,32.2683497,32.63851032,50666468.0
2021-05-31,32.44538304,32.5902285,32.01084666,32.58218153,60447137.0
2021-06-01,33.00867094,33.16156337,31.9464709,32.39710122,73289357.0
2021-06-02,32.17983303,32.54999365,31.47169967,31.75334362,68177945.0
2021-06-03,31.82576635,32.13959818,31.7050618,31.7855315,48009459.0
2021-06-04,31.64068604,32.14764515,31.42341785,31.84990726,48626497.0
2021-06-07,30.68309661,31.02911632,29.9347284,30.32902993,183297704.0
2021-06-08,30.34512387,30.56239206,30.06347992,30.46582842,81838382.0
2021-06-09,30.52215721,32.2683497,30.48192236,32.04303454,161516746.0
2021-06-10,32.17983303,32.50171183,31.65677998,31.71310877,79586761.0
2021-06-11,31.79528724,31.79528724,30.92418348,31.44191496,71566953.0
2021-06-15,31.12963248,31.30220964,30.48041364,31.01458104,66928476.0
2021-06-16,31.08854268,32.44450608,30.89131164,31.639146,79924666.0
2021-06-17,31.3104276,31.60627416,31.17894024,31.3926072,47053910.0
2021-06-18,31.29399168,31.32686352,30.81735,30.99814512,54165010.0
2021-06-21,30.74338836,31.11319656,30.406452,30.63655488,62971577.0
2021-06-22,30.62833692,30.72695244,30.22565688,30.42288792,66419230.0
2021-06-23,30.42288792,30.63655488,30.00377196,30.5708112,51708066.0
2021-06-24,30.63655488,30.7351704,30.3242724,30.52150344,41557353.0
2021-06-25,30.56259324,30.89131164,30.41466996,30.74338836,55936292.0
2021-06-28,30.8584398,30.96527328,30.4886316,30.6529908,41345384.0
2021-06-29,30.67764468,30.72695244,29.9544642,30.6529908,69003166.0
2021-06-30,30.406452,30.56259324,30.16813116,30.26674668,42503634.0
2021-07-01,30.26674668,30.62011896,29.995554,30.406452,56079588.0
2021-07-02,30.1599132,30.26674668,29.8311948,29.9544642,59768558.0
2021-07-05,29.77366908,29.77366908,28.66424448,28.93543716,93362128.0
2021-07-06,28.74642408,28.8039498,28.20403872,28.79573184,68452689.0
2021-07-07,28.52453916,29.19841188,28.52453916,28.83682164,57217862.0
2021-07-08,28.82038572,28.82860368,28.01502564,28.11364116,72535789.0
2021-07-09,28.04789748,28.37661588,27.85066644,28.19582076,48467205.0
2021-07-12,28.351962,28.7217702,27.95749992,28.4752314,58530394.0
2021-07-13,28.5163212,29.06692452,28.48344936,28.91078328,55592285.0
2021-07-14,28.90256532,29.15732208,28.5163212,29.04227064,49699921.0
2021-07-15,29.0093988,29.73257928,28.82038572,29.4202968,63377359.0
2021-07-16,29.173758,29.37098904,28.76286,28.8450396,48782183.0
2021-07-19,28.61493672,28.86147552,28.17116688,28.81216776,51724969.0
2021-07-20,28.6806804,28.94365512,28.33552608,28.6806804,33504095.0
2021-07-21,28.9272192,29.5435662,28.71355224,28.7217702,52274623.0
2021-07-22,28.58206488,29.0093988,28.27800036,28.81216776,36033880.0
2021-07-23,28.6806804,28.74642408,27.7767048,28.0232436,71114155.0
2021-07-26,27.92462808,27.92462808,26.88094716,27.18501168,77259813.0
2021-07-27,27.14392188,27.3658068,25.73043276,25.85370216,92081182.0
2021-07-28,25.3934964,26.69193408,25.3934964,26.49470304,79244111.0
2021-07-29,26.77411368,27.18501168,26.55222876,26.913819,57456114.0
2021-07-30,26.7905496,27.59590968,26.56866468,27.43976844,73619769.0
2021-08-02,27.119268,28.54919304,27.0370884,28.1876028,85260727.0
2021-08-03,28.1876028,29.24771964,27.94928196,29.16554004,79160225.0
2021-08-04,29.16554004,29.7490152,28.46701344,28.57384692,72512495.0
2021-08-05,28.5163212,29.11623228,28.22047464,28.77107796,56477888.0
2021-08-06,28.22047464,29.2148478,27.8588844,29.0915784,67117465.0
2021-08-09,28.9272192,29.9133744,28.8450396,29.60930988,69872445.0
2021-08-10,29.73257928,29.98733604,29.09979636,29.79832296,62677775.0
2021-08-11,29.7490152,29.7490152,29.1326682,29.19019392,48185319.0
2021-08-12,29.09979636,29.3381172,28.6806804,28.85325756,38012901.0
2021-08-13,28.68889836,29.10801432,28.41770568,29.00118084,32232165.0
2021-08-16,28.76286,29.30524536,28.6806804,28.91900124,35717548.0
2021-08-17,28.77107796,29.0504886,27.7767048,27.941064,63947934.0
2021-08-18,27.96571788,28.32730812,27.72739704,27.79314072,47923420.0
2021-08-19,27.76026888,28.16294892,27.38224272,27.43155048,48570869.0
2021-08-20,27.20966556,27.57947376,26.88094716,27.30828108,54296513.0
2021-08-23,27.35758884,27.72739704,27.119268,27.30828108,41018257.0
2021-08-24,27.324717,27.50551212,27.02887044,27.3658068,48469317.0
2021-08-25,27.37402476,27.88353828,27.2836272,27.66987132,45490770.0
2021-08-26,27.8177946,27.8999742,27.119268,27.2014476,40619339.0
2021-08-27,27.20966556,28.07255136,27.19322964,27.530166,51985084.0
2021-08-30,27.530166,27.530166,26.7905496,27.22610148,50696568.0
2021-08-31,28.1054232,29.24771964,27.941064,27.94928196,148908514.0
2021-09-01,28.11364116,29.8311948,27.86710236,29.73257928,150148731.0
2021-09-02,29.89693848,30.06951564,29.28059148,29.60109192,87871866.0
2021-09-03,29.38742496,30.46397772,29.03405268,29.71614336,96868451.0
2021-09-06,30.01198992,30.96527328,29.88050256,30.06129768,93604391.0
2021-09-07,30.02020788,30.201003,29.65039968,29.9544642,52093042.0
2021-09-08,29.88872052,30.05307972,29.45316864,29.73257928,49861883.0
2021-09-09,29.79832296,29.995554,29.36277108,29.59287396,45549513.0
2021-09-10,29.67505356,30.1188234,29.59287396,29.9133744,61956692.0
2021-09-13,29.584656,29.7490152,29.07514248,29.4202968,53838689.0
2021-09-14,29.41207884,29.98733604,29.0093988,29.14910412,41998561.0
2021-09-15,28.95187308,29.15732208,28.49166732,28.60671876,47107427.0
2021-09-16,28.75464204,29.08336044,28.2286926,28.8039498,57087533.0
2021-09-17,28.6806804,29.4202968,28.351962,29.16554004,60539246.0
2021-09-22,28.69711632,29.32989924,28.5985008,29.0504886,38569744.0
2021-09-23,29.05870656,29.80654092,29.05870656,29.34633516,47940065.0
2021-09-24,29.4613866,30.67764468,29.4613866,30.47219568,108267830.0
2021-09-27,30.49684956,31.639146,30.4886316,30.63655488,117853209.0
2021-09-28,30.34070832,31.15428636,29.9133744,30.8584398,72552729.0
2021-09-29,30.90774756,31.27755576,30.35714424,30.9817092,70590645.0
2021-09-30,31.17894024,31.64736396,30.8584398,30.9817092,62151182.0
2021-10-08,30.9817092,32.83896816,30.81735,32.55955752,135373944.0
2021-10-11,32.59242936,33.06907104,31.98430032,32.43628812,76208181.0
2021-10-12,32.1733134,32.32123668,31.54053048,31.87746684,78819835.0
2021-10-13,31.8856848,32.94580164,31.3926072,32.55133956,83429894.0
2021-10-14,32.4198522,32.67460896,31.7213256,32.06647992,48188185.0
2021-10-15,31.64736396,33.30739188,31.64736396,32.11578768,76986644.0
2021-10-18,32.05826196,32.06647992,30.71873448,31.7213256,73390732.0
2021-10-19,32.050044,32.28836484,31.36795332,31.46656884,61294769.0
2021-10-20,31.79528724,32.050044,31.12963248,31.228248,46536620.0
2021-10-21,31.1049786,31.844595,31.05567084,31.37617128,43958061.0
2021-10-22,31.63092804,33.1183788,31.48300476,32.78144244,99840664.0
2021-10-25,32.87184,33.84155928,32.7485706,33.282738,90266356.0
2021-10-26,33.282738,33.68541804,32.87184,33.33204576,46293508.0
2021-10-27,33.2005584,33.39778944,32.64173712,33.10194288,47378074.0
2021-10-28,33.3649176,34.104534,32.77322448,33.49640496,87267261.0
2021-10-29,34.5976116,35.60020272,34.17027768,35.337228,163802844.0
2021-11-01,35.42762556,35.47693332,34.515432,34.97563776,84854895.0
2021-11-02,34.97563776,35.81386968,34.8030606,35.32079208,82586395.0
2021-11-03,35.51802312,35.55089496,34.3510728,34.35929076,77007985.0
2021-11-04,34.6387014,36.02753664,34.62226548,35.22217656,96217443.0
2021-11-05,34.95920184,36.364473,34.81127856,35.53445904,78114907.0
2021-11-08,35.4604974,35.6659464,34.86058632,34.92633,49778758.0
2021-11-09,35.05781736,35.4604974,34.515432,34.70444508,52355792.0
2021-11-10,33.693636,34.21958544,32.7485706,33.693636,130993504.0
2021-11-11,34.1867136,34.82771448,33.75116172,34.6797912,80563891.0
2021-11-12,34.91811204,35.0906892,34.2278034,34.515432,58842459.0
2021-11-15,34.6387014,35.0906892,34.2688932,34.74553488,53182623.0
2021-11-16,34.99207368,35.2139586,34.4332524,34.74553488,42033594.0
2021-11-17,34.74553488,34.74553488,33.899085,34.05522624,45289740.0
2021-11-18,33.96482868,34.07988012,33.5703666,33.8579952,35342209.0
2021-11-19,33.79225152,34.03057236,33.3238278,33.5703666,54264361.0
2021-11-22,33.66076416,33.7758156,32.92936572,33.06085308,93996999.0
2021-11-23,32.87184,33.15125064,32.34589056,32.93758368,94672346.0
2021-11-24,32.86362204,33.2416482,32.5431216,32.81431428,94784990.0
2021-11-25,33.0361992,33.3649176,32.79787836,33.13481472,77482425.0
2021-11-26,32.89649388,33.02798124,32.18153136,32.20618524,68908814.0
2021-11-29,32.00073624,32.65817304,31.7213256,32.65817304,68031498.0
2021-11-30,32.60886528,32.65817304,31.9678644,32.18974932,62162137.0
2021-12-01,32.050044,32.460942,31.49944068,31.8035052,60230488.0
2021-12-02,31.9678644,31.97608236,31.50765864,31.54053048,50597763.0
2021-12-03,31.60627416,33.0361992,31.49122272,32.7896604,93196830.0
2021-12-06,32.77322448,32.97867348,32.28014688,32.72391672,51072143.0
2021-12-07,32.97867348,32.97867348,32.52668568,32.85540408,56200343.0
2021-12-08,32.87184,33.8169054,32.666391,33.76759764,80377033.0
2021-12-09,33.693636,34.515432,33.51284088,34.03057236,78215679.0
2021-12-10,34.58939364,34.93454796,34.12918788,34.75375284,86300546.0
2021-12-13,34.74553488,36.09328032,34.52364996,34.7619708,94052399.0
2021-12-14,34.58117568,35.09890716,34.25245728,34.49077812,53145031.0
2021-12-15,34.2278034,34.62226548,33.78403356,34.01413644,43041537.0
2021-12-16,33.8579952,34.08809808,33.47175108,33.9812646,47945098.0
2021-12-17,33.93195684,33.97304664,33.35669964,33.66076416,45366196.0
2021-12-20,33.51284088,33.99770052,33.45531516,33.6525462,52614953.0
2021-12-21,33.71828988,34.515432,33.693636,34.15384176,48305351.0
2021-12-22,34.11275196,34.48256016,33.84977724,34.1456238,32235697.0
2021-12-23,34.0223544,34.4332524,33.83334132,34.09631604,29410585.0
2021-12-24,34.03879032,34.86058632,33.96482868,34.81949652,51044245.0
2021-12-27,34.83593244,34.83593244,33.8169054,34.4743422,48382025.0
2021-12-28,34.41681648,34.5976116,33.91552092,34.4332524,36324879.0
2021-12-29,34.35929076,34.54008588,33.6114564,33.7758156,42510165.0
2021-12-30,33.8169054,34.1867136,33.6525462,33.98948256,29204453.0
2021-12-31,33.9401748,34.31820096,33.54571272,34.07166216,35218251.0
2022-01-04,33.7347258,34.0223544,33.1183788,33.4470972,56767638.0
2022-01-05,33.3649176,34.66335528,33.12659676,34.2688932,79380707.0
2022-01-06,34.2688932,34.2688932,32.5431216,32.85540408,89836438.0
2022-01-07,32.7074808,33.2416482,32.7074808,32.97867348,37886062.0
2022-01-10,32.87184,33.8579952,32.78144244,33.71828988,59537027.0
2022-01-11,33.39778944,33.6525462,32.65817304,32.72391672,56220815.0
2022-01-12,32.72391672,33.06085308,32.47737792,32.80609632,35653976.0
2022-01-13,32.87184,32.94580164,31.9267746,32.050044,49485182.0
2022-01-14,32.16509544,32.32945464,31.82815908,31.93499256,28046327.0
2022-01-17,31.8856848,32.44450608,31.64736396,32.18153136,37692967.0
2022-01-18,32.050044,32.60064732,32.01717216,32.39519832,30700294.0
2022-01-19,32.28836484,32.57599344,31.8856848,32.30480076,29253468.0
2022-01-20,32.2965828,32.96223756,32.20618524,32.92114776,43702301.0
2022-01-21,32.72391672,33.13481472,32.51024976,32.92114776,35229458.0
2022-01-24,32.69926284,32.87184,32.2144032,32.3787624,27499981.0
2022-01-25,32.10756972,32.666391,31.65558192,31.77063336,35430449.0
2022-01-26,31.85281296,32.460942,31.23646596,31.95142848,36188047.0
2022-01-27,31.6802358,32.255493,31.21181208,31.32686352,37482525.0
2022-01-28,31.3926072,32.00073624,31.1049786,31.28577372,43673773.0
2022-02-07,31.7213256,32.1322236,31.54053048,31.85281296,34584177.0
2022-02-08,31.85281296,31.85281296,30.9817092,31.7624154,32638652.0
2022-02-09,31.73776152,32.84718612,31.7213256,32.81431428,52976253.0
2022-02-10,33.077289,33.18412248,32.63351916,32.88005796,28813339.0
2022-02-11,33.1183788,33.1183788,32.67460896,32.73213468,28981353.0
2022-02-14,32.59242936,33.18412248,32.460942,32.87184,37760719.0
2022-02-15,33.0361992,33.27452004,32.56777548,32.77322448,37073270.0
2022-02-16,32.92936572,33.17590452,32.47737792,33.11016084,32285305.0
2022-02-17,33.282738,33.60323844,33.09372492,33.22521228,30276238.0
2022-02-18,33.077289,33.43887924,32.92936572,33.33204576,24794573.0
2022-02-21,33.282738,33.72650784,33.09372492,33.70185396,30061286.0
2022-02-22,33.47175108,33.51284088,32.7896604,33.27452004,33340970.0
2022-02-23,33.693636,33.8579952,32.9129298,33.06907104,30093747.0
2022-02-24,32.97867348,32.97867348,32.00073624,32.47737792,43705421.0
2022-02-25,32.59242936,32.97045552,32.2965828,32.460942,25512929.0
2022-02-28,32.07469788,32.49381384,32.05826196,32.47737792,24748440.0
2022-03-01,32.41163424,32.63351916,32.10756972,32.460942,38935705.0
2022-03-02,32.255493,32.5020318,32.10756972,32.24727504,22706342.0
2022-03-03,32.26371096,32.5020318,31.8856848,32.32123668,27316770.0
2022-03-04,32.36232648,32.5020318,31.97608236,32.3376726,32179722.0
2022-03-07,32.05826196,32.11578768,30.62011896,30.8584398,68186110.0
2022-03-08,30.8584398,31.16250432,29.9133744,30.14347728,49288052.0
2022-03-09,30.2831826,30.84200388,28.93543716,30.10238748,59636114.0
2022-03-10,30.66942672,30.81735,30.1599132,30.201003,37175344.0
2022-03-11,30.81735,31.639146,30.66942672,31.4747868,79186393.0
2022-03-14,31.05567084,31.31864556,30.62011896,30.62011896,44153801.0
2022-03-15,30.2420928,30.406452,28.98474492,29.0915784,68037219.0
2022-03-16,29.584656,30.74338836,28.81216776,30.50506752,66971332.0
2022-03-17,30.89131164,31.46656884,30.5297214,30.5708112,61470290.0
2022-03-18,30.4475418,31.0638888,30.1188234,31.0638888,51800399.0
2022-03-21,30.8584398,30.8995296,30.20922096,30.406452,46141762.0
2022-03-22,30.37358016,30.71873448,30.25031076,30.50506752,25585268.0
2022-03-23,30.50506752,30.58724712,30.18456708,30.25852872,32858007.0
2022-03-24,30.15169524,30.43110588,29.7490152,29.995554,37676209.0
2022-03-25,29.9544642,30.0777336,29.32168128,29.379207,36285449.0
2022-03-28,28.81216776,29.60930988,28.77929592,29.60930988,31574739.0
2022-03-29,29.69970744,29.94624624,29.27237352,29.3381172,24811071.0
2022-03-30,29.59287396,30.35714424,29.49425844,30.35714424,35544313.0
2022-03-31,30.22565688,30.55437528,30.0777336,30.31605444,27742866.0
2022-04-01,30.27496464,30.97349124,30.08595156,30.68586264,29725944.0
2022-04-06,30.34892628,30.76804224,30.2420928,30.5708112,27820051.0
2022-04-07,30.3242724,30.6940806,30.16813116,30.25031076,21364432.0
2022-04-08,30.25031076,30.53793936,30.09416952,30.37358016,23618182.0
2022-04-11,30.1599132,30.37358016,29.7490152,30.01198992,30628449.0
2022-04-12,30.15169524,30.7762602,29.85584868,30.7762602,35111579.0
2022-04-13,30.57902916,31.27755576,30.49684956,30.96527328,43536876.0
2022-04-14,31.1460684,31.90212072,30.96527328,31.8035052,44354122.0
2022-04-15,31.49944068,32.2965828,31.49944068,31.72954356,35896696.0
2022-04-18,31.52409456,32.1733134,31.3104276,31.49944068,35894821.0
2022-04-19,31.50765864,32.00073624,31.07210676,31.3515174,26621138.0
2022-04-20,31.3926072,32.460942,31.23646596,31.91033868,58761483.0
2022-04-21,31.70488968,32.1733134,31.32686352,31.58162028,42246737.0
2022-04-22,31.23646596,31.7624154,30.8995296,31.5158766,36850592.0
2022-04-25,31.07210676,31.62271008,30.6529908,30.67764468,47459234.0
2022-04-26,30.67764468,31.639146,30.42288792,31.12141452,51045335.0
2022-04-27,31.1049786,32.050044,31.0638888,32.050044,55690035.0
2022-04-28,31.8856848,31.94321052,30.71873448,31.27755576,76463809.0
2022-04-29,31.27755576,31.78706928,31.022799,31.61449212,53262187.0
2022-05-05,32.460942,32.460942,31.68845376,31.81994112,56420225.0
2022-05-06,31.4747868,31.67201784,31.022799,31.03923492,34316412.0
2022-05-09,30.9817092,31.25290188,30.74338836,31.09676064,32329546.0
2022-05-10,30.8995296,32.16509544,30.81735,32.0911338,58718439.0
2022-05-11,32.03360808,32.050044,31.58983824,31.8035052,52109195.0
2022-05-12,31.65558192,32.00073624,31.49944068,31.86103092,24396130.0
2022-05-13,31.639146,31.9267746,31.35973536,31.5980562,30607083.0
2022-05-16,31.41726108,31.639146,30.46397772,30.66942672,53584259.0
2022-05-17,30.5708112,30.91596552,30.50506752,30.91596552,32590685.0
2022-05-18,30.8995296,31.13785044,30.2420928,30.98992716,46322227.0
2022-05-19,30.5708112,30.76804224,30.16813116,30.34892628,43343887.0
2022-05-20,30.34070832,30.96527328,30.3242724,30.96527328,42832026.0
2022-05-23,31.00636308,31.00636308,30.45575976,30.55437528,36475702.0
2022-05-24,30.6529908,30.8995296,30.3242724,30.4886316,38957533.0
2022-05-25,30.45575976,30.81735,30.33249036,30.52150344,26434288.0
2022-05-26,30.52150344,31.00636308,30.4886316,30.71051652,45445505.0
2022-05-27,30.82556796,31.28577372,30.71051652,30.89131164,33289000.0
2022-05-30,30.97349124,31.37617128,30.82556796,30.95705532,40575707.0
2022-05-31,30.97349124,31.38438924,30.75160632,31.228248,56116741.0
2022-06-01,31.2788245,31.2788245,30.5369009,30.857277,54832411.0
2022-06-02,30.61277945,30.7561056,30.27554145,30.4863152,38733761.0
2022-06-06,30.30926525,30.49474615,29.7781154,30.4863152,71952495.0
2022-06-07,30.3345581,30.89943175,30.2502486,30.6717961,50721239.0
2022-06-08,30.81512225,31.7509577,30.71395085,31.28725545,79394417.0
2022-06-09,31.4474435,31.59076965,31.00060315,31.21980785,65030687.0
2022-06-10,31.32097925,31.5148911,31.1102055,31.47273635,62444415.0
2022-06-13,31.363134,31.38842685,30.9921722,31.25353165,59398075.0
2022-06-14,31.2282388,31.868991,30.857277,31.8352672,54850548.0
2022-06-15,31.8352672,32.50131225,31.67507915,32.09662665,88794497.0
2022-06-16,32.374848,32.77110265,31.868991,32.0881957,57557941.0
2022-06-17,31.9364386,32.4085718,31.7846815,32.28210755,50503886.0
2022-06-20,32.38327895,32.45072655,31.84369815,31.9533005,65969193.0
2022-06-21,31.87742195,32.28210755,31.57390775,31.8184053,45828537.0
2022-06-22,31.94486955,31.99545525,31.47273635,31.5654768,43276285.0
2022-06-23,31.75938865,31.84369815,31.37156495,31.700372,50904274.0
2022-06-24,31.67507915,32.1893671,31.48959825,32.03761,69886177.0
2022-06-27,32.03761,32.9650145,32.02917905,32.6277765,82832064.0
2022-06-28,32.78796455,32.8638431,32.4591575,32.712086,43230844.0
2022-06-29,32.66993125,32.7458098,32.01231715,32.07976475,50970098.0
2022-06-30,32.07976475,32.8975669,32.03761,32.83855025,66776812.0
2022-07-01,32.7458098,32.9987383,32.1050576,32.4085718,46076296.0
2022-07-04,31.75938865,32.0544719,31.2451007,31.8858529,91508300.0
2022-07-05,31.7509577,31.9533005,31.3799959,31.5148911,59262099.0
2022-07-06,31.5486149,31.7172339,31.05118885,31.2113769,60908625.0
2022-07-07,31.2113769,31.23666975,30.8235532,30.8741389,55695788.0
2022-07-08,31.00060315,31.0933436,30.5874866,30.6380723,53648473.0
2022-07-11,30.6380723,30.6380723,30.12378435,30.44416045,56262485.0
2022-07-12,30.47788425,30.7055199,30.27554145,30.6717961,60583788.0
2022-07-13,30.81512225,30.8235532,30.1996629,30.3176962,53095360.0
2022-07-14,30.3176962,30.520039,30.02261295,30.42729855,44455677.0
2022-07-15,30.42729855,30.8404151,30.07319865,30.0816296,51725758.0
2022-07-18,30.12378435,30.5369009,30.02261295,30.39357475,39358206.0
2022-07-19,30.2333867,30.520039,30.12378435,30.4863152,37562652.0
2022-07-20,30.5369009,30.9078627,30.4863152,30.7729675,49507917.0
2022-07-21,30.688658,30.7561056,30.4525914,30.4525914,26567524.0
2022-07-22,30.4525914,30.73081275,30.35985095,30.5874866,27528246.0
2022-07-25,30.6717961,30.88256985,30.4525914,30.86570795,34582290.0
2022-07-26,30.81512225,31.0596198,30.6043485,30.8404151,35395073.0
2022-07-27,30.7729675,30.96687935,30.6043485,30.69708895,30711851.0
2022-07-28,30.83198415,31.1607912,30.71395085,31.00060315,40244447.0
2022-07-29,31.00060315,31.08491265,30.14064625,30.20809385,52691894.0
2022-08-01,30.20809385,30.32612715,29.83713205,30.2165248,38799536.0
2022-08-02,29.9298725,29.98888915,29.3902917,29.7612535,45504336.0
2022-08-03,29.75282255,29.9973201,29.53361785,29.6432202,29649539.0
2022-08-04,29.78654635,30.0816296,29.6600821,29.9973201,23281707.0
2022-08-05,30.17437005,30.68022705,29.9298725,30.6549342,36877633.0
2022-08-08,30.7561056,30.98374125,30.5031771,30.6380723,29288144.0
2022-08-09,30.6380723,30.88256985,30.5369009,30.6717961,23059598.0
2022-08-10,30.71395085,30.83198415,30.22495575,30.30926525,24618897.0
2022-08-11,30.4694533,30.79826035,30.30926525,30.7729675,29077084.0
2022-08-12,30.7561056,30.9415865,30.6380723,30.8741389,19651327.0
2022-08-15,30.71395085,30.98374125,30.5369009,30.56219375,27129424.0
2022-08-16,30.57905565,30.8235532,30.35985095,30.61277945,20801054.0
2022-08-17,30.7223818,30.7729675,30.4020057,30.6380723,24116805.0
2022-08-18,30.56219375,30.56219375,30.30926525,30.35142,23168176.0
2022-08-19,30.2671105,30.4188676,30.1490772,30.1659391,21090245.0
2022-08-22,30.0647677,30.4188676,30.02261295,30.24181765,21235647.0
2022-08-23,30.20809385,30.35142,29.845563,29.87085585,24245869.0
2022-08-24,29.85399395,29.9973201,29.63478925,29.6432202,28074491.0
2022-08-25,29.6432202,30.24181765,29.58420355,30.182801,36865270.0
2022-08-26,30.5874866,30.62964135,30.2671105,30.51160805,31183766.0
2022-08-29,30.3682819,30.5537628,30.2671105,30.30926525,23766533.0
2022-08-30,30.4525914,30.5874866,30.10692245,30.46102235,21575519.0
2022-08-31,30.09006055,30.35142,29.5251869,30.1322153,59101195.0
2022-09-01,29.85399395,29.9635963,29.11207035,29.12893225,65690869.0
2022-09-02,29.171087,29.3565679,28.31956105,28.5809205,60293375.0
2022-09-05,28.327992,28.52190385,27.8895826,28.13408015,41000325.0
2022-09-06,28.1930968,28.3617158,28.10035635,28.35328485,27372595.0
2022-09-07,28.2268206,28.3448539,27.93173735,28.0076159,39617373.0
2022-09-08,27.91487545,28.2099587,27.91487545,28.04977065,27506520.0
2022-09-09,28.03290875,28.4460253,27.94859925,28.4123015,39560422.0
2022-09-13,28.45445625,28.63993715,28.2942682,28.4460253,35502367.0
2022-09-14,28.159373,28.3617158,28.11721825,28.327992,24109307.0
2022-09-15,28.327992,28.7495395,28.20152775,28.40387055,44325829.0
2022-09-16,28.28583725,28.40387055,27.7209636,27.7209636,45854277.0
2022-09-19,27.8052731,27.9570302,27.42588035,27.7378255,29443348.0
2022-09-20,27.74625645,27.86428975,27.29098515,27.5354827,29215971.0
2022-09-21,27.32470895,27.57763745,27.2319685,27.3837256,26596003.0
2022-09-22,27.2151066,27.39215655,26.97904,26.97904,30588490.0
2022-09-23,26.8947305,27.484897,26.85257575,27.35843275,44411263.0
2022-09-26,27.5354827,27.5692065,27.27412325,27.2825542,26432671.0
2022-09-27,27.25726135,28.08349445,27.1813828,28.0076159,40877581.0
2022-09-28,27.9738921,28.4123015,27.7546874,28.0413397,42582428.0
2022-09-29,28.0413397,28.53876575,27.8727207,28.0750635,31754170.0
2022-09-30,28.06663255,28.21838965,27.76311835,27.8052731,26476180.0
2022-10-10,27.52705175,27.8727207,27.147659,27.2319685,29557462.0
2022-10-11,27.51018985,27.51018985,27.02119475,27.2825542,18679992.0
2022-10-12,27.25726135,27.484897,26.66709485,27.4511732,35799260.0
2022-10-13,27.3331399,27.61136125,27.05491855,27.4511732,26849973.0
2022-10-14,27.4174494,27.86428975,27.40901845,27.66194695,34154331.0
2022-10-17,27.484897,27.96546115,27.4174494,27.83056595,28743074.0
2022-10-18,27.8389969,28.16780395,27.5692065,27.62822315,32026983.0
2022-10-19,27.56077555,27.7715493,27.24039945,27.4005875,28729927.0
2022-10-20,27.147659,27.18981375,25.5120547,25.5457785,99440167.0
2022-10-21,25.33500475,25.6975356,24.96404295,25.2422643,64541966.0
2022-10-24,24.8544406,25.36872855,24.281136,24.3654455,67398295.0
2022-10-25,24.12094795,24.77856205,24.112517,24.57621925,46763272.0
2022-10-26,24.5340645,25.08207625,24.4160312,24.5340645,40041423.0
2022-10-27,24.69425255,24.82914775,24.2136884,24.2474122,38381909.0
2022-10-28,22.4094651,22.4937746,21.8192986,21.8192986,152650413.0
2022-10-31,21.23756305,21.7349891,20.66425845,21.2797178,114401856.0
2022-11-01,21.57480105,22.426327,21.08580595,22.3757413,102565420.0
2022-11-02,22.09751995,23.1176649,22.0047795,23.0502173,98088934.0
2022-11-03,22.7467031,22.99120065,22.3420175,22.4600508,54008830.0
2022-11-04,22.36731035,23.775279,22.3588794,23.37902435,81677752.0
2022-11-07,23.17668155,23.71626235,22.9490459,23.36216245,54872589.0
2022-11-08,23.34530055,23.56450525,22.87316735,23.0670792,44501381.0
2022-11-09,23.09237205,23.2525601,22.89002925,22.94061495,27166184.0
2022-11-10,22.77199595,23.37902435,22.72141025,23.36216245,42429981.0
2022-11-11,23.88488135,24.2642741,23.4549029,23.9607599,79487939.0
2022-11-14,24.44132405,24.55935735,23.8595885,23.9101742,60803774.0
2022-11-15,23.96919085,24.84600965,23.9270361,24.618374,56623430.0
2022-11-16,24.4666169,24.9724739,24.39073835,24.618374,39551888.0
2022-11-17,24.618374,24.9218882,24.44132405,24.6520978,34760823.0
2022-11-18,24.7195454,24.8544406,24.449755,24.5509264,33668249.0
2022-11-21,24.1968265,24.3485836,23.93546705,24.2305503,35604738.0
2022-11-22,24.3317217,24.6015121,23.9944837,24.17153365,31273050.0
2022-11-23,24.1799646,24.32329075,23.96919085,24.00291465,24981208.0
2022-11-24,24.1631027,24.34015265,23.9607599,24.0113456,18411165.0
2022-11-25,23.943898,24.0787932,23.73312425,24.0282075,25853919.0
2022-11-28,23.60666,24.13780985,23.34530055,24.00291465,51235436.0
2022-11-29,24.3654455,24.64366685,23.943898,24.54249545,48816328.0
2022-11-30,24.4328931,24.54249545,24.0956551,24.32329075,45928483.0
2022-12-01,25.0399215,25.4277452,24.8881644,25.21697145,78144799.0
2022-12-02,25.2254024,25.36872855,24.9218882,25.0736453,41113378.0
2022-12-05,25.65538085,26.11065215,25.5457785,25.8324308,63542561.0
2022-12-06,26.00948075,26.63337105,25.77341415,26.2877021,62147924.0
2022-12-07,26.2708402,26.9284543,26.1022212,26.6249401,56820561.0
2022-12-08,26.641802,26.7092496,26.2708402,26.32985685,42920302.0
2022-12-09,26.4394592,26.97904,26.09379025,26.97060905,79373895.0
2022-12-12,26.7935591,26.9621781,26.5743544,26.76826625,42877381.0
2022-12-13,26.5743544,26.59964725,26.2877021,26.38044255,32392748.0
2022-12-14,26.3888735,26.8947305,26.2877021,26.7429734,47088371.0
2022-12-15,26.7429734,26.97060905,26.39730445,26.4394592,37190687.0
2022-12-16,26.27927115,26.5574925,26.14437595,26.4900449,27440606.0
2022-12-19,26.4057354,27.0296257,26.3551497,26.46475205,36239291.0
2022-12-20,26.3214259,26.4563211,25.461469,25.7143975,50047431.0
2022-12-21,25.9841879,26.32985685,25.8661546,26.07692835,39761578.0
2022-12-22,26.2202545,26.3888735,25.92517125,26.00948075,37963257.0
2022-12-23,25.82399985,26.36358065,25.72282845,26.2202545,28805579.0
2022-12-26,26.2033926,26.26240925,25.7143975,25.77341415,27647884.0
2022-12-27,26.0347736,26.36358065,25.9841879,26.2708402,24825981.0
2022-12-28,26.07692835,26.27927115,26.02634265,26.07692835,24753876.0
2022-12-29,25.89144745,26.1528069,25.6469499,26.02634265,23112241.0
2022-12-30,26.11065215,26.3888735,25.967326,26.135945,27728634.0
2023-01-03,26.135945,26.19496165,25.57107135,25.8830165,41192622.0
2023-01-04,25.8830165,26.0853593,25.7143975,25.7818451,27184860.0
2023-01-05,25.99261885,26.641802,25.94203315,26.5912163,53318052.0
2023-01-06,26.7261115,26.7261115,26.3382878,26.5574925,33750701.0
2023-01-09,26.51533775,26.80199005,26.304564,26.641802,44171044.0
2023-01-10,26.63337105,27.44274225,26.5574925,27.40901845,52304334.0
2023-01-11,27.4174494,27.69567075,27.15608995,27.35843275,36000436.0
2023-01-12,27.3331399,27.5354827,26.93688525,27.17295185,28730524.0
2023-01-13,27.18981375,27.5017589,27.1139352,27.47646605,23592387.0
2023-01-16,27.653516,28.4123015,27.49332795,28.159373,61629895.0
2023-01-17,28.25211345,28.496611,27.9233064,28.45445625,47099199.0
2023-01-18,28.3111301,28.47131815,27.147659,27.17295185,70619029.0
2023-01-19,27.2656923,27.3331399,26.86943765,27.3331399,38609925.0
2023-01-20,27.44274225,27.47646605,27.0464876,27.25726135,36623500.0
2023-01-30,27.6703779,28.2436825,27.59449935,28.03290875,92146580.0
2023-01-31,28.23525155,28.2436825,27.37529465,27.4680351,40947418.0
2023-02-01,27.6366541,27.69567075,27.12236615,27.4680351,33437874.0
2023-02-02,27.484897,27.653516,27.1307971,27.4174494,46612137.0
2023-02-03,27.2656923,27.3837256,26.8272829,27.00433285,37445798.0
2023-02-06,26.76826625,26.7766972,26.07692835,26.2371164,60585954.0
2023-02-07,26.24554735,26.49847585,26.11065215,26.1528069,31250205.0
2023-02-08,26.29613305,26.473183,26.2371164,26.3551497,27500660.0
2023-02-09,26.3551497,26.70081865,26.26240925,26.5574925,27306304.0
2023-02-10,26.56592345,26.68395675,26.34671875,26.5237687,17465481.0
2023-02-13,26.61650915,26.70081865,26.39730445,26.63337105,35599468.0
2023-02-14,26.641802,26.7766972,26.54906155,26.66709485,25692820.0
2023-02-15,26.6249401,26.641802,26.02634265,26.2877021,41082600.0
2023-02-16,26.2708402,26.5406306,25.8830165,26.0347736,38509877.0
2023-02-17,26.02634265,26.34671875,25.798707,25.87458555,31569776.0
2023-02-20,25.90830935,26.5237687,25.7481213,26.43102825,37423611.0
2023-02-21,26.39730445,26.63337105,26.3214259,26.54906155,25839776.0
2023-02-22,26.41416635,26.49847585,26.09379025,26.1865307,29125252.0
2023-02-23,26.1528069,26.3888735,26.06006645,26.135945,25859740.0
2023-02-24,26.135945,26.2371164,25.80713795,25.80713795,22195488.0
2023-02-27,25.6806737,25.8492927,25.55420945,25.7143975,28485378.0
2023-02-28,25.73969035,26.0853593,25.45303805,25.6806737,33616243.0
2023-03-01,25.73969035,26.2539783,25.6132261,26.2371164,36530593.0
2023-03-02,26.135945,26.3888735,26.1022212,26.2539783,18493333.0
2023-03-03,26.304564,26.43102825,26.0516355,26.1865307,20693510.0
2023-03-06,26.1865307,26.21182355,25.8830165,25.90830935,23893147.0
2023-03-07,25.82399985,25.8492927,25.2422643,25.2422643,49473601.0
2023-03-08,25.26755715,25.29285,25.11580005,25.18324765,23097589.0
2023-03-09,25.20010955,25.2759881,24.91345725,24.91345725,26919435.0
2023-03-10,24.786993,25.03149055,24.52563355,24.54249545,35961641.0
2023-03-13,24.54249545,25.2422643,24.5172026,24.84600965,37142573.0
2023-03-14,24.8544406,24.98090485,24.59308115,24.9050263,24251764.0
2023-03-15,25.0905072,25.23383335,24.6015121,24.60994305,27688467.0
2023-03-16,24.54249545,24.8207168,24.4328931,24.5340645,26432768.0
2023-03-17,24.7026835,24.786993,24.34015265,24.34015265,36564026.0
2023-03-20,24.3485836,24.449755,24.0113456,24.0619313,36054171.0
2023-03-21,24.0619313,24.4834788,23.9607599,24.4328931,38534513.0
2023-03-22,24.44132405,24.5677883,24.2474122,24.3485836,27184312.0
2023-03-23,24.281136,24.7195454,24.23898125,24.45818595,34943382.0
2023-03-24,24.47504785,24.7364073,24.42446215,24.55935735,23391369.0
2023-03-27,24.6015121,24.74483825,24.449755,24.5509264,24408979.0
2023-03-28,24.5509264,24.72797635,24.3654455,24.449755,22024315.0
2023-03-29,24.5846502,24.6520978,24.15467175,24.1968265,33573332.0
2023-03-30,24.25584315,24.7195454,24.12094795,24.618374,41132301.0
2023-03-31,24.618374,24.8375787,24.5509264,24.5509264,30785555.0
2023-04-03,24.54249545,24.6015121,24.2979979,24.44132405,32993420.0
2023-04-04,24.4666169,24.66052875,24.2979979,24.54249545,35683570.0
2023-04-06,24.52563355,24.5340645,24.1968265,24.3823074,31179044.0
2023-04-07,24.37387645,24.6858216,24.3148598,24.5677883,26401001.0
2023-04-10,24.6015121,24.69425255,24.25584315,24.3317217,39858373.0
2023-04-11,24.281136,24.3485836,23.9944837,24.0450694,45965481.0
2023-04-12,24.0450694,24.0956551,23.7078314,23.7415552,45022172.0
2023-04-13,23.60666,23.7921409,23.5054886,23.6909695,38971971.0
2023-04-14,23.7584171,23.86801945,23.5054886,23.5392124,41736086.0
2023-04-17,23.5054886,23.76684805,23.37902435,23.7584171,48312401.0
2023-04-18,23.7584171,24.07036225,23.69940045,24.01977655,61120678.0
2023-04-19,24.0282075,24.0619313,23.6741076,23.7921409,38178237.0
2023-04-20,23.7415552,23.88488135,23.58136715,23.6741076,41938872.0
2023-04-21,23.775279,24.1799646,23.56450525,23.60666,58013378.0
2023-04-24,23.6235219,23.68253855,22.99120065,23.0670792,53589193.0
2023-04-25,23.100803,23.32843865,22.90689115,23.19354345,44251621.0
2023-04-26,23.10923395,23.3031458,22.97433875,23.1513887,33399638.0
2023-04-27,23.12609585,23.51391955,22.8478745,23.438041,51373576.0
2023-04-28,24.1968265,25.28441905,24.1968265,24.9218882,133173972.0
2023-05-04,24.86287155,25.36872855,24.7701311,25.16638575,69879572.0
2023-05-05,25.29285,25.4783309,24.86287155,25.04835245,45210898.0
2023-05-08,25.2085405,25.5457785,25.0399215,25.40245235,66327122.0
2023-05-09,25.46989995,25.5289166,25.20010955,25.2085405,45136851.0
2023-05-10,25.25069525,25.3434357,25.0399215,25.14952385,29027487.0
2023-05-11,25.2085405,25.28441905,24.8713025,24.9387501,22327142.0
2023-05-12,24.8881644,25.58793325,24.8207168,25.09893815,35311566.0
2023-05-15,25.3940214,25.53734755,25.1748167,25.5120547,33962566.0
2023-05-16,25.58793325,25.60479515,25.21697145,25.33500475,29676198.0
2023-05-17,25.3602976,25.43617615,25.124231,25.1410929,21717146.0
2023-05-18,25.09893815,25.29285,24.8881644,25.01462865,21417735.0
2023-05-19,25.124231,25.3265738,24.9050263,25.16638575,20354406.0
2023-05-22,25.25069525,25.77341415,25.1579548,25.67224275,46194543.0
2023-05-23,25.63851895,26.135945,25.5457785,25.85772365,51797472.0
2023-05-24,25.8661546,25.9167403,25.26755715,25.29285,39562302.0
2023-05-25,25.124231,25.2759881,24.8713025,25.06521435,35725904.0
2023-05-26,25.0399215,25.124231,24.62680495,24.84600965,26151444.0
2023-05-29,24.8713025,25.0061977,24.30642885,24.6015121,34591820.0
2023-05-30,24.57621925,24.79542395,24.1293789,24.60994305,36040515.0
2023-05-31,24.64366685,24.66052875,24.2305503,24.28956695,27619755.0
2023-06-01,24.03663845,25.03149055,24.0282075,24.52563355,34070177.0
2023-06-02,24.74483825,25.1748167,24.60994305,25.0905072,28664647.0
2023-06-05,25.08207625,25.18324765,24.82914775,24.87973345,18716667.0
2023-06-06,24.87973345,25.26755715,24.786993,24.8713025,24082998.0
2023-06-07,24.9724739,25.08207625,24.81228585,24.8713025,20847456.0
2023-06-08,24.8713025,25.1410929,24.6015121,24.96404295,20860446.0
2023-06-09,24.9893358,25.28441905,24.91345725,25.1579548,32288739.0
2023-06-12,25.29285,25.38559045,24.93031915,25.20010955,36398104.0
2023-06-13,25.39229616,25.39229616,25.09531024,25.27000784,26897880.0
2023-06-14,25.2874776,25.90765408,25.25253808,25.39229616,40140764.0
2023-06-15,25.5058496,25.7242216,25.31368224,25.5931984,26255231.0
2023-06-16,25.67181232,25.70675184,25.44470544,25.65434256,31089924.0
2023-06-19,25.6368728,25.767896,25.331152,25.3748264,24688988.0
2023-06-20,25.3748264,25.49711472,25.16518928,25.17392416,18430415.0
2023-06-21,25.16518928,25.40976592,25.08657536,25.1564544,23364492.0
2023-06-26,24.99049168,25.22633344,24.83326384,25.09531024,26345234.0
2023-06-27,25.14771952,25.19139392,24.86820336,24.9817568,20597062.0
2023-06-28,24.9380824,25.0254312,24.72844528,24.92061264,21574394.0
2023-06-29,24.9380824,25.07784048,24.55374768,24.65856624,30970599.0
2023-06-30,24.65856624,24.88567312,24.56248256,24.73718016,23529018.0
2023-07-03,24.73718016,25.47091008,24.72844528,25.44470544,45866347.0
2023-07-04,25.4621752,25.549524,25.22633344,25.45344032,22515258.0
2023-07-05,25.45344032,25.49711472,25.0254312,25.13024976,21141901.0
2023-07-06,25.16518928,25.3748264,24.9817568,24.99922656,22260594.0
2023-07-07,24.9380824,25.18265904,24.91187776,25.05163584,16428751.0
2023-07-10,25.06037072,25.14771952,24.7197104,24.78958944,36438583.0
2023-07-11,24.9817568,24.99922656,24.72844528,24.894408,19456488.0
2023-07-12,24.85946848,24.99922656,24.72844528,24.77211968,16449081.0
2023-07-13,24.894408,25.40103104,24.88567312,25.32241712,31331675.0
2023-07-14,25.31368224,25.40103104,24.3703152,24.51880816,79317803.0
2023-07-17,24.51880816,24.52754304,23.86369216,24.0645944,54476052.0
2023-07-18,24.04712464,24.0645944,23.68899456,23.8462224,46271735.0
2023-07-19,23.69772944,23.81128288,23.48809232,23.79381312,53162978.0
2023-07-20,23.79381312,23.92483632,23.68899456,23.74140384,35078516.0
2023-07-21,23.72393408,24.14320832,23.69772944,23.95104096,34994411.0
2023-07-24,23.75013872,23.90736656,23.64532016,23.82001776,19042345.0
2023-07-25,24.07332928,24.30043616,24.05585952,24.24802688,55012139.0
2023-07-26,24.13447344,24.2829664,24.09079904,24.21308736,21154209.0
2023-07-27,24.04712464,24.51880816,24.02092,24.24802688,48299896.0
2023-07-28,24.1956176,24.94681728,24.16941296,24.87693824,59374996.0
2023-07-31,25.07784048,25.31368224,24.894408,25.03416608,44466106.0
2023-08-01,24.9817568,25.16518928,24.5886872,24.676036,37738977.0
2023-08-02,24.68477088,24.7633848,24.51880816,24.676036,23673738.0
2023-08-03,24.66730112,24.96428704,24.6323616,24.90314288,24211754.0
2023-08-04,25.06037072,25.20886368,24.72844528,24.72844528,36647585.0
2023-08-07,24.72844528,24.77211968,24.47513376,24.55374768,30134297.0
2023-08-08,24.5450128,24.676036,24.38778496,24.53627792,24056704.0
2023-08-09,24.5013384,24.64109648,24.47513376,24.59742208,22449051.0
2023-08-10,24.59742208,24.66730112,24.20435248,24.34411056,33115290.0
2023-08-11,24.35284544,24.44019424,24.02092,24.02092,33862931.0
2023-08-14,23.9335712,24.03838976,23.65405504,23.91610144,32292793.0
2023-08-15,23.91610144,24.02092,23.68025968,23.90736656,25589507.0
2023-08-16,23.802548,23.91610144,23.6715248,23.72393408,27716054.0
2023-08-17,23.60164576,23.8898968,23.41821328,23.85495728,28160505.0
2023-08-18,23.85495728,23.86369216,23.50556208,23.5405016,27044567.0
2023-08-21,23.50556208,23.52303184,23.19984128,23.21731104,32949943.0
2023-08-22,23.2347808,23.4531528,23.03387856,23.34833424,36326716.0
2023-08-23,23.33086448,23.4531528,23.00767392,23.02514368,26684489.0
2023-08-24,23.02514368,23.40074352,22.85044608,23.147432,29905111.0
2023-08-25,23.04261344,23.41821328,23.02514368,23.365804,27351861.0
2023-08-28,24.30917104,24.44019424,23.3221296,23.42694816,66077026.0
2023-08-29,22.8853856,23.365804,22.76309728,23.25225056,68404710.0
2023-08-30,23.26098544,23.5405016,23.147432,23.1911064,33105489.0
2023-08-31,23.17363664,23.18237152,22.710688,22.710688,54723360.0
2023-09-01,22.7980368,23.07755296,22.71942288,22.7543624,48593449.0
2023-09-04,22.87665072,23.26098544,22.76309728,23.09502272,77754156.0
2023-09-05,22.95526464,23.00767392,22.710688,22.73689264,68645801.0
2023-09-06,22.72815776,22.90285536,22.60586944,22.87665072,32826228.0
2023-09-07,22.7980368,22.80677168,22.60586944,22.60586944,41744754.0
2023-09-08,22.5796648,22.60586944,22.3612928,22.51852064,29188905.0
2023-09-11,22.51852064,22.8417112,22.37876256,22.80677168,37692286.0
2023-09-12,22.7543624,22.93779488,22.67574848,22.89412048,26823267.0
2023-09-13,22.89412048,23.08628784,22.80677168,22.86791584,39243982.0
2023-09-14,22.8853856,22.99020416,22.78056704,22.92906,22902573.0
2023-09-15,23.00767392,23.1037576,22.74562752,22.82424144,31551854.0
2023-09-18,22.85044608,22.96399952,22.67574848,22.95526464,24913031.0
2023-09-19,22.95526464,22.9727344,22.81550656,22.91159024,22612690.0
2023-09-20,22.76309728,22.94652976,22.71942288,22.83297632,27325690.0
2023-09-21,22.83297632,22.89412048,22.58839968,22.58839968,28383860.0
2023-09-22,22.5359904,23.2784552,22.5359904,23.2347808,55741627.0
2023-09-25,23.3221296,23.33959936,23.12996224,23.28719008,31132678.0
2023-09-26,23.2347808,23.41821328,23.16490176,23.38327376,25635576.0
2023-09-27,23.3221296,23.52303184,23.25225056,23.26972032,21821784.0
2023-09-28,23.26972032,23.365804,23.0600832,23.17363664,23409644.0
2023-10-09,23.17363664,23.31339472,22.96399952,23.20857616,25172909.0
2023-10-10,23.34833424,23.5405016,23.25225056,23.40074352,31120390.0
2023-10-11,23.4968272,23.64532016,23.365804,23.6278504,38122272.0
2023-10-12,23.7588736,23.87242704,23.55797136,23.6715248,28086774.0
2023-10-13,23.47935744,23.56670624,23.31339472,23.4531528,22402293.0
2023-10-16,23.4531528,23.48809232,23.11249248,23.12122736,27350661.0
2023-10-17,23.17363664,23.46188768,22.99893904,23.4531528,30777623.0
2023-10-18,23.35706912,23.54923648,23.22604592,23.22604592,21829577.0
2023-10-19,23.16490176,23.22604592,22.8417112,22.85044608,34297525.0
2023-10-20,22.78056704,22.8853856,22.5359904,22.67574848,31218374.0
2023-10-23,22.56219504,22.7543624,22.1429208,22.35255792,27199555.0
2023-10-24,22.273944,22.46611136,22.0118976,22.37002768,29221404.0
2023-10-25,22.55346016,22.92906,22.5359904,22.7543624,31652211.0
2023-10-26,22.70195312,22.89412048,22.54472528,22.71942288,23308011.0
2023-10-27,22.710688,23.54923648,22.65827872,23.47935744,49986456.0
2023-10-30,23.4094784,23.63658528,23.07755296,23.29592496,35865239.0
2023-10-31,24.1082688,24.44892912,23.91610144,23.95104096,106016335.0
2023-11-01,24.1519432,24.21308736,23.75013872,23.86369216,38053521.0
2023-11-02,23.8462224,24.09953392,23.81128288,23.88116192,25940349.0
2023-11-03,24.02092,24.1956176,23.96851072,24.1082688,30297998.0
2023-11-06,24.20435248,24.239292,23.99471536,24.0645944,33573950.0
2023-11-07,24.02092,24.18688272,23.82875264,24.1082688,29065620.0
2023-11-08,24.08206416,24.1519432,23.9772456,24.09079904,25274645.0
2023-11-09,24.00345024,24.2829664,23.9772456,24.13447344,20262177.0
2023-11-10,24.09079904,24.16941296,23.90736656,24.03838976,22834138.0
2023-11-13,24.14320832,24.14320832,23.802548,23.95977584,19809592.0
2023-11-14,23.98598048,24.13447344,23.69772944,23.82001776,27708979.0
2023-11-15,23.95977584,24.0645944,23.76760848,23.81128288,25555246.0
2023-11-16,23.86369216,23.90736656,23.54923648,23.60164576,23280216.0
2023-11-17,23.47935744,23.6715248,23.28719008,23.5405016,26775356.0
2023-11-20,23.584176,23.8462224,23.43568304,23.72393408,24699275.0
2023-11-21,23.802548,24.09953392,23.74140384,23.9772456,29808308.0
2023-11-22,23.92483632,23.92483632,23.73266896,23.7588736,16763785.0
2023-11-23,23.6278504,23.91610144,23.5405016,23.85495728,27554877.0
2023-11-24,23.87242704,24.02092,23.82001776,23.8898968,24595227.0
2023-11-27,23.86369216,23.8898968,23.47935744,23.74140384,24381498.0
2023-11-28,23.74140384,24.00345024,23.65405504,23.82001776,22143837.0
2023-11-29,23.82001776,23.86369216,23.54923648,23.6278504,21684728.0
2023-11-30,23.6278504,23.82875264,23.56670624,23.802548,28113473.0
2023-12-01,23.7588736,23.76760848,23.33959936,23.6278504,34233562.0
2023-12-04,23.6278504,23.64532016,23.4094784,23.4094784,22234614.0
2023-12-05,23.37453888,23.61911552,23.08628784,23.08628784,30066580.0
2023-12-06,22.99020416,23.28719008,22.91159024,23.08628784,25756358.0
2023-12-07,22.99020416,23.18237152,22.85044608,23.0164088,24638923.0
2023-12-08,23.05134832,23.35706912,22.98146928,23.02514368,25996787.0
2023-12-11,22.7980368,23.2347808,22.38749744,22.99893904,37374934.0
2023-12-12,22.99020416,23.147432,22.89412048,23.1037576,27016326.0
2023-12-13,23.13869712,23.13869712,22.54472528,22.56219504,40290508.0
2023-12-14,22.710688,22.8853856,22.59713456,22.60586944,26643557.0
2023-12-15,22.64080896,22.7980368,22.28267888,22.28267888,36371266.0
2023-12-18,22.06430688,22.45737648,22.06430688,22.3612928,36346760.0
2023-12-19,22.273944,22.4486416,22.12545104,22.2302696,24362135.0
2023-12-20,22.23900448,22.3176184,22.06430688,22.12545104,25653041.0
2023-12-21,22.07304176,22.492316,22.06430688,22.41370208,30794516.0
2023-12-22,22.43990672,22.78056704,22.42243696,22.710688,38144827.0
2023-12-25,22.710688,22.93779488,22.63207408,22.7980368,22463109.0
2023-12-26,22.7980368,22.85918096,22.45737648,22.54472528,20050381.0
2023-12-27,22.5796648,22.87665072,22.43117184,22.82424144,25379677.0
2023-12-28,22.93779488,23.4968272,22.87665072,23.4531528,49037327.0
2023-12-29,23.4094784,23.52303184,23.147432,23.365804,36476458.0
2024-01-02,23.4531528,23.4531528,22.93779488,22.94652976,26732203.0
2024-01-03,22.92906,23.07755296,22.710688,22.76309728,28797628.0
2024-01-04,22.78930192,22.86791584,22.5359904,22.68448336,29419275.0
2024-01-05,22.69321824,23.1037576,22.63207408,22.81550656,38718766.0
2024-01-08,22.92032512,23.147432,22.71942288,22.8417112,41747081.0
2024-01-09,22.7980368,23.09502272,22.5796648,22.98146928,32953927.0
2024-01-10,23.02514368,23.26972032,22.8853856,23.20857616,35659020.0
2024-01-11,23.12996224,23.55797136,23.1037576,23.2347808,36742732.0
2024-01-12,23.147432,23.4094784,23.12122736,23.365804,24894170.0
2024-01-15,23.29592496,23.5405016,23.147432,23.33086448,24475931.0
2024-01-16,23.2347808,23.53176672,23.20857616,23.4968272,34821275.0
2024-01-17,23.46188768,23.47935744,23.0600832,23.0600832,34169454.0
2024-01-18,22.9727344,23.4531528,22.69321824,23.365804,51282449.0
2024-01-19,23.15616688,23.51429696,23.12122736,23.47062256,40141585.0
2024-01-22,23.50556208,23.584176,23.03387856,23.30465984,57716962.0
2024-01-23,23.2784552,23.35706912,22.86791584,23.11249248,36896364.0
2024-01-24,23.15616688,23.52303184,22.8853856,23.4094784,33367891.0
2024-01-25,23.40074352,23.66278992,23.34833424,23.64532016,39456231.0
2024-01-26,23.51429696,23.802548,23.37453888,23.7588736,39674351.0
2024-01-29,23.70646432,24.13447344,23.68899456,24.01218512,47326322.0
2024-01-30,23.8898968,24.11700368,23.82001776,23.82875264,33480461.0
2024-01-31,23.802548,24.00345024,23.4968272,23.66278992,35340671.0
2024-02-01,23.66278992,23.83748752,23.47935744,23.54923648,35076653.0
2024-02-02,23.75013872,24.1519432,23.20857616,23.54923648,59666708.0
2024-02-05,23.64532016,24.3703152,23.44441792,24.1519432,84638860.0
2024-02-06,24.1519432,24.894408,24.12573856,24.57995232,77511024.0
2024-02-07,24.57995232,24.70224064,24.38778496,24.70224064,73080230.0
2024-02-08,24.73718016,24.894408,24.25676176,24.61489184,59343641.0
2024-02-19,24.77211968,24.8070592,24.52754304,24.74591504,51527522.0
2024-02-20,24.73718016,25.08657536,24.61489184,25.05163584,56661323.0
2024-02-21,24.99049168,25.5058496,24.88567312,25.2001288,54495279.0
2024-02-22,25.27000784,25.45344032,25.1564544,25.38356128,35115639.0
2024-02-23,25.31368224,25.44470544,25.12151488,25.31368224,35285895.0
2024-02-26,25.26127296,25.36609152,25.05163584,25.06037072,32837483.0
2024-02-27,24.96428704,25.11278,24.64109648,24.81579408,47891732.0
2024-02-28,24.73718016,24.8507336,24.5450128,24.6323616,47170718.0
2024-02-29,24.62362672,24.8507336,24.56248256,24.7633848,43634660.0
2024-03-01,24.7197104,24.83326384,24.55374768,24.68477088,37130686.0
2024-03-04,24.59742208,24.676036,24.37905008,24.57995232,41221211.0
2024-03-05,24.57995232,25.21759856,24.49260352,25.2001288,58169095.0
2024-03-06,25.12151488,25.20886368,24.86820336,24.894408,36188164.0
2024-03-07,24.84199872,25.09531024,24.78958944,24.9380824,32675768.0
2024-03-08,24.9380824,25.03416608,24.59742208,24.7197104,29025499.0
2024-03-11,24.7197104,24.9380824,24.56248256,24.894408,35719145.0
2024-03-12,24.894408,25.13024976,24.75464992,25.03416608,42331309.0
2024-03-13,24.99922656,25.03416608,24.51880816,24.60615696,47688167.0
2024-03-14,24.5450128,24.9380824,24.51007328,24.59742208,32590186.0
2024-03-15,24.55374768,25.2438032,24.53627792,25.17392416,70716557.0
2024-03-18,25.1564544,25.549524,25.06037072,25.42723568,56899032.0
2024-03-19,25.3748264,25.58446352,25.2001288,25.40976592,37406363.0
2024-03-20,25.4621752,25.47964496,25.22633344,25.331152,24940450.0
2024-03-21,25.4185008,25.4185008,25.17392416,25.2438032,22851654.0
2024-03-22,25.25253808,25.30494736,24.74591504,25.0254312,32472851.0
2024-03-25,24.96428704,25.0254312,24.7633848,24.78958944,26119000.0
2024-03-26,24.894408,24.92061264,24.59742208,24.72844528,35446601.0
2024-03-27,24.676036,24.78085456,24.57121744,24.57995232,29068219.0
2024-03-28,24.457664,24.70224064,24.22182224,24.29170128,47908387.0
2024-03-29,24.31790592,24.57995232,24.24802688,24.3703152,27627047.0
2024-04-01,24.44892912,24.82452896,24.4139896,24.5886872,43091890.0
2024-04-02,24.59742208,24.64109648,24.1519432,24.25676176,37693702.0
2024-04-03,24.1956176,24.30917104,23.95977584,24.16941296,38062866.0
2024-04-08,24.02092,24.08206416,23.584176,23.82001776,54044341.0
2024-04-09,23.81128288,24.05585952,23.72393408,23.89863168,24316230.0
2024-04-10,23.91610144,23.98598048,23.6715248,23.75013872,32378435.0
2024-04-11,23.6278504,23.7588736,23.41821328,23.60164576,37454724.0
2024-04-12,23.54923648,23.66278992,23.1911064,23.20857616,42132494.0
2024-04-15,23.21731104,23.88116192,23.21731104,23.61911552,49938164.0
2024-04-16,23.4968272,23.96851072,23.41821328,23.78507824,44852897.0
2024-04-17,23.78507824,23.92483632,23.5405016,23.89863168,36442766.0
2024-04-18,23.78507824,24.29170128,23.76760848,24.1956176,43283246.0
2024-04-19,24.09953392,24.24802688,23.95104096,24.16067808,27448541.0
2024-04-22,24.21308736,24.5450128,24.1956176,24.36158032,32663171.0
2024-04-23,24.31790592,24.51880816,24.1956176,24.38778496,37873734.0
2024-04-24,24.46639888,24.5013384,24.14320832,24.44019424,28087593.0
2024-04-25,24.4139896,24.66730112,24.38778496,24.52754304,28228028.0
2024-04-26,24.52754304,24.7633848,24.457664,24.46639888,36381355.0
2024-04-29,24.2829664,24.87693824,24.23055712,24.71097552,58571952.0
2024-04-30,25.23506832,25.32241712,24.5450128,24.99049168,117329211.0
2024-05-06,25.17392416,25.35735664,24.94681728,25.1564544,86179089.0
2024-05-07,25.13898464,25.14771952,24.6323616,24.7633848,63800651.0
2024-05-08,24.75464992,24.87693824,24.64109648,24.65856624,41568562.0
2024-05-09,24.61489184,24.78085456,24.56248256,24.64983136,52975417.0
2024-05-10,24.65856624,24.72844528,24.30917104,24.4139896,58876257.0
2024-05-13,24.35284544,24.51007328,24.21308736,24.457664,49574864.0
2024-05-14,24.48386864,24.5450128,24.30043616,24.33537568,47040633.0
2024-05-15,24.33537568,24.42272448,24.22182224,24.2829664,27453039.0
2024-05-16,24.239292,24.37905008,24.13447344,24.25676176,53348456.0
2024-05-17,24.20435248,24.57995232,24.20435248,24.55374768,62086533.0
2024-05-20,24.53627792,25.06037072,24.46639888,24.94681728,80907333.0
2024-05-21,25.17392416,25.55825888,25.16518928,25.47091008,113516000.0
2024-05-22,25.38356128,25.7242216,25.34862176,25.53205424,73778215.0
2024-05-23,25.40103104,25.62813792,25.1564544,25.58446352,73851931.0
2024-05-24,25.3748264,25.66307744,25.17392416,25.22633344,51262296.0
2024-05-27,25.17392416,25.47091008,25.17392416,25.34862176,42145949.0
2024-05-28,25.33988688,25.4621752,25.08657536,25.13024976,33348601.0
2024-05-29,25.16518928,25.40103104,25.16518928,25.2874776,30245901.0
2024-05-30,25.21759856,25.27000784,24.894408,24.90314288,45302182.0
2024-05-31,24.95555216,25.05163584,24.72844528,24.72844528,35357073.0
2024-06-03,24.73718016,24.99049168,24.65856624,24.96428704,37865336.0
2024-06-04,24.92061264,25.2001288,24.7633848,24.99922656,48130815.0
2024-06-05,25.13598255,25.2545055,24.88070235,24.9080538,48223404.0
2024-06-06,24.93540525,25.22715405,24.86246805,25.04481105,36706822.0
2024-06-07,25.00834245,25.11774825,24.53425065,24.6710079,45483277.0
2024-06-11,24.5980707,24.7074765,24.27897045,24.3610248,38224534.0
2024-06-12,24.37014195,24.6892422,24.3063219,24.6345393,37688732.0
2024-06-13,24.6527736,24.68012505,24.433962,24.49778205,30471246.0
2024-06-14,24.4704306,24.84423375,24.3245562,24.77129655,42549459.0
2024-06-17,24.616305,24.6892422,24.37014195,24.5068992,27683356.0
2024-06-18,24.49778205,24.5798364,23.9963388,24.069276,55874550.0
2024-06-19,24.1057446,24.1057446,23.7957615,23.9963388,34295891.0
2024-06-20,23.9416359,24.00545595,23.34902115,23.38548975,61810741.0
2024-06-21,23.339904,23.6316528,23.157561,23.5040127,55610009.0
2024-06-24,23.3946069,23.8322301,23.34902115,23.67723855,46202466.0
2024-06-25,23.6134185,23.87781585,23.44019265,23.49489555,43559484.0
2024-06-26,23.4857784,23.7410586,23.3581383,23.69547285,28638392.0
2024-06-27,23.60430135,23.69547285,23.40372405,23.49489555,35968988.0
2024-06-28,23.49489555,23.85958155,23.4493098,23.5587156,37159882.0
2024-07-01,23.5587156,23.69547285,23.3034354,23.67723855,34312984.0
2024-07-02,23.6134185,23.7775272,23.47666125,23.49489555,33341851.0
2024-07-03,23.49489555,23.6498871,23.3946069,23.53136415,26057150.0
2024-07-04,23.53136415,23.6498871,23.31255255,23.34902115,31970502.0
2024-07-05,23.34902115,23.4310755,22.9569837,23.20314675,40815964.0
2024-07-08,23.11197525,23.1393267,22.792875,22.975218,46350709.0
2024-07-09,22.8840465,22.9387494,22.54671195,22.792875,60408765.0
2024-07-10,22.61964915,22.9934523,22.5375948,22.91139795,39335080.0
2024-07-11,23.0481552,23.5587156,23.0481552,23.4310755,43136396.0
2024-07-12,23.4310755,23.4857784,23.09374095,23.2487325,35050540.0
2024-07-15,23.2487325,23.36725545,23.1210924,23.23961535,25743563.0
2024-07-16,23.16667815,23.38548975,23.0846238,23.2852011,30460705.0
2024-07-17,23.2852011,23.7410586,23.1393267,23.70459,52326385.0
2024-07-18,23.6134185,23.93251875,23.53136415,23.89605015,38049001.0
2024-07-19,23.82311295,24.2333847,23.6681214,24.069276,47259559.0
2024-07-22,24.07839315,24.2151504,23.73194145,23.7957615,37147789.0
2024-07-23,23.84134725,23.85958155,23.1757953,23.1757953,40855688.0
2024-07-24,23.14844385,23.20314675,22.74728925,22.83846075,40864750.0
2024-07-25,22.74728925,22.9569837,22.74728925,22.8293436,34117254.0
2024-07-26,22.85669505,22.9569837,22.71082065,22.8658122,36188891.0
2024-07-29,22.8658122,22.8840465,22.5558291,22.5558291,38802729.0
2024-07-30,22.47377475,22.47377475,22.0999716,22.245846,50637912.0
2024-07-31,22.1546745,22.87492935,22.1182059,22.87492935,67525950.0
2024-08-01,22.792875,22.8111093,22.3370175,22.3370175,52104175.0
2024-08-02,22.1911431,22.3734861,22.16379165,22.2823146,29161078.0
2024-08-05,22.1729088,22.5740634,22.0452687,22.1729088,46573013.0
2024-08-06,22.25496315,22.36436895,21.99968295,22.16379165,41716965.0
2024-08-07,22.14555735,22.14555735,21.9723315,21.98144865,39983462.0
2024-08-08,21.89027715,22.29143175,21.67146555,22.23672885,50649104.0
2024-08-09,22.25496315,22.40083755,22.0452687,22.05438585,25485397.0
2024-08-12,22.0270344,22.27319745,22.0088001,22.20026025,23595727.0
2024-08-13,22.2093774,22.25496315,21.85380855,21.96321435,29540900.0
2024-08-14,21.92674575,21.9540972,21.7170513,21.7352856,26429953.0
2024-08-15,21.698817,22.01791725,21.61676265,21.9358629,31640828.0
2024-08-16,21.88116,21.99968295,21.8264571,21.90851145,20641584.0
2024-08-19,21.88116,22.27319745,21.7717542,21.79910565,37065769.0
2024-08-20,21.83557425,21.85380855,21.3523653,21.4617711,44751496.0
2024-08-21,21.4435368,21.48912255,21.30677955,21.32501385,25367434.0
2024-08-22,21.4253025,21.52559115,20.969445,20.99679645,45231995.0
2024-08-23,20.92385925,21.2247252,20.88739065,21.14267085,32922690.0
2024-08-26,21.1335537,21.1882566,20.7506334,20.8235706,38736535.0
2024-08-27,20.81445345,20.8600392,20.52270465,20.6412276,32885735.0
2024-08-28,20.604759,20.68681335,20.1124329,20.28565875,49599752.0
2024-08-29,20.1124329,20.8965078,20.0941986,20.85092205,53097432.0
2024-08-30,19.693044,20.8600392,19.5836382,20.63211045,155260508.0
2024-09-02,20.37683025,20.43153315,19.64745825,19.7295126,97330248.0
2024-09-03,19.73862975,20.30389305,19.62922395,20.24919015,76037505.0
2024-09-04,20.19448725,20.34036165,19.99390995,20.21272155,36187506.0
2024-09-05,20.1671358,20.57740755,20.1671358,20.5318218,39570729.0
2024-09-06,20.5318218,20.6594619,20.2947759,20.2947759,25958969.0
2024-09-09,20.37683025,20.5682904,20.0394957,20.12155005,37311152.0
2024-09-10,20.1124329,20.2218387,19.90273845,20.01214425,29810765.0
2024-09-11,19.9483242,20.32212735,19.7842155,20.26742445,32473434.0
2024-09-12,20.240073,20.3677131,19.90273845,19.9300899,33996957.0
2024-09-13,19.8571527,19.92097275,19.4377638,19.66569255,43529132.0
2024-09-18,19.6018725,19.68392685,19.3830609,19.48334955,35434222.0
2024-09-19,19.5471696,20.30389305,19.26453795,20.0941986,72852346.0
2024-09-20,20.05773,20.1489015,19.8389184,20.0394957,37687311.0
2024-09-23,20.0394957,20.4041817,19.9118556,19.95744135,35847923.0
2024-09-24,20.3312445,21.23384235,20.08508145,21.19737375,111473852.0
2024-09-25,21.6076455,21.92674575,21.41618535,21.45265395,98951381.0
2024-09-26,21.6076455,23.3216697,21.47088825,23.2669668,154543271.0
2024-09-27,24.46131345,25.345677,24.31543905,25.163334,161521611.0
2024-09-30,26.30297775,26.9685297,25.48243425,26.50355505,254117343.0
2024-10-08,29.1384114,29.1384114,25.70124585,26.4032664,282099427.0
2024-10-09,25.9838775,25.9838775,24.18779895,24.18779895,171097455.0
2024-10-10,24.251619,25.9656432,24.251619,25.1815683,140625722.0
2024-10-11,25.19068545,25.59184005,24.616305,24.93540525,83716740.0
2024-10-14,24.9080538,25.06304535,24.26073615,24.9445224,86451489.0
2024-10-15,24.798648,24.9262881,24.1604475,24.1604475,66305344.0
2024-10-16,23.87781585,24.1786818,23.71370715,23.84134725,46436595.0
2024-10-17,24.00545595,24.00545595,23.2669668,23.2669668,58959484.0
2024-10-18,23.2304982,24.46131345,23.0481552,24.069276,91164566.0
2024-10-21,24.1422132,24.3245562,23.71370715,23.89605015,68712557.0
2024-10-22,23.85958155,24.4704306,23.8139958,24.26073615,60718114.0
2024-10-23,24.31543905,24.9080538,24.11486175,24.62542215,69159218.0
2024-10-24,24.49778205,24.60718785,24.069276,24.1786818,38722063.0
2024-10-25,24.11486175,24.57071925,24.069276,24.3245562,39039888.0
2024-10-28,24.37014195,24.80776515,24.20603325,24.7257108,52172036.0
2024-10-29,24.9080538,25.1268654,24.1604475,24.1786818,62025002.0
2024-10-30,24.13309605,24.37014195,23.96898735,24.1057446,40693993.0
2024-10-31,24.84423375,25.6556601,24.84423375,25.44596565,164294761.0
2024-11-01,25.31832555,25.9838775,25.2180369,25.8015345,107880435.0
2024-11-04,25.90182315,26.3120949,25.7650659,26.28474345,80682880.0
2024-11-05,26.075049,26.52178935,26.0203461,26.50355505,77161137.0
2024-11-06,26.46708645,26.66766375,26.0932833,26.3485635,64577212.0
2024-11-07,26.3120949,27.533793,26.23004055,27.533793,112991685.0
2024-11-08,27.65231595,27.77995605,27.0597012,27.46997295,80348332.0
2024-11-11,26.99588115,27.43350435,26.70413235,27.36056715,60834785.0
2024-11-12,27.2602785,27.7890732,27.03234975,27.169107,59373185.0
2024-11-13,27.0779355,27.57937875,26.8955925,27.36056715,52544727.0
2024-11-14,27.26939565,27.48820725,26.9685297,26.99588115,44035478.0
2024-11-15,26.95941255,27.30586425,26.64942945,26.70413235,48275045.0
2024-11-18,26.70413235,26.94117825,26.3120949,26.4215007,40026169.0
2024-11-19,26.32121205,26.6403123,25.892706,26.32121205,41558775.0
2024-11-20,26.3485635,26.622078,26.10240045,26.4762036,28653124.0
2024-11-21,26.35768065,26.6950152,26.3485635,26.59472655,23962533.0
2024-11-22,26.59472655,26.622078,25.8562374,25.892706,29249907.0
2024-11-25,25.892706,26.1479862,25.68301155,25.7285973,41098629.0
2024-11-26,25.7833002,26.3485635,25.68301155,26.04769755,34108379.0
2024-11-27,25.9838775,26.4215007,25.892706,26.32121205,30222719.0
2024-11-28,26.3303292,26.41238355,25.88358885,25.99299465,28601441.0
2024-11-29,26.02946325,26.439735,25.9109403,26.0568147,33632214.0
2024-12-02,26.0021118,26.6038437,25.9656432,26.2756263,43989746.0
2024-12-03,26.2756263,26.7497181,26.02946325,26.6767809,45511276.0
2024-12-04,26.57649225,26.66766375,26.2756263,26.54002365,31142850.0
2024-12-05,26.30297775,26.52178935,26.2209234,26.2938606,26888700.0
2024-12-06,26.2938606,26.7679524,26.2391577,26.6585466,40929846.0
2024-12-09,26.6403123,26.6767809,26.0568147,26.2756263,52747886.0
2024-12-10,26.8955925,27.4426215,26.804421,26.9138268,80771890.0
2024-12-11,26.8226553,27.35145,26.77706955,27.14175555,47434251.0
2024-12-12,27.1144041,27.5884959,26.95941255,27.56114445,68199214.0
2024-12-13,27.35145,27.35145,26.6038437,26.66766375,83244704.0
2024-12-16,26.7314838,26.88647535,26.33944635,26.622078,43134419.0
2024-12-17,26.52178935,27.21469275,26.37591495,26.99588115,47201209.0
2024-12-18,27.1144041,27.23292705,26.8955925,26.99588115,28036626.0
2024-12-19,26.9138268,27.10528695,26.66766375,26.77706955,27558103.0
2024-12-20,26.8773582,26.9502954,26.55825795,26.622078,29670829.0
2024-12-23,26.5309065,27.169107,26.48532075,26.986764,43942782.0
2024-12-24,26.90470965,27.4790901,26.90470965,27.4426215,48018816.0
2024-12-25,27.4426215,27.50644155,27.1873413,27.28762995,32048433.0
2024-12-26,27.28762995,27.3879186,27.15998985,27.32409855,27272709.0
2024-12-27,27.3149814,27.54291015,27.12352125,27.48820725,38679079.0
2024-12-30,27.35145,27.6249645,27.2602785,27.4243872,33846235.0
2024-12-31,27.3332157,27.94406475,27.3149814,27.5155587,67772117.0
2025-01-02,27.4426215,27.7890732,26.7679524,26.9502954,54547978.0
2025-01-03,26.8955925,27.10528695,26.622078,26.7132495,40909746.0
2025-01-06,26.66766375,26.7861867,26.257392,26.4762036,37934901.0
2025-01-07,26.30297775,26.59472655,26.21180625,26.3303292,31890433.0
2025-01-08,26.39414925,26.85000675,26.0385804,26.57649225,39956094.0
2025-01-09,26.439735,26.85000675,26.257392,26.4032664,28997638.0
2025-01-10,26.4032664,26.52178935,26.01122895,26.01122895,31166635.0
2025-01-13,25.9291746,26.2938606,25.7650659,25.93829175,30201533.0
2025-01-14,25.88358885,26.39414925,25.71948015,26.12063475,37523132.0
2025-01-15,26.1662205,26.28474345,25.8744717,25.9474089,26884092.0
2025-01-16,26.04769755,26.1479862,25.73771445,25.82888595,30914604.0
2025-01-17,25.6921287,26.0568147,25.5827229,25.892706,24748651.0
2025-01-20,26.0932833,26.2391577,25.345677,25.345677,49779648.0
2025-01-21,25.37302845,25.42773135,24.71659365,25.13598255,53372120.0
2025-01-22,25.06304535,25.163334,24.75306225,24.980991,37674662.0
2025-01-23,25.11774825,25.4368485,24.8898195,25.1268654,32169839.0
2025-01-24,25.0539282,25.40949705,24.980991,25.15421685,35463995.0
2025-01-27,25.15421685,25.57360575,25.15421685,25.37302845,47803280.0
2025-02-05,25.2727398,25.39126275,24.47954775,24.47954775,58641824.0
2025-02-06,24.4704306,24.80776515,24.44307915,24.66189075,35193262.0
2025-02-07,24.68012505,25.09951395,24.47954775,24.89893665,42135207.0
2025-02-10,24.9080538,24.93540525,24.47954775,24.73482795,56316353.0
2025-02-11,24.75306225,24.80776515,24.5068992,24.57071925,35131073.0
2025-02-12,24.51601635,24.798648,24.4521963,24.7439451,32897065.0
2025-02-13,24.7439451,25.3274427,24.6892422,25.0721625,64481638.0
2025-02-14,25.02657675,25.345677,24.980991,25.1815683,35488428.0
2025-02-17,25.1815683,25.20891975,24.82599945,25.00834245,47193549.0
2025-02-18,24.97187385,25.2362712,24.80776515,24.8533509,46017795.0
2025-02-19,24.8898195,25.6921287,24.86246805,25.6191915,69761041.0
2025-02-20,25.52802,25.6921287,25.2545055,25.37302845,36377883.0
2025-02-21,25.4186142,25.59184005,25.1268654,25.24538835,42832293.0
2025-02-24,25.24538835,25.345677,25.0174596,25.0903968,52110106.0
2025-02-25,24.9992253,25.0539282,24.798648,24.9445224,40274076.0
2025-02-26,24.89893665,25.0903968,24.8168823,25.00834245,35594530.0
2025-02-27,25.06304535,25.79241735,24.99010815,25.710363,78444185.0
2025-02-28,25.6738944,26.30297775,25.62830865,25.7833002,72575819.0
2025-03-03,25.8015345,25.9656432,25.345677,25.4368485,51323384.0
2025-03-04,25.345677,25.42773135,25.1268654,25.31832555,31694873.0
2025-03-05,25.3092084,25.46419995,25.0903968,25.33655985,36617216.0
2025-03-06,25.3639113,25.6009572,25.17245115,25.51890285,43977637.0
2025-03-07,25.4186142,25.5097857,24.9262881,25.30009125,68093556.0
2025-03-10,25.20891975,25.345677,24.88070235,24.95363955,49588074.0
2025-03-11,24.798648,25.1998026,24.75306225,25.1998026,42861912.0
2025-03-12,25.1998026,25.345677,24.980991,24.980991,32964670.0
2025-03-13,25.0721625,25.345677,24.9445224,24.97187385,38642151.0
2025-03-14,25.4368485,27.34233285,25.4368485,27.12352125,192089353.0
2025-03-17,27.35145,27.43350435,26.3667978,26.54002365,115261491.0
2025-03-18,26.57649225,26.68589805,26.1844548,26.26650915,53793445.0
2025-03-19,26.26650915,26.39414925,26.075049,26.1115176,40370440.0
2025-03-20,26.17533765,26.30297775,25.8197688,25.82888595,46345905.0
2025-03-21,25.84712025,26.01122895,25.22715405,25.22715405,69440200.0
2025-03-24,25.4368485,25.892706,25.3274427,25.53713715,49992769.0
2025-03-25,25.5462543,25.88358885,25.35479415,25.8744717,34180833.0
2025-03-26,25.73771445,25.8744717,25.68301155,25.7833002,24532391.0
2025-03-27,25.77418305,26.0385804,25.71948015,25.90182315,30412226.0
2025-03-28,25.892706,26.01122895,25.70124585,25.7285973,22355741.0
2025-03-31,25.62830865,26.02946325,25.50066855,25.6009572,36456217.0
2025-04-01,25.61007435,25.7468316,25.46419995,25.59184005,28507054.0
2025-04-02,25.6191915,25.79241735,25.345677,25.3821456,26593399.0
2025-04-03,25.2545055,25.84712025,25.2545055,25.79241735,43331553.0
2025-04-07,25.08127965,26.0568147,24.29720475,25.15421685,111579948.0
2025-04-08,25.1450997,26.19357195,24.7439451,26.19357195,113204246.0
2025-04-09,25.97476035,26.9685297,25.75594875,26.92294395,116667172.0
2025-04-10,27.2785128,27.2785128,26.5126722,27.0597012,80859970.0
2025-04-11,27.19645845,27.2055756,26.4032664,26.66766375,54351214.0
2025-04-14,26.54002365,26.81353815,26.3667978,26.72236665,35563990.0
2025-04-15,26.74060095,27.169107,26.5491408,26.7861867,41499074.0
2025-04-16,26.8773582,27.1144041,26.5856094,27.0779355,48361222.0
2025-04-17,26.8955925,27.12352125,26.6403123,27.0597012,30587913.0
2025-04-18,27.10528695,27.10528695,26.66766375,26.99588115,27078063.0
2025-04-21,26.79530385,26.88647535,26.4762036,26.5126722,31845528.0
2025-04-22,26.4579693,26.6585466,26.3667978,26.37591495,31186928.0
2025-04-23,26.50355505,26.59472655,26.3485635,26.439735,23919468.0
2025-04-24,26.4579693,26.6950152,26.37591495,26.5673751,21921153.0
2025-04-25,26.50355505,26.72236665,26.3485635,26.41238355,22729301.0
2025-04-28,26.3303292,26.4032664,25.9474089,26.075049,30573604.0
2025-04-29,26.0568147,26.30297775,25.9474089,26.24827485,23217115.0
2025-04-30,26.94117825,27.5155587,26.7679524,27.1326384,105481140.0
2025-05-06,27.2785128,27.28762995,26.85000675,27.0779355,46352076.0
2025-05-07,27.716136,27.74348745,26.86824105,26.9685297,40363670.0
2025-05-08,26.9138268,27.169107,26.86824105,26.9320611,22767462.0
2025-05-09,26.9320611,27.1326384,26.8955925,26.9138268,22965330.0
2025-05-12,26.9320611,27.25116135,26.7132495,27.2055756,33422174.0
2025-05-13,27.2055756,27.32409855,27.06881835,27.12352125,30508173.0
2025-05-14,27.0597012,27.41527005,26.9138268,27.30586425,34926769.0
2025-05-15,27.2420442,27.5520273,27.06881835,27.41527005,37762245.0
2025-05-16,27.35145,27.45173865,26.97764685,27.34233285,35464604.0
2025-05-19,27.2602785,27.52467585,27.15998985,27.2967471,22449369.0
2025-05-20,27.32409855,28.1355249,27.2420442,27.898479,50070534.0
2025-05-21,27.85289325,28.2084621,27.6249645,27.716136,27972857.0
2025-05-22,27.67055025,27.9896505,27.59761305,27.8620104,26471414.0
2025-05-23,27.8620104,28.34521935,27.8620104,27.898479,38719633.0
2025-05-26,27.9167133,28.3361022,27.81642465,28.0625877,33362338.0
2025-05-27,28.080822,28.2449307,27.92583045,27.92583045,27533604.0
2025-05-28,27.94406475,28.32698505,27.8620104,28.2449307,28608032.0
2025-05-29,28.2449307,28.3725708,27.6796674,27.72525315,34504589.0
2025-05-30,27.72525315,27.94406475,27.5702616,27.6249645,27335704.0
2025-06-03,27.36056715,27.9531819,27.3332157,27.87112755,34246181.0
2025-06-04,30.55,30.72,30.46,30.59,21648998.0
2025-06-05,30.64,30.81,30.15,30.2,34289601.0
2025-06-06,29.08,29.1,28.6,28.66,42928303.0
2025-06-09,28.76,28.94,28.63,28.8,34077905.0
2025-06-10,28.91,29.24,28.51,28.55,34526646.0
2025-06-11,28.55,28.69,28.44,28.44,27677415.0
2025-06-12,28.45,28.48,28.1,28.21,33492464.0
2025-06-13,28.2,28.27,27.8,28.0,47937237.0
2025-06-16,28.0,28.27,27.79,28.06,34782272.0
2025-06-17,28.07,28.2,27.86,28.07,27361319.0
2025-06-18,28.15,28.54,27.92,27.92,40015094.0
2025-06-19,27.9,28.04,27.68,27.71,25884915.0
2025-06-20,27.71,28.13,27.71,27.92,33637593.0
2025-06-23,27.79,27.89,27.4,27.57,34770843.0
2025-06-24,27.62,27.9,27.6,27.67,37245130.0
2025-06-25,27.76,27.79,27.52,27.77,37286629.0
2025-06-26,27.79,28.14,27.75,28.0,44549677.0
2025-06-27,27.95,28.24,27.79,27.92,34276060.0
2025-06-30,27.99,28.04,27.8,27.88,29484874.0
2025-07-01,27.86,27.86,27.6,27.67,33512938.0
2025-07-02,27.74,27.92,27.56,27.81,46744965.0
2025-07-03,27.81,27.83,27.64,27.75,25928828.0
2025-07-04,27.74,27.9,27.65,27.77,28741705.0
2025-07-07,27.75,27.77,27.19,27.37,53465915.0
2025-07-08,27.35,27.6,27.27,27.49,31288934.0
2025-07-09,27.49,27.99,27.45,27.69,48263305.0
2025-07-10,27.69,27.96,27.64,27.66,37340991.0
2025-07-11,27.67,27.95,27.66,27.69,46755574.0
2025-07-14,27.7,27.73,27.44,27.49,44965932.0
2025-07-15,27.49,27.61,27.26,27.38,36497030.0
2025-07-16,27.39,27.68,27.38,27.52,33758739.0
2025-07-17,27.54,28.16,27.51,28.1,59787288.0
2025-07-18,28.12,28.23,27.88,28.07,33565927.0
2025-07-21,28.08,28.21,27.98,28.19,31942451.0
2025-07-22,28.22,28.42,28.12,28.37,38678267.0
2025-07-23,28.42,28.54,28.25,28.29,35690539.0
2025-07-24,28.29,28.34,28.13,28.24,36005076.0
2025-07-25,28.2,28.2,27.81,27.83,44333359.0
2025-07-28,27.84,27.95,27.67,27.73,41314484.0
2025-07-29,28.2,28.39,27.41,27.52,118898473.0
2025-07-30,27.39,28.04,27.38,27.88,78153490.0
2025-07-31,27.82,27.82,27.38,27.41,52861670.0
2025-08-01,27.4,27.55,27.39,27.51,34735358.0
2025-08-04,27.39,27.49,27.31,27.48,30235299.0
2025-08-05,27.5,27.55,27.36,27.55,33178223.0
2025-08-06,27.55,27.69,27.48,27.57,30132008.0
2025-08-07,27.59,27.62,27.46,27.57,30377295.0
2025-08-08,27.55,27.55,27.22,27.3,41578737.0
2025-08-11,27.31,27.6,27.26,27.57,39224087.0
2025-08-12,27.57,27.72,27.46,27.47,31221146.0
2025-08-13,27.52,27.68,27.42,27.48,43568321.0
2025-08-14,27.5,27.57,27.2,27.2,56098915.0
2025-08-15,27.2,27.34,26.99,27.16,59325356.0
2025-08-18,27.19,27.55,27.19,27.2,76602583.0
2025-08-19,27.35,27.59,27.2,27.21,77228283.0
2025-08-20,27.21,27.51,27.04,27.46,64881717.0
2025-08-21,27.48,27.8,27.4,27.64,69910644.0
2025-08-22,27.68,27.7,27.5,27.69,51127044.0
2025-08-25,27.76,28.18,27.74,28.17,88816468.0
2025-08-26,28.09,28.55,28.02,28.33,71289938.0
2025-08-27,28.33,28.36,27.81,27.81,70393022.0
2025-08-28,27.79,28.0,27.42,27.69,56342376.0
2025-08-29,28.6,29.5,28.57,28.57,211294473.0
2025-09-01,28.55,28.92,28.22,28.27,105400322.0
2025-09-02,28.35,28.68,28.2,28.26,67805916.0
2025-09-03,28.44,28.55,27.75,27.91,73305098.0
2025-09-04,27.91,28.28,27.8,28.16,94631508.0
2025-09-05,28.17,28.24,27.82,28.18,55154998.0
2025-09-08,28.13,28.49,28.0,28.21,82635577.0
2025-09-09,28.23,28.59,28.12,28.56,73260205.0
2025-09-10,28.49,28.58,28.16,28.43,62249023.0
2025-09-11,28.38,28.75,28.37,28.72,60793323.0
2025-09-12,28.74,28.93,28.15,28.25,78484849.0
2025-09-15,28.2,28.52,28.1,28.23,59125323.0
2025-09-16,28.25,28.31,27.84,28.08,70825378.0
2025-09-17,28.14,28.38,27.96,28.08,48324344.0
2025-09-18,28.08,28.13,27.66,27.76,62323497.0
2025-09-19,27.73,27.87,27.58,27.7,43394193.0
2025-09-22,27.7,27.79,27.44,27.55,38868460.0
2025-09-23,27.55,27.62,27.21,27.38,44980481.0
2025-09-24,27.3,27.5,27.26,27.41,34535229.0
2025-09-25,27.42,27.43,26.92,26.97,76402476.0
2025-09-26,26.92,27.31,26.8,27.26,63875432.0
2025-09-29,27.26,27.35,26.9,27.19,57659118.0
2025-09-30,27.19,27.43,26.99,27.28,50527646.0
2025-10-09,27.16,27.63,26.88,27.63,71150833.0
2025-10-10,27.54,28.09,27.46,27.75,58845324.0
2025-10-13,27.53,27.7,27.39,27.55,51452862.0
2025-10-14,27.59,27.8,27.36,27.69,58477597.0
2025-10-15,27.69,27.79,27.53,27.65,41081615.0
2025-10-16,27.66,27.95,27.61,27.81,36850228.0
2025-10-17,27.81,27.96,27.31,27.35,42952000.0
2025-10-20,27.4,27.63,27.37,27.47,33488642.0
2025-10-21,27.47,27.55,27.37,27.41,32125761.0
2025-10-22,27.38,27.46,27.25,27.25,27516814.0
2025-10-23,27.25,27.42,27.13,27.37,29371709.0
2025-10-24,27.37,27.5,27.21,27.28,32961597.0
2025-10-27,27.3,27.5,27.28,27.41,37847732.0
2025-10-28,27.42,27.48,27.23,27.27,30525923.0
2025-10-29,27.34,27.34,27.11,27.18,36318904.0
2025-10-30,27.15,27.55,27.12,27.36,62116600.0
2025-10-31,27.47,27.61,27.3,27.41,55229849.0
2025-11-03,27.41,27.54,27.23,27.45,42836655.0
2025-11-04,27.42,27.42,27.05,27.07,60648580.0
2025-11-05,27.01,27.32,26.94,27.25,44964646.0
2025-11-06,27.2,27.38,27.13,27.22,31469231.0
2025-11-07,27.22,27.32,27.17,27.29,26067746.0
2025-11-10,27.3,28.35,27.29,28.27,117600270.0
2025-11-11,28.28,28.45,28.08,28.35,71820831.0
2025-11-12,28.31,28.75,28.31,28.48,70355130.0
2025-11-13,28.45,28.6,28.21,28.58,51024126.0
2025-11-14,28.57,28.83,28.35,28.35,40920148.0
2025-11-17,28.34,28.62,28.12,28.57,37467511.0
2025-11-18,28.77,29.58,28.77,29.52,130332563.0
2025-11-19,29.59,29.78,29.39,29.58,63042735.0
2025-11-20,29.56,29.77,29.36,29.4,47237188.0
2025-11-21,29.21,29.55,29.0,29.1,59902127.0
2025-11-24,29.35,29.39,28.88,28.91,44778082.0
2025-11-25,28.92,29.26,28.75,29.16,40763905.0
2025-11-26,29.1,29.35,28.88,29.18,28714877.0
2025-11-27,29.2,29.21,28.92,29.05,22302578.0
2025-11-28,29.05,29.46,28.97,29.38,35720114.0
2025-12-01,29.4,29.56,29.08,29.43,37912006.0
2025-12-02,29.47,29.5,29.21,29.35,24441802.0
2025-12-03,29.3,29.43,29.11,29.27,26371544.0
2025-12-04,29.18,29.28,28.94,28.99,27094245.0
2025-12-05,28.99,29.16,28.8,28.92,26363035.0
2025-12-08,28.95,29.15,28.73,28.84,33170657.0
2025-12-09,28.97,29.05,28.64,28.76,31850797.0
2025-12-10,28.7,28.85,28.46,28.56,26007581.0
2025-12-11,28.55,28.62,28.36,28.39,26628298.0
2025-12-12,28.54,28.76,28.33,28.7,48863129.0
2025-12-15,28.7,29.02,28.65,28.83,33126750.0
2025-12-16,28.9,29.14,28.77,28.95,44664043.0
2025-12-17,28.58,29.09,28.38,28.85,45788558.0
2025-12-18,28.85,29.09,28.68,28.97,27882552.0
2025-12-19,28.8,29.24,28.77,29.18,35762905.0
2025-12-22,29.05,29.32,28.93,29.1,40187251.0
2025-12-23,29.31,29.5,28.81,28.93,42733840.0
2025-12-24,28.81,28.99,28.7,28.88,29621304.0
2025-12-25,28.9,29.3,28.83,29.2,33184155.0
2025-12-26,29.26,29.35,28.93,29.1,29127982.0
2025-12-29,29.09,29.11,28.67,28.87,37912627.0
2025-12-30,28.76,28.9,28.61,28.69,39049803.0
2025-12-31,28.77,28.88,28.56,28.6,26672702.0
2026-01-05,28.6,28.91,28.55,28.61,49636137.0
2026-01-06,28.55,28.69,28.21,28.62,49580978.0
2026-01-07,28.65,28.78,28.38,28.42,40920906.0
2026-01-08,27.9,27.9,27.11,27.26,163515181.0
2026-01-09,27.21,27.7,27.2,27.68,87235860.0
2026-01-12,27.68,27.78,27.41,27.74,61097422.0
2026-01-13,27.74,28.09,27.44,27.53,55766702.0
2026-01-14,27.51,27.66,27.35,27.4,61452193.0
2026-01-15,27.4,27.58,27.18,27.22,48308585.0
2026-01-16,27.34,27.34,26.92,26.97,58831624.0
2026-01-19,27.0,27.18,26.96,27.09,45835509.0
2026-01-20,27.12,27.26,26.95,27.18,48048913.0
2026-01-21,27.25,27.25,26.77,26.84,71978943.0
2026-01-22,26.84,27.06,26.74,26.81,53862657.0
2026-01-23,26.81,26.99,26.75,26.82,65684976.0
2026-01-26,26.83,26.98,26.52,26.68,76041726.0
2026-01-27,26.69,26.78,26.37,26.37,67826730.0
2026-01-28,26.43,26.48,26.08,26.14,81613572.0
2026-01-29,26.1,26.84,25.8,26.83,145816433.0
2026-01-30,26.7,26.8,26.33,26.34,77733695.0
2026-02-02,26.67,26.84,26.36,26.45,74101417.0
2026-02-03,26.42,26.73,26.37,26.6,57156633.0
2026-02-04,26.64,27.04,26.61,27.01,60968829.0
2026-02-05,27.1,27.35,26.95,27.21,67557938.0
2026-02-06,27.24,27.48,27.0,27.08,56776904.0
2026-02-09,27.0,27.28,26.98,27.08,43155273.0
2026-02-10,27.03,27.03,26.64,26.75,56476485.0
2026-02-11,26.8,26.98,26.69,26.87,36605157.0
2026-02-12,26.84,26.86,26.56,26.61,34447975.0
2026-02-13,26.7,26.7,26.46,26.48,33469500.0
2026-02-24,26.61,26.63,26.16,26.37,43522038.0
2026-02-25,26.37,26.65,26.22,26.3,48488882.0
2026-02-26,26.31,26.35,26.08,26.12,44462287.0
2026-02-27,26.13,26.26,26.01,26.08,39534029.0
2026-03-02,25.95,26.14,25.66,26.0,57790563.0
2026-03-03,26.0,26.26,25.78,25.93,55289165.0
2026-03-04,25.81,25.85,25.45,25.62,52514187.0
2026-03-05,25.69,26.04,25.61,25.67,35465651.0
2026-03-06,25.62,26.28,25.58,26.21,54864924.0
2026-03-09,26.04,26.4,25.85,26.28,57850458.0
2026-03-10,26.28,26.54,26.25,26.4,48592356.0
2026-03-11,26.46,26.46,26.23,26.44,30153877.0
2026-03-12,26.43,26.76,26.28,26.71,53204961.0
2026-03-13,26.71,26.94,26.61,26.71,49417144.0
2026-03-16,26.71,26.95,26.65,26.84,38830548.0
2026-03-17,26.84,27.05,26.71,26.87,51642564.0
2026-03-18,27.03,27.05,26.51,26.68,45363862.0
2026-03-19,26.66,26.84,26.4,26.44,36879904.0
2026-03-20,26.45,26.71,26.39,26.39,34856405.0
2026-03-23,26.2,26.23,25.35,25.49,64046188.0
2026-03-24,25.6,25.73,25.41,25.7,38907678.0
2026-03-25,25.83,25.97,25.73,25.88,26451962.0
2026-03-26,25.81,26.25,25.8,25.95,29023826.0
2026-03-27,25.83,26.23,25.81,26.16,26642024.0
2026-03-30,25.97,26.47,25.93,26.4,31960199.0
2026-03-31,26.48,26.73,26.32,26.35,25987679.0
2026-04-01,26.58,26.58,26.18,26.33,29163243.0
2026-04-02,26.31,26.5,26.23,26.43,24744408.0
2026-04-03,26.38,26.43,26.15,26.31,22332065.0
2026-04-07,26.31,26.42,26.08,26.33,26823220.0
2026-04-08,26.38,26.55,26.32,26.44,43784533.0
2026-04-09,26.35,26.36,26.02,26.12,26238408.0
2026-04-10,26.25,26.48,26.1,26.14,28061054.0
2026-04-13,26.09,26.1,25.84,25.96,30205736.0
2026-04-14,26.01,26.24,25.88,25.99,23552854.0
2026-04-15,25.97,26.07,25.69,25.69,47938194.0
2026-04-16,25.7,25.73,25.56,25.6,46513850.0
2026-04-17,25.59,25.6,25.32,25.39,50340376.0
2026-04-20,25.35,25.57,25.28,25.51,39733188.0
2026-04-21,25.5,25.69,25.42,25.56,32219341.0
2026-04-22,25.58,25.58,25.28,25.29,44445929.0
2026-04-23,25.3,25.43,25.13,25.27,40731159.0
2026-04-24,25.23,25.39,25.15,25.25,38921794.0
2026-04-27,25.24,25.44,25.15,25.25,43206386.0
2026-04-28,25.21,25.79,25.18,25.49,81728297.0
2026-04-29,25.55,26.59,25.5,26.57,126171490.0
2026-04-30,27.5,27.99,27.11,27.46,214409738.0
2026-05-06,27.45,27.49,27.01,27.45,105134290.0
2026-05-07,27.44,27.83,27.28,27.53,70882973.0
2026-05-08,27.53,27.74,27.39,27.52,56971479.0
2026-05-11,27.7,28.2,27.36,28.06,89534894.0
2026-05-12,28.0,28.4,27.89,28.01,73949047.0
2026-05-13,28.13,28.22,27.66,27.9,61671113.0
2026-05-14,27.83,27.97,27.56,27.78,50520982.0
2026-05-15,27.77,27.99,27.49,27.61,48337165.0
2026-05-18,27.53,27.65,27.1,27.29,43138894.0
2026-05-19,27.29,27.6,27.17,27.23,39758304.0
2026-05-20,27.25,27.38,27.04,27.12,36102064.0
2026-05-21,27.12,27.31,26.7,26.76,54591747.0
2026-05-22,26.95,26.95,26.19,26.2,64056163.0
2026-05-25,26.21,26.57,26.01,26.27,45918161.0
2026-05-26,26.3,26.67,26.15,26.58,47954215.0
2026-05-27,26.43,26.99,26.07,26.62,57823925.0
2026-05-28,26.5,26.68,25.94,26.0,63166686.0
2026-05-29,25.9,27.08,25.9,26.92,71526137.0
2026-06-01,26.7,27.03,26.58,27.0,68461666.0
2026-06-02,26.95,27.12,26.8,26.86,41520219.0
2026-06-03,26.81,26.93,26.34,26.72,63492569.0
2026-06-04,26.61,26.85,26.47,26.56,47475637.0
2026-06-05,25.72,26.25,25.59,25.67,61635907.0
2026-06-08,25.76,26.1,25.18,25.37,57575826.0
2026-06-09,25.37,25.7,25.02,25.12,58331243.0
2026-06-10,25.03,25.64,24.98,25.58,48411041.0
2026-06-11,25.55,25.79,25.37,25.61,37892162.0
2026-06-12,25.64,25.96,25.45,25.71,60687881.0
2026-06-15,25.75,25.82,25.26,25.41,61274760.0
2026-06-16,25.33,25.33,24.6,24.8,73011600.0
2026-06-17,24.85,24.89,24.51,24.67,53518524.0
2026-06-18,24.67,24.72,24.21,24.26,50550312.0
2026-06-22,24.2,24.83,23.86,24.63,77568558.0
2026-06-23,24.56,25.11,24.4,24.46,54912282.0
2026-06-24,24.71,25.05,24.36,24.4,66908759.0
2026-06-25,24.4,25.04,24.28,24.61,73314579.0
2026-06-26,24.61,24.68,24.27,24.27,48538360.0
2026-06-29,24.3,24.8,23.82,24.58,66351529.0
2026-06-30,24.47,24.49,23.9,23.96,62302464.0
2026-07-01,24.0,24.55,23.76,24.31,55486900.0
2026-07-02,24.3,24.7,24.16,24.45,57566728.0
2026-07-03,24.49,24.78,24.32,24.6,49133830.0
2026-07-06,24.54,25.21,24.3,25.07,64662843.0
2026-07-07,25.03,25.24,24.82,25.07,40413139.0
2026-07-08,25.07,25.37,24.79,25.22,38514551.0
2026-07-09,25.01,25.12,24.82,24.85,51395027.0
2026-07-10,24.8,24.9,24.38,24.88,70410517.0
2026-07-13,24.66,25.18,24.52,25.03,59559387.0
2026-07-14,24.92,25.33,24.91,25.28,54182551.0
2026-07-15,25.1,25.98,25.05,25.93,76805418.0
2026-07-16,25.93,26.25,25.76,26.03,59565204.0
2026-07-17,26.15,26.44,26.03,26.11,67180326.0
2026-07-20,26.02,27.0,26.0,27.0,100746344.0
2026-07-21,27.31,27.68,26.92,27.07,115257956.0
2026-07-22,26.91,27.38,26.8,27.38,71216454.0
2026-07-23,27.5,27.5,27.02,27.23,59740540.0
2026-07-24,27.48,27.48,26.88,27.04,57118637.0
2026-07-27,26.94,26.94,26.0,26.06,107391351.0
2026-07-28,26.22,26.67,26.02,26.58,69084770.0
2026-07-29,27.37,27.48,26.72,27.31,100316910.0
2026-07-30,27.19,27.7,27.11,27.69,97885622.0
2026-07-31,27.13,27.42,26.93,27.1,79087404.0
2026-08-03,27.25,27.63,26.98,27.12,64144574.0
2026-08-04,26.91,27.09,26.35,26.37,70988917.0
2026-08-05,26.37,26.55,26.07,26.37,53225750.0
2026-08-06,26.4,26.54,26.18,26.32,41928590.0
2026-08-07,26.3,26.35,26.01,26.21,45025270.0
2026-08-10,26.1,26.55,26.08,26.26,53548720.0
2026-08-11,26.26,26.46,26.06,26.1,46357639.0
2026-08-12,26.1,26.1,25.73,25.91,46127440.0
2026-08-13,25.89,26.04,25.77,25.89,32401536.0
2026-08-14,25.81,25.89,25.49,25.51,43784626.0
2026-08-17,25.41,25.47,25.17,25.23,58506144.0
2026-08-18,25.26,25.41,25.05,25.15,58317854.0
2026-08-19,25.25,25.27,25.0,25.23,75732789.0
2026-08-20,25.1,25.52,25.04,25.52,67100989.0
2026-08-21,25.45,25.61,25.26,25.4,43318241.0
2026-08-24,25.33,25.94,25.3,25.84,67721947.0
2026-08-25,25.94,26.1,25.73,25.9,41880285.0
2026-08-26,25.8,26.25,25.7,26.1,53978778.0
2026-08-27,25.72,26.78,25.72,26.45,141859043.0
