date,open,high,low,close,volume
2020-01-02,63.8180306,64.47924186,63.80317192,63.98147608,77825207.0
2020-01-03,64.49410054,64.54610592,63.8180306,64.0409108,59498001.0
2020-01-06,63.83288928,64.53867658,63.520857,63.5951504,63644804.0
2020-01-07,63.89975334,64.23407364,63.64715578,64.0037641,45218832.0
2020-01-08,63.87746532,63.87746532,62.777923,63.14939,62805311.0
2020-01-09,63.58029172,63.60257974,62.91908046,63.17910736,59871202.0
2020-01-10,63.4094169,63.43913426,62.85964574,62.98594452,52586461.0
2020-01-13,63.15681934,64.24150298,62.98594452,64.2266443,81058866.0
2020-01-14,64.7838448,65.24446388,64.39751912,64.50895922,71668182.0
2020-01-15,64.49410054,64.72441008,63.65458512,63.75116654,52621657.0
2020-01-16,64.12263354,64.16720958,63.5580037,63.5580037,49857909.0
2020-01-17,64.0037641,64.5609646,63.7808839,64.0780575,55537018.0
2020-01-20,65.6010722,65.8982458,64.8952849,65.0810184,93605062.0
2020-01-21,64.635258,64.85070886,63.5951504,63.5951504,72757941.0
2020-01-22,63.14939,63.50599832,62.28015722,63.31283548,73657688.0
2020-01-23,62.41388534,62.82249904,61.27719632,62.02755966,108002062.0
2020-02-03,56.84188034,58.8775195,56.7601576,57.73340114,203149868.0
2020-02-04,58.1717322,60.15536598,58.0974388,59.75418162,121348050.0
2020-02-05,59.85076304,60.42282222,59.25641584,59.71703492,75319694.0
2020-02-06,60.31138212,60.89829998,59.71703492,60.56397968,67218969.0
2020-02-07,59.8804804,60.3262408,59.74675228,60.19994202,49163056.0
2020-02-10,59.6947469,59.91019776,59.3604266,59.6576002,59360447.0
2020-02-11,60.09593126,60.81657724,59.806187,60.27423542,58432220.0
2020-02-12,60.2519474,60.51940364,59.8433337,60.3262408,44433902.0
2020-02-13,60.3262408,60.3262408,59.70217624,59.7690403,56260392.0
2020-02-14,59.70960558,60.37081684,59.59073614,60.177654,42876535.0
2020-02-17,60.177654,61.28462566,59.9547738,61.21033226,67811881.0
2020-02-18,60.77943054,61.00231074,60.50454496,60.5862677,51320023.0
2020-02-19,60.19994202,61.09889216,60.18508334,60.6977078,46047417.0
2020-02-20,60.920588,62.11671174,60.4376809,61.87154352,83304258.0
2020-02-21,61.292055,61.83439682,60.920588,61.20290292,109390584.0
2020-02-24,60.177654,60.4005342,59.806187,59.96963248,103510293.0
2020-02-25,59.2861332,59.67245888,59.07068234,59.57587746,86900094.0
2020-02-26,59.0261063,59.99934984,58.77350874,59.30842122,84416650.0
2020-02-27,59.1375464,59.7318936,58.9146662,59.27870386,66679316.0
2020-02-28,58.3946124,58.90723686,57.73340114,57.74083048,98392314.0
2020-03-02,58.18659088,59.5833068,58.18659088,59.12268772,71232340.0
2020-03-03,59.79132832,59.85819238,58.88494884,59.05582366,67823840.0
2020-03-04,59.3604266,59.9919205,59.3604266,59.86562172,67757456.0
2020-03-05,60.18508334,61.48521784,59.89533908,61.2549083,96064271.0
2020-03-06,60.60112638,60.86115328,60.0290672,60.11078994,58418607.0
2020-03-09,58.62492194,58.691786,57.96371068,58.05286276,105508261.0
2020-03-10,58.05286276,59.27127452,57.82255322,58.82551412,71700649.0
2020-03-11,58.82551412,58.8775195,58.0602921,58.0602921,59140393.0
2020-03-12,57.3916515,57.56252632,56.85673902,56.9458911,90129053.0
2020-03-13,53.59525876,56.44812532,53.5655414,55.50459914,116615744.0
2020-03-16,55.348583,55.36344168,53.3426612,53.491248,97917345.0
2020-03-17,53.2312211,54.234182,52.66659126,53.59525876,95092287.0
2020-03-18,53.88500302,54.14502992,51.8939399,51.90879858,85218111.0
2020-03-19,51.3367394,51.90879858,49.27138288,50.37835454,123676064.0
2020-03-20,51.04699514,51.5596196,50.0366049,51.262446,88726935.0
2020-03-23,49.033644,50.148045,49.033644,49.59827384,68407966.0
2020-03-24,50.4823653,51.2995927,50.38578388,51.2252993,79163320.0
2020-03-25,52.4511404,52.91918882,51.91622792,52.2654069,92818620.0
2020-03-26,51.61905432,52.748314,51.5224729,52.14653746,54986973.0
2020-03-27,52.9340475,52.96376486,51.79735848,51.79735848,60308423.0
2020-03-30,50.9652724,51.55219026,50.8538323,51.3738861,46795596.0
2020-03-31,52.08710274,52.2654069,51.26987534,51.38874478,42536786.0
2020-04-01,51.262446,52.35455898,51.1881526,51.50018488,55692869.0
2020-04-02,50.8166856,51.76021178,50.34120784,51.76021178,51202929.0
2020-04-03,51.3367394,51.45560884,50.82411494,51.15843524,42025417.0
2020-04-07,52.06481472,52.2282602,51.67848904,51.98309198,61934765.0
2020-04-08,51.68591838,51.8567932,51.50018488,51.55219026,36245867.0
2020-04-09,51.7453531,51.97566264,51.54476092,51.73792376,36830815.0
2020-04-10,51.7453531,53.81070962,51.54476092,52.74088466,76624962.0
2020-04-13,52.3397003,52.59229786,52.00538,52.10196142,35516987.0
2020-04-14,52.51057512,52.87461278,52.1911135,52.76317268,42969677.0
2020-04-15,52.80031938,53.03062892,52.4882871,52.6368739,38151523.0
2020-04-16,52.376847,52.53286314,52.12424944,52.28769492,28294260.0
2020-04-17,52.8226074,54.47192088,52.59229786,53.7884216,90367948.0
2020-04-20,54.15245926,54.8285292,53.5655414,54.605649,65419398.0
2020-04-21,54.2713287,54.59079032,53.12721034,53.76613358,56898431.0
2020-04-22,53.491248,53.54325338,53.10492232,53.54325338,37767315.0
2020-04-23,53.78099226,54.0855952,53.35751988,53.61011744,32966612.0
2020-04-24,52.77060202,52.77060202,52.2282602,52.376847,66711619.0
2020-04-27,52.46599908,53.20150374,52.46599908,52.8969008,48152784.0
2020-04-28,53.119781,53.99644312,52.72602598,53.77356292,61387427.0
2020-04-29,53.77356292,55.1257028,53.77356292,54.977116,53115638.0
2020-04-30,55.31886564,55.9429302,55.13313214,55.31886564,48625473.0
2020-05-06,54.4570622,54.96225732,54.1598886,54.83595854,62916787.0
2020-05-07,54.7542358,54.7542358,54.09302454,54.40505682,40312289.0
2020-05-08,55.0554368,55.42600224,54.49580736,55.18400032,40471960.0
2020-05-11,55.28987616,56.5679488,55.28987616,55.8873184,49575731.0
2020-05-12,55.8873184,56.21250848,55.56212832,55.91000608,41545036.0
2020-05-13,55.6604416,55.91000608,54.9419984,55.46381504,28897035.0
2020-05-14,55.206688,55.206688,54.57899552,54.62437088,34971511.0
2020-05-15,54.91174816,55.2823136,54.58655808,54.62437088,31750730.0
2020-05-18,54.6016832,55.19156288,54.21599264,54.6016832,30846266.0
2020-05-19,55.34281408,55.6604416,54.91174816,55.1310624,34158323.0
2020-05-20,55.206688,55.35037664,54.82856,55.1688752,27483484.0
2020-05-21,55.3579392,55.4335648,54.72268416,54.73780928,31268623.0
2020-05-22,54.49580736,54.5260576,53.0135456,53.02867072,57719422.0
2020-05-25,52.93792,52.99842048,52.181664,52.96060768,41710115.0
2020-05-26,53.68661344,53.694176,53.17992192,53.32361056,27112848.0
2020-05-27,53.48242432,54.13280448,53.33117312,53.4294864,28715214.0
2020-05-28,53.45217408,54.44286944,53.45217408,54.07986656,41426045.0
2020-05-29,53.6185504,53.9210528,53.30092288,53.47486176,26844115.0
2020-06-01,53.9966784,54.62437088,53.86811488,54.57143296,45767284.0
2020-06-02,54.46555712,56.36375968,54.45799456,56.17469568,81052327.0
2020-06-03,56.7192,57.99727264,56.7192,56.72676256,99148840.0
2020-06-04,57.03682752,57.25614176,56.40157248,56.82507584,45388022.0
2020-06-05,56.82507584,57.05195264,56.2654464,56.9460768,34980754.0
2020-06-08,57.2485792,58.39808832,57.2485792,58.01996032,76697448.0
2020-06-09,58.02752288,58.36783808,57.71745792,57.853584,38851680.0
2020-06-10,57.91408448,58.0048352,57.07464032,57.15782848,34545292.0
2020-06-11,56.87801376,57.07464032,55.8116928,56.12932032,58611342.0
2020-06-12,55.2823136,56.0763824,55.18400032,56.0763824,48825871.0
2020-06-15,55.72094208,55.79656768,54.7907472,54.85881024,55130379.0
2020-06-16,55.6604416,55.72094208,55.31256384,55.55456576,34190511.0
2020-06-17,55.3579392,55.49406528,54.9041856,55.21425056,32589579.0
2020-06-18,55.0932496,55.78900512,54.73780928,55.5091904,41863201.0
2020-06-19,55.53944064,56.03100704,55.206688,55.52431552,63598984.0
2020-06-22,55.206688,55.90244352,54.91174816,55.03274912,67183145.0
2020-06-23,54.82856,54.9041856,54.20086752,54.42018176,77963604.0
2020-06-24,54.639496,55.0932496,54.45799456,54.64705856,60513632.0
2020-06-29,54.50336992,54.64705856,53.5429248,53.70173856,71483781.0
2020-06-30,53.96642816,54.28405568,53.694176,53.9966784,45150315.0
2020-07-01,54.14036704,55.584816,53.8454272,55.584816,96755992.0
2020-07-02,55.41843968,57.48301856,55.206688,57.475456,147446692.0
2020-07-03,57.5888944,59.35853344,57.58133184,58.95771776,170382002.0
2020-07-06,59.83497472,64.19100928,59.83497472,63.61625472,280669456.0
2020-07-07,65.794272,66.2480256,62.9204992,62.93562432,222204141.0
2020-07-08,63.60869216,65.794272,63.4120656,64.80357664,169638993.0
2020-07-09,65.2648928,65.6430208,64.2061344,64.97751552,142459727.0
2020-07-10,64.28932256,64.56157472,62.09618016,62.27011904,146661958.0
2020-07-13,61.94492896,63.26837696,61.64242656,62.28524416,117951579.0
2020-07-14,62.29280672,62.94318688,60.96179616,61.4836128,98855793.0
2020-07-15,62.1264304,62.30793184,60.59123072,60.66685632,92276793.0
2020-07-16,61.4836128,61.99030432,59.0635936,59.15434432,131817000.0
2020-07-17,59.744224,60.03916384,58.46615136,59.00309312,87503528.0
2020-07-20,59.7820368,62.63312192,59.7820368,62.6179968,137754779.0
2020-07-21,62.7314352,62.9204992,60.78029472,61.07523456,90477483.0
2020-07-22,60.65929376,61.8995536,60.07697664,60.44754208,87751322.0
2020-07-23,59.744224,60.40972928,59.00309312,59.744224,78210045.0
2020-07-24,59.65347328,59.66103584,57.76283328,58.231712,107269340.0
2020-07-27,58.44346368,58.82915424,57.2485792,57.80064608,73479899.0
2020-07-28,58.22414944,58.4585888,57.4376432,57.76283328,63985871.0
2020-07-29,57.475456,58.987968,57.286392,58.4585888,70286526.0
2020-07-30,58.52665184,58.55690208,57.49058112,57.49814368,64624326.0
2020-07-31,57.475456,58.420776,56.8704512,57.3998304,74852042.0
2020-08-03,57.7401456,57.98971008,57.30907968,57.80820864,85524765.0
2020-08-04,58.08802336,60.0089136,57.6267072,59.49465952,148146165.0
2020-08-05,58.94259264,58.9501552,57.9292096,58.33002528,78780592.0
2020-08-06,58.231712,58.90477984,57.63426976,58.3451504,64756303.0
2020-08-07,58.20146176,58.73840352,57.48301856,57.72502048,54980898.0
2020-08-10,57.49058112,58.75352864,57.33932992,58.23927456,70007323.0
2020-08-11,58.5720272,59.50222208,57.86114656,58.05777312,77530900.0
2020-08-12,58.0804608,58.57958976,57.7779584,58.35271296,58601265.0
2020-08-13,58.60984,58.6854656,57.86114656,57.9292096,42135547.0
2020-08-14,57.83089632,59.35853344,57.73258304,59.13165664,63247371.0
2020-08-17,59.16190688,62.44405792,59.16190688,61.3323616,173940016.0
2020-08-18,61.1054848,61.1811104,60.0467264,60.311416,84250596.0
2020-08-19,60.1979776,60.58366816,59.11653152,59.11653152,56473384.0
2020-08-20,59.0635936,59.0635936,58.3451504,58.6854656,49842248.0
2020-08-21,59.2148448,59.56272256,58.6476528,59.177032,42445930.0
2020-08-24,59.7064112,59.744224,58.70815328,58.8367168,47280441.0
2020-08-25,58.987968,59.65347328,58.6854656,59.07115616,53047942.0
2020-08-26,58.987968,59.0257808,57.9292096,58.0804608,54277509.0
2020-08-27,58.3451504,58.36027552,57.475456,57.88383424,44883359.0
2020-08-28,57.83089632,59.14678176,57.3620176,58.90477984,76502813.0
2020-08-31,58.90477984,59.5929728,57.91408448,57.94433472,72312973.0
2020-09-01,57.53595648,57.92164704,57.475456,57.76283328,47125055.0
2020-09-02,57.93677216,58.0804608,57.1729536,57.42251808,55637670.0
2020-09-03,57.46789344,57.79308352,56.8326384,57.01413984,59983664.0
2020-09-04,56.5679488,56.7948256,56.3788848,56.58307392,47825576.0
2020-09-07,56.58307392,57.66452,56.530136,56.76457536,63325076.0
2020-09-08,57.46033088,58.57958976,57.2485792,58.33758784,86603009.0
2020-09-09,57.76283328,58.6476528,57.72502048,57.83845888,52398217.0
2020-09-10,58.20146176,58.48883904,57.7779584,57.86870912,53035437.0
2020-09-11,57.78552096,58.60984,57.59645696,58.39052576,46217823.0
2020-09-14,58.70059072,59.8198496,58.70059072,59.4039088,72999187.0
2020-09-15,59.4039088,60.86348288,58.6476528,60.43241696,101435044.0
2020-09-16,60.56994816,60.72272896,59.92062976,60.0428544,46794754.0
2020-09-17,60.43244544,60.94426112,60.1192448,60.348416,66830642.0
2020-09-18,60.8067584,63.44986624,60.71508992,63.32000256,177600775.0
2020-09-21,63.3276416,63.46514432,61.82275072,61.82275072,84531359.0
2020-09-22,60.8831488,61.66996992,60.348416,60.40188928,67938147.0
2020-09-23,60.730368,60.78384128,59.92062976,60.01229824,36211616.0
2020-09-24,59.72965376,59.966464,58.820608,58.87408128,60837288.0
2020-09-25,59.47756544,59.49284352,58.820608,59.27131136,35668375.0
2020-09-28,59.27131136,60.03521536,59.13380864,59.5463168,37177371.0
2020-09-29,59.95882496,59.966464,58.5914368,58.6678272,51992004.0
2020-09-30,58.7442176,59.15672576,58.06434304,58.25531904,47625773.0
2020-10-09,59.02686208,59.9282688,59.01922304,59.5081216,47428848.0
2020-10-12,59.8518784,61.9908096,59.82132224,61.76927744,86992879.0
2020-10-13,61.62413568,62.5255424,61.08176384,62.16650752,56442934.0
2020-10-14,62.258176,62.26581504,61.494272,62.16650752,50039556.0
2020-10-15,62.1817856,63.29708544,62.1053952,62.1817856,55502187.0
2020-10-16,62.4873472,63.32000256,62.258176,62.640128,60703280.0
2020-10-19,63.15194368,64.45821952,62.49498624,62.5255424,91742376.0
2020-10-20,62.449152,62.640128,61.96025344,62.05192192,41318580.0
2020-10-21,62.449152,63.08319232,62.08247808,62.9456896,49249162.0
2020-10-22,63.03735808,63.31236352,61.32621312,62.7165184,46697087.0
2020-10-23,62.73179648,64.80197632,62.73179648,63.785984,93880947.0
2020-10-26,63.8623744,64.45058048,62.01372672,62.7929088,59632529.0
2020-10-27,62.47206912,62.7929088,61.876224,61.92969728,55925690.0
2020-10-28,61.50191104,61.92205824,60.39425024,60.79148032,76979681.0
2020-10-29,59.64562432,61.02829056,59.59979008,60.08868864,72755430.0
2020-10-30,60.0810496,60.6921728,59.30950656,59.45464832,76459869.0
2020-11-02,59.966464,60.20327424,58.82824704,58.99630592,63872032.0
2020-11-03,59.40881408,60.60814336,59.1261696,60.47064064,61543284.0
2020-11-04,60.18035712,60.9977344,60.0428544,60.730368,43467076.0
2020-11-05,61.3796864,62.39567872,61.2651008,61.83038976,53709524.0
2020-11-06,61.9526144,62.449152,61.50955008,62.1053952,51038925.0
2020-11-09,63.02208,63.785984,62.8692992,63.38875392,80996545.0
2020-11-10,64.35127296,64.740864,63.4422272,63.5568128,78900305.0
2020-11-11,63.5568128,64.19085312,63.1366656,63.80126208,54282531.0
2020-11-12,63.97696,64.52697088,62.4873472,62.84638208,49054364.0
2020-11-13,61.93733632,62.4109568,60.82967552,61.37204736,70794237.0
2020-11-16,61.63941376,63.60264704,61.63941376,63.4804224,70143403.0
2020-11-17,63.4804224,64.71794688,63.404032,64.19085312,82506392.0
2020-11-18,64.4734976,65.83324672,64.42002432,65.21448448,96965774.0
2020-11-19,65.0846208,65.504768,64.55752704,65.25267968,54900519.0
2020-11-20,65.1610112,65.16865024,64.0915456,64.58044416,45298594.0
2020-11-23,64.93184,66.03186176,64.6644736,65.86380288,78377584.0
2020-11-24,65.9249152,66.45200896,64.69502976,64.93184,49992972.0
2020-11-25,65.68810496,67.6436992,65.67282688,66.650624,122368908.0
2020-11-26,66.46728704,68.28537856,66.1922816,68.1020416,90924011.0
2020-11-27,68.369408,68.94997504,67.61314304,68.8277504,74795473.0
2020-11-30,69.515264,72.28059648,68.77427712,68.77427712,153919637.0
2020-12-01,69.2860928,71.33335552,68.4839936,71.33335552,85420603.0
2020-12-02,71.33335552,71.6923904,70.34791936,70.9284864,65068818.0
2020-12-03,70.88265216,71.37155072,69.67568384,70.17986048,50991723.0
2020-12-04,70.3173632,70.68403712,68.89650176,70.42430976,48929502.0
2020-12-07,70.87501312,71.02779392,68.00273408,69.04164352,62778839.0
2020-12-08,68.75136,69.324288,67.0707712,67.2617472,86333963.0
2020-12-09,67.605504,68.35412992,67.06313216,67.12424448,52500504.0
2020-12-10,67.223552,67.75064576,66.5742336,66.97910272,40575298.0
2020-12-11,67.605504,67.9110656,65.28323584,65.7721344,71494237.0
2020-12-14,66.1922816,67.34577664,66.077696,66.98674176,58386154.0
2020-12-15,66.45200896,66.45200896,65.21448448,65.9249152,63310377.0
2020-12-16,66.1540864,66.82632192,65.6575488,66.33742336,47070489.0
2020-12-17,66.42909184,68.03329024,66.10061312,67.97217792,68546267.0
2020-12-18,67.8346752,68.178432,66.55131648,67.06313216,49981599.0
2020-12-21,66.459648,67.032576,65.70338304,66.4978432,59973257.0
2020-12-22,66.49020416,66.49020416,63.97696,64.2825216,98595963.0
2020-12-23,64.33599488,65.22976256,63.99223808,64.8172544,55037110.0
2020-12-24,65.1610112,65.1992064,63.93112576,64.3207168,52479068.0
2020-12-25,63.8623744,63.8623744,62.53318144,63.5568128,69140797.0
2020-12-28,63.7477888,65.07698176,63.2894464,64.64155648,63519948.0
2020-12-29,64.8936448,65.75685632,64.69502976,65.313792,51931564.0
2020-12-30,65.0846208,65.60407552,64.30543872,65.60407552,56570726.0
2020-12-31,65.38254336,66.97910272,65.38254336,66.44436992,79580939.0
2021-01-04,66.39089664,66.4214528,64.2443264,65.06934272,103643104.0
2021-01-05,64.549888,64.549888,63.2894464,64.37419008,105478627.0
2021-01-06,64.38946816,65.49712896,63.8241792,65.49712896,93759848.0
2021-01-07,65.59643648,66.27631104,64.3971072,65.89435904,106968724.0
2021-01-08,65.86380288,66.65826304,65.09225984,65.7721344,116936795.0
2021-01-11,65.8485248,66.1540864,64.167936,64.19085312,109860234.0
2021-01-12,64.07626752,67.08604928,63.65612032,67.08604928,146755609.0
2021-01-13,67.8346752,68.20134912,66.32978432,66.87215616,139094339.0
2021-01-14,67.5291136,67.62078208,64.84017152,65.13809408,137927380.0
2021-01-15,65.64990976,67.7200896,65.13809408,66.3832576,158708501.0
2021-01-18,66.459648,66.9561856,65.1610112,66.6124288,116241991.0
2021-01-19,66.90271232,67.3381376,65.72630016,66.3068672,110332831.0
2021-01-20,66.55131648,66.71173632,64.86308864,65.0846208,131977553.0
2021-01-21,65.20684544,65.24504064,64.0151552,64.50405376,139305540.0
2021-01-22,64.93184,65.0464256,63.80126208,64.0151552,116275248.0
2021-01-25,63.9387648,64.84017152,63.08319232,64.84017152,127980118.0
2021-01-26,64.549888,64.84017152,63.31236352,63.404032,105139741.0
2021-01-27,63.38875392,64.09918464,63.08319232,63.43458816,68273775.0
2021-01-28,62.7929088,63.08319232,61.6088576,61.81511168,106108731.0
2021-01-29,61.7998336,62.21234176,59.966464,60.40952832,126980032.0
2021-02-01,60.4248064,60.91370496,59.86715648,60.55467008,72490144.0
2021-02-02,60.56230912,60.6921728,59.5463168,59.72201472,98836447.0
2021-02-03,59.38589696,59.38589696,57.5219712,58.46921216,134384298.0
2021-02-04,59.584512,61.35676928,59.3553408,60.82203648,141654771.0
2021-02-05,61.11232,61.32621312,60.05049344,60.89842688,84557225.0
2021-02-08,60.90606592,61.44079872,59.79840512,60.01993728,79654699.0
2021-02-09,60.01229824,60.01229824,58.6678272,59.68381952,91412187.0
2021-02-10,59.5081216,60.96717824,59.19492096,60.539392,91968674.0
2021-02-18,62.258176,63.29708544,61.79219456,62.93041152,146678205.0
2021-02-19,62.640128,64.59572224,62.39567872,64.3207168,124061762.0
2021-02-22,64.358912,65.15337216,63.08319232,63.404032,113034110.0
2021-02-23,63.03735808,65.07698176,63.02208,64.41238528,101660045.0
2021-02-24,63.785984,65.51240704,63.02208,63.99987712,117355482.0
2021-02-25,64.56516608,67.43744512,63.6713984,66.56659456,189748955.0
2021-02-26,65.5429632,66.55895552,65.06934272,65.06934272,118045513.0
2021-03-01,65.695744,65.98602752,64.04571136,64.80961536,82300801.0
2021-03-02,64.80961536,64.8936448,63.0984704,63.57972992,85227395.0
2021-03-03,63.1748608,66.41381376,63.12138752,66.268672,116697147.0
2021-03-04,65.695744,66.8034048,65.5429632,65.9249152,94974599.0
2021-03-05,65.30615296,65.91727616,63.66375936,64.549888,81417603.0
2021-03-08,65.0846208,67.05549312,64.740864,64.8936448,105035653.0
2021-03-09,65.313792,65.89435904,64.0151552,64.2061312,98217495.0
2021-03-10,64.64155648,64.64919552,63.49570048,63.61792512,64800135.0
2021-03-11,64.0915456,65.97074944,64.0151552,65.97074944,91252098.0
2021-03-12,66.08533504,66.1540864,65.03114752,65.3519872,64681200.0
2021-03-15,65.20684544,65.313792,64.32835584,65.01586944,54551255.0
2021-03-16,65.1610112,65.3901824,64.48113664,65.2374016,54353955.0
2021-03-17,64.93184,64.93184,62.95332864,63.05263616,106478452.0
2021-03-18,62.8692992,63.23597312,61.92969728,62.19706368,80312095.0
2021-03-19,62.0290048,62.1053952,60.73800704,60.83731456,96102381.0
2021-03-22,61.10468096,61.31857408,60.75328512,60.97481728,54273091.0
2021-03-23,61.02829056,61.5706624,60.44008448,61.1505152,51116947.0
2021-03-24,61.10468096,61.3414912,60.12688384,60.35605504,63315814.0
2021-03-25,60.52411392,60.85259264,60.34077696,60.5011968,43650615.0
2021-03-26,60.79148032,61.3414912,60.77620224,61.11995904,45348477.0
2021-03-29,61.11232,61.1887104,60.1956352,60.44772352,63234490.0
2021-03-30,60.5011968,60.63106048,60.0428544,60.63106048,51106025.0
2021-03-31,60.730368,60.7685632,60.02757632,60.1192448,48358484.0
2021-04-01,60.1956352,60.56230912,60.15744,60.5011968,36071335.0
2021-04-02,60.5011968,60.5011968,60.02757632,60.25674752,46931855.0
2021-04-06,60.28730368,60.6921728,60.11160576,60.37133312,35173602.0
2021-04-07,60.63106048,60.63106048,59.72201472,59.9282688,47501172.0
2021-04-08,59.91299072,60.34077696,59.59215104,60.06577152,37404801.0
2021-04-09,60.05049344,60.05813248,58.80532992,58.94283264,68801127.0
2021-04-12,58.9351936,59.20256,58.53032448,58.94283264,45336602.0
2021-04-13,59.17964288,59.44700928,58.2094848,58.48449024,55250310.0
2021-04-14,58.81296896,59.18728192,58.6678272,58.9351936,38078954.0
2021-04-15,58.1712896,58.3622656,57.43030272,57.91156224,79358244.0
2021-04-16,57.89628416,57.96503552,57.2928,57.8275328,55174264.0
2021-04-19,57.6365568,58.20184576,57.2928,58.19420672,65367596.0
2021-04-20,58.0948992,58.1712896,57.65947392,58.056704,49248467.0
2021-04-21,57.75878144,57.94975744,57.50669312,57.76642048,41754851.0
2021-04-22,58.2877792,58.31112544,57.57182784,57.87532896,56065363.0
2021-04-23,57.87532896,58.81696064,57.49400704,57.78972608,86784514.0
2021-04-26,57.60295616,57.61073824,56.62241408,56.72358112,106192950.0
2021-04-27,56.59128576,57.16715968,56.05432224,57.01930016,75969268.0
2021-04-28,56.809184,56.89478688,56.33447712,56.66132448,57062742.0
2021-04-29,56.66132448,57.55626368,56.46677248,57.44731456,54441616.0
2021-04-30,57.57182784,57.57182784,56.31113088,56.42008,52463043.0
2021-05-06,55.4084096,55.8753344,54.75471488,54.88701024,92009492.0
2021-05-07,55.058216,55.32280672,54.49012416,54.5523808,56146188.0
2021-05-10,54.61463744,54.85588192,54.085456,54.49790624,52456956.0
2021-05-11,54.3578288,54.88701024,53.98428896,54.69245824,50953234.0
2021-05-12,54.47456,54.87922816,54.20996928,54.42008544,40995688.0
2021-05-13,54.07767392,54.34226464,53.60296704,53.80530112,50644837.0
2021-05-14,54.0076352,55.39284544,53.72748032,55.39284544,81877185.0
2021-05-17,54.7858432,55.11269056,54.47456,54.76249696,63300366.0
2021-05-18,55.00374144,55.55626912,54.8247536,55.1749472,41807341.0
2021-05-19,55.0193056,55.0193056,54.38895712,54.45121376,46584951.0
2021-05-20,54.47456,55.22942176,54.17884096,55.03486976,42247209.0
2021-05-21,55.252768,55.54848704,54.48234208,54.5134704,41383646.0
2021-05-24,54.47456,54.76249696,54.2021872,54.42786752,35092199.0
2021-05-25,54.54459872,56.60684992,54.24887968,56.38895168,121383184.0
2021-05-26,56.87922272,56.99595392,56.17105344,56.32669504,71239561.0
2021-05-27,56.31113088,56.91035104,55.8753344,56.7313632,58100823.0
2021-05-28,56.6535424,57.198288,56.42008,56.78583776,51011335.0
2021-05-31,56.5368112,56.6535424,55.61852576,55.8753344,62483434.0
2021-06-01,55.78973152,55.78973152,55.1749472,55.35393504,59372658.0
2021-06-02,55.54848704,55.55626912,54.71580448,55.15160096,48109829.0
2021-06-03,55.1749472,55.641872,54.863664,55.00374144,40951584.0
2021-06-04,54.7858432,55.70412864,54.73915072,55.1360368,51486786.0
2021-06-07,54.9414848,55.00374144,54.52125248,54.69245824,38673941.0
2021-06-08,54.68467616,55.19829344,54.4356496,54.79362528,40701681.0
2021-06-09,54.7080224,55.2138576,54.6302016,54.7080224,40195812.0
2021-06-10,54.68467616,55.08934432,54.47456,54.48234208,52461130.0
2021-06-11,54.48234208,54.61463744,53.89868608,54.0076352,63032364.0
2021-06-15,53.70413408,53.74304448,52.1010256,52.19441056,107755687.0
2021-06-16,52.14771808,52.723592,51.99207648,52.139936,52726975.0
2021-06-17,52.14771808,52.28779552,51.37729216,51.55628,54804038.0
2021-06-18,51.361728,51.361728,50.58352,50.6613408,85707220.0
2021-06-21,50.18663392,50.3111472,49.61854208,49.92982528,81085363.0
2021-06-22,50.194416,50.8169824,49.93760736,50.37340384,62012704.0
2021-06-23,50.388968,51.33838176,50.37340384,51.22165056,58687335.0
2021-06-24,51.23721472,51.65744704,50.95705984,51.33059968,41789971.0
2021-06-25,51.38507424,51.96873024,51.13604768,51.89090944,53565358.0
2021-06-28,51.89090944,51.89869152,50.7391616,51.0504448,51013404.0
2021-06-29,50.8558928,50.8948032,50.0387744,50.10103104,54966804.0
2021-06-30,49.9609536,50.38118592,49.6496704,50.02321024,47636890.0
2021-07-01,50.00764608,50.71581536,49.47846464,50.39675008,69261735.0
2021-07-02,49.82865824,49.85978656,48.3267168,48.4823584,102808162.0
2021-07-05,48.24111392,48.46679424,47.57185504,48.17885728,75064675.0
2021-07-06,48.57574336,49.13605312,48.1321648,48.9492832,68581285.0
2021-07-07,48.78585952,49.34616928,48.31893472,48.53683296,52316754.0
2021-07-08,48.53683296,48.53683296,47.09714816,47.29948224,83755851.0
2021-07-09,47.06601984,47.5874192,46.54462048,46.76251872,70761585.0
2021-07-12,46.93372448,47.06601984,46.16329856,46.2255552,81898922.0
2021-07-13,46.2255552,46.59909504,45.9531824,46.4590176,51333745.0
2021-07-14,46.4201072,46.4201072,44.96485824,45.06602528,106561835.0
2021-07-15,45.36174432,46.84033952,45.12828192,46.67691584,108588585.0
2021-07-16,46.45123552,46.91816032,45.82088704,46.4590176,57820403.0
2021-07-19,46.59909504,46.59909504,45.1749744,46.1866448,66650056.0
2021-07-20,45.75084832,46.0699136,45.23723104,45.49403968,44931031.0
2021-07-21,45.2527952,45.78975872,45.0582432,45.19832064,58704444.0
2021-07-22,45.0193328,45.96874656,44.75474208,45.55629632,63661381.0
2021-07-23,45.525168,45.73528416,44.84034496,44.85590912,59325514.0
2021-07-26,44.42789472,44.42789472,42.28004064,42.412336,117486467.0
2021-07-27,42.412336,42.55241344,40.74697088,40.98821536,93901074.0
2021-07-28,41.0115616,41.70416672,40.86370208,41.33062688,83836567.0
2021-07-29,41.7508592,41.77420544,41.050472,41.439576,76800442.0
2021-07-30,41.34619104,42.1399632,40.9337408,41.76642336,65088842.0
2021-08-02,41.634128,42.78587584,40.84813792,42.03101408,97161064.0
2021-08-03,41.92984704,42.34229728,41.69638464,42.21000192,65820268.0
2021-08-04,42.2566944,42.2566944,41.50183264,41.7119488,64665951.0
2021-08-05,41.64191008,43.190544,41.5173968,42.1788736,84322088.0
2021-08-06,41.5952176,41.89871872,41.2839344,41.76642336,50241086.0
2021-08-09,41.4006656,43.47069888,41.3228448,42.89482496,91882127.0
2021-08-10,42.6847088,43.49404512,42.16330944,43.36953184,76365642.0
2021-08-11,43.36953184,44.19443232,43.14385152,43.4240064,82202018.0
2021-08-12,43.36953184,43.49404512,42.52128512,42.59910592,57306968.0
2021-08-13,42.24113024,42.77809376,42.023232,42.26447648,48471805.0
2021-08-16,42.023232,43.0349024,41.9454112,42.74696544,46009551.0
2021-08-17,42.56019552,43.3461856,42.16330944,42.18665568,69026207.0
2021-08-18,42.03879616,43.66525088,41.84424416,43.61077632,96366560.0
2021-08-19,43.26058272,43.39287808,41.75864128,41.79755168,114860603.0
2021-08-20,41.33062688,41.75864128,41.09716448,41.25280608,67560655.0
2021-08-23,41.25280608,41.60299968,40.9337408,41.0115616,59491185.0
2021-08-24,40.7002784,41.04268992,39.99210912,40.3111744,94659663.0
2021-08-25,40.40455936,40.63802176,40.04658368,40.13996864,61059554.0
2021-08-26,40.077712,40.077712,39.13608032,39.1438624,88681394.0
2021-08-27,39.7275184,40.72362464,39.71973632,40.466816,101781872.0
2021-08-30,40.466816,40.466816,39.1827728,39.46292768,95948717.0
2021-08-31,39.0660416,39.27615776,38.03880704,38.8325792,158678325.0
2021-09-01,38.73919424,40.5057264,38.60689888,40.06992992,163160036.0
2021-09-02,39.69639008,40.26448192,39.43179936,40.1166224,87858567.0
2021-09-03,40.12440448,40.86370208,39.4551456,40.24113568,90260347.0
2021-09-06,40.22557152,40.5835472,39.82868544,40.13996864,88301950.0
2021-09-07,40.17109696,40.88704832,39.75086464,40.73140672,94737441.0
2021-09-08,40.466816,40.95708704,40.21778944,40.4279056,84399193.0
2021-09-09,39.9998912,40.24891776,39.69639008,40.17109696,73490775.0
2021-09-10,39.9609808,40.85592,39.90650624,40.24113568,84549097.0
2021-09-13,40.06214784,40.14775072,39.73530048,39.78199296,66980000.0
2021-09-14,40.03101952,40.13996864,38.76254048,38.80145088,108266166.0
2021-09-15,38.521296,38.81701504,38.3656544,38.49794976,64542318.0
2021-09-16,38.38121856,38.89483584,38.29561568,38.52907808,59115597.0
2021-09-17,38.4434752,38.73919424,37.52518976,37.88316544,92721442.0
2021-09-22,36.96488,37.41624064,36.8092384,37.18277824,72393010.0
2021-09-23,37.743088,38.4045648,37.36176608,37.52518976,75804482.0
2021-09-24,37.53297184,38.03880704,37.2761632,37.41624064,84358359.0
2021-09-27,37.2761632,38.31896192,37.21390656,38.132192,99008099.0
2021-09-28,38.12440992,38.62246304,37.75865216,38.33452608,77950696.0
2021-09-29,37.95320416,38.55242432,37.75865216,38.28005152,63129533.0
2021-09-30,38.3656544,38.3656544,37.53297184,37.63413888,68007025.0
2021-10-08,39.299504,40.5446368,38.99600288,40.5446368,218002823.0
2021-10-11,40.5446368,41.54852512,40.42012352,41.04268992,150449954.0
2021-10-12,40.5057264,41.27615232,40.21778944,40.66915008,94465572.0
2021-10-13,40.5446368,40.61467552,39.6107872,40.272264,64988916.0
2021-10-14,40.2333536,40.466816,39.8442496,40.00767328,42700600.0
2021-10-15,39.78977504,40.13996864,39.39288896,39.59522304,73301699.0
2021-10-18,39.75086464,39.87537792,38.66137344,38.80145088,77197137.0
2021-10-19,38.7936688,40.3500848,38.6769376,40.0388016,84752705.0
2021-10-20,40.2333536,40.49794432,39.52518432,39.97654496,66823896.0
2021-10-21,40.1166224,42.70805504,40.08549408,42.24113024,211005833.0
2021-10-22,42.55241344,42.6847088,41.7119488,42.24891232,102633032.0
2021-10-25,42.0749224,42.20937234,41.4817609,42.08283122,75444693.0
2021-10-26,42.08283122,42.69181036,41.2049522,41.26031394,74882514.0
2021-10-27,41.10213754,41.6399373,40.76205828,40.8490553,58905249.0
2021-10-28,40.12144386,40.65924362,39.5836441,40.5722466,85061904.0
2021-10-29,40.19262324,40.51688486,38.94302968,39.20402074,146662660.0
2021-11-01,38.753218,39.8999969,38.5554975,39.63900584,62876101.0
2021-11-02,39.71018522,40.07399094,38.92721204,39.55200882,78272461.0
2021-11-03,39.5441,40.1372615,39.4254677,39.5836441,47676290.0
2021-11-04,39.4650118,39.65482348,39.17238546,39.3068354,53205267.0
2021-11-05,39.3068354,39.81299988,39.21983838,39.48873826,41665467.0
2021-11-08,39.45710298,40.0977174,39.04584434,39.8604528,53172448.0
2021-11-09,39.92372336,40.20053206,39.2277472,39.29892658,64051070.0
2021-11-10,39.148659,39.19611192,38.22332706,38.85603266,81604856.0
2021-11-11,38.84021502,40.46152312,38.753218,40.4536143,111085845.0
2021-11-12,40.43779666,40.43779666,39.6627323,40.02653802,58595861.0
2021-11-15,40.2163497,40.4931584,39.72600286,40.0186292,44209113.0
2021-11-16,40.0186292,40.28752908,39.5441,39.82881752,47743813.0
2021-11-17,39.53619118,39.96326746,39.44919416,39.5836441,35153171.0
2021-11-18,39.4650118,39.47292062,39.15656782,39.15656782,42332467.0
2021-11-19,39.0695708,39.63109702,38.9509385,39.51246472,42829007.0
2021-11-22,39.4254677,39.49664708,39.1882031,39.31474422,34005123.0
2021-11-23,39.29101776,39.67854994,39.14075018,39.24356484,40224098.0
2021-11-24,39.24356484,39.5441,39.0300267,39.3463795,36196146.0
2021-11-25,39.35428832,39.35428832,39.03793552,39.0695708,40741147.0
2021-11-26,38.94302968,38.95884732,38.52386222,38.53177104,58902348.0
2021-11-29,38.34986818,38.6345857,38.21541824,38.48431812,40427298.0
2021-11-30,38.36568582,38.61876806,38.09678594,38.13633004,46694734.0
2021-12-01,38.17587414,38.73740036,38.17587414,38.65040334,42213672.0
2021-12-02,38.44477402,38.86394148,38.29450644,38.65831216,38330050.0
2021-12-03,38.73740036,38.9509385,38.34195936,38.74530918,42748910.0
2021-12-06,38.8323062,39.3463795,38.8323062,38.8718503,61036902.0
2021-12-07,39.148659,39.939541,38.91930322,39.85254398,101150186.0
2021-12-08,39.85254398,39.8604528,39.4650118,39.81299988,65354434.0
2021-12-09,39.82881752,40.99141406,39.64691466,40.58015542,124929614.0
2021-12-10,40.334982,40.72251418,40.2558938,40.50897604,73770661.0
2021-12-13,40.85696412,41.521305,40.42988784,40.4536143,91858148.0
2021-12-14,40.2558938,40.6117907,40.0977174,40.2163497,58733411.0
2021-12-15,40.16889678,40.39825256,39.96326746,40.0977174,36383253.0
2021-12-16,40.16889678,40.56433778,39.939541,40.4931584,51436592.0
2021-12-17,40.35079964,40.6513348,39.84463516,39.97117628,53967033.0
2021-12-20,39.73391168,40.2163497,39.7022764,39.76554696,42844182.0
2021-12-21,39.77345578,40.44570548,39.76554696,40.20844088,39397878.0
2021-12-22,40.27962026,40.334982,39.64691466,39.68645876,42540466.0
2021-12-23,39.69436758,39.8604528,39.3463795,39.71809404,40497888.0
2021-12-24,39.69436758,39.7022764,39.32265304,39.40174124,31293517.0
2021-12-27,39.51246472,39.7022764,39.44128534,39.52828236,27470106.0
2021-12-28,39.7813646,40.43779666,39.6231882,40.23216734,61735856.0
2021-12-29,40.4140702,40.46152312,39.95535864,40.18471442,37646906.0
2021-12-30,40.2558938,40.32707318,39.86836162,39.86836162,42787989.0
2021-12-31,39.88417926,40.2163497,39.6627323,39.86836162,35800024.0
2022-01-04,39.8604528,40.38243492,39.6231882,40.334982,63583763.0
2022-01-05,40.42197902,41.4422168,40.31125554,41.18122574,118124669.0
2022-01-06,41.11795518,41.14168164,40.50897604,40.5722466,66165825.0
2022-01-07,40.72251418,42.17773706,40.6908789,41.86929308,123075974.0
2022-01-10,41.90883718,42.35963992,41.521305,41.98001656,76113442.0
2022-01-11,42.05119594,42.50199868,41.55294028,41.80602252,68092028.0
2022-01-12,41.6003932,41.76647842,41.01514052,41.521305,57292274.0
2022-01-13,41.5608491,42.45454576,41.3631286,41.3631286,72866329.0
2022-01-14,41.4026727,41.521305,40.38243492,40.4140702,77939676.0
2022-01-17,40.42197902,40.67506126,40.1372615,40.28752908,46056724.0
2022-01-18,40.28752908,40.80160238,40.0186292,40.51688486,63697991.0
2022-01-19,40.5722466,40.99932288,40.42197902,40.6908789,48331572.0
2022-01-20,40.730423,42.32800464,40.6908789,42.2330988,144835941.0
2022-01-21,42.312187,42.5494516,41.916746,42.3517311,104189534.0
2022-01-24,42.33591346,42.33591346,41.54503146,42.01956066,54264076.0
2022-01-25,41.6003932,41.8376578,40.4140702,40.4931584,77666210.0
2022-01-26,40.87278176,41.27613158,40.50897604,40.99141406,48327488.0
2022-01-27,40.730423,40.730423,40.15307914,40.16889678,58650221.0
2022-01-28,40.35079964,40.6117907,39.3859236,39.52037354,72935539.0
2022-02-07,40.60388188,41.49757854,40.0977174,41.11004636,94041650.0
2022-02-08,40.93605232,41.94047246,40.90441704,41.916746,86611569.0
2022-02-09,42.10655768,42.707628,41.82184016,41.94838128,88043453.0
2022-02-10,42.05910476,42.84998676,41.7585696,42.84998676,96278716.0
2022-02-11,42.9844367,44.47129486,42.77089856,43.96513038,158377687.0
2022-02-14,43.50641882,43.7357746,42.45454576,42.6285398,94465413.0
2022-02-15,42.3517311,42.6285398,41.84556662,42.13819296,63540572.0
2022-02-16,42.312187,42.84998676,42.13819296,42.58108688,52320987.0
2022-02-17,42.7867162,43.20588366,42.20146352,42.4308193,50490447.0
2022-02-18,42.3912752,43.1821572,42.26473408,43.103069,48422611.0
2022-02-21,42.7867162,42.9053485,42.32009582,42.83416912,38792845.0
2022-02-22,42.32800464,42.3912752,41.68739022,41.97210774,57749929.0
2022-02-23,41.9958342,42.1540106,41.67157258,41.82974898,46360166.0
2022-02-24,41.2444963,41.3235845,40.40616138,40.69878772,97539602.0
2022-02-25,40.8885994,41.17331692,40.50106722,40.6513348,54441639.0
2022-02-28,40.4140702,40.4140702,39.7418205,40.14517032,73188326.0
2022-03-01,40.34289082,40.6513348,39.99490274,40.64342598,56803579.0
2022-03-02,40.2558938,40.51688486,40.0977174,40.14517032,43692256.0
2022-03-03,40.1768056,40.48524958,40.0977174,40.27171144,35267571.0
2022-03-04,39.91581454,39.92372336,39.51246472,39.6231882,70086471.0
2022-03-07,39.24356484,39.24356484,38.48431812,38.65831216,78459673.0
2022-03-08,38.53177104,38.80067092,37.4087186,37.54316854,83440296.0
2022-03-09,37.65389202,37.90697426,35.985131,37.10818344,82554495.0
2022-03-10,37.9227919,37.99397128,37.06073052,37.10027462,58775280.0
2022-03-11,36.380572,37.4878068,36.1433074,37.28217748,66707823.0
2022-03-14,36.380572,36.83137474,36.19866914,36.23030442,59257848.0
2022-03-15,35.6292341,35.7478664,33.6520291,33.7311173,126937879.0
2022-03-16,34.23728178,35.3128813,33.47803506,35.02816378,100969426.0
2022-03-17,35.985131,36.5387484,35.3919695,35.985131,109572199.0
2022-03-18,35.6292341,38.26287116,35.52641944,37.90697426,155232341.0
2022-03-21,37.78043314,37.78043314,36.87882766,37.20308928,94951866.0
2022-03-22,36.776013,37.85161252,36.7364689,37.8041596,74211155.0
2022-03-23,37.61434792,38.08887712,37.2900863,37.8832478,57702918.0
2022-03-24,37.59062146,38.53177104,37.4878068,38.1600565,61075714.0
2022-03-25,37.97024482,38.58713278,37.63016556,37.66970966,55993803.0
2022-03-28,37.4878068,38.05724184,37.11609226,37.8437037,39368626.0
2022-03-29,37.9227919,38.1205124,37.2900863,37.33753922,32235684.0
2022-03-30,37.6064391,38.61876806,37.5273509,38.5159534,57542713.0
2022-03-31,38.2786888,38.9509385,38.1996006,38.3182329,42349781.0
2022-04-01,38.1996006,38.84021502,38.04933302,38.72158272,47367667.0
2022-04-06,38.7927621,39.48082944,38.753218,39.18029428,64005275.0
2022-04-07,38.9113944,39.16447664,38.19169178,38.34195936,50112992.0
2022-04-08,38.2391447,38.9509385,38.2391447,38.94302968,43473184.0
2022-04-11,38.68203862,38.73740036,37.58271264,37.66180084,50640496.0
2022-04-12,37.85161252,38.65831216,37.55107736,38.33405054,46739555.0
2022-04-13,38.1600565,38.26287116,37.70925376,37.81997724,31775137.0
2022-04-14,38.25496234,38.37359464,37.8832478,38.11260358,35884891.0
2022-04-15,37.962336,38.54758868,37.8832478,38.1996006,31411511.0
2022-04-18,37.95442718,37.95442718,37.03700406,37.171454,40537521.0
2022-04-19,37.2109981,37.38499214,36.48338666,36.72856008,36954300.0
2022-04-20,36.8946453,37.00536878,36.24612206,36.30939262,38060988.0
2022-04-21,36.28566616,37.31381276,36.23030442,36.55456604,54904356.0
2022-04-22,36.38848082,37.14772754,36.30939262,36.74437772,39732577.0
2022-04-25,35.58969,36.52293076,35.3524254,35.4710577,67392037.0
2022-04-26,35.46314888,35.73204876,34.41127582,34.47454638,63892364.0
2022-04-27,34.33218762,34.9569844,34.15028476,34.72762862,53108352.0
2022-04-28,34.63272278,34.72762862,34.13446712,34.52990812,52599939.0
2022-04-29,34.6406316,35.68459584,34.4824552,35.24170192,51638636.0
2022-05-05,35.42360478,36.04840156,35.3919695,35.60550764,42878154.0
2022-05-06,35.1547049,35.57387236,34.798808,34.84626092,37231482.0
2022-05-09,34.86207856,35.12306962,34.69599334,35.0756167,25611950.0
2022-05-10,34.6801757,35.33660776,34.5615434,35.17052254,40469305.0
2022-05-11,35.14679608,35.59759882,34.96489322,35.37615186,60728482.0
2022-05-12,35.0756167,35.25751956,34.6801757,34.798808,42773836.0
2022-05-13,34.94116676,35.194249,34.47454638,34.76717272,41233483.0
2022-05-16,34.9174403,34.96489322,34.15028476,34.29264352,46886281.0
2022-05-17,34.403367,34.70390216,34.22146414,34.65644924,40137298.0
2022-05-18,34.79089918,34.8778962,34.29264352,34.50618166,35234171.0
2022-05-19,34.0870142,34.35591408,34.03165246,34.23728178,28281629.0
2022-05-20,34.3242788,35.08352552,34.3242788,35.04398142,54975115.0
2022-05-23,34.9174403,35.01234614,34.55363458,34.71181098,35909822.0
2022-05-24,34.6406316,34.88580502,34.09492302,34.11864948,39342426.0
2022-05-25,34.03165246,34.403367,34.02374364,34.18982886,26374891.0
2022-05-26,34.25309942,34.4429111,33.9683819,34.1265583,40099222.0
2022-05-27,34.33218762,34.6801757,34.3242788,34.42709346,38790063.0
2022-05-30,34.74344626,35.08352552,34.57736104,34.9174403,52217489.0
2022-05-31,34.98071086,35.41569596,34.798808,34.9569844,54065261.0
2022-06-01,34.9965285,35.2337931,34.72762862,34.93325794,32852073.0
2022-06-02,34.6406316,34.82253446,34.4429111,34.798808,34082891.0
2022-06-06,34.79089918,35.01234614,34.26891706,35.00443732,54326745.0
2022-06-07,35.00443732,35.09934316,34.7592639,34.9174403,43157460.0
2022-06-08,34.9965285,35.36033422,34.84626092,35.26542838,52956201.0
2022-06-09,35.3524254,35.61341646,35.17052254,35.28915484,53243046.0
2022-06-10,35.0756167,35.58969,34.86207856,35.54223708,56531953.0
2022-06-13,35.194249,35.2733372,34.81462564,34.90953148,53712124.0
2022-06-14,34.7197198,35.7874105,34.6406316,35.76368404,62895792.0
2022-06-15,35.58969,38.40522992,35.51851062,37.6855273,198589228.0
2022-06-16,37.47198916,37.566895,36.776013,36.776013,84493103.0
2022-06-17,36.67319834,37.37708332,36.5782925,37.19518046,56670396.0
2022-06-20,37.34222148,37.44840015,36.79499295,37.04818824,57061489.0
2022-06-21,37.30955112,38.20798602,37.12169655,37.67709267,68456932.0
2022-06-22,37.7342658,37.83227688,37.0808586,37.0808586,43690689.0
2022-06-23,37.26871317,37.9792935,37.26871317,37.77510375,49426523.0
2022-06-24,37.92212037,38.26515915,37.75060098,38.19165084,53672389.0
2022-06-27,38.26515915,38.4693489,37.9792935,38.2243212,44985821.0
2022-06-28,38.24065638,38.54285721,37.85677965,38.3059971,35170689.0
2022-06-29,38.29782951,38.74704696,38.04463422,38.21615361,41277246.0
2022-06-30,38.2243212,38.5510248,37.94662314,38.13447771,39185266.0
2022-07-01,38.1426453,38.37133782,37.66892508,37.82410929,35756842.0
2022-07-04,37.7342658,37.9792935,37.4075622,37.94662314,40712960.0
2022-07-05,37.96295832,38.83689045,37.88128242,38.06913699,45256850.0
2022-07-06,38.07730458,38.08547217,37.36672425,37.44840015,38956093.0
2022-07-07,37.28504835,37.68526026,37.23604281,37.2442104,29372210.0
2022-07-08,37.49740569,37.88128242,37.30955112,37.42389738,29228342.0
2022-07-11,37.25237799,37.38305943,36.93384198,37.06452342,28113511.0
2022-07-12,37.06452342,37.35855666,36.85216608,37.17070209,25405548.0
2022-07-13,37.09719378,37.26871317,36.754155,36.81949572,29658829.0
2022-07-14,36.6724791,36.78682536,35.47184337,35.6106924,90304414.0
2022-07-15,35.61885999,36.01090431,34.8756093,34.88377689,69404157.0
2022-07-18,34.91644725,35.68420071,34.89194448,35.48817855,35524425.0
2022-07-19,35.46367578,35.74954143,35.0389611,35.4473406,35610607.0
2022-07-20,35.75770902,35.79854697,35.41467024,35.4473406,24956569.0
2022-07-21,35.30849157,35.32482675,34.83477135,34.90827966,40556770.0
2022-07-22,34.9572852,35.41467024,34.94095002,35.16147495,29435598.0
2022-07-25,35.120637,35.21864808,34.89194448,35.05529628,22513504.0
2022-07-26,35.07979905,35.35749711,35.05529628,35.2839888,22847447.0
2022-07-27,35.16964254,35.26765362,34.8756093,34.94911761,29639869.0
2022-07-28,35.0389611,35.32482675,34.88377689,34.89194448,34874952.0
2022-07-29,34.94911761,35.24315085,34.3855539,34.40188908,46070387.0
2022-08-01,34.39372149,34.40188908,34.09968825,34.17319656,30655094.0
2022-08-02,33.92000127,33.93633645,33.10324227,33.62596803,60400823.0
2022-08-03,33.60146526,33.8138226,33.27476166,33.34826997,40785171.0
2022-08-04,33.58513008,33.7321467,33.4054431,33.55245972,25116335.0
2022-08-05,33.72397911,34.04251512,33.47078382,33.92816886,29671019.0
2022-08-08,33.7321467,33.92816886,33.487119,33.63413562,30159403.0
2022-08-09,33.62596803,33.65863839,33.42177828,33.45444864,25139703.0
2022-08-10,33.45444864,33.55245972,32.96439324,32.9970636,46008881.0
2022-08-11,33.15224781,34.04251512,33.01339878,33.86282814,61070138.0
2022-08-12,33.69947634,34.10785584,33.60146526,33.98534199,35993337.0
2022-08-15,33.83832537,34.10785584,33.59329767,33.60146526,33276942.0
2022-08-16,33.76481706,33.87099573,33.4054431,33.47895141,27739045.0
2022-08-17,33.52795695,33.87916332,33.25842648,33.72397911,37572182.0
2022-08-18,33.60963285,33.63413562,33.29109684,33.33193479,29407958.0
2022-08-19,33.2420913,33.69947634,33.17675058,33.46261623,32462874.0
2022-08-22,33.36460515,33.80565501,33.3237672,33.60963285,33971901.0
2022-08-23,33.50345418,33.60963285,33.22575612,33.25842648,33148018.0
2022-08-24,33.77298465,34.66325196,33.77298465,33.98534199,115732982.0
2022-08-25,34.18136415,35.30849157,34.04251512,35.2023129,110572586.0
2022-08-26,35.21048049,35.38199988,34.72859268,35.21864808,72672640.0
2022-08-29,34.9572852,35.30032398,34.70408991,35.17781013,44989303.0
2022-08-30,35.10430182,35.35749711,34.72042509,35.03079351,38892928.0
2022-08-31,34.88377689,36.15792093,34.84293894,35.80671456,84223803.0
2022-09-01,35.6106924,36.04357467,35.45550819,35.65153035,45521324.0
2022-09-02,35.84755251,36.16608852,35.33299434,35.6923683,44914485.0
2022-09-05,35.5290165,35.8557201,35.13697218,35.7740442,41749075.0
2022-09-06,35.8557201,36.30493755,35.54535168,35.8557201,44977165.0
2022-09-07,35.6106924,35.78221179,35.25131844,35.6106924,37641074.0
2022-09-08,35.80671456,36.14158575,35.65969794,35.80671456,32129830.0
2022-09-09,35.92922841,36.57446802,35.81488215,36.50095971,57786668.0
2022-09-13,36.49279212,37.05635583,36.22326165,36.80316054,52966319.0
2022-09-14,36.37027827,36.90117162,36.35394309,36.46828935,35508365.0
2022-09-15,36.48462453,37.2442104,36.47645694,36.82766331,59444223.0
2022-09-16,36.60713838,36.72965223,35.83121733,35.88022287,62492037.0
2022-09-19,35.87205528,36.32944032,35.57802204,35.88022287,40538305.0
2022-09-20,36.05990985,36.09258021,35.21864808,35.31665916,35764951.0
2022-09-21,35.2023129,35.49634614,35.0389611,35.24315085,30353672.0
2022-09-22,34.7939334,34.98178797,34.63874919,34.69592232,37622972.0
2022-09-23,34.63874919,35.48001096,34.63874919,35.13697218,37532565.0
2022-09-26,34.90827966,35.38199988,34.64691678,34.70408991,30712391.0
2022-09-27,34.65508437,34.90827966,34.52440293,34.66325196,31229142.0
2022-09-28,34.4672298,34.7122575,34.18136415,34.21403451,42204372.0
2022-09-29,34.49173257,34.58157606,33.60963285,33.74848188,42655827.0
2022-09-30,33.77298465,34.28754282,33.77298465,33.96083922,33161940.0
2022-10-10,33.96083922,34.45089462,33.79748742,33.83832537,41387647.0
2022-10-11,34.03434753,34.19769933,33.58513008,33.6504708,26931732.0
2022-10-12,33.65863839,34.303878,33.3237672,34.23853728,36247330.0
2022-10-13,34.1405262,34.2222021,33.6504708,33.78115224,38384620.0
2022-10-14,34.09968825,34.57340847,33.99350958,34.25487246,43441714.0
2022-10-17,34.06701789,34.42639185,33.94450404,34.3855539,34142518.0
2022-10-18,34.6305816,34.66325196,34.03434753,34.09968825,41635680.0
2022-10-19,34.01801235,34.28754282,33.69947634,33.70764393,36436126.0
2022-10-20,33.7410296,33.81619526,33.3234426,33.41531174,45021418.0
2022-10-21,33.4904774,33.6157535,32.989373,33.1146491,45737748.0
2022-10-24,33.12300084,33.34849782,31.41089414,31.4860598,95125183.0
2022-10-25,31.38583892,32.05397812,31.03506584,31.50276328,55354891.0
2022-10-26,31.35243196,31.8618881,31.32737674,31.46100458,49839519.0
2022-10-27,31.49441154,31.81177766,31.3607837,31.45265284,45749726.0
2022-10-28,31.32737674,31.4860598,30.67594102,30.67594102,50769159.0
2022-10-31,30.39198186,30.62583058,29.9827466,30.1915401,56203354.0
2022-11-01,30.4420923,31.30232152,30.37527838,31.28561804,56566488.0
2022-11-02,31.14363846,31.4025424,31.01001062,31.2355076,45038490.0
2022-11-03,31.05176932,31.1519902,30.6508858,30.84297582,34933463.0
2022-11-04,30.84297582,32.2794751,30.82627234,31.99551594,69205474.0
2022-11-07,31.736612,32.72211732,31.66979808,32.39639946,57480970.0
2022-11-08,32.39639946,32.571786,32.05397812,32.31288206,37048271.0
2022-11-09,32.39639946,32.47991686,31.97881246,32.04562638,26768675.0
2022-11-10,31.736612,32.3212338,31.55287372,32.12079204,32317534.0
2022-11-11,32.93926256,34.21707878,32.83904168,33.68256742,104667558.0
2022-11-14,34.79334884,35.17752888,34.41752054,34.7432384,121668038.0
2022-11-15,34.64301752,35.8707233,34.50103794,35.48654326,93442402.0
2022-11-16,35.59511588,35.76215068,35.30280498,35.3278602,59652791.0
2022-11-17,35.31950846,35.7036885,35.0355493,35.54500544,50398025.0
2022-11-18,35.64522632,35.75379894,35.12741844,35.21093584,39246432.0
2022-11-21,34.8685145,34.8685145,33.95817484,34.41752054,51118530.0
2022-11-22,34.4091688,35.39467412,34.242134,35.05225278,47181359.0
2022-11-23,35.09401148,35.44478456,34.87686624,34.88521798,44962046.0
2022-11-24,35.25269454,35.39467412,34.80170058,34.9102732,24907646.0
2022-11-25,34.89356972,35.8707233,34.8685145,35.7036885,59795984.0
2022-11-28,34.76829362,34.94368016,34.23378226,34.58455534,51031527.0
2022-11-29,35.34456368,37.4993126,35.34456368,37.39909172,175320480.0
2022-11-30,37.43249868,38.55998358,37.2487604,37.5410713,116501586.0
2022-12-01,38.40130052,38.66020446,37.31557432,37.44085042,85932650.0
2022-12-02,37.43249868,37.58283,36.747656,37.26546388,60778715.0
2022-12-05,38.0421757,39.51208194,37.8751409,39.48702672,138043595.0
2022-12-06,39.48702672,39.82109632,39.03603276,39.62065456,87827308.0
2022-12-07,39.62065456,39.65406152,38.72701838,39.0026258,83145478.0
2022-12-08,38.73537012,39.4202128,38.6685562,39.3784541,44836406.0
2022-12-09,39.31164018,39.98813112,39.0026258,39.7542824,70957885.0
2022-12-12,39.4202128,39.48702672,38.48481792,38.55998358,65647053.0
2022-12-13,38.80218404,39.32834366,38.6685562,39.0026258,42366316.0
2022-12-14,39.31999192,39.34504714,38.53492836,39.16130886,34697318.0
2022-12-15,39.0861432,39.32834366,38.2509692,38.77712882,40402095.0
2022-12-16,38.50987314,39.26152974,38.47646618,39.1696606,42134762.0
2022-12-19,39.1696606,39.47867498,37.9586583,38.22591398,50589649.0
2022-12-20,38.05052744,38.31778312,37.23205692,37.52436782,49524516.0
2022-12-21,37.6663474,38.0839344,37.53271956,37.79997524,29789568.0
2022-12-22,38.418004,38.56833532,38.1256931,38.31778312,35346187.0
2022-12-23,38.02547222,38.42635574,37.85008568,38.11734136,30647249.0
2022-12-26,38.11734136,38.31778312,37.29887084,37.29887084,40328181.0
2022-12-27,37.80832698,38.3762453,37.60788522,38.06723092,34779327.0
2022-12-28,37.94195482,38.7938323,37.8333822,38.65185272,45626696.0
2022-12-29,38.3762453,38.42635574,37.67469914,38.26767268,46957620.0
2022-12-30,38.418004,39.4202128,38.418004,39.253178,55300540.0
2023-01-03,38.91075666,39.47032324,38.46811444,39.3784541,60230443.0
2023-01-04,39.5037302,40.61451162,39.5037302,40.53099422,86949610.0
2023-01-05,41.0905608,41.341113,40.505939,40.86506382,73704809.0
2023-01-06,41.341113,41.61672042,40.9652847,41.54155476,78034581.0
2023-01-09,41.7587,42.5521153,41.5081478,42.51870834,88185743.0
2023-01-10,42.5103566,42.51870834,41.04045036,41.09891254,83794865.0
2023-01-11,41.341113,42.593874,41.29100256,42.3433218,96689497.0
2023-01-12,42.5103566,42.68574314,42.11782482,42.51870834,60025574.0
2023-01-13,42.7609088,43.7213589,42.6356327,43.7213589,89625747.0
2023-01-16,43.86333848,44.66510552,43.00310926,43.50421366,122979440.0
2023-01-17,43.39564104,43.48751018,42.593874,43.011461,69887253.0
2023-01-18,43.011461,43.32047538,42.72750184,43.0532197,41960296.0
2023-01-19,42.9279436,43.32047538,42.7191501,43.27036494,51046054.0
2023-01-20,43.5125654,43.62948976,43.011461,43.5125654,49706934.0
2023-01-30,44.75697466,44.7653264,42.99475752,42.99475752,85757885.0
2023-01-31,43.22860624,43.66289672,42.4685979,42.57717052,61241827.0
2023-02-01,43.0532197,43.2202545,42.10112134,42.8861849,56530105.0
2023-02-02,43.0949784,43.0949784,42.0927696,42.45189442,63621734.0
2023-02-03,42.176287,42.2180457,40.8400086,41.4246304,92731026.0
2023-02-06,40.7564912,40.80660164,39.85450328,40.22197984,92159525.0
2023-02-07,40.505939,40.78989816,40.2553868,40.6729738,44436330.0
2023-02-08,40.7147325,41.08220906,40.40571812,40.505939,34718961.0
2023-02-09,40.505939,41.3828717,40.41406986,41.19078168,56490688.0
2023-02-10,41.30770604,41.3828717,40.93187774,41.1740782,30917292.0
2023-02-13,41.08220906,41.1740782,40.33055246,41.1323195,45797264.0
2023-02-14,41.1740782,41.6751826,41.06550558,41.6751826,37040170.0
2023-02-15,41.62507216,41.66683086,40.68132554,40.82330512,46102667.0
2023-02-16,40.99033992,41.8004587,40.923526,41.0905608,57689131.0
2023-02-17,41.0905608,41.61672042,40.68132554,40.7564912,41751901.0
2023-02-20,40.7982499,41.75034826,40.7147325,41.7169413,66428495.0
2023-02-21,41.64177564,41.85892088,41.2993543,41.76705174,42665990.0
2023-02-22,41.341113,41.72529304,41.01539514,41.07385732,44604615.0
2023-02-23,40.923526,41.5081478,40.76484294,40.90682252,38525359.0
2023-02-24,40.83165686,40.93187774,40.18022114,40.2553868,44654799.0
2023-02-27,40.088352,40.41406986,39.90461372,39.9213172,46791711.0
2023-02-28,40.09670374,40.32220072,39.67911674,40.2553868,38041710.0
2023-03-01,40.10505548,41.7587,40.09670374,41.75034826,72432311.0
2023-03-02,41.73364478,42.14288004,41.52485128,41.9257348,38088855.0
2023-03-03,42.15958352,42.30991484,41.6334239,41.99254872,28413325.0
2023-03-06,41.7587,41.90067958,40.4641803,40.57275292,77323721.0
2023-03-07,40.5476977,41.0905608,39.8795585,40.01318634,58730233.0
2023-03-08,39.7125237,39.76263414,39.24482626,39.44526802,52741684.0
2023-03-09,39.57054412,39.57054412,38.81053578,38.95251536,51832490.0
2023-03-10,38.46811444,38.9608671,38.418004,38.418004,45709202.0
2023-03-13,38.418004,39.07779146,38.34283834,38.835591,39948280.0
2023-03-14,38.60174228,38.60174228,37.90854786,37.96701004,49073263.0
2023-03-15,38.44305922,38.96921884,38.23426572,38.3762453,44364320.0
2023-03-16,37.4993126,38.27602442,37.3740365,37.77492002,78960922.0
2023-03-17,38.25932094,39.21977104,38.25932094,38.5850388,95019092.0
2023-03-20,38.418004,38.90240492,38.05052744,38.06723092,71924435.0
2023-03-21,38.32613486,38.7520736,38.23426572,38.42635574,44665895.0
2023-03-22,38.6267975,39.06108798,38.60174228,38.835591,55225117.0
2023-03-23,38.6685562,39.16130886,38.6685562,39.15295712,55427358.0
2023-03-24,39.0861432,39.0861432,38.46811444,38.5850388,43769382.0
2023-03-27,38.63514924,38.69361142,38.000417,38.40965226,36217267.0
2023-03-28,38.49316966,38.73537012,38.15074832,38.31778312,28332434.0
2023-03-29,38.69361142,38.90240492,37.9168996,37.93360308,40902005.0
2023-03-30,38.00876874,38.1674518,37.53271956,37.98371352,45003047.0
2023-03-31,38.0839344,38.6685562,37.90019612,38.0839344,52453993.0
2023-04-03,38.0421757,38.3344866,37.82503046,38.15074832,45121453.0
2023-04-04,38.14239658,38.30107964,37.77492002,38.05887918,47348640.0
2023-04-06,38.0421757,38.0421757,37.60788522,37.64964392,36162706.0
2023-04-07,37.82503046,38.23426572,37.7081061,38.10898962,32633630.0
2023-04-10,38.19250702,38.64350098,38.000417,38.46811444,52736929.0
2023-04-11,38.43470748,38.6685562,38.10898962,38.13404484,54309402.0
2023-04-12,38.2509692,38.48481792,37.9586583,38.0839344,46093797.0
2023-04-13,37.8333822,37.89184438,37.42414694,37.68305088,56947936.0
2023-04-14,37.8751409,38.39294878,37.7498648,37.99206526,42891917.0
2023-04-17,37.85843742,39.65406152,37.59953348,39.65406152,103616133.0
2023-04-18,39.4202128,40.99033992,39.36175062,40.60615988,131027522.0
2023-04-19,40.5476977,40.8400086,40.31384898,40.4224216,49716461.0
2023-04-20,40.43077334,40.8817673,40.18857288,40.74813946,47673429.0
2023-04-21,40.5894564,40.66462206,38.94416362,39.03603276,81197565.0
2023-04-24,39.15295712,39.8795585,38.5850388,38.7520736,58748216.0
2023-04-25,38.86899796,39.31999192,38.31778312,38.49316966,61758322.0
2023-04-26,38.30107964,38.6267975,38.13404484,38.24261746,50514702.0
2023-04-27,39.23647452,42.06771438,39.09449494,42.06771438,257064456.0
2023-04-28,42.26815614,43.9719111,41.99254872,43.2620132,214950248.0
2023-05-04,42.40178398,45.3917069,42.25145266,44.8488438,183764085.0
2023-05-05,45.099396,45.93457,44.46466376,44.95741642,126410712.0
2023-05-08,45.09104426,46.00138392,44.69016074,45.86775608,150405384.0
2023-05-09,45.86775608,46.769744,44.57323638,44.66510552,146158707.0
2023-05-10,44.66510552,44.98247164,43.52091714,43.68795194,105561049.0
2023-05-11,44.1807046,44.65675378,43.56267584,43.7213589,59388396.0
2023-05-12,43.70465542,43.846635,42.73585358,42.81937098,62668147.0
2023-05-15,42.82772272,44.99082338,42.41013572,44.85719554,111375355.0
2023-05-16,44.82378858,44.94906468,44.0971872,44.4312568,64496860.0
2023-05-17,44.08883546,44.1389459,43.07827492,43.35388234,64255230.0
2023-05-18,43.2620132,44.1389459,43.03651622,43.27871668,55516636.0
2023-05-19,42.76926054,43.1784958,42.4268392,42.62728096,55423641.0
2023-05-22,42.593874,43.3037719,42.4268392,42.94464708,49881234.0
2023-05-23,42.9279436,43.15344058,41.6751826,41.6751826,68538645.0
2023-05-24,41.64177564,41.6751826,40.4224216,40.48088378,71313356.0
2023-05-25,40.40571812,40.7147325,40.0048346,40.4224216,52552892.0
2023-05-26,40.41406986,40.82330512,39.92966894,40.45582856,40336573.0
2023-05-29,40.61451162,40.7147325,39.9213172,40.12175896,48434379.0
2023-05-30,40.1301107,40.36395942,39.60395108,40.08000026,57029059.0
2023-05-31,39.8377998,39.91296546,39.253178,39.253178,61068932.0
2023-06-01,39.2949367,40.02988982,39.1696606,39.6290063,51807430.0
2023-06-02,39.98813112,41.0905608,39.94637242,41.0070434,83284040.0
2023-06-05,40.72308424,40.86506382,40.28044202,40.51429074,46645590.0
2023-06-06,40.37231116,41.70023782,40.2971455,40.72308424,64450197.0
2023-06-07,41.2575956,41.49979606,40.73143598,40.93187774,42543624.0
2023-06-08,40.85671208,41.72529304,40.65627032,41.48309258,57228383.0
2023-06-09,41.48309258,41.7169413,41.26594734,41.32440952,42804318.0
2023-06-12,41.30770604,41.70858956,40.83165686,41.39957518,47645727.0
2023-06-13,41.32440952,41.5081478,40.7147325,41.44968562,44002891.0
2023-06-14,41.81124165,42.10392895,41.20865015,41.36360225,55366411.0
2023-06-15,41.5788135,42.2674895,41.20865015,41.6821149,47343980.0
2023-06-16,41.9231515,42.0436698,41.4066445,41.837067,53414223.0
2023-06-19,41.7165487,41.7337656,40.74379385,40.8901375,64216367.0
2023-06-20,40.8901375,41.10534875,40.287546,40.36502205,61533324.0
2023-06-21,40.12398545,40.67492625,40.0120756,40.1498108,38103052.0
2023-06-26,39.8571235,39.91738265,39.3406165,39.53861085,48535023.0
2023-06-27,39.5300024,40.14120235,39.38365875,39.8571235,48093273.0
2023-06-28,39.72799675,40.07233475,39.53861085,40.0637263,35606961.0
2023-06-29,40.07233475,40.27893755,39.71077985,39.8571235,26573548.0
2023-06-30,39.771039,40.34780515,39.76243055,39.943208,32697104.0
2023-07-03,39.9776418,41.62185575,39.9259911,41.4755121,69778059.0
2023-07-04,41.48412055,41.51855435,41.0623065,41.27751775,29744073.0
2023-07-05,41.22586705,41.31195155,40.7007516,40.76101075,26406125.0
2023-07-06,40.48554035,41.4582952,40.4769319,40.7179685,40258040.0
2023-07-07,40.459715,41.05369805,40.4424981,40.64049245,36442103.0
2023-07-10,41.00204735,41.05369805,40.03790095,40.12398545,36816433.0
2023-07-11,40.287546,40.8212699,40.287546,40.631884,26888644.0
2023-07-12,40.631884,41.27751775,40.5285826,40.70936005,35439345.0
2023-07-13,41.0795234,41.96619375,41.01926425,41.8542839,64876826.0
2023-07-14,42.1986219,42.25888105,41.67350645,41.8715008,36635843.0
2023-07-17,41.63907265,41.70794025,41.2172586,41.36360225,30470667.0
2023-07-18,41.5615966,41.57020505,40.8557037,40.976222,28318272.0
2023-07-19,40.7179685,41.2000417,40.7179685,41.12256565,32111579.0
2023-07-20,41.2344755,41.492729,40.7351854,40.8212699,30137754.0
2023-07-21,40.72657695,41.10534875,40.287546,40.43388965,44679142.0
2023-07-24,40.287546,40.45110655,40.0292925,40.1325939,31598004.0
2023-07-25,41.0623065,42.7667796,41.0623065,42.65486975,141327902.0
2023-07-26,42.3363571,42.7323458,42.1641881,42.5773937,51544065.0
2023-07-27,42.68930355,43.5415401,42.53435145,42.9389486,70373493.0
2023-07-28,42.6118275,45.0738442,42.53435145,44.70368085,127790846.0
2023-07-31,45.6075681,46.2101596,45.0221935,45.280447,127485466.0
2023-08-01,45.1943625,45.624785,44.2818668,44.5401203,67061372.0
2023-08-02,44.419602,45.2460132,43.84283585,44.25604145,60879817.0
2023-08-03,44.25604145,45.280447,43.99778795,45.11688645,65494421.0
2023-08-04,45.82277935,46.35650325,44.6778555,44.6778555,105165284.0
2023-08-07,44.2302161,44.56594565,44.075264,44.5056865,43689613.0
2023-08-08,44.30769215,44.49707805,43.4382387,44.1269147,52326342.0
2023-08-09,43.9719626,44.4023851,43.86005275,44.1269147,37285264.0
2023-08-10,43.94613725,44.30769215,43.7997936,44.2129992,29926322.0
2023-08-11,44.1613485,44.25604145,42.48270075,42.49991765,74892093.0
2023-08-14,41.5788135,42.0264529,41.5615966,41.77680785,60472146.0
2023-08-15,41.7681994,42.2502726,41.3377769,41.9059346,52183684.0
2023-08-16,41.5960304,42.1297543,41.43246985,41.62185575,47660376.0
2023-08-17,41.32916845,41.4755121,40.74379385,41.24308395,59827368.0
2023-08-18,41.2344755,42.181405,40.9073544,40.9073544,63666255.0
2023-08-21,40.804053,40.88152905,40.17563615,40.17563615,62808090.0
2023-08-22,40.3736305,40.7179685,40.00346715,40.459715,51849548.0
2023-08-23,40.2186784,40.5457995,39.93459955,39.9948587,47623949.0
2023-08-24,40.05511785,40.46832345,39.76243055,40.0292925,41863720.0
2023-08-25,39.86573195,40.7868361,39.81408125,40.46832345,41763549.0
2023-08-28,43.4726725,43.49849785,41.1311741,41.41525295,109010819.0
2023-08-29,41.3549938,42.15557965,41.22586705,41.8026332,57380614.0
2023-08-30,42.0781036,42.17279655,41.2344755,41.53577125,60012297.0
2023-08-31,41.86289235,42.65486975,41.75959095,42.00062755,63953783.0
2023-09-01,42.48270075,43.4726725,42.4052247,43.1283345,85575649.0
2023-09-04,43.42963025,44.6778555,43.4210218,44.29047525,92193109.0
2023-09-05,44.075264,44.075264,43.15415985,43.214419,50624376.0
2023-09-06,43.04225,44.06665555,42.9389486,43.92892035,51436224.0
2023-09-07,43.65344995,43.7997936,43.1799852,43.2316359,40329071.0
2023-09-08,43.06807535,43.42963025,42.870081,43.1455514,27366737.0
2023-09-11,43.3693711,43.70510065,42.91312325,43.3521542,49151466.0
2023-09-12,43.1283345,43.17137675,42.60321905,42.99920775,36114393.0
2023-09-13,43.1627683,43.2316359,42.3707909,42.6118275,43398924.0
2023-09-14,42.7323458,42.870081,42.17279655,42.34496555,39131218.0
2023-09-15,42.60321905,43.1455514,42.181405,42.353574,55753191.0
2023-09-18,42.1125374,42.5946106,41.9231515,42.4396585,29526746.0
2023-09-19,42.4224416,42.48270075,42.1986219,42.4224416,26652448.0
2023-09-20,42.4052247,42.4052247,41.8198501,42.08671205,32873261.0
2023-09-21,41.9231515,42.0608867,41.63907265,41.74237405,33547988.0
2023-09-22,41.7509825,43.32632885,41.63907265,43.32632885,66300617.0
2023-09-25,43.05085845,43.1283345,42.20723035,42.2330557,49975869.0
2023-09-26,42.22444725,42.4740923,41.7681994,41.8026332,40093026.0
2023-09-27,41.837067,42.17279655,41.7509825,41.8887177,32486342.0
2023-09-28,42.03506135,42.0781036,41.44968675,41.5788135,42146617.0
2023-10-09,41.32056,41.55298815,40.9073544,41.38081915,39401224.0
2023-10-10,41.5615966,41.77680785,40.9073544,40.976222,33077739.0
2023-10-11,41.19143325,41.29473465,40.89874595,41.05369805,32529671.0
2023-10-12,42.06949515,42.08671205,41.50133745,41.69072335,44871017.0
2023-10-13,41.20865015,41.5615966,41.03648115,41.29473465,26126959.0
2023-10-16,41.19143325,41.43246985,40.81266145,40.9245713,31900293.0
2023-10-17,41.148391,41.3033431,40.8557037,41.0450896,27014187.0
2023-10-18,40.89874595,41.12256565,40.7868361,40.79544455,32569044.0
2023-10-19,40.55440795,40.5974502,39.60747845,39.64191225,69408534.0
2023-10-20,39.254532,39.67634605,39.21148975,39.4611348,48177617.0
2023-10-23,39.41809255,39.771039,39.1684475,39.5472193,38706820.0
2023-10-24,39.62469535,40.0292925,39.3233996,39.6849545,43231065.0
2023-10-25,40.38763652,40.405204,39.90453082,39.97480074,37446279.0
2023-10-26,39.7903422,40.2295292,39.7464235,40.1416918,28098553.0
2023-10-27,39.69372106,40.00115196,39.1315617,39.68493732,61884971.0
2023-10-30,39.69372106,39.95723326,39.35993894,39.79912594,45549795.0
2023-10-31,39.89574708,40.34371782,39.68493732,39.93088204,42308883.0
2023-11-01,40.22074546,40.29979912,39.54439748,39.62345114,37801226.0
2023-11-02,39.71128854,40.04507066,39.53561374,39.57953244,29224760.0
2023-11-03,39.69372106,39.79912594,39.43020886,39.73763976,38640687.0
2023-11-06,40.0538544,40.55452758,39.97480074,40.45790644,56246319.0
2023-11-07,40.29979912,40.3173666,39.73763976,39.7903422,52054346.0
2023-11-08,39.7903422,39.90453082,39.1315617,39.20183162,70373392.0
2023-11-09,38.648456,38.8241308,37.64710964,38.01602672,150454180.0
2023-11-10,37.6822446,37.6822446,36.91805922,37.1991389,104996471.0
2023-11-13,37.1552202,37.27819256,36.94441044,37.23427386,49309112.0
2023-11-14,37.3748137,37.60319094,37.23427386,37.42751614,55819964.0
2023-11-15,37.87548688,38.30589014,37.66467712,38.08629664,72870581.0
2023-11-16,37.88427062,38.0775129,37.56805598,37.65589338,38608889.0
2023-11-17,37.44508362,37.61197468,37.18157142,37.47143484,40472847.0
2023-11-20,37.51535354,37.8140007,37.31332752,37.69102834,32498748.0
2023-11-21,37.69102834,38.2531877,37.69102834,37.83156818,43250272.0
2023-11-22,37.7261633,37.8140007,37.51535354,37.53292102,24925121.0
2023-11-23,37.49778606,37.8140007,37.33967874,37.8140007,26380342.0
2023-11-24,37.770082,37.79643322,37.44508362,37.49778606,28044927.0
2023-11-27,37.4187324,37.45386736,36.54914214,36.7599519,58546041.0
2023-11-28,36.7160332,36.94441044,36.52279092,36.60184458,37226073.0
2023-11-29,36.60184458,36.65454702,35.574147,35.7937405,67904702.0
2023-11-30,35.72347058,36.07482018,35.67955188,35.8376592,38857196.0
2023-12-01,35.7059031,36.17144132,35.3984722,36.03090148,48696135.0
2023-12-04,35.8815779,36.25049498,35.40725594,35.46874212,39986970.0
2023-12-05,35.24036488,35.28428358,34.70455674,34.72212422,50642832.0
2023-12-06,34.695773,34.9153665,34.51131446,34.72212422,43332396.0
2023-12-07,34.57280064,34.88901528,34.15118112,34.55523316,50100389.0
2023-12-08,34.4761795,34.80996162,34.42347706,34.42347706,37891237.0
2023-12-11,34.256586,34.88023154,33.87010144,34.7836104,55511392.0
2023-12-12,34.62550308,34.96806894,34.4761795,34.95050146,35821324.0
2023-12-13,34.8714478,34.8714478,34.15996486,34.15996486,41285632.0
2023-12-14,34.45861202,34.66942178,33.98429006,33.9930738,33236772.0
2023-12-15,34.3883421,34.74847544,34.01942502,34.07212746,50791156.0
2023-12-18,33.7295616,34.1248299,33.65050794,33.91402014,32998671.0
2023-12-19,33.88766892,34.23901852,33.7295616,34.00185754,33224870.0
2023-12-20,34.00185754,34.1687486,33.75591282,33.7734803,29948177.0
2023-12-21,33.60658924,34.23023478,33.49240062,34.0809112,42416262.0
2023-12-22,34.04577624,34.59036812,33.97550632,34.3444234,42473652.0
2023-12-25,34.3005047,34.50253072,34.17753234,34.41469332,20325509.0
2023-12-26,34.41469332,34.41469332,34.09847868,34.3444234,19914583.0
2023-12-27,34.3444234,34.39712584,33.97550632,34.256586,29593783.0
2023-12-28,34.256586,35.4423909,34.1248299,35.36333724,60952573.0
2023-12-29,35.18766244,35.52144456,35.1788787,35.3984722,34107753.0
2024-01-02,35.3984722,35.40725594,34.66063804,34.66942178,43759204.0
2024-01-03,34.66942178,34.83631284,34.42347706,34.6079356,36382151.0
2024-01-04,34.57280064,34.76604292,33.95793884,34.1687486,46739190.0
2024-01-05,34.1248299,34.76604292,33.97550632,34.23023478,49920187.0
2024-01-08,34.23023478,34.40590958,33.57145428,33.7734803,51473197.0
2024-01-09,33.7734803,33.88766892,33.5538868,33.71199412,37065054.0
2024-01-10,33.63294046,33.7734803,33.22010468,33.22010468,44130380.0
2024-01-11,33.2025372,33.95793884,33.04442988,33.75591282,38157129.0
2024-01-12,33.54510306,33.85253396,33.40456322,33.40456322,30300054.0
2024-01-15,33.26402338,33.80861526,33.1146998,33.52753558,32702181.0
2024-01-16,33.41334696,34.04577624,33.32550956,33.9930738,54496285.0
2024-01-17,33.78226404,33.8613177,33.38699574,33.38699574,56122897.0
2024-01-18,33.1586185,34.28293722,33.06199736,34.24780226,86154364.0
2024-01-19,34.0809112,34.55523316,33.8613177,34.4322608,63974391.0
2024-01-22,34.31807218,35.07347382,34.23023478,34.67820552,96109863.0
2024-01-23,34.4322608,34.88023154,33.9930738,34.57280064,60172097.0
2024-01-24,34.83631284,35.3984722,34.32685592,35.28428358,76115099.0
2024-01-25,35.2667161,36.46130474,35.13496,36.1450901,98658100.0
2024-01-26,36.0572527,36.31198116,35.7059031,36.2329275,78592524.0
2024-01-29,36.24171124,36.61941206,35.94306408,35.99576652,62078477.0
2024-01-30,35.6619844,35.93428034,35.28428358,35.30185106,57063998.0
2024-01-31,35.2667161,35.8815779,35.12617626,35.58293074,55701366.0
2024-02-01,35.24036488,35.68833562,35.07347382,35.3984722,49092479.0
2024-02-02,35.3984722,35.6180657,34.256586,35.2227974,69077347.0
2024-02-05,35.13496,36.00455026,34.85388032,35.73225432,80614793.0
2024-02-06,35.72347058,36.61062832,35.45995838,36.50522344,82383496.0
2024-02-07,36.61941206,37.2430576,36.3207649,37.22549012,91615404.0
2024-02-08,37.34846248,37.7261633,37.0234641,37.57683972,76874651.0
2024-02-19,37.76129826,37.84035192,37.34846248,37.53292102,54413427.0
2024-02-20,37.4626511,37.48021858,36.9795454,37.1991389,46935509.0
2024-02-21,37.04981532,38.9119682,36.90927548,38.28832266,111249194.0
2024-02-22,38.08629664,38.42007876,37.95454054,38.3849438,51745219.0
2024-02-23,38.36737632,39.0437243,38.2971064,38.70994218,64421676.0
2024-02-26,38.5606186,38.56940234,37.6822446,37.7261633,61619568.0
2024-02-27,37.61197468,37.9018381,37.5065698,37.87548688,42901252.0
2024-02-28,37.93697306,38.01602672,37.4626511,37.4626511,53576359.0
2024-02-29,37.34846248,37.83156818,37.330895,37.6822446,45509167.0
2024-03-01,37.5944072,37.84913566,37.34846248,37.76129826,44577376.0
2024-03-04,37.53292102,37.61197468,37.0673828,37.19035516,54504680.0
2024-03-05,37.0234641,37.66467712,36.9356267,37.60319094,62343723.0
2024-03-06,37.58562346,37.69102834,37.29576004,37.330895,34276283.0
2024-03-07,37.56805598,38.17413404,37.53292102,37.82278444,64896213.0
2024-03-08,37.65589338,37.9457568,37.3748137,37.66467712,37249362.0
2024-03-11,37.57683972,38.01602672,37.54170476,37.91062184,43597274.0
2024-03-12,37.91940558,38.54305112,37.66467712,38.48156494,67920636.0
2024-03-13,38.41129502,38.43764624,37.39238118,37.44508362,70121585.0
2024-03-14,37.21670638,37.67346086,37.1552202,37.2869763,36088956.0
2024-03-15,37.33967874,37.45386736,36.90927548,37.31332752,39867511.0
2024-03-18,37.1991389,37.47143484,36.95319418,37.38359744,41626271.0
2024-03-19,37.2430576,37.2430576,36.7160332,36.74238442,48601533.0
2024-03-20,36.6721145,36.9356267,36.61062832,36.82143808,28361668.0
2024-03-21,36.97076166,37.26940882,36.72481694,36.91805922,41497624.0
2024-03-22,36.03968522,36.12752262,35.3545535,35.62684944,112550368.0
2024-03-25,35.5302283,35.90792912,35.4423909,35.52144456,43760130.0
2024-03-26,35.52144456,35.9694153,35.52144456,35.9254966,40299063.0
2024-03-27,35.82009172,35.99576652,35.7059031,35.7059031,34619025.0
2024-03-28,35.6619844,36.24171124,35.5302283,35.74103806,43233995.0
2024-03-29,35.82009172,36.22414376,35.74103806,35.84644294,33512184.0
2024-04-01,35.9694153,36.2329275,35.9254966,36.2329275,38706274.0
2024-04-02,36.18022506,36.41738604,35.93428034,36.013334,39996585.0
2024-04-03,35.9254966,36.0572527,35.574147,35.574147,46364011.0
2024-04-08,35.38090472,35.51266082,35.02955512,35.32820228,43590246.0
2024-04-09,35.37212098,35.55657952,35.2227974,35.23158114,29392411.0
2024-04-10,35.12617626,35.19644618,34.3444234,34.4322608,66754496.0
2024-04-11,34.28293722,34.37955836,33.91402014,34.2126673,44321365.0
2024-04-12,34.0809112,34.24780226,33.08834858,33.18496972,91894711.0
2024-04-15,33.18496972,33.817399,33.09713232,33.69442664,77160909.0
2024-04-16,33.69442664,34.07212746,33.44848192,33.62415672,62674707.0
2024-04-17,33.61537298,34.27415348,33.38699574,34.2126673,59458529.0
2024-04-18,34.1687486,35.3984722,34.08969494,34.8714478,84608897.0
2024-04-19,34.66942178,34.94171772,34.4322608,34.62550308,36839491.0
2024-04-22,34.68698926,35.21401366,34.68698926,34.98563642,39122784.0
2024-04-23,34.97685268,35.2227974,34.79239414,35.03833886,34265310.0
2024-04-24,35.47752586,35.7498218,35.23158114,35.6619844,54996437.0
2024-04-25,35.59171448,36.25927872,35.3984722,36.06603644,58217790.0
2024-04-26,36.00455026,36.69846572,35.84644294,36.47887222,69427606.0
2024-04-29,36.452521,37.66467712,36.37346734,36.96197792,87545482.0
2024-04-30,36.96197792,37.03224784,36.29441368,36.32954864,51819014.0
2024-05-06,37.9018381,38.01602672,37.21670638,37.32211126,106274704.0
2024-05-07,37.330895,37.58562346,37.05859906,37.40994866,52815226.0
2024-05-08,37.2869763,37.5065698,36.78630312,36.8477893,44733513.0
2024-05-09,36.77751938,37.40116492,36.76873564,37.19035516,41354149.0
2024-05-10,37.4187324,37.92818932,37.34846248,37.70859582,67767018.0
2024-05-13,37.33967874,37.67346086,37.04103158,37.4626511,49348084.0
2024-05-14,37.4626511,37.5944072,37.0234641,37.16400394,39651152.0
2024-05-15,37.13765272,37.1552202,36.59306084,36.75116816,39911880.0
2024-05-16,37.0673828,38.11264786,36.85657304,37.8140007,93478227.0
2024-05-17,38.2971064,39.7025048,38.1653503,39.7025048,189457995.0
2024-05-20,40.1416918,40.46669018,39.37750642,39.93088204,147945253.0
2024-05-21,39.59709992,40.00115196,39.54439748,39.8781796,55109616.0
2024-05-22,39.7903422,40.4491227,39.6585861,39.8781796,75133666.0
2024-05-23,39.45656008,39.67615358,39.10521048,39.33358772,63592313.0
2024-05-24,39.1315617,39.3511552,38.52548364,38.55183486,54128575.0
2024-05-27,38.648456,38.99102186,38.54305112,38.7362934,41274221.0
2024-05-28,38.78899584,38.9558869,38.31467388,38.43764624,42192179.0
2024-05-29,38.28832266,38.76264462,38.08629664,38.18291778,43942250.0
2024-05-30,38.04237794,38.34980884,37.6822446,37.9018381,39395493.0
2024-05-31,38.1214316,38.7362934,37.82278444,37.83156818,48249218.0
2024-06-03,37.76129826,38.17413404,37.42751614,37.88427062,44651840.0
2024-06-04,37.84035192,38.21805274,37.77886574,38.00724298,39817760.0
2024-06-05,37.99845924,38.01602672,37.71737956,37.84035192,36188007.0
2024-06-06,37.9457568,38.05994542,37.21670638,37.2869763,54262089.0
2024-06-07,37.4187324,37.57683972,36.891708,36.99711288,42139379.0
2024-06-11,36.81265434,37.05859906,36.5403584,36.74238442,42236279.0
2024-06-12,36.74238442,36.8038706,36.32954864,36.3646836,39834017.0
2024-06-13,36.52279092,36.59306084,36.18022506,36.2768462,32042801.0
2024-06-14,36.18022506,37.05859906,36.15387384,36.77751938,63562438.0
2024-06-17,36.5403584,36.74238442,36.34711612,36.52279092,38472747.0
2024-06-18,36.6281958,36.9356267,36.51400718,36.65454702,35345219.0
2024-06-19,36.66333076,37.05859906,36.54914214,36.891708,41063957.0
2024-06-20,36.88292426,36.95319418,36.46130474,36.46130474,36478992.0
2024-06-21,36.44373726,36.73360068,36.29441368,36.60184458,38505452.0
2024-06-24,36.47887222,36.9356267,36.20657628,36.7160332,44592791.0
2024-06-25,36.70724946,36.99711288,36.39981856,36.4964397,38283591.0
2024-06-26,36.43495352,36.73360068,36.26806246,36.5842771,26506064.0
2024-06-27,36.46130474,36.57549336,36.2329275,36.38225108,36797498.0
2024-06-28,36.3207649,36.8038706,36.24171124,36.32954864,39934516.0
2024-07-01,36.37346734,36.60184458,35.69711936,36.55792588,47419754.0
2024-07-02,36.37346734,37.5504885,36.3646836,37.04103158,56885747.0
2024-07-03,37.04981532,37.26940882,36.81265434,37.12886898,29574788.0
2024-07-04,37.12008524,37.38359744,36.85657304,36.87414052,32485145.0
2024-07-05,36.8477893,37.12008524,35.99576652,36.11873888,52671766.0
2024-07-08,35.9254966,36.32954864,35.73225432,35.87279416,33954844.0
2024-07-09,35.86401042,36.53157466,35.53901204,36.47008848,38140275.0
2024-07-10,36.07482018,36.83022182,36.07482018,36.76873564,36127314.0
2024-07-11,37.12886898,37.32211126,36.81265434,36.83900556,37556984.0
2024-07-12,36.891708,37.64710964,36.891708,37.48900232,49569726.0
2024-07-15,37.4187324,37.75251452,37.31332752,37.35724622,35484792.0
2024-07-16,36.891708,36.98832914,35.73225432,36.18022506,93998504.0
2024-07-17,36.2329275,37.26062508,36.2329275,37.14643646,77840627.0
2024-07-18,37.05859906,37.45386736,36.85657304,37.21670638,51362418.0
2024-07-19,37.21670638,37.9018381,37.0673828,37.79643322,61077539.0
2024-07-22,37.8579194,37.96332428,37.45386736,37.770082,44056204.0
2024-07-23,37.73494704,37.97210802,37.57683972,37.58562346,45978967.0
2024-07-24,37.5944072,37.79643322,37.1991389,37.38359744,38609543.0
2024-07-25,37.32211126,37.61197468,37.09373402,37.39238118,44047429.0
2024-07-26,37.4561291,37.9567578,37.0920355,37.40151506,51037796.0
2024-07-29,37.39241272,37.89304142,37.32869634,37.61086888,30564969.0
2024-07-30,37.57445952,37.7291993,37.37420804,37.61997122,29692239.0
2024-07-31,37.62907356,38.7759684,37.5471525,38.73955904,58087783.0
2024-08-01,38.61212628,39.0035269,38.46648884,38.69404734,32514038.0
2024-08-02,38.43918182,38.60302394,37.9567578,38.06598588,33137257.0
2024-08-05,37.9567578,38.72135436,37.94765546,38.229828,43050914.0
2024-08-06,38.56661458,38.66674032,36.99190976,37.2285706,63434323.0
2024-08-07,37.24677528,37.41971974,37.02831912,37.0465238,29978095.0
2024-08-08,37.0920355,37.4561291,36.78255594,37.15575188,23643241.0
2024-08-09,37.31049166,37.53805016,36.96460274,36.96460274,26178496.0
2024-08-12,36.89178402,37.07383082,36.69153254,36.97370508,15219904.0
2024-08-13,36.97370508,37.14664954,36.87357934,37.11934252,16650599.0
2024-08-14,37.14664954,37.26497996,36.85537466,36.85537466,20650428.0
2024-08-15,36.87357934,37.92945078,36.60961148,37.61086888,53416705.0
2024-08-16,37.61086888,38.0022695,37.5471525,37.87483674,26957357.0
2024-08-19,37.87483674,38.38456778,37.85663206,38.29354438,28791203.0
2024-08-20,38.3663631,38.38456778,37.9567578,38.15700928,29376286.0
2024-08-21,38.21162332,38.30264672,37.69278994,38.20252098,23617412.0
2024-08-22,38.19341864,38.4573865,37.90214376,37.96586014,30497656.0
2024-08-23,38.26623736,39.55876964,38.16611162,39.4586439,99423443.0
2024-08-26,39.55876964,39.72261176,39.1855737,39.4586439,47580560.0
2024-08-27,39.39492752,39.6406907,39.10365264,39.2765971,33964677.0
2024-08-28,39.35851816,39.48595092,39.07634562,39.31300646,34839474.0
2024-08-29,39.30390412,39.64979304,38.64853564,38.79417308,47694548.0
2024-08-30,38.87609414,40.53272002,38.87609414,40.07760302,110000601.0
2024-09-02,39.94106792,40.20503578,39.5496673,39.5496673,51317124.0
2024-09-03,39.69530474,39.70440708,39.21288072,39.33121114,36821975.0
2024-09-04,39.34031348,39.72261176,38.6394333,38.81237776,40994906.0
2024-09-05,38.80327542,39.60428134,38.78507074,39.52236028,46651108.0
2024-09-06,39.52236028,40.03209132,39.28569944,39.3676205,39025775.0
2024-09-09,39.21288072,39.3676205,38.7304567,38.84878712,40172454.0
2024-09-10,38.9125035,39.1855737,38.49379586,38.83058244,29365589.0
2024-09-11,38.81237776,39.06724328,38.56661458,38.70314968,27407424.0
2024-09-12,38.89429882,38.93070818,38.06598588,38.7759684,41083853.0
2024-09-13,38.73955904,39.5041556,38.684945,39.03993626,34439648.0
2024-09-18,39.140062,39.85914686,39.07634562,39.7772258,43263824.0
2024-09-19,39.79543048,40.1413194,39.43133688,40.07760302,46650032.0
2024-09-20,40.03209132,40.31426386,39.81363516,40.1868311,53292373.0
2024-09-23,40.16862642,40.4143896,39.92286324,40.13221706,29524048.0
2024-09-24,40.5964364,42.325881,40.47810598,42.325881,120899198.0
2024-09-25,43.3271384,43.8732788,43.0085565,43.10868224,138298492.0
2024-09-26,43.31803606,45.91220296,42.9630448,45.89399828,163765259.0
2024-09-27,47.2411446,47.47780544,46.1488638,47.2411446,139487740.0
2024-09-30,49.58954832,51.96525906,49.5167296,51.96525906,262125405.0
2024-10-08,57.1626952,57.1626952,53.7948294,56.18874482,396104253.0
2024-10-09,54.61404,54.61404,50.6545221,50.7000338,285509557.0
2024-10-10,51.54655142,55.15107806,51.25527654,53.248689,222672969.0
2024-10-11,52.6115252,54.48660724,51.91064502,52.37486436,131212381.0
2024-10-14,53.14856326,53.92226216,52.3839667,53.40342878,117773767.0
2024-10-15,53.32150772,53.95867152,51.96525906,52.05628246,102790028.0
2024-10-16,51.68308652,52.63883222,51.52834674,52.22922692,85501630.0
2024-10-17,52.7025486,53.5217592,51.85603098,51.883338,78357477.0
2024-10-18,51.88330928,53.9834361,50.6528385,52.90099188,149466236.0
2024-10-21,53.1045284,53.16929002,51.97582588,52.6419454,87531258.0
2024-10-22,52.5494288,53.8446612,52.34589228,52.78997196,84601119.0
2024-10-23,52.9194952,54.8623438,52.6419454,53.94642946,119192651.0
2024-10-24,53.5671114,54.10370768,53.31731658,53.7521446,51273005.0
2024-10-25,53.66887966,54.10370768,53.25255496,53.3820782,53944541.0
2024-10-28,53.45609148,53.71513796,52.80847528,53.197045,57880987.0
2024-10-29,53.197045,54.08520436,53.14153504,53.31731658,62010028.0
2024-10-30,53.18779334,53.57636306,51.51324288,51.78154102,90747926.0
2024-10-31,51.77228936,52.5494288,51.2541964,51.73528272,75763009.0
2024-11-01,51.9480709,52.734462,51.809296,51.9480709,65013925.0
2024-11-04,51.96657422,52.70670702,51.74453438,52.70670702,53073970.0
2024-11-05,52.56793212,54.47377408,52.06834248,54.3535025,120114422.0
2024-11-06,54.48302574,54.6310523,52.6882037,53.18779334,126251828.0
2024-11-07,52.734462,56.435126,52.6419454,56.28709944,186426320.0
2024-11-08,56.6201592,56.88845734,54.59404566,54.69581392,132299025.0
2024-11-11,53.77989958,54.14071432,53.21554832,54.0296944,91716007.0
2024-11-12,54.0296944,54.55703902,52.62344208,52.74371366,96289275.0
2024-11-13,52.4569122,53.197045,52.38289892,52.91024354,61824493.0
2024-11-14,52.91024354,53.74289294,52.6419454,52.734462,66323183.0
2024-11-15,52.6419454,53.17854168,51.6242628,51.6242628,78059714.0
2024-11-18,51.9018126,52.88248856,51.23569308,51.58725616,68429646.0
2024-11-19,51.809296,51.92031592,50.9766466,51.44848126,52819300.0
2024-11-20,51.45773292,51.6242628,51.0691632,51.30970636,46997145.0
2024-11-21,51.33746134,51.50399122,50.99514992,51.33746134,41024489.0
2024-11-22,51.31895802,51.31895802,49.033798,49.06155298,100680813.0
2024-11-25,49.033798,49.2650895,48.23815524,48.63597662,70269826.0
2024-11-26,48.571215,49.28359282,48.45094342,49.0800563,40761823.0
2024-11-27,49.08930796,49.5888976,48.83951314,49.5426393,44446366.0
2024-11-28,49.56114262,49.94971234,48.87651978,49.19107622,42550213.0
2024-11-29,49.1725729,50.34753372,49.07080464,49.2650895,56357055.0
2024-12-02,49.2188312,50.17175218,49.20032788,49.96821566,44960590.0
2024-12-03,49.8201891,50.52331526,49.5426393,50.35678538,47005763.0
2024-12-04,50.12549388,50.27352044,49.69066586,49.89420238,38188736.0
2024-12-05,49.67216254,50.0052223,49.48712934,49.66291088,29588882.0
2024-12-06,49.76467914,51.52249454,49.75542748,50.99514992,78983681.0
2024-12-09,50.8378717,51.1616798,50.3752887,50.72685178,51046345.0
2024-12-10,52.6419454,52.90099188,51.346713,51.45773292,100098350.0
2024-12-11,51.44848126,51.74453438,50.77311008,50.7916134,50478424.0
2024-12-12,50.84712336,51.6705211,50.6065802,51.42072628,52633585.0
2024-12-13,51.0691632,51.07841486,49.66291088,49.71842084,88709588.0
2024-12-16,49.69066586,49.94971234,48.96903638,49.14481792,65859184.0
2024-12-17,48.9412814,49.46862602,48.79325484,49.04304966,53769372.0
2024-12-18,49.33910278,49.66291088,48.92277808,48.97828804,50446143.0
2024-12-19,48.6637316,48.97828804,48.4324401,48.93202974,40549628.0
2024-12-20,48.93202974,49.24658618,48.58971832,48.68223492,46196543.0
2024-12-23,48.68223492,49.47787768,48.68223492,49.1263146,55550547.0
2024-12-24,49.10781128,49.80168578,49.033798,49.75542748,49560916.0
2024-12-25,49.78318246,50.24576546,49.56114262,49.8664474,41739896.0
2024-12-26,49.85719574,49.90345404,49.36685776,49.4501227,37922170.0
2024-12-27,49.4501227,49.7276725,48.76549986,49.28359282,53775719.0
2024-12-30,49.23733452,49.8664474,49.22808286,49.8664474,53343783.0
2024-12-31,49.76467914,49.97746732,48.7099899,48.7099899,67711790.0
2025-01-02,48.7562482,48.78400318,46.61911474,46.91516786,94857917.0
2025-01-03,47.183466,47.26673094,46.33231328,46.5358498,55135185.0
2025-01-06,46.7671413,46.83190292,46.10102178,46.57285644,41348951.0
2025-01-07,46.43408154,46.59135976,46.08251846,46.41557822,39278717.0
2025-01-08,46.42482988,46.79489628,45.8419753,46.5358498,51038304.0
2025-01-09,46.49884316,46.63761806,46.0732668,46.08251846,40082112.0
2025-01-10,46.09177012,46.33231328,45.2406174,45.2868757,52270371.0
2025-01-13,44.85204768,45.1481008,44.5004846,44.95381594,51139315.0
2025-01-14,44.95381594,45.86973028,44.870551,45.66619376,61577440.0
2025-01-15,45.5644255,45.94374356,45.24986906,45.43490226,45802852.0
2025-01-16,45.6106838,46.0270085,45.26837238,45.5644255,41576107.0
2025-01-17,45.4256506,45.86047862,45.12034582,45.68469708,46074666.0
2025-01-20,45.99925352,46.5358498,45.94374356,46.08251846,49173607.0
2025-01-21,46.4433332,46.61911474,45.94374356,46.1657834,40995081.0
2025-01-22,45.99925352,46.18428672,45.1943591,45.2868757,53078046.0
2025-01-23,46.09177012,47.5997907,46.05476348,46.60061142,96910455.0
2025-01-24,46.42482988,47.52577742,46.3508166,47.05394276,61677886.0
2025-01-27,47.21122098,47.75706892,47.00768446,47.0446911,52454748.0
2025-02-05,47.16496268,47.183466,45.95299522,45.99925352,58307230.0
2025-02-06,46.00850518,46.720883,45.96224688,46.4895915,41503724.0
2025-02-07,46.42482988,47.59053904,46.11027344,47.07244608,72581202.0
2025-02-10,47.08169774,47.51652576,46.9984328,47.0909494,43181484.0
2025-02-11,47.3684992,47.40550584,46.60061142,46.73938632,38184400.0
2025-02-12,46.73938632,47.29448592,46.42482988,47.25747928,44699378.0
2025-02-13,47.10945272,47.90509548,47.00768446,47.20196932,59036332.0
2025-02-14,47.17421434,47.97910876,46.9984328,47.8310822,59977161.0
2025-02-17,47.95135378,48.46019508,47.56278406,47.96060544,62571044.0
2025-02-18,47.80332722,48.27516188,47.3684992,47.47026746,65008234.0
2025-02-19,47.35924754,47.95135378,47.20196932,47.5997907,46442576.0
2025-02-20,47.39625418,47.47026746,46.86890956,46.97992948,51538478.0
2025-02-21,47.17421434,47.646049,46.68387636,47.3684992,66876093.0
2025-02-24,47.3684992,48.55271168,47.2297243,48.108632,83582274.0
2025-02-25,47.646049,48.2011486,47.0446911,47.16496268,64242944.0
2025-02-26,47.2759826,47.90509548,47.21122098,47.75706892,53657805.0
2025-02-27,47.90509548,47.9235988,47.29448592,47.75706892,54724008.0
2025-02-28,47.5535324,47.7848239,46.60986308,46.60986308,80526753.0
2025-03-03,46.7671413,47.01693612,46.31380996,46.56360478,42316083.0
2025-03-04,46.33231328,46.52659814,46.2583,46.33231328,37243163.0
2025-03-05,46.42482988,46.7671413,46.26755166,46.60986308,45507176.0
2025-03-06,46.97067782,48.04387038,46.74863798,47.77557224,104582101.0
2025-03-07,47.7385656,47.96060544,47.47951912,47.646049,48147872.0
2025-03-10,47.65530066,47.79407556,46.97992948,47.4147575,61128342.0
2025-03-11,46.91516786,47.646049,46.8133996,47.646049,52914740.0
2025-03-12,47.646049,47.7385656,47.19271766,47.3222409,47057801.0
2025-03-13,47.3222409,47.6923073,47.11870438,47.31298924,41144830.0
2025-03-14,47.48877078,49.85719574,47.37775086,49.46862602,150244865.0
2025-03-17,49.46862602,49.60740092,49.1263146,49.38536108,60517176.0
2025-03-18,49.6814142,50.13474554,49.62590424,49.73692416,58774002.0
2025-03-19,49.66291088,50.2365138,49.56114262,50.02372562,50987421.0
2025-03-20,50.0052223,50.01447396,48.32142018,48.56196334,114072346.0
2025-03-21,48.4786984,48.71924156,47.81257888,47.8773405,79571468.0
2025-03-24,47.94210212,48.36767848,47.94210212,48.22890358,50865690.0
2025-03-25,48.2474069,48.30291686,47.94210212,48.07162536,34440224.0
2025-03-26,48.09012868,48.19189694,47.84958552,47.84958552,40399461.0
2025-03-27,47.84033386,48.5249567,47.67380398,48.16414196,43216872.0
2025-03-28,48.2936652,48.45094342,47.9698571,48.07162536,35366353.0
2025-03-31,48.0161154,48.3399235,47.54428074,47.76632058,46838971.0
2025-04-01,47.7385656,47.97910876,47.56278406,47.75706892,39432057.0
2025-04-02,47.72006228,48.07162536,47.67380398,47.97910876,28327427.0
2025-04-03,47.54428074,48.108632,47.53502908,47.62754568,37334782.0
2025-04-07,45.6106838,46.04551182,43.482802,44.92606096,172755841.0
2025-04-08,44.9168093,45.57367716,44.5004846,45.57367716,111752977.0
2025-04-09,45.1481008,45.5644255,44.74102776,45.26837238,73790650.0
2025-04-10,45.66619376,46.0732668,45.52741886,45.77721368,65791545.0
2025-04-11,45.77721368,45.83272364,45.31463068,45.6569421,45012106.0
2025-04-14,45.8882336,46.1195251,45.74020704,45.77721368,38748414.0
2025-04-15,45.77721368,46.23054502,45.57367716,46.10102178,40776211.0
2025-04-16,45.99925352,46.41557822,45.7032004,46.14728008,46792350.0
2025-04-17,45.97149854,46.51734648,45.86973028,46.40632656,37704289.0
2025-04-18,46.3045583,46.86890956,46.2120417,46.66537304,33881100.0
2025-04-21,46.6283664,46.82265126,46.4433332,46.51734648,26378406.0
2025-04-22,46.4433332,46.98918114,46.36931992,46.78564462,35509783.0
2025-04-23,46.96142616,47.1372077,46.68387636,46.9059162,29877321.0
2025-04-24,46.9059162,47.62754568,46.9059162,47.38700252,42383943.0
2025-04-25,47.40550584,47.72931394,47.38700252,47.48877078,36849939.0
2025-04-28,46.64686972,47.49802244,46.28605498,47.37775086,51866550.0
2025-04-29,47.34074422,47.77557224,47.05394276,47.183466,33754005.0
2025-04-30,47.2759826,47.6923073,46.88741288,46.91516786,37794426.0
2025-05-06,47.183466,47.3222409,46.7671413,46.9984328,39151245.0
2025-05-07,47.57203572,47.76632058,47.21122098,47.34999588,42063972.0
2025-05-08,47.19271766,48.4324401,47.0909494,48.07162536,67134993.0
2025-05-09,48.02536706,48.25665856,47.8773405,47.8773405,29070923.0
2025-05-12,48.32142018,48.8025065,48.108632,48.6637316,57737170.0
2025-05-13,48.83951314,48.83951314,48.3399235,48.53420836,40392012.0
2025-05-14,48.5249567,51.05065988,48.42318844,50.59732854,157722961.0
2025-05-15,50.31977874,50.6990968,50.0514806,50.1902555,56930342.0
2025-05-16,50.0052223,50.36603704,49.38536108,49.39461274,46612951.0
2025-05-19,49.30209614,49.70916918,49.2188312,49.3113478,32426624.0
2025-05-20,49.4501227,50.12549388,49.4038644,49.66291088,35266900.0
2025-05-21,49.6814142,50.3290304,49.6814142,49.8201891,33306582.0
2025-05-22,49.73692416,49.94971234,49.52413598,49.81093744,24065765.0
2025-05-23,49.78318246,50.38454036,49.19107622,49.24658618,43049136.0
2025-05-26,49.18182456,50.0977389,49.033798,49.4038644,38812968.0
2025-05-27,49.4038644,49.82944076,49.3113478,49.4038644,25572531.0
2025-05-28,49.4038644,49.67216254,49.14481792,49.30209614,26169794.0
2025-05-29,49.3113478,49.80168578,49.11706294,49.51488432,34868262.0
2025-05-30,49.37610942,49.67216254,48.8950231,49.29284448,41723855.0
2025-06-03,49.22808286,50.06073226,49.033798,49.8201891,45373821.0
2025-06-04,53.61,54.15,53.61,53.76,43089681.0
2025-06-05,53.77,54.18,53.66,53.99,41909990.0
2025-06-06,54.0,54.12,53.35,53.41,40855330.0
2025-06-09,53.55,53.94,53.5,53.72,39788727.0
2025-06-10,53.71,54.1,53.31,53.43,46707945.0
2025-06-11,53.4,54.65,53.4,54.46,68183015.0
2025-06-12,54.3,55.33,54.03,54.81,58999906.0
2025-06-13,54.83,54.9,54.28,54.48,48022896.0
2025-06-16,54.33,54.58,54.06,54.32,49677075.0
2025-06-17,54.3,54.51,53.94,54.23,50628878.0
2025-06-18,54.18,54.28,53.3,53.81,46936380.0
2025-06-19,53.69,53.8,53.12,53.2,40188078.0
2025-06-20,53.19,54.86,53.19,54.74,84743047.0
2025-06-23,54.5,55.25,54.26,55.1,61470513.0
2025-06-24,55.21,56.97,55.2,56.79,104079789.0
2025-06-25,56.8,58.0,56.58,57.88,104613132.0
2025-06-26,57.79,58.08,57.47,57.58,50073981.0
2025-06-27,57.58,58.13,56.61,56.96,66763167.0
2025-06-30,55.5,55.95,55.13,55.48,56478195.0
2025-07-01,55.66,55.89,55.3,55.7,35274636.0
2025-07-02,55.7,56.01,55.35,55.81,39562902.0
2025-07-03,55.9,56.2,55.66,55.8,32510060.0
2025-07-04,55.7,57.39,55.43,56.57,65454405.0
2025-07-07,56.59,56.8,56.06,56.43,32176278.0
2025-07-08,56.4,56.78,56.11,56.45,34345972.0
2025-07-09,56.45,56.78,55.88,55.9,39546279.0
2025-07-10,55.9,57.58,55.81,57.13,82888153.0
2025-07-11,57.0,59.02,56.96,57.71,107642894.0
2025-07-14,57.69,58.24,57.57,57.57,44905762.0
2025-07-15,57.75,57.96,56.98,57.1,44172553.0
2025-07-16,57.17,57.24,56.21,56.83,48182460.0
2025-07-17,56.7,57.06,56.68,56.81,27712343.0
2025-07-18,56.95,57.45,56.86,57.07,43623995.0
2025-07-21,57.15,57.75,56.9,57.19,46673343.0
2025-07-22,57.19,57.2,56.1,56.7,69520325.0
2025-07-23,56.84,58.38,56.81,58.0,86940674.0
2025-07-24,57.97,59.0,57.71,58.64,70773738.0
2025-07-25,58.3,58.55,57.82,58.08,50833457.0
2025-07-28,58.2,60.2,58.2,60.09,122121733.0
2025-07-29,60.06,60.28,59.37,59.49,56609200.0
2025-07-30,59.48,61.33,59.35,60.71,92199271.0
2025-07-31,60.41,60.5,58.38,58.69,82760070.0
2025-08-01,58.68,59.06,58.08,58.2,48878624.0
2025-08-04,58.1,58.34,57.85,58.21,36007832.0
2025-08-05,58.3,59.41,58.2,59.14,48295614.0
2025-08-06,59.14,59.64,58.82,59.06,32446873.0
2025-08-07,59.11,59.46,58.53,58.88,32797153.0
2025-08-08,58.88,58.9,58.22,58.54,39793332.0
2025-08-11,58.77,59.14,58.47,58.47,43186911.0
2025-08-12,58.47,59.07,58.47,58.75,42698545.0
2025-08-13,58.92,59.4,58.46,58.61,72845320.0
2025-08-14,58.8,60.6,58.77,59.62,102276751.0
2025-08-15,59.6,60.45,59.0,59.8,89296811.0
2025-08-18,59.92,60.35,59.34,59.34,95726282.0
2025-08-19,59.77,60.18,58.08,58.2,95480996.0
2025-08-20,58.09,59.2,57.69,59.2,76272484.0
2025-08-21,59.2,59.96,58.91,59.62,57460093.0
2025-08-22,59.51,60.51,59.44,60.5,78097427.0
2025-08-25,60.6,61.05,60.11,61.0,67011268.0
2025-08-26,60.9,61.0,60.45,60.52,49198628.0
2025-08-27,60.38,60.45,58.69,58.69,106455786.0
2025-08-28,58.75,59.12,58.31,58.84,63610466.0
2025-08-29,58.95,61.1,58.94,59.88,108030923.0
2025-09-01,59.79,59.79,58.33,58.51,94852489.0
2025-09-02,58.5,58.8,58.22,58.66,64903633.0
2025-09-03,58.94,59.1,57.36,57.78,71474642.0
2025-09-04,57.77,57.97,57.06,57.5,72743607.0
2025-09-05,57.5,58.06,57.03,57.9,55818427.0
2025-09-08,57.76,58.04,57.32,57.7,48773339.0
2025-09-09,57.76,58.29,57.55,58.0,51891144.0
2025-09-10,57.77,58.16,57.62,57.87,30846974.0
2025-09-11,57.9,58.69,57.6,58.69,59507207.0
2025-09-12,58.98,59.2,57.5,57.68,73537627.0
2025-09-15,57.65,57.99,57.09,57.33,54684242.0
2025-09-16,57.35,57.45,56.5,56.62,68571361.0
2025-09-17,56.66,56.97,56.45,56.57,68465187.0
2025-09-18,56.64,56.67,55.11,55.28,101207356.0
2025-09-19,55.29,56.0,55.0,55.1,54332111.0
2025-09-22,55.37,55.65,55.0,55.15,37443768.0
2025-09-23,55.03,55.79,54.74,55.02,61296096.0
2025-09-24,55.29,55.75,54.95,55.29,50317433.0
2025-09-25,55.28,55.39,55.03,55.09,51429616.0
2025-09-26,55.02,55.55,54.66,55.22,54862187.0
2025-09-29,55.18,57.32,55.03,56.01,103510992.0
2025-09-30,55.8,56.2,55.0,55.11,76708187.0
2025-10-09,55.04,55.28,54.25,55.04,82406748.0
2025-10-10,54.73,55.97,54.73,55.54,64146532.0
2025-10-13,54.51,55.33,54.51,55.1,60965598.0
2025-10-14,55.58,56.68,55.52,56.48,102294025.0
2025-10-15,56.48,57.97,56.3,57.81,83704628.0
2025-10-16,57.68,58.58,57.61,58.02,68147820.0
2025-10-17,58.0,58.48,57.17,57.28,67749281.0
2025-10-20,58.33,58.57,57.45,57.9,52669469.0
2025-10-21,57.93,58.92,57.93,58.08,76220049.0
2025-10-22,58.0,58.5,57.93,58.21,37989266.0
2025-10-23,58.22,58.87,58.09,58.75,50350104.0
2025-10-24,58.14,58.49,57.75,57.88,55824170.0
2025-10-27,58.0,58.39,57.5,57.75,68500438.0
2025-10-28,57.79,58.23,57.62,57.76,49130508.0
2025-10-29,58.6,59.7,58.49,58.95,104443161.0
2025-10-30,59.3,60.1,58.58,58.65,74571283.0
2025-10-31,58.99,58.99,57.8,57.83,57254154.0
2025-11-03,58.27,58.7,57.86,58.31,41143033.0
2025-11-04,58.35,59.13,58.2,58.94,51812600.0
2025-11-05,58.4,58.84,57.92,58.32,40215785.0
2025-11-06,58.35,59.28,58.34,58.9,54734599.0
2025-11-07,58.78,59.15,58.66,58.89,37191041.0
2025-11-10,58.85,59.4,58.44,59.3,52948721.0
2025-11-11,59.3,59.5,58.81,59.2,36250376.0
2025-11-12,59.3,60.79,59.3,60.03,149024584.0
2025-11-13,60.29,61.38,60.29,60.88,89018699.0
2025-11-14,60.85,62.27,60.65,60.65,75274101.0
2025-11-17,60.69,61.0,59.46,59.83,56019716.0
2025-11-18,59.67,60.15,59.48,59.62,44571218.0
2025-11-19,59.8,61.12,59.71,60.37,70586509.0
2025-11-20,60.6,61.15,60.03,60.2,39449064.0
2025-11-21,60.0,60.1,58.88,58.91,68557969.0
2025-11-24,59.16,59.2,58.35,58.4,53470919.0
2025-11-25,58.68,59.82,58.23,59.47,48777097.0
2025-11-26,59.66,60.22,59.32,59.78,43469273.0
2025-11-27,59.5,59.73,58.7,59.34,50570087.0
2025-11-28,59.21,59.29,58.51,58.99,43355814.0
2025-12-01,58.91,59.18,58.41,58.63,44580406.0
2025-12-02,58.8,59.4,58.45,58.8,37383734.0
2025-12-03,58.75,59.02,58.15,58.35,33549447.0
2025-12-04,58.35,58.55,58.21,58.55,21766366.0
2025-12-05,58.65,62.2,58.55,61.99,137794827.0
2025-12-08,62.04,63.8,62.0,63.4,102997868.0
2025-12-09,63.4,63.69,62.42,62.45,48373102.0
2025-12-10,62.66,63.06,62.13,62.55,44882218.0
2025-12-11,62.8,63.36,62.17,62.53,47796340.0
2025-12-12,62.56,64.09,62.41,63.91,109176025.0
2025-12-15,63.68,67.44,63.52,67.08,154664260.0
2025-12-16,66.71,68.11,66.16,67.0,105682134.0
2025-12-17,67.05,68.63,66.65,68.05,96211778.0
2025-12-18,67.88,68.58,67.59,68.5,56360590.0
2025-12-19,68.15,68.78,67.6,68.75,63847643.0
2025-12-22,68.7,69.27,68.2,68.54,55694201.0
2025-12-23,68.56,70.24,68.35,69.49,76571991.0
2025-12-24,69.17,69.38,68.35,69.03,51131950.0
2025-12-25,69.0,71.98,68.98,70.8,77789813.0
2025-12-26,70.44,71.96,70.43,71.16,65701677.0
2025-12-29,71.0,71.66,69.79,69.88,65566518.0
2025-12-30,69.75,70.23,68.39,68.8,104667372.0
2025-12-31,68.78,69.23,68.15,68.4,45806869.0
2026-01-05,69.2,73.0,69.2,72.36,122883100.0
2026-01-06,72.4,74.88,72.4,74.32,146851648.0
2026-01-07,73.89,74.7,73.29,73.45,91969506.0
2026-01-08,73.37,73.4,69.66,70.38,168539173.0
2026-01-09,70.6,71.28,68.24,69.0,206334825.0
2026-01-12,68.9,69.0,67.22,67.55,185166118.0
2026-01-13,67.8,69.98,67.78,68.2,150215050.0
2026-01-14,68.35,68.93,66.82,67.0,143110900.0
2026-01-15,66.9,68.38,66.69,67.41,106661426.0
2026-01-16,67.6,67.94,65.8,66.33,135609994.0
2026-01-19,66.28,66.95,65.91,66.3,83868106.0
2026-01-20,66.35,67.77,66.11,66.6,98849999.0
2026-01-21,66.64,67.18,65.65,65.85,93540213.0
2026-01-22,66.13,66.58,64.52,64.8,114392226.0
2026-01-23,65.2,65.48,63.66,63.9,140769883.0
2026-01-26,64.0,66.25,63.77,64.14,201384596.0
2026-01-27,64.31,66.35,64.27,65.31,150884105.0
2026-01-28,65.87,66.05,64.43,64.75,199285418.0
2026-01-29,65.03,68.03,64.53,68.0,275571332.0
2026-01-30,68.01,68.69,66.39,66.75,160322836.0
2026-02-02,66.35,68.33,65.73,66.02,135454854.0
2026-02-03,66.9,67.4,65.62,66.58,103322505.0
2026-02-04,66.45,67.45,66.23,67.4,87740307.0
2026-02-05,67.17,67.99,66.16,67.35,90819121.0
2026-02-06,66.88,67.61,66.42,66.9,74927488.0
2026-02-09,67.45,69.1,67.11,68.7,102123690.0
2026-02-10,68.71,68.8,67.8,68.19,54873478.0
2026-02-11,68.25,68.68,67.06,67.5,61803197.0
2026-02-12,67.6,67.68,66.35,66.54,64637155.0
2026-02-13,66.15,66.35,65.06,65.29,84077184.0
2026-02-24,65.77,66.25,64.37,64.5,80005314.0
2026-02-25,64.7,65.74,64.7,65.05,68355572.0
2026-02-26,65.5,65.53,63.29,63.5,103614642.0
2026-02-27,63.6,63.74,63.06,63.09,63301213.0
2026-03-02,62.41,63.11,61.7,62.35,101086184.0
2026-03-03,62.45,63.72,61.93,62.57,109553470.0
2026-03-04,62.2,62.56,60.65,61.79,100813361.0
2026-03-05,62.01,62.72,61.8,62.08,54636541.0
2026-03-06,61.79,63.35,61.66,62.67,57463292.0
2026-03-09,61.44,61.52,60.01,61.4,93036823.0
2026-03-10,61.86,62.38,61.72,62.09,46218362.0
2026-03-11,62.09,62.91,61.8,62.55,51727048.0
2026-03-12,62.15,62.43,61.22,61.6,66854186.0
2026-03-13,61.37,61.87,61.08,61.2,45804107.0
2026-03-16,61.2,61.36,60.1,60.48,81859571.0
2026-03-17,60.59,62.8,60.58,61.84,90184988.0
2026-03-18,61.87,62.32,61.5,61.89,49047083.0
2026-03-19,61.2,61.29,60.4,60.62,68472203.0
2026-03-20,60.8,60.9,59.7,59.74,62076703.0
2026-03-23,58.9,59.0,57.24,57.47,125382261.0
2026-03-24,58.0,58.34,57.5,58.12,68186982.0
2026-03-25,58.5,59.36,58.42,58.79,56238854.0
2026-03-26,58.78,58.78,56.53,56.8,101189634.0
2026-03-27,56.86,57.39,56.42,56.95,83437858.0
2026-03-30,56.34,56.55,55.84,56.33,73754441.0
2026-03-31,56.29,57.69,56.21,56.78,76411377.0
2026-04-01,57.58,58.29,57.54,58.18,68403496.0
2026-04-02,58.0,58.0,57.16,57.26,45979403.0
2026-04-03,57.58,57.77,57.24,57.25,34367765.0
2026-04-07,57.3,57.55,56.41,56.69,50385836.0
2026-04-08,58.0,59.65,58.0,59.45,112152704.0
2026-04-09,59.0,59.0,58.3,58.74,57020126.0
2026-04-10,59.0,59.84,58.78,58.82,63791249.0
2026-04-13,58.2,58.21,57.61,57.75,68454399.0
2026-04-14,58.23,59.2,58.13,58.97,67514220.0
2026-04-15,59.4,59.72,58.61,58.7,51371265.0
2026-04-16,58.71,59.03,58.25,58.52,54436786.0
2026-04-17,58.4,58.4,57.61,57.92,61232384.0
2026-04-20,57.87,58.67,57.74,58.54,63343688.0
2026-04-21,58.54,59.11,58.03,58.03,54402036.0
2026-04-22,58.03,58.6,57.65,58.03,57957025.0
2026-04-23,57.98,58.58,57.53,57.88,66117405.0
2026-04-24,57.71,57.97,57.06,57.78,55400204.0
2026-04-27,57.8,58.55,57.46,57.55,64067076.0
2026-04-28,57.47,58.11,57.2,57.63,62460231.0
2026-04-29,57.62,59.59,57.59,59.43,160931457.0
2026-04-30,59.12,60.6,59.12,59.37,106301044.0
2026-05-06,59.38,59.84,59.05,59.36,90508315.0
2026-05-07,59.6,61.11,59.6,60.04,131374821.0
2026-05-08,59.9,60.26,59.74,60.06,73204919.0
2026-05-11,59.78,60.55,59.26,60.1,96199074.0
2026-05-12,60.1,60.5,59.25,59.4,69000725.0
2026-05-13,59.32,59.62,57.63,58.04,103434508.0
2026-05-14,58.26,58.52,56.85,56.9,90718667.0
2026-05-15,56.98,57.14,55.29,55.5,118190376.0
2026-05-18,55.4,55.46,54.4,54.89,81041545.0
2026-05-19,55.01,55.21,54.12,54.48,83912239.0
2026-05-20,54.4,54.4,53.83,54.11,74388923.0
2026-05-21,54.45,55.33,53.68,53.76,103593084.0
2026-05-22,54.11,54.2,53.47,53.68,66969933.0
2026-05-25,53.83,54.98,53.58,54.22,86797664.0
2026-05-26,54.15,55.1,53.89,54.27,91000989.0
2026-05-27,54.28,54.29,53.06,53.27,86201148.0
2026-05-28,53.26,53.4,52.15,52.47,87560016.0
2026-05-29,52.59,53.68,52.51,53.5,100011258.0
2026-06-01,53.49,54.1,53.15,53.85,77530660.0
2026-06-02,53.86,54.55,53.62,54.08,78494104.0
2026-06-03,54.06,54.2,53.5,53.7,62506613.0
2026-06-04,53.61,54.08,53.04,53.23,57622588.0
2026-06-05,53.3,54.58,53.24,53.48,93716510.0
2026-06-08,53.06,53.96,52.9,53.38,72054031.0
2026-06-09,53.18,54.05,53.15,53.93,71003001.0
2026-06-10,52.25,53.48,52.1,53.22,90323526.0
2026-06-11,53.22,53.97,52.35,52.64,64764147.0
2026-06-12,52.46,54.24,52.11,54.01,110295254.0
2026-06-15,54.3,55.96,53.8,54.23,101057655.0
2026-06-16,53.99,54.09,52.75,52.99,81250790.0
2026-06-17,53.24,53.34,52.5,52.76,65390576.0
2026-06-18,52.59,52.64,49.37,49.38,217832108.0
2026-06-22,49.39,52.29,48.66,51.98,172497232.0
2026-06-23,51.46,52.43,50.11,50.4,122011590.0
2026-06-24,50.69,50.88,49.03,49.12,109415765.0
2026-06-25,48.75,50.46,48.56,49.3,121452277.0
2026-06-26,49.29,49.49,47.2,47.23,142644108.0
2026-06-29,47.3,48.87,46.9,48.6,108960939.0
2026-06-30,48.3,48.94,47.35,47.74,94981273.0
2026-07-01,47.6,50.09,47.19,49.53,138621666.0
2026-07-02,49.35,50.2,48.8,48.92,92012954.0
2026-07-03,49.5,49.78,48.31,49.09,80333122.0
2026-07-06,49.05,50.2,48.81,50.1,94495634.0
2026-07-07,49.93,50.22,49.17,49.29,69767509.0
2026-07-08,49.36,49.8,48.96,49.54,54099529.0
2026-07-09,49.26,49.61,48.91,49.49,66236870.0
2026-07-10,49.47,49.97,48.97,49.48,76494557.0
2026-07-13,49.36,49.73,49.11,49.53,71652351.0
2026-07-14,49.5,49.76,48.5,49.6,97987332.0
2026-07-15,49.58,51.2,49.45,50.95,128669396.0
2026-07-16,50.7,51.29,50.24,50.67,81279871.0
2026-07-17,50.66,51.45,50.58,50.7,107232650.0
2026-07-20,50.72,53.27,50.71,53.23,175445104.0
2026-07-21,53.68,54.65,52.51,52.89,159979523.0
2026-07-22,52.44,53.98,52.01,53.95,107427296.0
2026-07-23,53.8,54.59,53.45,54.3,73954738.0
2026-07-24,54.58,54.6,53.6,54.02,85262157.0
2026-07-27,54.27,54.27,53.03,53.41,65142408.0
2026-07-28,53.6,54.2,53.1,54.2,66081991.0
2026-07-29,54.47,54.7,53.71,54.3,87111948.0
2026-07-30,54.06,55.8,54.06,55.8,105845797.0
2026-07-31,54.91,55.03,54.2,54.9,105512965.0
2026-08-03,54.8,55.58,54.7,55.55,75469368.0
2026-08-04,55.35,55.39,53.88,53.93,91589525.0
2026-08-05,53.94,54.24,53.15,54.02,73396545.0
2026-08-06,54.0,54.21,53.16,53.5,66167463.0
2026-08-07,53.49,53.68,53.17,53.38,49863810.0
2026-08-10,53.28,53.66,53.2,53.32,59532320.0
2026-08-11,53.3,53.44,52.5,52.55,64689522.0
2026-08-12,52.5,52.92,52.21,52.6,53210420.0
2026-08-13,52.49,52.98,52.31,52.8,52400643.0
2026-08-14,52.67,52.77,51.75,51.75,64278752.0
2026-08-17,51.75,51.99,51.51,51.8,50214338.0
2026-08-18,51.8,51.84,51.17,51.32,57899967.0
2026-08-19,51.66,52.08,51.28,52.08,78982601.0
2026-08-20,51.85,52.15,51.6,52.14,49529546.0
2026-08-21,53.01,53.59,52.8,53.35,111599029.0
2026-08-24,53.34,55.22,53.3,54.92,130761445.0
2026-08-25,55.06,55.42,54.65,55.01,73929038.0
2026-08-26,54.87,56.38,54.66,56.13,105343675.0
2026-08-27,55.88,56.13,55.45,55.87,64656841.0
