date,open,high,low,close,volume
2020-01-02,104.5692876,109.4185607,104.5692876,108.73309954,5186092.0
2020-01-03,109.63003276,109.6737856,100.65340842,105.73603,9797576.0
2020-01-06,103.30045524,105.5901872,101.79098226,103.183781,5270416.0
2020-01-07,102.08996,102.81188186,100.44193636,100.5586106,5555554.0
2020-01-08,100.17212718,102.46915128,99.173104,101.13468966,5951108.0
2020-01-09,102.9650168,108.02576196,102.79729758,107.7778292,7462365.0
2020-01-10,109.00290872,116.0908688,106.0277156,113.99073248,8275650.0
2020-01-13,113.9761482,123.96638,111.98539398,122.05583932,7556048.0
2020-01-14,123.237166,124.34557128,115.95231814,121.37037816,5636619.0
2020-01-15,120.32031,129.800092,119.591096,129.1073387,6167442.0
2020-01-16,127.25513514,129.800092,125.4977294,126.7373932,3854646.0
2020-01-17,127.0290788,130.73348592,123.87887432,127.977057,3573192.0
2020-01-20,127.977057,139.45488536,125.8623364,137.456839,4773223.0
2020-01-21,135.64109614,144.36978772,134.08787032,134.175376,5214612.0
2020-01-22,130.529306,139.92887446,124.6226726,135.61192758,7681994.0
2020-01-23,132.716948,144.0926864,131.25852,135.3056577,7665182.0
2020-02-03,121.778738,128.341664,121.778738,121.778738,7318080.0
2020-02-04,124.0393014,133.9566118,124.0393014,133.9566118,6465182.0
2020-02-05,140.009088,144.384372,136.8370071,138.89339058,7227843.0
2020-02-06,136.72033286,145.2594288,134.72957864,144.53750694,5903192.0
2020-02-07,142.925944,144.96045106,139.28716614,142.36444922,5045658.0
2020-02-10,142.34986494,142.35715708,131.82730692,133.446162,7157942.0
2020-02-11,133.3732406,137.821446,132.11899252,136.5817822,4775663.0
2020-02-12,135.31294984,138.0037495,133.89827468,137.30370406,4566505.0
2020-02-13,138.53607572,146.572014,135.998411,143.91767504,8936059.0
2020-02-14,141.8685837,146.572014,136.363018,139.279874,7151343.0
2020-02-17,137.092232,141.467516,136.70574858,140.73100986,4724081.0
2020-02-18,139.99450372,142.925944,135.76506252,142.925944,7592946.0
2020-02-19,141.467516,149.48887,137.092232,140.45390854,10206501.0
2020-02-20,138.55066,149.18260012,138.55066,148.6138132,9049914.0
2020-02-21,145.8428,150.218084,144.5302148,145.85738428,8069612.0
2020-02-24,144.019765,160.44166428,143.66245014,160.44166428,11309205.0
2020-02-25,157.13832486,161.79071018,146.5355533,155.687189,12133246.0
2020-02-26,151.676512,154.593368,141.37271818,142.18214572,8670624.0
2020-02-27,142.19673,143.655158,131.71063268,133.56283624,9191566.0
2020-02-28,127.61245,134.90459,120.6484563,127.04366308,11486848.0
2020-03-02,131.25852,131.98044186,123.237166,123.90075074,9106222.0
2020-03-03,126.21235912,131.71063268,124.695594,127.3936858,8553492.0
2020-03-04,125.060201,126.7738539,116.67424,123.87887432,12337972.0
2020-03-05,126.883236,129.800092,121.049524,127.45931506,10834478.0
2020-03-06,124.94352676,128.341664,123.79866078,125.79670714,4563926.0
2020-03-09,123.1642446,123.1642446,113.21776564,113.23234992,8570836.0
2020-03-10,113.15213638,121.049524,110.84782014,118.7160392,10359978.0
2020-03-11,119.2994104,121.049524,116.21483518,116.3825544,5716460.0
2020-03-12,113.12296782,121.414131,112.7364844,119.591096,7575366.0
2020-03-13,112.1531132,121.47246812,111.6426634,118.61394924,6358970.0
2020-03-16,119.591096,119.591096,106.74963746,106.74963746,8538336.0
2020-03-17,105.73603,113.02817,99.18039614,106.74234532,6662640.0
2020-03-18,108.66747028,112.663563,104.277602,105.006816,6970433.0
2020-03-19,106.1370977,110.111314,103.19836528,109.15604366,6716119.0
2020-03-20,111.0592922,112.0437311,103.85465788,106.27564836,6359283.0
2020-03-23,103.02335392,104.90472604,97.72196814,99.173104,6848315.0
2020-03-24,102.06808358,102.08996,96.26354014,100.15025076,6248762.0
2020-03-25,105.73603,109.9654712,103.548388,108.4341218,8282015.0
2020-03-26,105.73603,107.194458,104.10988278,105.8818728,4613076.0
2020-03-27,107.4861436,110.840528,106.100637,108.8716502,5565141.0
2020-03-30,105.74332214,116.58673432,104.23384916,115.215812,9005454.0
2020-03-31,116.66694786,118.132668,110.111314,113.6844626,6619549.0
2020-04-01,111.43119134,117.75347672,111.43119134,113.74279972,5261987.0
2020-04-02,111.2780564,122.872559,110.88428084,121.16619824,7327969.0
2020-04-03,119.3723318,121.04223186,117.9868252,119.226489,3700398.0
2020-04-07,123.22987386,126.154022,119.3723318,121.03493972,4986886.0
2020-04-08,119.76610736,124.695594,119.74423094,122.20897426,3619847.0
2020-04-09,123.237166,123.9299193,117.403454,118.7524999,3514904.0
2020-04-10,118.91292698,119.4452532,112.31354028,113.392777,4678239.0
2020-04-13,112.52501234,113.75009186,107.10695232,107.94554842,4691374.0
2020-04-14,110.111314,114.71994648,108.652886,114.7053622,4504505.0
2020-04-15,117.86285882,124.60808832,113.99802462,120.82346766,7048868.0
2020-04-16,119.36503966,125.21333594,118.19100512,124.30911058,5179249.0
2020-04-17,126.2634041,133.74513974,126.2634041,128.1958212,6404038.0
2020-04-20,128.49479894,131.76167766,124.695594,130.529306,4715170.0
2020-04-21,130.37617106,130.37617106,123.3830088,125.25708878,5054754.0
2020-04-22,124.68100972,126.5915504,122.507952,124.695594,3915557.0
2020-04-23,124.695594,127.5395286,122.06313146,122.7631769,4345594.0
2020-04-24,126.883236,128.27603474,122.4714913,122.66837908,6815630.0
2020-04-27,122.66837908,122.66837908,117.768061,121.778738,5137207.0
2020-04-28,121.778738,130.893913,120.47344494,128.83752952,8076969.0
2020-04-29,126.79573032,132.352341,126.154022,130.15011472,4594985.0
2020-04-30,131.987734,142.3061121,131.53562132,141.81753872,7785985.0
2020-05-06,141.467516,154.5204466,141.1758304,152.70470374,9248901.0
2020-05-07,152.71199588,152.7338723,146.572014,151.81506266,5973795.0
2020-05-08,151.7494334,158.88114632,149.48887,152.38384958,5554972.0
2020-05-11,150.947298,153.499547,148.03773414,150.72124166,3839113.0
2020-05-12,151.676512,151.676512,147.30852014,150.9837587,4284783.0
2020-05-13,149.0878023,153.11306358,148.759656,152.01924258,4561485.0
2020-05-14,152.405726,157.145617,150.0722412,150.96188228,4998974.0
2020-05-15,152.405726,159.6249446,152.01924258,156.7080886,6718268.0
2020-05-18,156.69350432,158.23214586,141.3216732,141.5404374,12729568.0
2020-05-19,143.655158,146.87099174,140.009088,145.9157214,7863111.0
2020-05-20,144.04164142,145.9157214,133.43157772,137.821446,10214911.0
2020-05-21,136.8005464,138.98089626,134.40872448,136.1442538,6290511.0
2020-05-22,137.6391425,139.279874,133.081555,135.7796468,5468798.0
2020-05-25,134.90459,136.35572586,129.070878,131.987734,5487541.0
2020-05-26,135.633804,140.4101557,134.90459,140.009088,6378639.0
2020-05-27,139.12673906,139.7538631,131.5137449,134.1024546,6401663.0
2020-05-28,131.25852,134.1389153,128.56772034,133.21281352,5950530.0
2020-05-29,131.987734,133.86910612,129.435485,133.86910612,3944861.0
2020-06-01,136.363018,141.9050444,134.6493651,139.279874,8197782.0
2020-06-02,138.186053,138.4777386,134.539983,135.49525334,5013592.0
2020-06-03,135.90361318,138.02562592,131.987734,133.39511702,6349774.0
2020-06-04,132.35963314,133.35865632,130.893913,132.15545322,3579993.0
2020-06-05,131.623127,136.96826562,131.623127,135.998411,6293312.0
2020-06-08,139.26528972,139.26528972,132.92112792,133.4826227,4845748.0
2020-06-09,133.49720698,139.19966046,132.00231828,138.8058849,6112893.0
2020-06-10,137.092232,142.10922432,136.0713324,141.467516,5662317.0
2020-06-11,141.67169592,143.8010008,137.092232,138.55066,5425401.0
2020-06-12,132.35963314,140.009088,132.352341,138.23709798,4864844.0
2020-06-15,134.91188214,135.998411,131.25852,131.3679021,6752192.0
2020-06-16,133.43886986,133.810769,127.44473078,130.68244094,6599486.0
2020-06-17,130.66056452,131.22935144,128.02080984,131.1126772,3597944.0
2020-06-18,131.25122786,133.78889258,129.81467628,133.3367799,4925791.0
2020-06-19,134.175376,145.75529432,132.716948,144.2385292,9715512.0
2020-06-22,144.2385292,150.38580322,143.655158,147.7387564,7848841.0
2020-06-23,148.11794768,150.48789318,144.45000126,149.48157786,5994756.0
2020-06-24,146.572014,152.0046583,146.48450832,150.71394952,7226776.0
2020-06-29,149.33573506,149.853477,144.35520344,145.71883362,6214849.0
2020-06-30,147.301228,149.18260012,145.72612576,147.2647673,4345108.0
2020-07-01,148.030442,154.957975,147.80438566,151.44316352,6199410.0
2020-07-02,152.21613036,157.99150524,150.22537614,156.58412222,7331797.0
2020-07-03,156.09554884,157.28416766,146.6449354,151.96090546,7244517.0
2020-07-06,153.0984793,166.990006,153.0984793,166.8441632,9434834.0
2020-07-07,167.79943354,178.52617148,167.30356802,167.66817502,8803093.0
2020-07-08,166.8441632,171.36529,162.98662114,168.82033314,6305605.0
2020-07-09,169.3234908,176.56458582,169.3234908,175.62389976,5741245.0
2020-07-10,173.552932,179.2408012,171.9122005,177.928216,5498866.0
2020-07-13,178.89807062,180.845072,174.41340452,179.02932914,5651569.0
2020-07-14,176.33852948,184.3452992,174.03421324,182.0847358,8182655.0
2020-07-15,183.761928,183.761928,164.802364,168.14216412,9192694.0
2020-07-16,165.531578,169.3964122,151.676512,151.79318624,7707629.0
2020-07-17,154.31626668,164.83153256,152.405726,159.28221402,8260788.0
2020-07-20,164.5835998,164.79507186,150.57539886,158.74259566,6578023.0
2020-07-21,158.29048298,161.885508,155.36633484,157.28416766,5896977.0
2020-07-22,157.4373026,163.0522504,153.87144614,160.5000014,5396218.0
2020-07-23,158.06442664,160.85002412,152.96722078,156.051796,5078837.0
2020-07-24,154.644036,156.4676685,143.3375145,145.41645555,6815543.0
2020-07-27,149.19502209,150.50803749,141.76919055,143.702241,5479968.0
2020-07-28,146.97748497,147.1306701,143.45422698,145.77388752,3904884.0
2020-07-29,144.82559862,152.36814264,144.19097451,151.12077801,5786101.0
2020-07-30,151.71892947,153.42584949,147.35680053,148.3707402,4427451.0
2020-07-31,149.537865,152.44108794,146.01460701,150.00471492,5400536.0
2020-08-03,150.98947647,151.62410058,140.79172353,146.92642326,10477907.0
2020-08-04,145.8906,148.80111747,143.19891843,144.19097451,5694817.0
2020-08-05,150.267318,151.26666861,146.1094359,147.32762241,8280457.0
2020-08-06,146.620053,146.620053,142.243335,143.83354254,6438619.0
2020-08-07,142.83419193,144.78912597,134.48924961,137.70613734,6673959.0
2020-08-10,137.71343187,140.7114837,133.73061849,139.69754403,5083995.0
2020-08-11,140.054976,140.74066182,136.407711,136.407711,3620735.0
2020-08-12,137.137164,138.35535051,132.21335625,136.44418365,3945930.0
2020-08-13,137.11528041,137.77908264,133.3440084,133.46801541,3233137.0
2020-08-14,133.81085832,136.0429845,132.84068583,135.88250484,2891805.0
2020-08-17,136.67031408,137.12986947,132.09664377,134.00781063,5916046.0
2020-08-18,134.00781063,134.0734614,129.12047553,133.24188498,7656268.0
2020-08-19,133.24188498,142.0974444,132.6145554,136.6265469,9552147.0
2020-08-20,134.948805,135.00716124,130.03229178,133.489899,6799272.0
2020-08-21,138.69089889,140.054976,133.5628443,137.14445853,9334173.0
2020-08-24,135.13116825,138.96809103,129.3320169,137.61130845,8084716.0
2020-08-25,135.59072364,135.59072364,131.30154,131.42554701,7475686.0
2020-08-26,130.15629879,130.2073605,123.70063974,123.7152288,7331110.0
2020-08-27,121.87700724,127.39896645,120.41810124,125.41485429,5771165.0
2020-08-28,125.1011895,129.03294117,124.06536624,127.88040543,4570584.0
2020-08-31,127.654275,127.654275,122.2563228,122.42409699,10994122.0
2020-09-01,122.46056964,124.2258459,122.26361733,123.0587211,7474188.0
2020-09-02,122.548104,124.87505907,122.30738451,124.2987912,5839638.0
2020-09-03,123.6422835,136.63384143,122.2563228,135.76579236,15273855.0
2020-09-04,133.489899,138.9607965,132.67291164,136.4806563,15006681.0
2020-09-07,138.59607,139.325523,130.4261964,132.760446,12438305.0
2020-09-08,131.8851024,135.59072364,129.12047553,129.14965365,8355334.0
2020-09-09,124.81670283,129.10588647,121.76758929,124.96259343,7730486.0
2020-09-10,126.924822,130.88575179,125.465916,127.00506183,7547640.0
2020-09-11,127.09989072,138.71278248,127.09989072,136.93291716,14275128.0
2020-09-14,138.72737154,145.0882017,138.72737154,139.325523,15199091.0
2020-09-15,134.219352,140.55829857,132.760446,137.53106862,12479249.0
2020-09-16,137.56024674,143.59282305,136.68490314,142.88525364,11958408.0
2020-09-17,142.88525364,143.1916239,138.63983718,140.79172353,10576005.0
2020-09-18,141.59412183,144.32227605,137.71343187,139.9090854,11320490.0
2020-09-21,139.6902495,141.14186097,135.59801817,135.64178535,9124997.0
2020-09-22,134.37983166,138.1583982,133.89109815,135.37188774,8259206.0
2020-09-23,135.678258,136.3347657,132.6145554,134.7299691,7657710.0
2020-09-24,135.36459321,135.95545014,133.16164515,133.3440084,6729762.0
2020-09-25,133.2710631,133.74520755,126.91023294,127.58862423,10230276.0
2020-09-28,126.924822,129.82804494,126.02030028,127.8001656,5266069.0
2020-09-29,129.51438015,130.7909229,127.5083844,127.62509688,5020925.0
2020-09-30,129.10588647,131.6662665,127.8001656,129.38307861,6979638.0
2020-10-09,132.760446,135.64178535,132.760446,133.0522272,7954317.0
2020-10-12,134.19746841,139.68295497,133.89109815,139.63918779,14498776.0
2020-10-13,139.6902495,141.42634764,137.866617,140.17168848,9166901.0
2020-10-14,140.30299002,141.0032649,134.04428328,136.1888751,8427497.0
2020-10-15,137.137164,139.31093394,135.11657919,135.1676409,6573692.0
2020-10-16,136.7724375,140.054976,133.49719353,134.5840785,7531966.0
2020-10-19,135.88979937,136.3347657,130.82739555,131.28695094,6007193.0
2020-10-20,130.43349093,132.4686648,128.383728,131.9580477,5313853.0
2020-10-21,132.760446,132.760446,129.07670835,130.36784016,5108518.0
2020-10-22,129.113181,132.38842497,128.80681074,129.61650357,5073860.0
2020-10-23,129.4779075,131.2285947,123.95594829,125.6847519,4859843.0
2020-10-26,123.07331016,127.90958355,121.63628775,126.28290336,5012501.0
2020-10-27,124.736463,132.28630155,124.736463,132.2498289,6440868.0
2020-10-28,131.9580477,133.67226225,129.842634,131.41825248,5977489.0
2020-10-29,130.95140256,136.75784844,130.572087,134.4381879,10537241.0
2020-10-30,134.948805,147.15255369,134.94151047,144.44628306,23668577.0
2020-11-02,149.537865,158.88945246,145.89789453,158.88945246,18612387.0
2020-11-03,165.46911852,165.46911852,155.31513276,157.26277227,16480947.0
2020-11-04,158.20376664,159.33441879,150.96759288,153.914583,14067168.0
2020-11-05,159.1666446,159.80856324,153.10489017,156.102942,12355005.0
2020-11-06,155.9570514,161.20181847,152.47756059,159.97633743,17191989.0
2020-11-09,162.668019,175.97324172,162.668019,174.66752085,21034169.0
2020-11-10,169.233096,170.60446764,163.33182123,164.06127423,13750419.0
2020-11-11,157.561848,160.12222803,147.65587626,147.65587626,18005444.0
2020-11-12,149.08560414,152.22225204,146.31368274,148.93241901,9964256.0
2020-11-13,148.71358311,151.726224,144.6505299,147.19632087,9202956.0
2020-11-16,148.808412,148.808412,141.59412183,145.7447094,9971274.0
2020-11-17,145.75200393,147.96224652,138.60336453,147.8601231,12380112.0
2020-11-18,145.161147,151.41985374,142.98008253,147.74341062,9491162.0
2020-11-19,145.40186649,150.96029835,144.43898853,149.6837556,6447556.0
2020-11-20,148.99077525,150.8508804,146.620053,147.60481455,5062118.0
2020-11-23,143.17703484,147.37138959,139.5443589,146.2553265,9906551.0
2020-11-24,145.18303059,152.13471768,144.7964205,149.6837556,7407710.0
2020-11-25,151.726224,156.01540764,150.267318,153.1121847,8990413.0
2020-11-26,153.0392394,153.07571205,147.55375284,147.91118481,6230735.0
2020-11-27,148.35615114,151.5803334,146.63464206,150.1214274,4390158.0
2020-11-30,150.996771,157.15335432,148.23214413,157.15335432,10418104.0
2020-12-01,153.18513,158.24753382,152.80581444,158.20376664,6743329.0
2020-12-02,157.7806839,162.41271045,157.62749877,159.58243281,8449214.0
2020-12-03,161.18722941,161.938566,157.82445108,158.35695177,5260846.0
2020-12-04,157.561848,160.1149335,155.9570514,158.75815092,4895877.0
2020-12-07,161.209113,164.60106945,157.43784099,158.18917758,6068861.0
2020-12-08,157.561848,161.17993488,156.83968953,159.020754,5751273.0
2020-12-09,156.832395,161.5738395,155.34431088,158.38612989,7448758.0
2020-12-10,158.40071895,173.0991969,156.832395,169.53217173,14224180.0
2020-12-11,169.95525447,173.609814,166.76025033,169.78018575,14374621.0
2020-12-14,171.41416047,173.8286499,165.57853647,172.0050174,9148258.0
2020-12-15,172.0050174,177.89899764,164.40411714,166.6800105,9399091.0
2020-12-16,166.315284,168.1389165,161.77079181,166.4611746,6324718.0
2020-12-17,167.38028538,168.98508198,165.01685766,166.9717917,3884390.0
2020-12-18,169.95525447,172.38433296,167.78877906,169.962549,5653690.0
2020-12-21,168.27751257,169.962549,160.5526053,165.67336536,9729882.0
2020-12-22,163.7621985,164.10504141,153.53526744,155.19842028,11279745.0
2020-12-23,155.19842028,162.1574019,153.4039659,159.71373435,7839615.0
2020-12-24,161.209113,167.89090248,161.209113,167.78877906,6697766.0
2020-12-25,166.23504417,168.6495336,159.5313711,160.47966,5511629.0
2020-12-28,160.47966,165.52018023,158.7289728,163.31723217,5381370.0
2020-12-29,164.126925,166.72377768,160.8443865,161.7197301,4647285.0
2020-12-30,160.47966,166.12562622,159.76479606,165.86302314,5093389.0
2020-12-31,166.9717917,171.421455,164.68860381,168.5765883,7824929.0
2021-01-04,169.233096,169.84583652,164.13421953,167.81066265,8717340.0
2021-01-05,167.76689547,184.59537618,166.9717917,184.59537618,15532187.0
2021-01-06,193.305045,196.11343905,187.47671553,192.575592,17278593.0
2021-01-07,194.01261441,199.14796353,189.3659988,196.48546008,14019049.0
2021-01-08,197.59422864,199.52727909,187.5423663,194.034498,8708435.0
2021-01-11,203.1526605,212.8543854,198.411216,201.50409672,14912017.0
2021-01-12,198.49875036,210.95051307,198.49875036,210.95051307,11744029.0
2021-01-13,214.10904456,214.1674008,202.90464648,208.96640091,11153060.0
2021-01-14,212.270823,219.4194624,204.48026496,205.49420463,16005889.0
2021-01-15,211.54137,220.1489154,201.96365211,208.623558,15661948.0
2021-01-18,215.918088,229.4859138,213.729729,229.4859138,16540922.0
2021-01-19,229.04094747,236.7074985,225.28426452,229.69745517,16779012.0
2021-01-20,231.236601,234.87657147,225.400977,234.154413,10265404.0
2021-01-21,230.63844954,234.883866,225.96995034,233.1331788,9905954.0
2021-01-22,233.42496,239.260584,224.671524,235.2485925,10002138.0
2021-01-25,229.66098252,238.44359664,226.2033753,234.883866,11067820.0
2021-01-26,229.777695,230.507148,214.8239085,219.66747642,14956654.0
2021-01-27,224.671524,228.1728984,220.12703181,226.24714248,10720151.0
2021-01-28,223.942071,223.95666006,211.54137,211.6143153,11231360.0
2021-01-29,218.106447,219.19333197,206.55920601,211.22770521,8270918.0
2021-02-01,214.8968538,215.918088,207.3834879,209.74691562,6196484.0
2021-02-02,213.000276,220.294806,208.73297595,218.09185794,8518668.0
2021-02-03,218.8359,219.4924077,212.83979634,213.000276,6537889.0
2021-02-04,210.2283546,213.000276,198.411216,206.98228875,13498958.0
2021-02-05,206.9458161,212.18328864,205.90999284,207.9670503,6562562.0
2021-02-08,209.5718469,222.86977509,208.34636586,220.9513137,8108982.0
2021-02-09,222.5561103,224.671524,214.8968538,218.3982282,8746124.0
2021-02-10,218.41281726,227.589336,213.729729,221.00237541,8155988.0
2021-02-18,227.589336,236.342772,221.00237541,224.19008502,10888344.0
2021-02-19,224.3067975,225.400977,211.54866453,221.95795884,8068185.0
2021-02-22,222.483165,222.8478915,209.57914143,209.57914143,9307624.0
2021-02-23,202.787934,218.8359,202.058481,214.459182,6918414.0
2021-02-24,214.459182,221.6078214,208.2588315,211.54137,7055065.0
2021-02-25,211.9060965,218.4711735,207.90869406,208.2588315,5679424.0
2021-02-26,203.517387,213.000276,199.870122,206.42060994,6897825.0
2021-03-01,209.33842194,213.000276,207.164652,211.88421291,4727969.0
2021-03-02,216.647541,219.9300795,211.54137,215.188635,6523083.0
2021-03-03,214.39353123,216.75695895,207.95246124,216.66213006,5038255.0
2021-03-04,213.000276,215.83055364,198.62275737,201.31443894,9148508.0
2021-03-05,194.78583459,200.8184109,187.67366784,193.2320997,9867195.0
2021-03-08,195.493404,200.9643015,186.739968,188.0529834,8430030.0
2021-03-09,188.19157947,189.66507453,178.9348209,180.88975494,7205579.0
2021-03-10,187.52777724,190.387233,183.14376471,183.37718967,7042077.0
2021-03-11,184.15040985,196.95231,184.15040985,189.75260889,7667108.0
2021-03-12,191.88990618,191.97014601,185.14976046,188.57818956,4473543.0
2021-03-15,186.71808441,186.71808441,175.01036376,177.3300243,8254649.0
2021-03-16,177.89899764,182.88116163,177.4029696,180.94811118,6143435.0
2021-03-17,183.71273805,192.13062567,180.174891,188.3447646,5498704.0
2021-03-18,188.84079264,192.07956396,186.71808441,188.64384033,4143089.0
2021-03-19,187.8341475,191.9920296,185.67496662,188.51253879,4666637.0
2021-03-22,188.198874,188.198874,179.67156843,186.41171415,5260015.0
2021-03-23,189.2201082,189.42435504,181.99122897,184.96010268,3122977.0
2021-03-24,183.71273805,184.551609,179.2266021,179.2266021,3245803.0
2021-03-25,177.986532,187.469421,173.66817024,185.33212371,4978314.0
2021-03-26,187.63719519,190.37264394,185.281062,188.13322323,3966414.0
2021-03-29,190.18298616,195.52987665,190.03709556,191.7002484,4594122.0
2021-03-30,191.19692583,195.0557322,188.8553817,189.05233401,4901950.0
2021-03-31,191.12398053,191.5543578,185.87191893,187.26517416,2903498.0
2021-04-01,188.928327,202.40861844,187.00257108,199.3595049,7229113.0
2021-04-02,203.76540102,213.03674865,203.76540102,209.28736023,7602649.0
2021-04-06,212.270823,212.75226198,204.6845118,208.6965033,4311575.0
2021-04-07,214.459182,218.81401641,208.02540654,214.6050726,7933994.0
2021-04-08,211.54137,223.12508364,209.59373049,216.99038391,6220869.0
2021-04-09,216.95391126,218.6900094,212.62825497,213.81726336,3802050.0
2021-04-12,214.459182,220.31668959,208.99557903,211.35171222,5238114.0
2021-04-13,211.30794504,213.729729,206.74156926,209.8636281,5129266.0
2021-04-14,206.435199,209.1341751,200.6725203,206.32578105,5147825.0
2021-04-15,206.3622537,206.53732242,196.54381632,201.13937022,5441139.0
2021-04-16,204.976293,207.164652,201.62810373,204.09365487,4326278.0
2021-04-19,206.435199,215.188635,204.24684,213.91209225,7523754.0
2021-04-20,213.08051583,217.99702905,211.94986368,213.00757053,4117062.0
2021-04-21,211.54866453,214.5321273,210.72438264,212.8543854,3338151.0
2021-04-22,213.6567837,216.27551997,209.36760006,215.3345256,4083341.0
2021-04-23,217.0122675,223.92748194,214.84579209,217.7417205,6436029.0
2021-04-26,220.294806,223.69405698,212.46048078,212.46048078,4729786.0
2021-04-27,215.27616936,216.85178784,210.02410776,214.29870234,3930230.0
2021-04-28,216.55271211,219.9300795,213.17534472,218.07726888,3971368.0
2021-04-29,219.565353,226.7869377,217.48641195,222.42480876,5411808.0
2021-04-30,221.024259,225.31344264,218.16480324,220.66682703,4321491.0
2021-05-06,215.188635,220.28021694,211.73832231,213.83914695,5021591.0
2021-05-07,213.729729,215.918088,192.575592,192.76524978,10754608.0
2021-05-10,190.97808993,196.95231,190.387233,194.55970416,5478986.0
2021-05-11,189.3659988,197.95895514,182.88845616,197.64529035,8650562.0
2021-05-12,195.493404,196.09884999,186.3022962,194.63264946,7646232.0
2021-05-13,188.93562153,194.58888228,188.68031298,193.1591544,4354307.0
2021-05-14,194.763951,199.0677237,189.5118894,198.411216,5152531.0
2021-05-17,196.82830299,204.88875864,196.82830299,200.48286252,4733094.0
2021-05-18,200.3807391,202.4961528,197.08361154,197.81306454,2305622.0
2021-05-19,196.222857,202.18978254,194.5451151,202.18978254,4591753.0
2021-05-20,202.79522853,209.9365734,201.33632253,207.894105,4562415.0
2021-05-21,208.68191424,210.06787494,206.10694515,207.21571371,2955093.0
2021-05-24,207.164652,208.2588315,197.20032402,200.86947261,5083705.0
2021-05-25,202.90464648,216.93202767,200.97889056,215.29805295,7929183.0
2021-05-26,216.44329416,218.106447,211.9060965,212.26352847,3533526.0
2021-05-27,213.49630404,217.61771349,209.41136724,213.729729,6056204.0
2021-05-28,210.811917,215.918088,206.8728708,208.97369544,5978423.0
2021-05-31,210.82650606,219.55805847,210.4471905,219.55805847,8446415.0
2021-06-01,218.89425624,223.12508364,216.647541,219.565353,5721428.0
2021-06-02,221.58593781,221.753712,214.459182,217.376994,4627551.0
2021-06-03,217.2311034,217.36969947,207.17924106,208.98098997,5629789.0
2021-06-04,207.894105,213.000276,204.62615556,208.8423939,5264201.0
2021-06-07,211.33712316,215.188635,204.9033477,208.61626347,5620163.0
2021-06-08,209.4259563,209.91468981,202.11683724,203.517387,5002967.0
2021-06-09,203.58303777,207.14276841,202.2043716,205.54526634,3553663.0
2021-06-10,205.26077967,208.78403766,203.93317521,208.01811201,6082136.0
2021-06-11,208.623558,215.54606697,208.24424244,211.15475991,9281509.0
2021-06-15,210.70979358,220.93672464,209.2071204,219.565353,11748985.0
2021-06-16,221.18473866,221.3889855,204.01341504,204.1738947,8087743.0
2021-06-17,204.1738947,219.565353,202.5690981,216.17339655,12138720.0
2021-06-18,216.647541,217.36240494,195.91648674,199.25008695,22564780.0
2021-06-21,195.8581305,201.32173347,189.8766159,194.00531988,14052026.0
2021-06-22,196.20826794,200.599575,192.60477012,197.62340676,7459506.0
2021-06-23,199.140669,216.647541,198.97289481,213.72243447,14305588.0
2021-06-24,213.000276,214.8239085,207.90869406,210.79003341,7441707.0
2021-06-25,212.66472762,218.46387897,211.49030829,216.3557598,7693698.0
2021-06-28,216.27551997,217.65418614,212.270823,215.918088,7179232.0
2021-06-29,215.08651158,222.47587047,212.1249324,220.10514822,10184878.0
2021-06-30,221.251509,240.0907464,221.251509,235.125366,13927463.0
2021-07-01,239.506584,242.427396,233.83290669,238.046178,11302382.0
2021-07-02,235.125366,236.06732787,228.47321667,229.64154147,8733244.0
2021-07-05,233.65035594,242.94584013,233.0807976,240.36822354,10100277.0
2021-07-06,240.96699,247.43658858,229.41517854,234.77486856,10727978.0
2021-07-07,231.36482055,243.14299494,228.30526998,240.87936564,7703027.0
2021-07-08,242.96774622,251.920035,242.96774622,244.618005,7891474.0
2021-07-09,241.3320915,244.60340094,234.89170104,240.34631745,8472297.0
2021-07-12,242.427396,251.78859846,241.697193,249.40813668,8759539.0
2021-07-13,249.40813668,249.40813668,231.474351,239.506584,13541932.0
2021-07-14,238.046178,242.427396,234.6142239,235.9285893,6332949.0
2021-07-15,235.9285893,238.03887597,230.94860484,233.94243714,6176344.0
2021-07-16,235.9285893,238.4112795,227.2391736,227.4582345,5602213.0
2021-07-19,222.68270688,232.11692964,220.89370953,230.4520668,6071213.0
2021-07-20,229.80218613,232.73030016,224.902524,231.96358701,4651674.0
2021-07-21,232.94205903,240.87936564,230.744148,235.13997006,8561857.0
2021-07-22,234.56310969,234.67994217,221.251509,225.59621685,10300498.0
2021-07-23,224.902524,225.0485646,217.57858791,220.60893036,10189698.0
2021-07-26,222.70461297,224.16501897,205.88073585,212.05825323,11180887.0
2021-07-27,211.75887,232.92745497,211.75887,221.22960291,14336938.0
2021-07-28,216.140088,229.6488435,211.03596903,222.63159267,10181325.0
2021-07-29,228.553539,231.4013307,220.48479585,229.41517854,11246251.0
2021-07-30,224.96094024,226.69152135,218.35260309,220.58702427,9865214.0
2021-08-02,218.31609294,223.442118,213.13895367,217.95099144,9670073.0
2021-08-03,216.78266664,223.14273477,213.59167953,215.409885,8141201.0
2021-08-04,215.4829053,227.73571164,213.949479,226.36293,9130332.0
2021-08-05,221.99631606,240.14916264,221.99631606,234.45357924,8788218.0
2021-08-06,235.60729998,237.90743943,223.36179567,225.61082091,7409386.0
2021-08-09,223.442118,223.442118,210.79500204,212.67892578,11444810.0
2021-08-10,210.298464,213.219276,194.964201,202.996434,16950139.0
2021-08-11,201.536028,204.36921564,197.27894451,202.69705077,7796097.0
2021-08-12,202.79197716,208.9840986,200.075622,201.57253815,6828188.0
2021-08-13,200.03911185,200.805825,195.67979994,196.85542677,6264325.0
2021-08-16,195.694404,197.885013,191.7513078,193.8688965,7903185.0
2021-08-17,193.84699041,195.6213837,188.392374,191.0941251,6455451.0
2021-08-18,191.313186,193.41617064,187.0049883,191.07952104,7243157.0
2021-08-19,191.86083825,194.13907161,188.1002928,193.49649297,7082020.0
2021-08-20,193.41617064,195.5483634,186.68369898,188.6114349,6634170.0
2021-08-23,188.44348821,198.58600788,186.61067868,198.1770942,8759454.0
2021-08-24,199.345419,201.15632244,195.7674243,196.24935828,6936559.0
2021-08-25,199.90767531,199.90767531,188.2463334,189.27591963,9814436.0
2021-08-26,189.80166579,192.773592,187.662171,188.6114349,6733653.0
2021-08-27,186.931968,199.46955351,186.01921425,194.32162236,12801904.0
2021-08-30,195.7674243,198.23551044,191.00650074,195.08833551,8025110.0
2021-08-31,188.392374,189.80896782,176.00082909,176.77484427,16944265.0
2021-09-01,180.57189987,189.85278,178.169532,187.28246544,12929129.0
2021-09-02,187.28246544,191.1671454,173.06541303,176.3440245,12505727.0
2021-09-03,176.43895089,177.439329,168.3117915,169.7721975,9457575.0
2021-09-06,169.75029141,178.08190764,168.74261127,175.86209052,7037805.0
2021-09-07,176.38053465,180.46236942,173.43051453,179.27944056,5853984.0
2021-09-08,175.24872,182.4777297,173.4232125,177.49774524,8445849.0
2021-09-09,176.1979839,180.92969934,175.24872,179.49119943,5236189.0
2021-09-10,179.84169687,183.4269936,174.16071753,177.53425539,9650721.0
2021-09-13,175.28523015,178.899735,171.597705,173.31368205,8207589.0
2021-09-14,174.518517,175.4677809,170.23952742,171.5246847,7667285.0
2021-09-15,171.4516644,173.99277084,163.58007606,169.39979397,7334456.0
2021-09-16,169.99856043,171.0865629,164.66807853,165.756081,6592844.0
2021-09-17,167.99780421,175.16109564,167.99780421,175.11728346,8480866.0
2021-09-22,171.597705,177.87014877,170.92591824,175.0296591,6395742.0
2021-09-23,175.84018443,185.3985417,171.45896643,178.54193553,9860641.0
2021-09-24,175.978923,180.360141,174.518517,175.1026794,6374017.0
2021-09-27,177.439329,185.471562,176.13956766,182.55075,10537209.0
2021-09-28,180.11917401,184.011156,176.709126,179.4108771,6218796.0
2021-09-29,178.11111576,181.090344,175.29253218,178.15492794,4770305.0
2021-09-30,178.15492794,181.57227798,176.16877578,177.15454983,5356402.0
2021-10-08,178.169532,183.88702149,172.59808311,172.67840544,8593727.0
2021-10-11,172.32060597,178.38129087,170.867502,171.21069741,6408456.0
2021-10-12,167.99780421,171.10116696,164.1496344,165.2449389,7297871.0
2021-10-13,165.17922063,178.899735,161.7399645,176.72373006,8207760.0
2021-10-14,176.65070976,185.96079801,176.38783668,181.73292264,7209019.0
2021-10-15,180.360141,184.01845803,177.8044305,182.55075,6943739.0
2021-10-18,182.55075,182.55075,170.88940809,174.80329617,9829856.0
2021-10-19,174.35057031,182.54344797,172.75872777,180.52808769,7493659.0
2021-10-20,182.45582361,183.280953,178.2425523,179.30864868,4205541.0
2021-10-21,179.14800402,180.27251664,176.08845345,179.629938,3519673.0
2021-10-22,178.899735,186.60337665,178.3885929,184.20100878,7788878.0
2021-10-25,181.820547,184.741359,181.090344,182.52884391,5074022.0
2021-10-26,182.55805203,189.122577,182.55805203,187.36278777,7198656.0
2021-10-27,187.2240492,187.24595529,182.82822714,184.29593517,5197273.0
2021-10-28,184.74866103,196.9357491,183.92353164,192.773592,10086278.0
2021-10-29,192.043389,196.7897085,191.313186,194.233998,6160044.0
2021-11-01,194.24130003,199.26509667,191.06491698,197.0817897,7753213.0
2021-11-02,196.37349279,208.7650377,196.37349279,206.45759622,11793320.0
2021-11-03,206.45759622,206.647449,199.11175404,203.3615355,6855481.0
2021-11-04,203.5075761,207.63322305,202.09098228,203.44915986,4998788.0
2021-11-05,205.187043,211.028667,205.187043,207.28272561,6631831.0
2021-11-08,207.8157738,209.33459604,200.84233515,204.44953797,5653396.0
2021-11-09,202.996434,207.7427535,199.76893674,204.45684,5653542.0
2021-11-10,202.98913197,205.8442257,200.16324636,201.6820686,4054872.0
2021-11-11,200.34579711,203.71933497,195.9864852,200.42611944,7653232.0
2021-11-12,198.2501145,199.23588855,194.964201,198.78316269,5691077.0
2021-11-15,197.87771097,200.78391891,194.60640153,198.615216,4769917.0
2021-11-16,198.14058405,201.49951785,194.71593198,195.13214769,5583191.0
2021-11-17,194.8181604,196.68748008,191.51034081,193.48919094,4732712.0
2021-11-18,192.69326967,194.3800386,190.34201601,193.24092192,3701288.0
2021-11-19,192.9196326,196.87733286,191.32048803,196.424607,5102726.0
2021-11-22,197.15481,205.17974097,194.27781018,204.3838197,9116249.0
2021-11-23,204.3838197,206.64014697,200.9518656,204.37651767,6308472.0
2021-11-24,203.64631467,207.0125505,203.00373603,205.0410024,5737427.0
2021-11-25,205.16513691,210.78039798,203.33232738,206.3553678,6567426.0
2021-11-26,204.80733744,205.187043,197.6659521,199.58638599,5652470.0
2021-11-29,196.27126437,204.1647588,195.22707408,201.13441635,4240065.0
2021-11-30,202.266231,204.36191361,198.43996728,198.89269314,3952068.0
2021-12-01,197.5199115,200.67438846,193.4307747,194.92769085,4220257.0
2021-12-02,206.40648201,214.42411095,206.40648201,214.42411095,14229831.0
2021-12-03,214.3876008,228.4074984,212.49637503,221.79916125,21077245.0
2021-12-06,224.88791994,225.4136661,216.62202198,216.84838491,8706044.0
2021-12-07,221.79916125,222.711915,214.70158809,217.09665393,7681488.0
2021-12-08,219.0609,227.2391736,219.0609,226.35562797,10008552.0
2021-12-09,224.69076513,227.98398066,223.2230571,225.7787676,7142086.0
2021-12-10,225.38445798,225.38445798,216.870291,223.42751394,7194961.0
2021-12-13,221.981712,227.823336,221.34643539,224.08469664,6251757.0
2021-12-14,222.711915,225.2676255,219.88602939,223.71229311,3967430.0
2021-12-15,223.54434642,224.77108746,221.24420697,221.251509,3709939.0
2021-12-16,222.711915,229.76567598,221.25881103,222.33220944,4621419.0
2021-12-17,219.87142533,221.981712,212.74464405,213.0002151,6331913.0
2021-12-20,213.78153231,217.35222498,207.377652,209.87494626,6144575.0
2021-12-21,211.18931166,213.33610848,205.06290849,212.07285729,6361433.0
2021-12-22,212.91989277,227.50934871,212.91989277,223.23035913,7433319.0
2021-12-23,223.442118,226.0708488,220.43368164,223.39830582,4308407.0
2021-12-24,223.40560785,229.84599831,223.40560785,224.902524,5685612.0
2021-12-27,227.093133,235.0523457,226.36293,229.40057448,5084217.0
2021-12-28,230.75145003,232.91285091,225.54510264,226.36293,4814563.0
2021-12-29,228.59735118,229.283742,220.77687705,222.86525763,4229883.0
2021-12-30,220.521306,229.25453388,220.521306,226.42134624,5284513.0
2021-12-31,226.42864827,228.37098825,225.00475242,226.92518631,3338630.0
2022-01-04,228.96245268,229.8679044,219.06820203,226.66961526,5641449.0
2022-01-05,225.60351888,227.80873194,205.90994397,208.838058,9457027.0
2022-01-06,208.838058,209.56095897,198.71014239,203.726637,8496671.0
2022-01-07,203.726637,210.6635655,201.76969296,202.80658122,4701131.0
2022-01-10,200.805825,203.27391114,194.90578476,199.9295814,6239474.0
2022-01-11,199.7105205,202.25162694,192.79549809,193.85429244,4612182.0
2022-01-12,195.92806896,200.57216004,195.14675175,197.885013,4878640.0
2022-01-13,198.2501145,198.95110938,194.43845484,194.66481777,3544781.0
2022-01-14,191.14523931,207.13668501,191.14523931,202.30274115,5838675.0
2022-01-17,202.30274115,214.57015155,202.30274115,212.1969918,6725977.0
2022-01-18,211.75887,218.24307264,210.72198174,216.35184687,4274705.0
2022-01-19,213.949479,217.21348641,210.42990054,213.219276,5026208.0
2022-01-20,213.37992066,217.52017167,210.38608836,214.13202975,3958549.0
2022-01-21,211.06517715,215.65085199,207.29732967,208.26849966,4919767.0
2022-01-24,208.3269159,215.02287741,206.55982464,211.03596903,3305037.0
2022-01-25,210.298464,212.44526082,203.00373603,203.4345558,6045845.0
2022-01-26,203.05485024,204.8949618,198.58600788,201.81350514,5771614.0
2022-01-27,201.3899874,202.266231,190.67060736,191.6782875,9351299.0
2022-01-28,188.392374,194.71593198,184.011156,185.6176026,8193779.0
2022-02-07,189.85278,192.43039659,177.94316907,178.49812335,10649143.0
2022-02-08,178.43240508,179.30864868,167.94669,172.9120704,11571102.0
2022-02-09,173.70068964,175.16839767,166.02625611,169.57504269,10057615.0
2022-02-10,171.597705,172.45934454,169.1150148,169.38518991,7027122.0
2022-02-11,167.96129406,171.1595832,164.42711154,166.15769265,6406425.0
2022-02-14,164.295675,169.72838532,163.6384923,167.216487,5197757.0
2022-02-15,167.99780421,177.2202681,167.86636767,176.25640014,9005651.0
2022-02-16,177.439329,179.629938,175.1026794,175.24872,6214717.0
2022-02-17,173.7152937,179.629938,172.82444604,177.3663087,5936506.0
2022-02-18,175.978923,176.59959555,171.78025575,174.8105982,3867915.0
2022-02-21,173.788314,175.978923,171.597705,173.02160085,4517940.0
2022-02-22,172.327908,174.36517437,167.93208594,173.788314,7434701.0
2022-02-23,174.518517,183.280953,174.1534155,181.30210287,8209424.0
2022-02-24,181.090344,181.82784903,176.32211841,179.59342785,7303295.0
2022-02-25,183.8651154,184.741359,177.98698125,178.90703703,6307589.0
2022-02-28,178.899735,182.02500384,177.439329,179.49119943,4184905.0
2022-03-01,179.22102432,182.54344797,178.16222997,180.2141004,4821695.0
2022-03-02,178.169532,178.169532,173.7152937,175.24872,6874059.0
2022-03-03,177.0742275,177.61457772,171.14497914,172.327908,4643779.0
2022-03-04,170.21762133,176.77484427,169.56043863,170.96973042,4826176.0
2022-03-07,169.91093607,169.91093607,159.6953961,161.374863,8310858.0
2022-03-08,161.374863,166.39865964,159.68079204,161.43327924,7085354.0
2022-03-09,161.7399645,165.52971807,156.32916027,164.25186282,8839506.0
2022-03-10,169.407096,171.51738267,164.77760898,165.42018762,7218516.0
2022-03-11,160.65196203,165.2449389,157.98672108,162.19269036,6200649.0
2022-03-14,158.65120581,161.374863,151.152021,151.882224,9991044.0
2022-03-15,145.20086655,150.1297368,142.38228297,142.389585,13505694.0
2022-03-16,145.23007467,156.6285435,143.37535905,156.6285435,12630575.0
2022-03-17,162.105066,166.486284,160.8637209,163.6384923,13353459.0
2022-03-18,162.835269,165.01857597,161.06817774,163.76992884,6016000.0
2022-03-21,164.71189071,167.3625276,160.70307624,162.29491878,5859493.0
2022-03-22,162.2511066,165.20842875,160.3525788,161.11198992,4581233.0
2022-03-23,161.374863,162.46286547,157.723848,158.93598498,6359394.0
2022-03-24,157.723848,158.76073626,154.072833,155.08051314,6364628.0
2022-03-25,157.43906883,157.56320334,149.5455744,149.8376556,5157931.0
2022-03-28,147.501006,151.5171225,146.13552639,147.80038923,5804318.0
2022-03-29,148.23851103,149.66970891,142.5356256,143.65283619,6078242.0
2022-03-30,145.310397,146.47141977,139.0306512,144.66781836,8491048.0
2022-03-31,142.32386673,143.119788,138.008367,141.2212602,8993763.0
2022-04-01,140.929179,144.8722752,139.73164608,141.76891245,5008932.0
2022-04-06,142.389585,142.91533116,136.05142296,137.33658024,7612177.0
2022-04-07,136.68669957,139.8338745,133.60524291,133.86081396,6691825.0
2022-04-08,134.71515147,135.4526565,130.90349181,131.5825806,6389927.0
2022-04-11,131.60448669,131.60448669,123.41160903,124.4996115,10623110.0
2022-04-12,124.4996115,126.1060581,120.8485965,124.90122315,10296605.0
2022-04-13,124.13451,125.13488811,121.95120303,123.46272324,5776129.0
2022-04-14,124.99614954,128.38429146,120.52000515,125.90890329,9868666.0
2022-04-15,123.38240091,128.33317725,122.79823851,126.9823017,8002017.0
2022-04-18,125.70444645,133.7731896,125.23711653,133.41539013,10239074.0
2022-04-19,131.43654,131.43654,120.07458132,120.07458132,18753669.0
2022-04-20,118.18335555,120.25713207,116.36515008,116.6134191,10432913.0
2022-04-21,115.5911349,118.60687329,112.5973026,113.42243199,8632948.0
2022-04-22,111.05657427,113.53926447,108.7272267,108.800247,9595458.0
2022-04-25,107.339841,108.800247,100.84833633,100.92135663,10564897.0
2022-04-26,101.23534392,103.62310773,97.86180606,98.32913598,9121482.0
2022-04-27,98.80376793,108.16497039,98.67963342,108.16497039,13219460.0
2022-04-28,107.27412273,110.58194232,104.65999599,106.11309996,11841175.0
2022-04-29,108.16497039,111.23182299,105.88673703,109.8955515,13645034.0
2022-05-05,108.88787136,110.6257545,107.38365318,107.42016333,9134266.0
2022-05-06,104.86445283,106.0984959,102.34525248,102.34525248,7333324.0
2022-05-09,102.38176263,103.24340217,99.64350138,100.15464348,6848906.0
2022-05-10,99.307608,107.23761258,98.8694862,104.46284118,11647498.0
2022-05-11,104.79143253,114.91204611,103.9809072,111.40707171,15711630.0
2022-05-12,110.44320375,111.3559575,108.070044,109.63998045,9666960.0
2022-05-13,111.5019981,111.64073667,108.2160846,109.63998045,6260628.0
2022-05-16,110.6257545,113.53196244,107.76335874,108.06274197,7214106.0
2022-05-17,108.05543994,118.86974637,107.6319222,118.86974637,15765556.0
2022-05-18,120.483495,120.52000515,116.9785206,119.023089,15136029.0
2022-05-19,116.79596985,119.95774884,114.5688507,118.292886,11088284.0
2022-05-20,118.98657885,119.66566764,116.53309677,119.51232501,9952119.0
2022-05-23,123.404307,123.9884694,116.74485564,120.82669041,13981982.0
2022-05-24,119.753292,123.35319279,114.39360198,114.72949536,12278634.0
2022-05-25,113.9846883,116.6864394,111.5750184,113.17416297,8389033.0
2022-05-26,113.22527718,113.9846883,108.71992467,111.15150066,12099540.0
2022-05-27,112.8163635,115.64955114,108.82215309,109.03391196,11156629.0
2022-05-30,110.16572661,117.2706018,109.03391196,116.11688106,16225873.0
2022-05-31,116.83248,120.82669041,113.45894214,119.753292,14866798.0
2022-06-01,119.023089,121.6518198,117.56998503,119.023089,8949067.0
2022-06-02,118.89895449,127.02611388,117.94969059,125.77746675,13524522.0
2022-06-06,125.78476878,132.66328104,123.71099226,131.67750699,14126736.0
2022-06-07,131.8746618,132.07181661,124.14181203,125.39045916,14285770.0
2022-06-08,124.23673842,126.325119,121.943901,124.50691353,12156673.0
2022-06-09,124.05418767,124.11260391,118.5849672,119.70217779,10196471.0
2022-06-10,119.00848494,120.81938838,116.81787594,120.7755762,11947000.0
2022-06-13,118.8770484,120.76097214,117.54807894,118.48273878,8773990.0
2022-06-14,116.83248,116.83248,111.47278998,116.04386076,11441447.0
2022-06-15,116.82517797,119.95044681,116.102277,117.73793172,13024819.0
2022-06-16,117.8547642,121.64451777,117.1975815,118.0008048,11038602.0
2022-06-17,116.102277,117.47505864,113.4005259,117.11725917,14530548.0
2022-06-20,118.08112713,122.99539332,116.2483176,122.68870806,17271995.0
2022-06-21,122.68870806,122.68870806,118.62877938,119.62185546,14192424.0
2022-06-22,120.74636808,120.74636808,112.65571884,112.83826959,19144146.0
2022-06-23,112.1591808,113.911668,110.990856,113.6195868,16456693.0
2022-06-24,113.65609695,118.42432254,112.36363764,116.52579474,19512644.0
2022-06-27,118.16144946,123.41160903,117.562683,120.6295356,23959005.0
2022-06-28,121.77595431,130.98381414,116.64262722,127.06262403,27430937.0
2022-06-29,127.06992606,130.8523776,122.44043904,122.674104,27317355.0
2022-06-30,122.674104,127.76361891,122.06803551,126.34702509,17649612.0
2022-07-01,126.34702509,129.5380122,124.90122315,126.58069005,14883994.0
2022-07-04,122.64489588,122.64489588,118.25637585,119.86282245,21616873.0
2022-07-05,119.753292,121.5787995,116.102277,117.92048247,15493334.0
2022-07-06,117.83285811,123.70369023,117.2706018,119.15452554,20418644.0
2022-07-07,118.72370577,120.38126658,115.372074,116.9785206,15639753.0
2022-07-08,118.292886,121.18448988,117.0515409,117.74523375,14642764.0
2022-07-11,116.9785206,116.9785206,112.6703229,113.95548018,16641135.0
2022-07-12,113.20337109,114.2767695,109.1653485,109.24567083,15433897.0
2022-07-13,108.5081658,109.36980534,105.26606448,107.06966589,13137872.0
2022-07-14,106.13500605,108.800247,105.85022688,106.28104665,12209818.0
2022-07-15,106.1715162,108.98279775,104.82794268,105.86483094,12940410.0
2022-07-18,106.04007966,107.05506183,102.38176263,106.93822935,12156377.0
2022-07-19,106.87981311,107.58080799,104.6380899,105.71879034,8430847.0
2022-07-20,107.21570649,108.5081658,105.15653403,105.6603741,10185485.0
2022-07-21,105.14192997,110.12921646,103.70343006,108.73452873,17887922.0
2022-07-22,108.7272267,108.7272267,105.47052132,106.52201364,9522992.0
2022-07-25,106.61694003,107.21570649,104.0539275,104.2729884,6911110.0
2022-07-26,104.3460087,105.46321929,103.3237245,105.32448072,6877855.0
2022-07-27,105.149232,106.0254756,102.67384383,103.90058487,8573468.0
2022-07-28,105.26598965,109.0951031,104.98894785,106.71056475,13152728.0
2022-07-29,105.9684885,106.85898,103.8708863,104.07866765,11217301.0
2022-08-01,103.1584931,106.4434173,100.0120898,105.12746875,14485801.0
2022-08-02,103.1782818,106.2257416,101.68423495,103.02986655,13081038.0
2022-08-03,103.02986655,108.046302,103.02986655,106.13669245,18998658.0
2022-08-04,106.86887435,112.74611825,105.869545,112.5581256,24288494.0
2022-08-05,112.80548435,117.2282588,110.7969313,115.59569105,27285203.0
2022-08-08,115.6649515,116.2586125,110.81672,112.2810838,21664221.0
2022-08-09,110.90576915,112.79559,109.36225055,112.7560126,14676293.0
2022-08-10,110.81672,114.180799,109.7481302,109.77781325,12553430.0
2022-08-11,110.223059,117.8417085,109.93612285,117.742765,28576137.0
2022-08-12,113.2903075,114.972347,110.1834816,110.7375652,33593697.0
2022-08-15,109.20394095,110.17358725,106.27521335,106.61162125,20283044.0
2022-08-16,106.37415685,107.8879924,103.9896185,106.31479075,12094309.0
2022-08-17,105.85965065,107.3536975,104.484336,106.85898,11457040.0
2022-08-18,106.85898,107.79894325,105.68155235,106.96781785,10248151.0
2022-08-19,105.8299676,109.16436355,104.286449,104.33592075,12774595.0
2022-08-22,103.8708863,104.33592075,101.4962423,103.88078065,9411561.0
2022-08-23,103.36627445,104.4447586,100.6057508,101.16972875,13011232.0
2022-08-24,100.14071635,100.92237,94.0754798,94.16452895,27849012.0
2022-08-25,94.1744233,94.91649955,90.40467595,91.9185115,20971083.0
2022-08-26,92.83868605,92.9871013,90.93897085,91.1269635,11632660.0
2022-08-29,89.04915,91.98777195,88.3565455,90.6520347,11280475.0
2022-08-30,90.6124573,93.6994945,90.6124573,92.2747081,12449338.0
2022-08-31,91.7008358,92.809003,89.8011206,92.7496369,19177161.0
2022-09-01,92.0372437,92.8881578,89.444924,89.6230223,12050400.0
2022-09-02,89.43502965,90.85981605,88.4159116,88.92052345,9942942.0
2022-09-05,88.851263,88.86115735,85.5861275,87.5847862,14235228.0
2022-09-06,87.81235625,88.90073475,86.8526043,87.93108845,10309821.0
2022-09-07,87.861828,89.90995845,87.1890122,88.059715,14406496.0
2022-09-08,87.99045455,88.64348165,86.76355515,86.7734495,8656331.0
2022-09-09,86.8921817,88.14876415,85.4673953,87.9805602,12517770.0
2022-09-13,88.5742212,90.038585,88.04982065,88.1586585,9456721.0
2022-09-14,86.5755625,88.1982359,86.0610563,87.4066879,9064620.0
2022-09-15,88.04982065,88.059715,85.1111987,85.8235919,9817966.0
2022-09-16,85.0122552,85.85327495,82.8157095,82.8157095,11942788.0
2022-09-19,83.0333852,88.851263,82.82560385,85.289297,20272393.0
2022-09-20,85.487184,86.38756985,83.5874688,84.9331004,11000086.0
2022-09-21,84.86383995,85.09141,80.342122,84.101975,16360385.0
2022-09-22,83.20158915,85.06172695,81.727331,82.123105,14542522.0
2022-09-23,82.123105,82.9542304,79.8474045,81.13367,13440305.0
2022-09-26,79.99581975,83.3895818,79.99581975,82.66729425,13552808.0
2022-09-27,82.6969773,84.05250325,81.9845841,84.0030315,9808040.0
2022-09-28,83.79525015,84.7550021,81.7075423,81.75701405,9935327.0
2022-09-29,82.716766,83.0135965,80.29265025,80.6191638,10381147.0
2022-09-30,80.6191638,81.3117683,79.2537435,79.28342655,8710171.0
2022-10-10,79.1548,79.1548,73.9503719,74.09878715,14151677.0
2022-10-11,74.1878363,76.45364245,73.7129075,74.7023425,11892265.0
2022-10-12,74.3857233,76.03807975,71.96160755,75.93913625,19276706.0
2022-10-13,75.19706,77.2352961,74.999173,75.6917775,11613179.0
2022-10-14,76.6812125,80.3619107,76.09744585,79.54067965,16159407.0
2022-10-17,78.72934295,80.5993751,78.363252,79.95624235,11074458.0
2022-10-18,80.342122,80.6389525,78.82828645,79.52089095,8097203.0
2022-10-19,79.16469435,79.8671932,78.2643085,78.363252,8538205.0
2022-10-20,78.0862102,81.51954965,77.0769865,79.30321525,18519206.0
2022-10-21,79.0360678,79.0360678,77.1363526,77.4925492,12404416.0
2022-10-24,77.97737235,79.6495175,74.67265945,75.1574826,13840139.0
2022-10-25,74.81118035,75.64230575,73.42597135,73.99984365,10137891.0
2022-10-26,74.2274137,77.0769865,73.2379787,75.8500871,12836628.0
2022-10-27,76.186495,77.40350005,74.5044555,75.04864475,12692676.0
2022-10-28,74.5044555,75.790721,70.71491945,70.9424895,15439726.0
2022-10-31,65.9359484,73.99984365,65.9359484,72.59484595,23365705.0
2022-11-01,73.12914085,76.0677628,72.2485437,76.0281854,16067729.0
2022-11-02,75.54336225,78.3434633,75.30589785,77.4529718,12306912.0
2022-11-03,76.77026165,78.956913,76.73068425,78.51166725,13150877.0
2022-11-04,78.165365,81.47997225,78.1455763,80.7774734,15660347.0
2022-11-07,80.144235,82.716766,79.9661367,81.22271915,17243813.0
2022-11-08,81.1534587,81.87574625,79.42194745,80.09476325,9355552.0
2022-11-09,80.09476325,80.49053725,78.7392373,79.1350113,6777805.0
2022-11-10,78.6600825,79.7682497,77.2748735,77.9476893,8463746.0
2022-11-11,81.727331,83.6072575,80.144235,80.23328415,17218286.0
2022-11-14,80.92588865,82.914653,79.4912079,79.8276158,12449367.0
2022-11-15,80.0255028,87.81235625,79.550574,87.81235625,22093122.0
2022-11-16,88.9304178,90.5728799,86.3380981,87.23848395,28671521.0
2022-11-17,86.86249865,89.3459805,84.27017895,88.851263,25246123.0
2022-11-18,87.7628845,88.1388698,84.1415524,84.497749,20710581.0
2022-11-21,84.101975,85.10130435,82.9542304,84.32954505,11246684.0
2022-11-22,84.101975,84.78468515,81.67785925,81.99447845,15136009.0
2022-11-23,82.123105,82.9938078,80.6389525,81.727331,9110239.0
2022-11-24,82.123105,82.914653,80.737896,80.92588865,9702216.0
2022-11-25,81.22271915,82.6178225,80.23328415,80.3816994,8591059.0
2022-11-28,79.14490565,79.14490565,77.2748735,78.165365,12821556.0
2022-11-29,78.165365,80.49053725,77.75969665,80.2629672,11153334.0
2022-11-30,80.2629672,81.8064858,79.8078271,80.43117115,8508115.0
2022-12-01,81.87574625,83.22137785,81.28208525,81.32166265,12124046.0
2022-12-02,80.6587412,82.123105,80.6587412,80.92588865,7293975.0
2022-12-05,80.3223333,81.925218,80.3223333,81.22271915,10109779.0
2022-12-06,81.04462085,85.685071,80.64884685,84.9726778,20636965.0
2022-12-07,84.2009185,84.5966925,83.11254,83.26095525,12283176.0
2022-12-08,83.11254,83.6072575,81.93511235,82.15278805,9127059.0
2022-12-09,82.6969773,84.101975,82.2022598,83.8051445,13080826.0
2022-12-12,83.706201,87.5649975,82.4793016,86.09073935,18633517.0
2022-12-13,85.5861275,85.8631693,84.101975,84.6560586,9110984.0
2022-12-14,87.3671105,87.663941,83.59736315,83.6864123,15021374.0
2022-12-15,83.08285695,86.674506,82.5386677,84.74510775,12386160.0
2022-12-16,84.101975,84.101975,82.2022598,82.35067505,9702064.0
2022-12-19,82.1033163,83.11254,80.49053725,80.8170508,8152734.0
2022-12-20,80.41138245,82.518879,80.41138245,81.06440955,6789750.0
2022-12-21,80.78736775,82.123105,79.6495175,80.05518585,7011540.0
2022-12-22,80.45095985,80.8566282,78.9371243,79.1745887,7058845.0
2022-12-23,78.3830407,79.946348,77.8289571,78.25441415,7141913.0
2022-12-26,78.2247311,80.342122,78.21483675,79.83751015,5132961.0
2022-12-27,79.7682497,79.8474045,78.8579695,79.6495175,5321809.0
2022-12-28,79.550574,79.550574,75.8698758,76.7010012,11021159.0
2022-12-29,76.4833255,78.8183921,76.03807975,77.0967752,8619823.0
2022-12-30,77.48265485,78.6600825,76.0677628,76.27554415,8178178.0
2023-01-03,76.186495,76.69110685,74.4846668,76.67131815,8637047.0
2023-01-04,76.186495,77.6706475,76.186495,77.06709215,9739101.0
2023-01-05,77.40350005,79.4516305,76.978043,78.6600825,10259878.0
2023-01-06,78.956913,82.50898465,78.29399155,80.70821295,13758863.0
2023-01-09,81.0149378,83.508314,80.94567735,82.1428937,11863704.0
2023-01-10,82.4595129,86.6547173,82.1626824,84.58679815,16456673.0
2023-01-11,84.58679815,86.080845,82.6178225,82.6178225,11228610.0
2023-01-12,83.08285695,83.69630665,82.123105,82.86518125,6223952.0
2023-01-13,82.4397242,83.6072575,82.2220485,83.47863095,5934545.0
2023-01-16,80.47074855,91.82946235,80.15412935,90.28594375,48075390.0
2023-01-17,90.02869065,94.16452895,89.81101495,92.017455,25846320.0
2023-01-18,92.017455,93.5016075,90.7905556,92.1955533,14183072.0
2023-01-19,92.1955533,97.05367915,91.7404132,96.42044075,22901189.0
2023-01-20,96.49959555,96.9448413,95.0055487,95.5596323,13909628.0
2023-01-30,99.8142028,99.8142028,94.34262725,95.2825905,18022709.0
2023-01-31,95.2825905,96.4699125,93.03657305,93.1651996,14630094.0
2023-02-01,92.32417985,94.8670278,92.32417985,93.8182267,10280088.0
2023-02-02,93.996325,95.92572325,93.6797058,94.0952685,11806223.0
2023-02-03,93.39276965,94.9066052,91.7206245,93.07615045,11357734.0
2023-02-06,93.07615045,93.4818188,90.8499217,91.39411095,9704524.0
2023-02-07,92.5913273,92.7100595,90.7311895,91.6612584,7822171.0
2023-02-08,91.9185115,93.00689,90.62235165,90.7311895,7569920.0
2023-02-09,90.06826805,93.996325,89.45481835,93.996325,15134925.0
2023-02-10,93.8973815,94.4910425,92.4330177,93.00689,10535284.0
2023-02-13,92.54185555,94.46135945,92.06692675,93.402664,9249381.0
2023-02-14,93.402664,94.8274504,92.1559759,92.87826345,8665877.0
2023-02-15,92.93762955,93.996325,92.1361872,93.47192445,7578522.0
2023-02-16,93.45213575,94.89671085,89.49439575,90.62235165,14714314.0
2023-02-17,90.4145703,91.01812565,86.86249865,86.9515478,14649396.0
2023-02-20,86.86249865,89.0293613,86.1599998,88.64348165,8355215.0
2023-02-21,88.64348165,89.49439575,87.5649975,88.28728505,7108289.0
2023-02-22,87.9211941,88.4752777,87.17911785,87.47594835,5130962.0
2023-02-23,87.268167,88.34665115,86.872393,87.1098574,6719250.0
2023-02-24,87.9607715,88.40601725,86.09073935,86.1402111,6118038.0
2023-02-27,85.5861275,86.1402111,83.8051445,84.54722075,9372775.0
2023-02-28,84.90341735,85.35855745,83.34011005,85.04193825,7540999.0
2023-03-01,85.0518326,86.05116195,84.64616425,85.6257049,10470423.0
2023-03-02,86.278732,87.3868992,85.1111987,85.20024785,10152181.0
2023-03-03,86.2193659,87.7826732,84.5966925,85.685071,12559507.0
2023-03-06,85.69496535,86.07095065,83.9436654,85.09141,8615072.0
2023-03-07,84.893523,85.3882405,82.5782451,82.5782451,9344270.0
2023-03-08,82.320992,83.77546145,82.123105,83.2510609,5844734.0
2023-03-09,83.3697931,84.5175377,82.4001468,82.4793016,8613174.0
2023-03-10,82.11321065,82.9542304,80.96546605,80.98525475,8961699.0
2023-03-13,80.6983186,82.0043728,80.13434065,81.9054293,6705283.0
2023-03-14,81.9054293,83.8645106,80.54990335,83.2906383,12404426.0
2023-03-15,83.32032135,84.5373264,82.72666035,83.310427,8790629.0
2023-03-16,82.8157095,84.9331004,82.716766,83.1323287,13799729.0
2023-03-17,83.95355975,84.2009185,81.8460632,82.62771685,13250017.0
2023-03-20,82.5782451,86.5755625,81.13367,86.0610563,18755405.0
2023-03-21,86.0610563,86.32820375,85.1111987,85.93242975,8661239.0
2023-03-22,86.18968285,86.74376645,85.49707835,86.38756985,8450831.0
2023-03-23,85.95221845,91.0873861,85.882958,91.02802,24040539.0
2023-03-24,90.3354155,93.4818188,89.53397315,92.85847475,20279630.0
2023-03-27,92.7100595,93.00689,88.5544325,88.56432685,17318059.0
2023-03-28,88.3169681,88.6335873,86.6942947,86.82292125,9681497.0
2023-03-29,86.82292125,90.9488652,86.6547173,89.0095726,15513761.0
2023-03-30,89.37566355,91.57220925,88.9897839,89.4053466,13536517.0
2023-03-31,89.4053466,90.9884426,88.653376,90.1375285,9547709.0
2023-04-03,91.02802,93.01678435,90.84002735,92.9079465,18752425.0
2023-04-04,93.00689,96.83600345,92.32417985,94.5701973,22691960.0
2023-04-06,93.996325,104.0291959,93.1454109,100.0318785,37521623.0
2023-04-07,101.0213135,103.3365914,97.954065,102.4263112,27556888.0
2023-04-10,111.3114375,112.66696345,104.77127215,106.35436815,57357015.0
2023-04-11,104.77127215,108.98626525,102.97050045,106.84908565,27428400.0
2023-04-12,106.661093,109.44140535,104.39528685,107.848415,23048021.0
2023-04-13,108.83785,110.420946,100.2297655,102.0107485,28483398.0
2023-04-14,102.90124,105.26598965,98.3696277,105.0977857,27977174.0
2023-04-17,104.05887895,105.2165179,101.94148805,102.49557165,20728687.0
2023-04-18,100.95205305,103.5938445,99.932935,103.099127,17548154.0
2023-04-19,108.0265133,110.17358725,103.14859875,103.3168027,34728743.0
2023-04-20,101.58529145,103.94014675,100.23965985,102.02064285,20932697.0
2023-04-21,101.4170875,101.4170875,94.0952685,94.2140007,24540790.0
2023-04-24,94.2140007,94.8868165,89.7219658,90.4739364,23813414.0
2023-04-25,90.08805675,92.017455,87.663941,89.57355055,16495908.0
2023-04-26,89.07883305,89.63291665,86.476619,87.49573705,18620565.0
2023-04-27,86.7734495,89.9396415,86.30841505,89.2866144,17135043.0
2023-04-28,88.26749635,90.9092878,88.20813025,90.28594375,12040329.0
2023-05-04,89.5636562,92.017455,88.46538335,91.21601265,12969494.0
2023-05-05,90.8697104,92.017455,89.7021771,90.36509855,8420483.0
2023-05-08,90.038585,91.9185115,89.5438675,90.30573245,7230179.0
2023-05-09,90.3749929,92.0768211,89.13819915,90.64214035,10902324.0
2023-05-10,90.6124573,91.61178665,88.34665115,89.9396415,8686769.0
2023-05-11,90.5135138,91.86903975,89.3261918,89.3459805,6157458.0
2023-05-12,89.33608615,90.58277425,88.36643985,88.5544325,6409710.0
2023-05-15,88.56432685,89.642811,88.059715,89.5438675,5565181.0
2023-05-16,89.5636562,92.017455,89.247037,91.29516745,10919276.0
2023-05-17,91.4435827,94.7482956,91.37432225,94.7285069,12295827.0
2023-05-18,95.49037185,95.5596323,93.6203397,94.392099,8570039.0
2023-05-19,95.5002662,97.6968119,94.3525216,96.63811645,12972956.0
2023-05-22,97.162517,97.6968119,95.56952665,96.49959555,6854729.0
2023-05-23,97.62755145,97.62755145,93.996325,94.18431765,6536872.0
2023-05-24,93.3828753,96.4699125,93.3432979,94.95607695,5780705.0
2023-05-25,95.6585758,96.5490673,93.996325,95.82677975,5725505.0
2023-05-26,95.82677975,97.01410175,94.44157075,95.0847035,6758496.0
2023-05-29,96.08403285,98.61698645,95.579421,96.4699125,9349199.0
2023-05-30,95.975195,96.8458978,94.0952685,96.5094899,6972756.0
2023-05-31,96.5094899,99.4382175,95.72783625,98.83466215,9477748.0
2023-06-01,98.39931075,99.8933576,97.4989249,98.4487825,7492830.0
2023-06-02,98.5279373,99.30959095,96.4699125,97.6374458,6110720.0
2023-06-05,97.360404,98.93360565,96.4699125,96.8063204,5615597.0
2023-06-06,96.04445545,96.08403285,93.600551,93.9567476,8904453.0
2023-06-07,93.8973815,95.86635715,93.45213575,94.3723103,4576597.0
2023-06-08,94.787873,94.787873,91.94819455,92.95741825,6371973.0
2023-06-09,92.7100595,94.99565435,92.06692675,94.99565435,8389929.0
2023-06-12,94.4514651,95.6783645,93.9567476,94.6295634,5707294.0
2023-06-13,94.6691408,99.40853445,94.34262725,98.7060356,10176638.0
2023-06-14,98.93360565,99.9131463,98.18163505,99.42832315,6613065.0
2023-06-15,99.92304065,100.130822,97.8353328,98.9039226,5527218.0
2023-06-16,99.141387,99.88346325,97.64734015,99.56684405,5372248.0
2023-06-19,99.4382175,103.12881005,98.49825425,102.0107485,10111946.0
2023-06-20,101.74360105,102.90124,101.120257,101.7930728,5829045.0
2023-06-21,101.1004683,101.78317845,98.9435,99.4184288,7545785.0
2023-06-26,98.6070921,101.0806796,97.4989249,99.72515365,6656431.0
2023-06-27,100.4276525,101.90191065,98.745613,98.9435,5825556.0
2023-06-28,98.9435,99.40853445,96.1532933,96.53917295,7380575.0
2023-06-29,96.96463,98.3300503,96.0741385,97.0635735,5315503.0
2023-06-30,96.73705995,97.74628365,96.44022945,97.0042074,3967690.0
2023-07-03,96.2720255,98.63677515,96.08403285,98.0530085,5367211.0
2023-07-04,98.151952,104.88011,95.29248485,102.0107485,14733679.0
2023-07-05,101.911805,103.0001835,101.1994118,101.8128615,5274306.0
2023-07-06,101.42698185,105.18683485,100.92237,104.63275125,9772445.0
2023-07-07,104.5832795,106.35436815,103.38606315,104.0687733,9051426.0
2023-07-10,104.1875055,106.661093,104.1875055,105.87943935,9633668.0
2023-07-11,105.869545,110.19337595,105.473771,109.95591155,14500399.0
2023-07-12,110.025172,111.608268,106.11690375,106.82929695,11718461.0
2023-07-13,106.85898,107.73957715,105.82007325,106.661093,12494819.0
2023-07-14,106.1663755,107.1558105,104.5634908,105.4144049,10925590.0
2023-07-17,100.92237,101.6149745,98.7654017,101.1994118,18621481.0
2023-07-18,101.2587779,103.297014,101.16972875,103.02986655,10663011.0
2023-07-19,103.0199722,104.7415891,100.87289825,102.77261345,8076367.0
2023-07-20,102.45599425,103.297014,100.04177285,100.18029375,5803620.0
2023-07-21,100.130822,100.8234265,99.15128135,99.56684405,5566193.0
2023-07-24,98.99297175,100.526596,98.547726,100.1110333,3868491.0
2023-07-25,101.09057395,102.1888468,99.78451975,101.84254455,7198407.0
2023-07-26,101.84254455,101.84254455,100.1110333,100.39796945,4912577.0
2023-07-27,101.1400457,102.1888468,99.34916835,99.90325195,4786542.0
2023-07-28,99.36895705,100.92237,98.10248025,100.65522255,6668602.0
2023-07-31,100.6552531,102.17028052,100.2096568,101.5959564,6471328.0
2023-08-01,101.61576068,102.95254958,101.0513387,102.5366597,4651283.0
2023-08-02,102.26930192,105.31916104,101.87321632,104.59630482,9410116.0
2023-08-03,104.3190449,106.57673282,103.17039666,106.08162582,6714869.0
2023-08-04,106.93320986,107.933326,101.992042,102.1900848,9146036.0
2023-08-07,101.7939992,103.55658012,101.496935,103.45755872,4200091.0
2023-08-08,103.1307881,104.6656198,102.982256,103.3783416,3678134.0
2023-08-09,102.6356811,104.10119782,102.03165056,102.61587682,3603637.0
2023-08-10,102.61587682,103.5763844,101.67517352,102.36832332,2534674.0
2023-08-11,102.39802974,102.7842132,99.79376692,99.80366906,4737680.0
2023-08-14,99.0214,99.65513696,97.8331432,99.0214,4453797.0
2023-08-15,99.0214,99.1204214,89.11926,91.25812224,22530482.0
2023-08-16,89.9114312,91.48587146,86.52489932,87.1883427,16200577.0
2023-08-17,87.633939,88.4756209,86.643725,87.138832,9960642.0
2023-08-18,87.71315612,88.25777382,85.36634894,87.36658122,8049074.0
2023-08-21,86.42587792,87.36658122,85.71292384,86.26744368,5672338.0
2023-08-22,87.11902772,90.3075168,86.18822656,89.12916214,8786460.0
2023-08-23,89.12916214,89.53514988,87.71315612,87.74286254,5123591.0
2023-08-24,88.04982888,89.08955358,87.4358962,88.01022032,5136809.0
2023-08-25,87.00020204,89.10935786,86.4951929,88.30728452,5780599.0
2023-08-28,94.07033,94.07033,86.643725,87.3368748,9151826.0
2023-08-29,86.8912785,90.09957186,86.86157208,89.35691136,8006416.0
2023-08-30,90.87193878,92.0403913,90.109474,90.81252594,8449665.0
2023-08-31,90.67389598,91.82254422,90.0104526,91.11949228,4761377.0
2023-09-01,91.47596932,91.60469714,88.80239152,89.48563918,4120223.0
2023-09-04,90.42634248,91.55518644,89.4163242,91.5452843,5254453.0
2023-09-05,92.089902,92.7335411,91.11949228,91.88195706,5004796.0
2023-09-06,91.42645862,93.2781588,91.099688,93.13952884,5664320.0
2023-09-07,92.8820732,93.45639732,92.089902,92.2384341,4747503.0
2023-09-08,92.089902,92.57510686,91.28782866,91.45616504,2957536.0
2023-09-11,90.92144948,92.81275822,90.92144948,92.089902,3670519.0
2023-09-12,92.089902,92.57510686,90.9016452,92.0403913,2366537.0
2023-09-13,91.594795,93.36727806,91.45616504,92.66422612,5707565.0
2023-09-14,92.64442184,93.13952884,89.83221408,90.58477672,4535158.0
2023-09-15,90.58477672,92.71373682,88.89151078,92.54540044,7049284.0
2023-09-18,92.4859876,94.05052572,91.594795,93.8722872,7871799.0
2023-09-19,95.060544,95.555651,93.24845238,95.060544,8458235.0
2023-09-20,95.93193232,95.94183446,92.62461756,92.66422612,4865540.0
2023-09-21,93.01080102,93.20884382,91.099688,91.099688,4228777.0
2023-09-22,91.30763294,95.8527152,90.81252594,95.24868466,7130079.0
2023-09-25,95.8527152,95.8527152,93.78316794,93.9713086,6089264.0
2023-09-26,93.7732658,94.4169049,92.25823838,92.61471542,4177033.0
2023-09-27,92.26814052,93.9713086,91.81264208,92.07009772,4576824.0
2023-09-28,92.089902,93.18903954,91.6938164,92.14931484,4567918.0
2023-10-09,92.15921698,95.44672746,92.089902,94.4169049,6586679.0
2023-10-10,94.4169049,98.56590156,94.07033,97.536079,8737222.0
2023-10-11,98.031186,100.81368734,97.13009126,100.49681886,13342308.0
2023-10-12,100.49681886,101.8435099,99.516507,100.91270874,9080067.0
2023-10-13,100.21955894,102.982256,100.03141828,101.9425313,9809881.0
2023-10-16,101.9425313,102.96245172,99.16002996,99.23924708,8650033.0
2023-10-17,99.70464766,100.72456808,98.53619514,100.12053754,6035074.0
2023-10-18,100.00171186,101.20977294,98.83325934,100.10073326,6804577.0
2023-10-19,100.011614,101.1998708,99.40758346,99.516507,6078039.0
2023-10-20,99.18973638,99.516507,97.86284962,97.96187102,7904094.0
2023-10-23,98.54609728,99.516507,96.92214632,98.1302074,6266614.0
2023-10-24,99.0214,99.38777918,96.7439078,99.05110642,8205262.0
2023-10-25,99.05110642,101.88311846,97.77373036,101.16026224,9611013.0
2023-10-26,101.001828,101.992042,98.04108814,98.3777609,9985704.0
2023-10-27,97.95196888,101.8930206,97.9321646,101.496935,10179641.0
2023-10-30,107.438219,111.57731352,107.05203554,110.0127754,33777158.0
2023-10-31,111.6961392,113.76568646,108.3294116,109.23050634,17406220.0
2023-11-01,108.10166238,108.75520362,104.8636626,104.92307544,16652744.0
2023-11-02,104.09129568,107.1906655,103.477363,103.95266572,18545566.0
2023-11-03,103.97247,106.42820072,103.95266572,105.34886746,20958547.0
2023-11-06,107.51743612,112.5873318,107.51743612,109.9632647,29550030.0
2023-11-07,109.913754,114.75590046,108.69579078,111.65653064,22536162.0
2023-11-08,111.06240224,112.2902676,110.33954602,110.8049466,13423546.0
2023-11-09,110.77524018,110.93367442,108.8245186,109.32952774,10798553.0
2023-11-10,108.92354,109.913754,107.933326,108.5274544,5318879.0
2023-11-13,108.5274544,109.90385186,106.71536278,107.13125266,8358195.0
2023-11-14,106.77477562,108.45813942,106.45790714,107.1411548,5942355.0
2023-11-15,109.39884272,109.43845128,107.26988262,107.91352172,6348755.0
2023-11-16,107.55704468,107.933326,105.5073017,105.5568124,6209133.0
2023-11-17,105.3587696,107.0421334,105.0617054,105.952898,5018302.0
2023-11-20,105.73505092,105.93309372,102.47724686,103.11098382,11949934.0
2023-11-21,103.11098382,103.84374218,102.12076982,102.77431106,7795643.0
2023-11-22,101.95243344,103.45755872,101.72468422,102.81391962,9368227.0
2023-11-23,102.8832346,103.81403576,102.18018266,102.66538752,7343769.0
2023-11-24,102.29900834,103.477363,102.00194414,102.5366597,7851205.0
2023-11-27,101.42762002,106.943112,101.1503601,106.61634138,10881441.0
2023-11-28,105.43798672,105.43798672,100.33838462,103.35853732,15102927.0
2023-11-29,106.943112,107.933326,106.1509408,107.16095908,15362677.0
2023-11-30,106.58663496,107.8838153,105.4082803,107.18076336,7023439.0
2023-12-01,106.85399274,108.89383358,105.18053108,108.428433,8331693.0
2023-12-04,108.7254972,108.7750079,106.62624352,107.41841472,6016700.0
2023-12-05,106.68565636,106.7450692,103.97247,104.16061066,7747426.0
2023-12-06,104.05168712,104.55669626,103.04166884,103.477363,6160258.0
2023-12-07,103.14069024,103.33873304,101.76429278,102.2891062,7310843.0
2023-12-08,102.6851918,106.2499622,101.18006652,106.2499622,15917612.0
2023-12-11,103.477363,106.1509408,101.61576068,105.87368088,9461968.0
2023-12-12,105.57661668,107.80459818,103.6754058,106.5470264,5983835.0
2023-12-13,106.52722212,108.90373572,105.83407232,106.76487348,6562906.0
2023-12-14,106.76487348,108.6264758,106.13113652,107.34909974,6333355.0
2023-12-15,107.8838153,109.6662005,106.5470264,107.46792542,6195854.0
2023-12-18,106.86389488,107.32929546,104.64581552,105.26965034,5098523.0
2023-12-19,105.03199898,108.21058592,104.5665984,107.22037192,4659357.0
2023-12-20,107.933326,108.21058592,106.2499622,107.25998048,4178141.0
2023-12-21,106.943112,108.24029234,105.7548552,107.66596822,5139770.0
2023-12-22,107.9828367,108.30960732,105.97270228,107.62635966,4315346.0
2023-12-25,106.943112,108.50765012,106.32917932,108.28980304,3204913.0
2023-12-26,108.4779437,108.4779437,104.69532622,105.42808458,5637967.0
2023-12-27,104.5665984,106.58663496,104.29924062,106.0024087,5400110.0
2023-12-28,106.1014301,108.92354,105.66573594,107.7847939,7848154.0
2023-12-29,107.96303242,108.5274544,105.22013964,105.66573594,9750462.0
2024-01-02,105.6558338,105.94299586,101.992042,101.992042,8447082.0
2024-01-03,101.001828,101.8435099,97.7836325,97.96187102,10764800.0
2024-01-04,98.20942452,98.41736946,95.555651,97.20930838,6661578.0
2024-01-05,96.8429292,99.27885564,95.9517366,96.70429924,6940316.0
2024-01-08,95.555651,97.03106986,93.07021386,93.38708234,8323431.0
2024-01-09,94.07033,95.1595654,92.81275822,94.07033,7286889.0
2024-01-10,93.78316794,94.34758992,92.2879448,92.65432398,5215633.0
2024-01-11,92.089902,93.94160218,92.07999986,93.575223,6170857.0
2024-01-12,92.99099674,94.4169049,92.75334538,93.46629946,5220203.0
2024-01-15,92.089902,94.07033,91.60469714,92.55530258,7125623.0
2024-01-16,92.2879448,92.585009,88.13894814,89.05984716,15885996.0
2024-01-17,88.9212172,89.59456272,87.9805139,88.0300246,8259938.0
2024-01-18,87.138832,90.92144948,86.9407892,90.74321096,11465655.0
2024-01-19,90.74321096,91.56508858,88.2280674,89.87182264,9790865.0
2024-01-22,89.87182264,90.2580061,86.43578006,88.3765995,10069392.0
2024-01-23,87.47550476,87.5349176,85.81194524,86.3961715,9297482.0
2024-01-24,87.41609192,89.0202386,86.16842228,88.4261102,10898896.0
2024-01-25,88.65385942,91.97107632,87.7824711,91.6938164,12498130.0
2024-01-26,90.604581,91.6938164,88.63405514,89.1687707,11782817.0
2024-01-29,89.11926,90.604581,88.129046,88.26767596,8300478.0
2024-01-30,87.15863628,89.50544346,86.45558434,87.0398106,9082190.0
2024-01-31,86.92098492,87.5349176,84.42564564,85.4059575,8841736.0
2024-02-01,84.9603612,84.98016548,82.06893632,83.4750402,12490498.0
2024-02-02,83.4750402,83.9701472,76.43461866,79.1180986,13224186.0
2024-02-05,79.0190772,79.70232486,75.19685116,78.44475308,12821185.0
2024-02-06,78.44475308,83.4255295,77.236692,83.25719312,11640552.0
2024-02-07,83.98995148,85.7525324,82.6333583,85.02967618,10668815.0
2024-02-08,81.70255714,86.41597578,81.692655,86.33675866,11540523.0
2024-02-19,88.0300246,88.0300246,83.38592094,84.8118291,9872480.0
2024-02-20,84.15828786,84.34642852,81.00940734,83.75230012,9408107.0
2024-02-21,82.8809118,85.74263026,82.07883846,84.42564564,10082317.0
2024-02-22,83.96024506,86.70313784,83.8711258,86.21793298,7595588.0
2024-02-23,86.45558434,87.2378534,85.158404,86.41597578,6418636.0
2024-02-26,86.75264854,88.5746423,86.28724796,87.2378534,6684591.0
2024-02-27,86.643725,89.5153456,85.71292384,89.4658349,10344460.0
2024-02-28,89.3173028,91.5452843,86.7427464,86.8417678,10412196.0
2024-02-29,86.148618,95.060544,86.02979232,95.060544,18196504.0
2024-03-01,95.060544,95.39721676,92.16911912,93.11972456,17689130.0
2024-03-04,93.8722872,95.51604244,91.6938164,93.23855024,13136682.0
2024-03-05,93.575223,97.4865683,93.10982242,95.060544,17412394.0
2024-03-06,94.12974284,95.1595654,91.47596932,93.33757164,11402129.0
2024-03-07,93.2781588,94.5159263,91.1987094,91.50567574,8123091.0
2024-03-08,91.594795,93.2781588,90.68379812,93.00089888,6242761.0
2024-03-11,92.54540044,94.6644584,91.90176134,94.34758992,8375320.0
2024-03-12,94.35749206,97.44695974,93.58512514,95.2585868,10476547.0
2024-03-13,95.58535742,96.80332064,94.7634798,95.10015256,14277527.0
2024-03-14,94.38719848,94.94171832,91.9908806,92.7830518,10521692.0
2024-03-15,92.50579188,93.2781588,91.81264208,92.8820732,9683557.0
2024-03-18,93.63463584,99.6155284,93.63463584,99.0709107,19556511.0
2024-03-19,98.48668444,102.3386169,98.2292288,99.82347334,17355072.0
2024-03-20,98.9223786,100.56613384,97.3380362,99.10061712,10096074.0
2024-03-21,99.6155284,101.1503601,98.39756518,98.69462938,7589365.0
2024-03-22,98.526293,99.8135712,97.40735118,97.7836325,9129225.0
2024-03-25,99.01149786,99.4174856,96.28840936,96.3973329,9030252.0
2024-03-26,97.39744904,97.90245818,95.43682532,95.87251948,7913675.0
2024-03-27,95.87251948,98.526293,95.555651,96.45674574,9918066.0
2024-03-28,95.9517366,100.78398092,95.83291092,97.536079,11803016.0
2024-03-29,97.60539398,98.33815234,94.6644584,97.44695974,6515359.0
2024-04-01,98.9223786,100.26906964,96.9419506,99.5660177,7763306.0
2024-04-02,99.5660177,99.8135712,95.89232376,96.4468436,8893347.0
2024-04-03,96.3973329,98.3282502,94.35749206,96.02105158,8614141.0
2024-04-08,95.68437882,96.545865,93.51581016,93.575223,7923581.0
2024-04-09,94.07033,94.5159263,92.96129032,94.2683728,5197133.0
2024-04-10,94.1693514,95.03083758,92.3869662,94.7139691,7805381.0
2024-04-11,94.68426268,97.1399934,93.6742444,95.5061403,7618230.0
2024-04-12,95.18927182,96.53596286,93.96140646,94.10003642,5727288.0
2024-04-15,93.575223,96.1497794,93.2781588,95.34770606,6650182.0
2024-04-16,95.060544,95.9517366,93.20884382,93.29796308,5288338.0
2024-04-17,94.07033,98.526293,93.7732658,98.1302074,9944921.0
2024-04-18,98.44707588,99.01149786,96.82312492,96.87263562,7017981.0
2024-04-19,95.060544,95.9517366,87.35667908,92.39686834,15705955.0
2024-04-22,91.099688,93.95150432,89.94113762,93.59502728,8764788.0
2024-04-23,93.575223,94.39710062,91.23831796,92.36716192,5105025.0
2024-04-24,92.41667262,93.05040958,90.52536388,91.8918592,6179939.0
2024-04-25,91.8918592,93.575223,90.66399384,92.96129032,6517983.0
2024-04-26,92.11960842,95.76359594,92.11960842,95.76359594,8876585.0
2024-04-29,100.8037852,101.85341204,99.2194428,101.62566282,15761902.0
2024-04-30,101.31869648,102.5861704,100.08092898,100.6057424,10123446.0
2024-05-06,101.992042,104.6656198,100.72456808,102.02174842,14160001.0
2024-05-07,101.98213986,104.467577,101.27908792,102.92284316,8220256.0
2024-05-08,103.3288309,103.5763844,101.6949778,101.91282488,5725374.0
2024-05-09,101.91282488,102.94264744,100.52652528,102.37822546,5970407.0
2024-05-10,103.30902662,105.07160754,102.11086768,102.5861704,8035875.0
2024-05-13,102.0910634,104.2200235,101.01173014,102.75450678,6087617.0
2024-05-14,102.56636612,104.22992564,102.487149,103.58628654,5389338.0
2024-05-15,102.7842132,104.467577,101.1998708,101.22957722,5463287.0
2024-05-16,101.22957722,101.98213986,98.9223786,99.20954066,10128394.0
2024-05-17,99.1699321,99.516507,97.37764476,98.44707588,8034872.0
2024-05-20,97.86284962,98.4272716,96.70429924,97.11028698,7241100.0
2024-05-21,96.80332064,98.25893522,96.55576714,97.87275176,6258209.0
2024-05-22,97.8331432,97.95196888,95.94183446,97.040972,5951448.0
2024-05-23,97.03106986,97.2390148,94.6644584,95.060544,9830796.0
2024-05-24,95.05064186,95.05064186,92.585009,92.67412826,6846394.0
2024-05-27,92.7830518,93.51581016,90.8521345,93.080116,8800913.0
2024-05-28,93.09992028,94.1198407,91.85225064,92.4859876,9224589.0
2024-05-29,92.39686834,93.28806094,91.70371854,92.42657476,6807110.0
2024-05-30,92.0403913,94.48621988,91.099688,94.13964498,12559175.0
2024-05-31,94.07033,94.32778564,92.8820732,93.10982242,7780644.0
2024-06-03,93.15933312,95.8032045,93.01080102,95.6051617,11452298.0
2024-06-04,95.09025042,96.5953757,94.67436054,96.3478222,7804123.0
2024-06-05,96.45674574,100.00171186,96.23889866,99.43728988,11348133.0
2024-06-06,100.69486166,100.99192586,98.9223786,99.19963852,8313078.0
2024-06-07,99.3184642,100.88300232,98.31834806,99.16002996,7120944.0
2024-06-11,98.5758037,100.17995038,98.3282502,99.01149786,10186270.0
2024-06-12,99.23924708,101.66527138,98.8728679,99.6155284,13583501.0
2024-06-13,99.70464766,103.1802988,99.70464766,101.2988922,15565507.0
2024-06-14,101.12065368,103.44765658,100.53642742,101.48703286,19412402.0
2024-06-17,102.15047624,103.63579724,101.496935,102.96245172,12901652.0
2024-06-18,103.28922234,104.8636626,102.64558324,103.7744272,12837083.0
2024-06-19,103.75462292,103.9229593,101.6949778,102.45744258,10918143.0
2024-06-20,102.3881276,103.63579724,101.2493815,102.1900848,9905209.0
2024-06-21,101.2988922,102.8832346,99.94229902,102.8832346,11908022.0
2024-06-24,102.87333246,103.75462292,101.5959564,102.15047624,8606861.0
2024-06-25,101.71478208,101.87321632,97.9321646,98.9223786,8890038.0
2024-06-26,99.43728988,99.64523482,97.040972,99.1699321,8871230.0
2024-06-27,98.70453152,100.77407878,97.9321646,98.11040312,8596930.0
2024-06-28,97.95196888,99.68484338,97.7836325,98.39756518,10378887.0
2024-07-01,98.031186,99.1699321,96.3973329,98.05099028,5470584.0
2024-07-02,97.46676402,98.20942452,95.6546724,95.83291092,6659673.0
2024-07-03,96.03095372,97.52617686,94.92191404,96.50625644,5611078.0
2024-07-04,96.40723504,99.29865992,96.09036656,96.91224418,8501255.0
2024-07-05,96.7934185,97.0904827,94.2188621,96.72410352,6777352.0
2024-07-08,102.982256,102.982256,99.64523482,100.59584026,19793238.0
2024-07-09,100.3086782,102.64558324,99.59572412,102.6356811,18045668.0
2024-07-10,101.7939992,103.86354646,101.09094726,103.41795016,14219891.0
2024-07-11,104.42796844,105.83407232,102.76440892,104.21012136,15056843.0
2024-07-12,103.477363,108.92354,102.77431106,107.81450032,17352005.0
2024-07-15,107.80459818,110.27023104,106.1509408,107.61645752,11428172.0
2024-07-16,107.1411548,110.09199252,106.943112,109.3691363,13002949.0
2024-07-17,109.418647,110.408861,108.26999876,108.29970518,10333592.0
2024-07-18,105.96280014,108.29970518,104.8636626,107.933326,13540742.0
2024-07-19,106.93320986,110.8544573,106.5965371,110.0127754,13995769.0
2024-07-22,109.89394972,110.07218824,107.79469604,108.63637794,10834631.0
2024-07-23,108.4779437,108.59676938,103.59618868,103.80413362,11065090.0
2024-07-24,103.79423148,105.34886746,101.67517352,102.15047624,9246898.0
2024-07-25,102.08116126,102.86343032,100.56613384,101.992042,7112249.0
2024-07-26,101.992042,103.26941806,101.01173014,102.91294102,6371513.0
2024-07-29,102.487149,103.86354646,100.4572103,100.71466594,8245325.0
2024-07-30,100.47701458,100.6552531,98.75404222,99.7145498,8059980.0
2024-07-31,99.4174856,102.57626826,98.8233572,101.96233558,10799899.0
2024-08-01,102.49705114,102.76440892,99.54621342,100.9028066,11913063.0
2024-08-02,99.0214,100.3581889,97.75392608,98.04108814,10194205.0
2024-08-05,97.040972,98.1797181,93.66434226,93.66434226,16062250.0
2024-08-06,95.060544,95.555651,92.41667262,94.00101502,11746352.0
2024-08-07,93.95150432,93.99111288,91.62450142,91.6443057,9453608.0
2024-08-08,91.099688,92.56520472,89.7133884,91.1491987,10070731.0
2024-08-09,92.585009,92.82266036,91.17890512,91.26802438,9252493.0
2024-08-12,91.12939442,91.594795,90.26790824,91.42645862,5929033.0
2024-08-13,91.62473363,92.6263678,91.26771551,92.6263678,7691339.0
2024-08-14,93.0230546,93.40982423,92.0313376,92.37843855,9263289.0
2024-08-15,92.37843855,93.7172565,91.3371357,91.98175175,10277924.0
2024-08-16,91.69415382,91.69415382,90.49417625,90.69251965,8122820.0
2024-08-19,90.3454187,91.08920645,88.47107357,88.9570149,11517646.0
2024-08-20,90.37517021,93.27098385,88.80825735,91.51564476,18661826.0
2024-08-21,91.1387923,92.8247112,90.0479036,92.19001232,12610950.0
2024-08-22,92.19001232,92.19001232,89.44295623,90.39500455,10588427.0
2024-08-23,89.79997435,90.4445904,89.06610377,89.73055416,6634686.0
2024-08-26,89.74047133,90.1470753,87.47935657,88.3619847,9405746.0
2024-08-27,87.28101317,88.22314432,86.20004164,86.55705976,10028767.0
2024-08-28,86.279379,87.40993638,85.29757917,87.1719243,7385171.0
2024-08-29,87.0727526,87.94546356,85.71410031,86.84465769,8033117.0
2024-08-30,86.74548599,90.39500455,86.5768941,89.78014001,13971747.0
2024-09-02,89.5520451,89.5520451,85.6843488,85.6843488,11361255.0
2024-09-03,85.5851771,87.51902525,85.42650238,86.83474052,7526032.0
2024-09-04,85.09923577,86.32896485,84.295945,85.91244371,5470768.0
2024-09-05,85.8826922,86.72565165,84.80172067,86.61656278,6335976.0
2024-09-06,86.45788806,86.63639712,84.77196916,84.80172067,5905180.0
2024-09-09,84.295945,86.15045579,84.17693896,85.53559125,6472996.0
2024-09-10,85.00006407,85.95211239,83.98851273,85.52567408,6148868.0
2024-09-11,85.00006407,85.83310635,84.78188633,85.4860054,4194576.0
2024-09-12,85.82318918,86.50747391,84.10751877,84.13727028,6140747.0
2024-09-13,84.1967733,84.84138935,83.304228,83.67116329,5456025.0
2024-09-18,83.98851273,84.6926318,82.74886648,84.26619349,5177699.0
2024-09-19,84.7918035,86.94382939,84.27611066,85.7835205,8765695.0
2024-09-20,85.77360333,85.7835205,82.9075412,83.78025216,10402505.0
2024-09-23,83.31414517,84.22652481,82.0149959,82.0149959,8054657.0
2024-09-24,82.5108544,84.83147218,80.73568097,84.37528236,16480088.0
2024-09-25,85.287662,88.58016244,84.9901469,86.21987598,15955284.0
2024-09-26,86.1802073,89.66113397,85.6843488,89.63138246,14423781.0
2024-09-27,91.09912362,97.3866094,90.9404489,97.19818317,9239818.0
2024-09-30,102.6427095,106.3120624,99.21136868,106.3120624,36546605.0
2024-10-08,116.94326864,116.94326864,111.87559477,116.94326864,47991568.0
2024-10-09,114.61273369,122.972908,109.08887,114.52347916,54269697.0
2024-10-10,122.32829195,122.32829195,114.047455,114.4441418,46022684.0
2024-10-11,112.064021,113.5515965,106.76825222,111.02271815,30476426.0
2024-10-14,111.00288381,111.01280098,104.78481822,109.75332039,36108413.0
2024-10-15,110.5764455,113.72018839,108.32524791,108.37483376,29611661.0
2024-10-16,104.5269718,107.11535317,104.14020217,104.77490105,23154181.0
2024-10-17,105.62777767,106.6095775,102.78154988,102.81130139,22670901.0
2024-10-18,102.80138422,112.01443515,101.73032986,109.2872134,40239475.0
2024-10-21,112.1631927,116.47716165,110.79462324,112.73838856,43821169.0
2024-10-22,112.5598795,114.31521859,110.8739606,112.23261289,22944673.0
2024-10-23,112.3615361,112.66896837,110.33843342,110.61611418,20595817.0
2024-10-24,109.8822436,110.36818493,108.1963247,109.08887,15248337.0
2024-10-25,109.5847285,111.94501496,107.61121167,110.85412626,20003266.0
2024-10-28,111.5681625,111.5681625,108.8905266,110.03100115,18085501.0
2024-10-29,110.03100115,112.63921686,108.37483376,108.43433678,24364956.0
2024-10-30,107.67071469,108.9896983,105.72694937,106.53024014,17454842.0
2024-10-31,106.53024014,107.47237129,104.20962236,106.4112341,23795991.0
2024-11-01,106.22280787,106.98642996,103.87243858,104.05094764,17256890.0
2024-11-04,103.9319416,106.45090278,103.88235575,106.02446447,16218732.0
2024-11-05,106.113719,110.73512022,105.62777767,109.70373454,32201254.0
2024-11-06,110.70536871,111.35990193,107.97814696,109.07895283,27909132.0
2024-11-07,108.08723583,111.25081306,107.7004662,111.02271815,24681957.0
2024-11-08,112.8573946,113.99786915,110.4772738,110.73512022,32284811.0
2024-11-11,110.75495456,115.68378805,110.75495456,115.04908917,42769630.0
2024-11-12,116.030889,118.17299772,113.01606932,114.28546708,37934431.0
2024-11-13,113.055738,113.9482833,110.75495456,112.60946535,24954904.0
2024-11-14,112.60946535,113.04582083,109.08887,109.41613661,22779838.0
2024-11-15,109.09878717,110.72520305,106.26247655,106.73850071,20544015.0
2024-11-18,106.73850071,107.53187431,103.138568,104.08069915,19395427.0
2024-11-19,104.08069915,105.9153756,102.146851,105.44926861,18222730.0
2024-11-20,105.122002,105.7170322,103.89227292,104.98316162,14369615.0
2024-11-21,104.98316162,105.3203454,103.36666291,104.05094764,13439345.0
2024-11-22,104.16003651,105.44926861,98.179983,98.69567584,25648450.0
2024-11-25,98.72542735,99.32045755,95.0064886,96.22630051,19194114.0
2024-11-26,96.0973773,96.9899226,95.18499766,95.55193295,13617095.0
2024-11-27,95.18499766,97.6841245,94.05444028,97.67420733,16250476.0
2024-11-28,97.84279922,98.66592433,96.196549,96.3948924,13142822.0
2024-11-29,95.88911673,99.35020906,95.45276125,97.82296488,15283319.0
2024-12-02,97.97172243,100.7584472,97.57503563,100.163417,17048439.0
2024-12-03,100.25267153,100.25267153,96.97008826,97.96180526,15995975.0
2024-12-04,99.72706152,100.14358266,97.23785185,97.52544978,15451127.0
2024-12-05,97.188266,97.44611242,96.3948924,96.91058524,10349966.0
2024-12-06,96.9899226,99.15186566,96.5932358,98.52708395,13791376.0
2024-12-09,98.52708395,98.69567584,97.02959128,97.72379318,9885404.0
2024-12-10,100.68902701,101.14521683,97.73371035,98.07089413,16915730.0
2024-12-11,98.16014866,99.98490794,98.16014866,99.12211415,12012382.0
2024-12-12,99.12211415,99.77664737,97.89238507,99.33037472,13619943.0
2024-12-13,98.8741849,99.29070604,97.2874377,97.84279922,16931033.0
2024-12-16,98.17006583,100.80803305,96.42464391,96.80149637,20276830.0
2024-12-17,96.196549,97.90230224,96.08746013,96.6924075,12675944.0
2024-12-18,96.89121,101.49230028,96.394332,100.42898136,23442823.0
2024-12-19,98.65015812,103.2015606,98.41165668,102.62518212,24990145.0
2024-12-20,102.63511968,105.835014,102.42643092,103.36056156,26991250.0
2024-12-23,103.33074888,104.63256924,101.04511008,101.25379884,19137848.0
2024-12-24,101.47242516,102.14817924,99.95197848,102.14817924,12311482.0
2024-12-25,102.2574924,103.847502,100.19047992,100.65754524,15918712.0
2024-12-26,100.6674828,106.60020612,99.60416388,105.34807356,29625879.0
2024-12-27,105.2387604,107.45483628,104.6921946,105.0400092,23228233.0
2024-12-30,105.05988432,109.1144088,105.04994676,107.325648,28297963.0
2024-12-31,106.98777096,107.822526,103.6984386,103.75806396,19274958.0
2025-01-02,103.7481264,104.27481708,98.37190644,99.95197848,20914025.0
2025-01-03,100.3196682,100.63767012,97.49740116,97.884966,15931269.0
2025-01-06,98.26259328,100.16066724,97.1893368,97.52721384,13061296.0
2025-01-07,97.9843416,101.6612388,97.66633968,101.28361152,19650384.0
2025-01-08,100.77679596,101.2637364,97.39802556,100.00166628,18010136.0
2025-01-09,99.3756,101.22398616,99.05759808,99.33584976,11700606.0
2025-01-10,99.33584976,103.4499996,98.40171912,99.9221658,22027675.0
2025-01-13,98.06384208,99.85260288,97.61665188,99.127161,13725184.0
2025-01-14,99.15697368,104.095941,96.95083536,104.095941,22311329.0
2025-01-15,103.98662784,103.98662784,101.62148856,101.91961536,14022282.0
2025-01-16,102.47611872,104.42388048,100.6674828,101.17429836,16413090.0
2025-01-17,100.369356,103.4003118,100.05135408,101.99911584,15320730.0
2025-01-20,102.853746,104.9903214,102.36680556,104.20525416,18187884.0
2025-01-21,104.51331852,106.32195444,103.43012448,105.9840774,19499902.0
2025-01-22,107.822526,109.810038,106.0337652,107.59396212,33130617.0
2025-01-23,108.75665664,109.02497076,105.6859506,105.69588816,22643372.0
2025-01-24,105.36794868,107.00764608,105.25863552,106.68964416,15722433.0
2025-01-27,107.15670948,107.61383724,104.841258,104.85119556,13168942.0
2025-02-05,107.1765846,110.306916,105.2387604,109.89947604,28283021.0
2025-02-06,109.23365952,112.8409938,108.319404,112.8409938,29341434.0
2025-02-07,114.26206488,119.81716092,114.16268928,116.3688276,50996634.0
2025-02-10,116.62720416,119.03209368,116.18001396,117.60108504,28317643.0
2025-02-11,119.3500956,122.61955284,119.0519688,122.231988,36131369.0
2025-02-12,121.486671,134.4551868,120.75129156,134.4551868,47143894.0
2025-02-13,138.132084,140.7655374,134.74337604,135.2005038,58663319.0
2025-02-14,133.163304,137.4364548,130.19197356,135.07131552,42683056.0
2025-02-17,135.16075356,138.09233376,131.43416856,135.3495672,42084831.0
2025-02-18,139.12584,148.72552296,136.7408256,142.7033616,72095333.0
2025-02-19,144.09462,156.97369776,142.7033616,156.97369776,60590926.0
2025-02-20,159.994716,160.94872176,150.7527852,152.03473044,64964129.0
2025-02-21,151.9949802,159.497838,150.2559072,156.99357288,52661621.0
2025-02-24,154.46943264,154.46943264,147.53301576,149.0634,54857913.0
2025-02-25,145.088376,149.94784284,144.591498,146.2808832,39823395.0
2025-02-26,146.58894756,148.98389952,143.07105132,147.56282844,40563567.0
2025-02-27,147.075888,149.0634,143.71699272,146.9765124,32438867.0
2025-02-28,145.088376,147.06595044,140.35809744,140.9146008,37307875.0
2025-03-03,142.107108,145.29706476,139.7220936,141.78910608,28059477.0
2025-03-04,139.33452876,143.8958688,139.12584,142.5046104,27346031.0
2025-03-05,141.35185344,146.2808832,141.34191588,144.17412048,23094767.0
2025-03-06,145.69456716,147.95039328,145.2871272,146.1318198,31818797.0
2025-03-07,145.088376,146.48957196,143.3989908,144.00518196,21897999.0
2025-03-10,143.96543172,144.591498,142.2064836,144.15424536,16314089.0
2025-03-11,141.17297736,143.45861616,139.4239668,141.61023,20397757.0
2025-03-12,142.603986,143.100864,139.88109456,140.00034528,18130812.0
2025-03-13,139.12584,139.13577756,135.06137796,136.3433232,25747641.0
2025-03-14,135.86632032,139.61278044,135.7967574,138.80783808,20975127.0
2025-03-17,140.119596,141.17297736,138.80783808,139.38421656,12298151.0
2025-03-18,140.3183472,141.3121032,138.2314596,139.80159408,12342370.0
2025-03-19,139.30471608,139.80159408,137.7345816,139.2252156,9690657.0
2025-03-20,139.20534048,139.20534048,136.92963924,137.09857776,11226627.0
2025-03-21,137.4364548,137.79420696,133.83905808,135.150816,13474068.0
2025-03-24,135.14087844,136.68120024,133.163304,135.3495672,10996273.0
2025-03-25,135.60794376,135.60794376,132.8651772,133.15336644,9641225.0
2025-03-26,133.15336644,133.93843368,132.54717528,132.7658016,7670572.0
2025-03-27,132.49748748,135.78681984,132.28879872,133.23286692,13905737.0
2025-03-28,133.22292936,135.41913012,132.47761236,132.5670504,10078602.0
2025-03-31,132.53723772,134.02787172,130.182036,131.89129632,11901774.0
2025-04-01,132.4676748,133.7098698,131.175792,132.82542696,9234685.0
2025-04-02,132.666426,134.61418776,132.4676748,133.12355376,8540957.0
2025-04-03,131.18572956,133.163304,128.96965368,129.37709364,13581384.0
2025-04-07,118.753842,122.54005236,116.43839052,116.43839052,23228491.0
2025-04-08,118.256964,118.39608984,112.20498996,114.4310034,30658501.0
2025-04-09,112.294428,121.71523488,110.803794,118.94265564,31632265.0
2025-04-10,122.94749232,124.22943756,120.55254036,122.231988,20304485.0
2025-04-11,122.24192556,130.31122428,121.9338612,128.194524,25120082.0
2025-04-14,129.19821756,130.16216088,125.213256,125.82938472,19823979.0
2025-04-15,125.213256,125.213256,121.3376076,122.98724256,14723717.0
2025-04-16,125.10394284,125.19338088,121.27798224,123.44437032,14148785.0
2025-04-17,123.0269928,123.69280932,121.26804468,121.6357344,13261056.0
2025-04-18,121.22829444,122.21211288,120.42335208,121.51648368,7334104.0
2025-04-21,122.231988,124.40831364,121.73511,123.95118588,11191556.0
2025-04-22,123.5238708,123.5238708,121.76492268,121.983549,10897523.0
2025-04-23,122.0829246,124.2195,121.79473536,123.04686792,10828477.0
2025-04-24,123.10649328,123.11643084,120.3935394,120.9401052,8471872.0
2025-04-25,121.81461048,122.231988,120.6916662,121.09910616,9500157.0
2025-04-28,121.02954324,122.2816758,120.46310232,121.51648368,9768777.0
2025-04-29,121.57610904,128.3932752,120.76122912,127.60820796,24552633.0
2025-04-30,129.16840488,132.42792456,127.73739624,130.75841448,25610789.0
2025-05-06,132.169548,134.48499948,131.39441832,134.3558112,17634297.0
2025-05-07,136.2439476,136.43276124,130.0329726,130.927353,21016990.0
2025-05-08,130.927353,131.53354416,130.17209844,130.53978816,10179729.0
2025-05-09,129.9832848,131.0764164,129.18828,129.92365944,10853736.0
2025-05-12,131.4739188,133.04405328,130.19197356,131.09629152,11745013.0
2025-05-13,132.0204846,132.45773724,129.94353456,130.430475,10447711.0
2025-05-14,130.7782896,132.43786212,130.182036,131.5236066,11913612.0
2025-05-15,131.424231,131.424231,127.200768,127.24051824,11950209.0
2025-05-16,126.73370268,128.07527328,126.51507636,127.946085,6861819.0
2025-05-19,127.95602256,128.17464888,125.8095096,127.41939432,7126281.0
2025-05-20,127.7473338,131.175792,127.47901968,130.8279774,13880110.0
2025-05-21,129.96340968,130.30128672,128.1448362,129.91372188,7835660.0
2025-05-22,129.4864068,134.0079966,128.8901532,132.3186114,17169060.0
2025-05-23,131.9707968,132.25898604,129.30753072,129.37709364,9811802.0
2025-05-26,127.200768,128.55227616,125.9088852,128.01564792,9544436.0
2025-05-27,127.68770844,127.98583524,126.02813592,126.07782372,6208822.0
2025-05-28,126.207012,126.86289096,125.33250672,125.6604462,6814664.0
2025-05-29,126.19707444,128.42308788,125.3126316,127.3498314,8049375.0
2025-05-30,126.86289096,126.86289096,123.8219976,123.8219976,8199742.0
2025-06-03,122.24192556,125.5610706,122.24192556,123.8219976,7156691.0
2025-06-04,124.66,128.24,124.33,128.14,10829557.0
2025-06-05,128.15,132.88,127.6,132.6,12906052.0
2025-06-06,132.75,134.1,131.86,132.4,9929838.0
2025-06-09,132.48,132.7,129.88,130.0,9331944.0
2025-06-10,129.8,130.3,126.13,126.71,9848612.0
2025-06-11,126.72,129.23,126.72,127.03,7113852.0
2025-06-12,126.5,127.02,125.6,125.6,7989514.0
2025-06-13,125.5,127.46,124.18,124.51,9996201.0
2025-06-16,124.18,125.9,123.66,125.9,6031282.0
2025-06-17,126.8,128.66,124.58,125.0,9722782.0
2025-06-18,124.55,126.95,123.8,125.78,7434580.0
2025-06-19,126.0,128.71,125.49,126.32,12135474.0
2025-06-20,126.06,127.0,124.24,124.6,7287700.0
2025-06-23,123.38,125.55,122.38,123.82,8778331.0
2025-06-24,124.17,126.8,124.17,126.21,10879145.0
2025-06-25,126.89,128.73,125.5,128.55,13857902.0
2025-06-26,128.2,128.44,126.3,126.3,10896238.0
2025-06-27,127.0,129.39,125.9,127.72,12532771.0
2025-06-30,128.14,128.78,127.5,127.65,9568647.0
2025-07-01,127.66,128.2,126.52,127.68,8210528.0
2025-07-02,127.0,127.0,124.03,124.63,12697168.0
2025-07-03,124.63,125.79,124.4,125.26,7648099.0
2025-07-04,125.26,125.39,123.1,124.0,12927030.0
2025-07-07,124.0,124.5,123.03,123.18,6881663.0
2025-07-08,123.2,125.66,123.2,125.29,9845509.0
2025-07-09,125.57,125.59,123.5,123.5,8462740.0
2025-07-10,123.66,124.54,123.2,123.4,10221513.0
2025-07-11,123.4,125.48,122.69,123.78,12795211.0
2025-07-14,124.06,124.4,123.2,123.8,6605726.0
2025-07-15,123.8,124.27,121.6,122.9,12621780.0
2025-07-16,123.03,124.88,122.4,122.78,11051603.0
2025-07-17,122.71,122.9,121.88,122.49,11558796.0
2025-07-18,122.8,128.49,122.72,125.71,25993587.0
2025-07-21,125.0,126.14,124.54,125.1,11161790.0
2025-07-22,125.0,126.12,124.1,125.15,10207754.0
2025-07-23,125.0,126.0,124.5,124.91,11261272.0
2025-07-24,124.91,126.17,124.29,125.79,13421814.0
2025-07-25,126.06,127.75,124.5,126.68,16424870.0
2025-07-28,127.0,127.48,125.1,125.21,15324864.0
2025-07-29,125.12,125.33,123.9,125.09,14178771.0
2025-07-30,124.85,126.79,123.39,123.93,16318089.0
2025-07-31,123.49,124.78,121.0,121.28,21971917.0
2025-08-01,120.8,121.85,118.87,119.32,13120088.0
2025-08-04,118.5,119.55,118.3,119.4,9476930.0
2025-08-05,122.0,122.58,120.09,121.47,16050492.0
2025-08-06,121.15,121.4,120.42,121.22,10716966.0
2025-08-07,121.51,122.21,120.6,120.89,12389119.0
2025-08-08,121.02,121.09,119.0,119.23,12816002.0
2025-08-11,119.23,120.12,118.81,119.9,11100535.0
2025-08-12,119.9,120.99,119.45,120.56,17198924.0
2025-08-13,120.85,124.78,120.34,124.19,32498839.0
2025-08-14,124.5,126.3,122.81,122.84,24540667.0
2025-08-15,122.01,124.38,121.75,123.78,18752889.0
2025-08-18,124.22,132.18,123.35,128.41,45248336.0
2025-08-19,128.5,129.68,125.52,125.73,25821820.0
2025-08-20,125.12,129.2,125.11,129.2,28971993.0
2025-08-21,130.3,132.8,129.1,129.83,32832482.0
2025-08-22,130.09,137.26,130.09,136.83,47918917.0
2025-08-25,138.52,142.99,134.71,137.08,48788288.0
2025-08-26,136.68,144.39,134.89,142.6,45387067.0
2025-08-27,145.99,146.93,139.3,139.34,48103853.0
2025-08-28,139.18,143.0,137.77,142.89,44525963.0
2025-08-29,142.89,143.75,138.61,143.23,32486155.0
2025-09-01,145.5,148.0,142.38,145.2,35954355.0
2025-09-02,144.7,145.18,136.85,137.9,37101248.0
2025-09-03,138.49,140.1,134.97,136.0,27544487.0
2025-09-04,136.0,136.75,126.66,128.64,38494202.0
2025-09-05,128.9,132.44,128.12,132.0,25128781.0
2025-09-08,132.61,137.68,132.4,135.94,25462487.0
2025-09-09,134.59,134.59,131.18,131.7,18767720.0
2025-09-10,132.05,133.37,130.0,131.21,18780177.0
2025-09-11,130.28,135.0,129.68,135.0,26376791.0
2025-09-12,134.6,137.78,133.78,136.0,27820405.0
2025-09-15,141.2,142.0,137.0,138.56,33931798.0
2025-09-16,138.0,144.3,137.77,141.15,29689991.0
2025-09-17,143.98,145.36,142.02,142.96,29860994.0
2025-09-18,143.0,150.0,141.28,144.25,56299656.0
2025-09-19,144.25,147.42,142.42,142.5,31350497.0
2025-09-22,143.49,146.46,141.47,146.31,31698312.0
2025-09-23,145.58,146.18,139.68,143.0,32492282.0
2025-09-24,142.0,151.24,141.6,148.6,45561631.0
2025-09-25,148.65,153.0,146.7,150.67,38361376.0
2025-09-26,150.67,157.5,150.36,151.03,40800682.0
2025-09-29,150.6,152.88,147.79,149.95,28400135.0
2025-09-30,151.28,153.13,150.19,151.17,26204225.0
2025-10-09,146.66,152.4,144.88,150.02,47152080.0
2025-10-10,147.2,148.93,141.21,141.82,35912028.0
2025-10-13,136.5,139.48,135.9,138.32,32444840.0
2025-10-14,138.8,139.66,131.32,131.68,31769981.0
2025-10-15,131.38,134.16,129.8,133.89,21233851.0
2025-10-16,132.2,134.47,131.5,132.74,13312212.0
2025-10-17,132.62,132.62,127.2,127.27,20207211.0
2025-10-20,129.06,129.82,126.27,127.2,15220735.0
2025-10-21,127.7,130.15,127.35,129.82,16000326.0
2025-10-22,129.05,130.8,128.0,129.01,11670981.0
2025-10-23,128.2,129.47,126.88,129.3,10981297.0
2025-10-24,130.61,132.64,129.88,132.62,18155951.0
2025-10-27,134.44,134.95,131.62,133.37,20545160.0
2025-10-28,132.93,137.9,132.51,136.58,25727030.0
2025-10-29,134.84,135.36,133.5,135.27,20791672.0
2025-10-30,135.28,135.88,131.36,132.35,21211147.0
2025-10-31,131.31,132.75,130.55,130.71,15039543.0
2025-11-03,130.72,130.73,127.5,129.56,13005224.0
2025-11-04,129.56,129.56,126.4,126.8,12819975.0
2025-11-05,124.17,126.45,124.05,125.95,10479654.0
2025-11-06,126.13,127.95,125.83,127.6,11296015.0
2025-11-07,126.92,126.92,125.17,125.77,9436149.0
2025-11-10,125.9,126.4,124.51,126.1,11287381.0
2025-11-11,126.8,127.19,123.8,123.8,13180125.0
2025-11-12,123.8,124.16,121.72,124.09,9672501.0
2025-11-13,124.15,124.88,123.48,124.27,11179964.0
2025-11-14,122.8,123.55,121.72,121.76,11416965.0
2025-11-17,122.12,122.91,120.83,121.32,8088038.0
2025-11-18,121.33,123.65,120.8,122.3,10717362.0
2025-11-19,122.3,122.64,119.75,120.0,9918181.0
2025-11-20,121.0,121.5,118.53,118.55,9057326.0
2025-11-21,117.0,117.99,115.5,115.92,12929829.0
2025-11-24,116.62,117.15,115.32,116.81,9653200.0
2025-11-25,117.39,118.79,116.78,117.06,10746118.0
2025-11-26,116.4,117.85,115.67,116.91,10922519.0
2025-11-27,117.26,121.25,117.0,119.15,17539389.0
2025-11-28,119.0,119.8,117.6,119.47,9505205.0
2025-12-01,120.0,121.31,119.02,121.3,11220924.0
2025-12-02,121.7,123.4,120.48,121.08,12043568.0
2025-12-03,121.1,121.1,118.61,119.15,9892747.0
2025-12-04,119.02,119.85,117.7,119.5,7123335.0
2025-12-05,119.6,120.1,118.6,119.98,8774930.0
2025-12-08,120.02,121.8,120.02,120.98,11521414.0
2025-12-09,121.0,121.5,119.78,120.03,8820155.0
2025-12-10,121.0,124.45,121.0,123.7,20741367.0
2025-12-11,123.98,124.2,121.66,121.77,11525222.0
2025-12-12,121.77,127.98,121.31,126.52,28444620.0
2025-12-15,125.45,126.45,124.29,124.33,15276204.0
2025-12-16,125.8,127.0,124.38,124.8,13920965.0
2025-12-17,124.5,126.2,123.06,125.74,13316777.0
2025-12-18,124.99,125.58,122.8,123.0,13713389.0
2025-12-19,123.65,125.6,123.4,124.38,11077349.0
2025-12-22,124.7,126.5,124.7,125.7,10471697.0
2025-12-23,125.71,126.66,124.86,125.19,10673161.0
2025-12-24,125.32,126.9,125.05,126.5,10967913.0
2025-12-25,126.08,127.77,125.8,127.13,9399364.0
2025-12-26,127.18,129.57,126.6,128.84,13877540.0
2025-12-29,128.84,129.43,126.83,126.92,14632559.0
2025-12-30,126.57,127.95,126.33,126.8,9780633.0
2025-12-31,127.03,127.5,125.83,125.9,8926300.0
2026-01-05,126.36,129.1,126.36,128.74,15349761.0
2026-01-06,128.88,131.86,128.76,130.9,21557647.0
2026-01-07,131.82,132.0,128.82,129.52,18677326.0
2026-01-08,128.9,134.17,128.83,131.86,20349039.0
2026-01-09,131.86,132.19,130.08,131.52,16439354.0
2026-01-12,131.53,135.33,129.58,133.55,24798125.0
2026-01-13,133.8,134.66,128.0,128.38,26188985.0
2026-01-14,128.2,130.96,127.2,127.71,22604162.0
2026-01-15,127.62,128.68,126.21,128.47,17089703.0
2026-01-16,129.52,132.3,129.0,130.83,23256659.0
2026-01-19,130.83,131.7,128.7,128.92,16067034.0
2026-01-20,129.1,132.15,128.65,128.99,18186164.0
2026-01-21,128.06,131.75,128.0,130.42,22620107.0
2026-01-22,131.3,131.85,128.4,128.84,18997838.0
2026-01-23,128.85,130.6,128.17,129.4,20173412.0
2026-01-26,129.4,129.74,124.6,124.62,27384796.0
2026-01-27,124.5,125.9,122.73,124.86,17527691.0
2026-01-28,124.8,130.86,124.7,128.08,33487014.0
2026-01-29,127.3,127.88,122.58,122.88,30003609.0
2026-01-30,122.51,123.35,120.47,121.2,15909347.0
2026-02-02,120.58,121.79,117.7,117.95,14366600.0
2026-02-03,119.71,119.88,117.0,118.43,13784329.0
2026-02-04,117.31,117.65,115.89,117.29,12839015.0
2026-02-05,116.48,117.79,116.21,117.63,10251037.0
2026-02-06,116.6,117.0,115.61,115.95,12701751.0
2026-02-09,117.34,117.5,116.32,117.01,11178082.0
2026-02-10,117.04,118.66,117.02,117.83,10607910.0
2026-02-11,117.81,118.2,117.05,117.29,7678991.0
2026-02-12,117.33,117.93,116.36,117.05,10530695.0
2026-02-13,116.56,117.48,115.8,115.82,10849060.0
2026-02-24,117.0,117.76,115.78,117.28,11478333.0
2026-02-25,117.29,118.26,116.9,117.84,12001186.0
2026-02-26,118.1,123.01,117.43,122.6,26192112.0
2026-02-27,121.0,124.2,120.62,123.0,17437021.0
2026-03-02,120.38,121.72,118.66,118.93,18946210.0
2026-03-03,118.68,121.2,116.0,116.35,17536113.0
2026-03-04,115.0,116.7,113.5,113.52,16460435.0
2026-03-05,115.8,115.88,113.89,114.17,10138399.0
2026-03-06,114.17,115.58,113.71,115.05,7838731.0
2026-03-09,113.0,113.01,110.56,112.2,13633483.0
2026-03-10,113.6,114.52,113.25,114.08,8232333.0
2026-03-11,114.0,114.89,113.71,114.3,9160538.0
2026-03-12,113.99,114.59,112.2,112.82,8311607.0
2026-03-13,112.0,113.17,111.35,111.73,8439152.0
2026-03-16,111.74,111.81,108.41,110.3,14403606.0
2026-03-17,110.85,111.4,108.9,108.92,10003973.0
2026-03-18,109.5,109.66,106.58,108.28,12543213.0
2026-03-19,106.69,106.99,105.28,105.84,12378856.0
2026-03-20,106.31,106.62,103.55,103.55,11687010.0
2026-03-23,100.52,101.69,98.25,98.62,16731876.0
2026-03-24,99.95,100.5,97.76,99.98,10545980.0
2026-03-25,100.49,102.78,100.49,102.35,11184247.0
2026-03-26,101.78,102.17,99.82,100.0,7511977.0
2026-03-27,98.57,101.58,98.57,101.02,7756978.0
2026-03-30,99.43,100.78,98.7,100.32,7446532.0
2026-03-31,98.8,99.66,94.56,94.96,21256123.0
2026-04-01,96.84,97.0,95.0,96.05,14999124.0
2026-04-02,95.49,95.49,91.12,91.35,24523077.0
2026-04-03,92.13,92.18,89.61,90.15,14073499.0
2026-04-07,90.23,91.68,90.21,90.82,10123070.0
2026-04-08,92.35,95.48,92.35,95.45,19735469.0
2026-04-09,94.0,94.59,93.22,94.24,13940201.0
2026-04-10,95.0,96.75,94.9,95.35,14485151.0
2026-04-13,94.29,95.79,94.03,94.83,11717711.0
2026-04-14,95.59,96.3,93.75,94.66,16882654.0
2026-04-15,94.66,95.5,92.29,92.31,22632206.0
2026-04-16,92.75,94.17,92.49,93.71,16645001.0
2026-04-17,93.63,93.9,92.18,93.04,16628276.0
2026-04-20,93.04,94.49,92.98,93.78,17973465.0
2026-04-21,93.33,93.61,91.62,92.85,17130118.0
2026-04-22,92.48,94.2,92.2,94.2,19792478.0
2026-04-23,94.46,94.5,92.22,92.44,16786215.0
2026-04-24,92.25,96.72,92.17,95.12,34977485.0
2026-04-27,96.19,104.63,96.1,104.63,52371005.0
2026-04-28,106.95,106.95,103.4,103.89,51166011.0
2026-04-29,102.85,103.35,99.74,101.59,36634528.0
2026-04-30,97.77,99.38,97.0,98.3,46004681.0
2026-05-06,99.69,103.8,99.5,100.9,45813994.0
2026-05-07,101.9,102.0,99.11,100.26,28388285.0
2026-05-08,99.31,99.6,98.31,99.18,22317732.0
2026-05-11,100.08,102.08,99.86,101.38,32800576.0
2026-05-12,102.0,104.4,100.51,103.31,38357008.0
2026-05-13,101.68,103.9,99.6,103.51,36049400.0
2026-05-14,104.51,104.54,100.5,100.5,30313340.0
2026-05-15,100.55,104.7,97.8,101.39,41659800.0
2026-05-18,100.9,102.84,99.02,99.79,28329993.0
2026-05-19,99.8,102.89,97.19,102.62,34963624.0
2026-05-20,101.62,102.2,100.38,101.3,23220643.0
2026-05-21,102.8,108.43,101.8,102.66,64140791.0
2026-05-22,104.55,104.6,100.8,104.25,39482249.0
2026-05-25,105.0,109.09,103.9,108.94,52947335.0
2026-05-26,108.94,108.95,104.34,106.07,43446431.0
2026-05-27,106.94,108.41,104.33,104.96,37026912.0
2026-05-28,103.75,103.75,100.05,101.9,36653267.0
2026-05-29,101.9,102.39,95.0,95.0,37496216.0
2026-06-01,94.88,94.89,92.2,92.23,23275722.0
2026-06-02,92.02,93.38,90.97,92.65,18221955.0
2026-06-03,92.42,101.92,92.36,100.91,60746798.0
2026-06-04,98.0,101.9,96.17,98.86,40553738.0
2026-06-05,97.5,97.83,95.35,95.39,24443101.0
2026-06-08,91.5,93.35,91.0,92.02,22799242.0
2026-06-09,93.39,93.59,91.72,93.32,17256422.0
2026-06-10,92.0,92.58,89.63,90.18,21246916.0
2026-06-11,89.65,90.0,85.08,85.17,28007518.0
2026-06-12,86.9,87.25,85.34,86.01,21411320.0
2026-06-15,86.7,88.72,85.57,88.72,18834824.0
2026-06-16,88.0,89.65,87.72,88.2,17121067.0
2026-06-17,87.64,91.2,87.31,90.12,21975326.0
2026-06-18,89.88,91.36,89.4,89.97,19110348.0
2026-06-22,89.9,90.88,87.79,90.56,22602050.0
2026-06-23,89.8,91.23,87.51,87.7,21437474.0
2026-06-24,86.75,91.59,86.38,90.3,25267729.0
2026-06-25,90.61,92.43,88.8,89.71,23723412.0
2026-06-26,88.7,90.5,86.5,86.72,22099162.0
2026-06-29,86.0,89.0,84.63,88.3,27055725.0
2026-06-30,88.2,95.0,87.51,94.85,42341602.0
2026-07-01,95.8,99.5,94.5,97.11,40915028.0
2026-07-02,94.45,105.98,92.5,101.27,73251923.0
2026-07-03,100.18,105.2,98.8,102.3,44021645.0
2026-07-06,103.21,103.7,96.88,97.0,34978803.0
2026-07-07,96.32,102.8,95.5,99.46,34630155.0
2026-07-08,99.85,103.48,97.01,100.95,34150915.0
2026-07-09,102.15,107.75,99.44,107.14,47471559.0
2026-07-10,105.94,109.8,103.2,103.21,44859982.0
2026-07-13,103.21,107.53,101.0,102.49,34783250.0
2026-07-14,101.0,106.52,98.35,106.15,39928643.0
2026-07-15,109.58,112.3,105.58,111.12,65599235.0
2026-07-16,108.08,113.77,108.0,109.85,45522722.0
2026-07-17,109.03,112.48,103.33,104.12,48088804.0
2026-07-20,106.0,106.99,97.99,101.16,43160962.0
2026-07-21,104.0,104.0,98.24,102.42,34127642.0
2026-07-22,101.66,106.64,100.6,101.98,30476175.0
2026-07-23,103.5,103.5,96.08,96.66,29203193.0
2026-07-24,95.3,99.65,95.08,96.9,20858961.0
2026-07-27,98.0,98.58,92.92,95.31,19916288.0
2026-07-28,93.98,95.75,90.63,91.8,19905883.0
2026-07-29,94.46,94.46,90.83,91.69,18833776.0
2026-07-30,91.67,91.68,86.86,88.5,26206251.0
2026-07-31,90.5,91.87,88.7,88.7,26339632.0
2026-08-03,87.66,89.22,87.02,88.22,16164068.0
2026-08-04,88.68,88.88,87.01,87.95,22997869.0
2026-08-05,88.8,91.69,88.13,90.83,28323800.0
2026-08-06,89.81,90.25,88.44,89.65,24838079.0
2026-08-07,89.49,90.15,88.41,89.76,17505007.0
2026-08-10,90.09,90.1,88.08,89.14,16586260.0
2026-08-11,89.0,94.89,88.68,93.26,41087994.0
2026-08-12,92.71,93.6,91.25,91.52,19136282.0
2026-08-13,91.9,92.51,90.0,90.02,19888687.0
2026-08-14,90.45,91.12,89.73,91.08,12497423.0
2026-08-17,91.2,92.17,90.74,92.14,15155323.0
2026-08-18,91.66,92.15,90.02,90.54,18203604.0
2026-08-19,89.05,89.5,86.59,86.9,23268947.0
2026-08-20,87.0,87.35,85.98,85.99,13859906.0
2026-08-21,85.44,86.61,85.01,85.82,10579596.0
2026-08-24,85.83,85.85,82.25,82.5,19164619.0
2026-08-25,80.9,85.98,80.1,85.55,22667130.0
2026-08-26,85.02,85.45,83.93,84.0,12214158.0
2026-08-27,84.29,84.94,83.3,84.54,12907243.0
